horse_id,horse_name,ancestor,occurrences,cross_pattern,paths,total_blood_share_pct,wright_F_contribution_pct,is_sire_dam_common
2010105964,マイネルミラノ,Hail to Reason,2,4x5,SSSS|DDSSS,9.375,0.390625,True
2010105964,マイネルミラノ,Northern Dancer,3,4x5x5,SDDSS|DSSS|DDDSS,12.5,0.5859375,True
2010104298,ラブリーデイ,Northern Dancer,3,5x5x5,SSDSS|SDSSS|DSDSS,9.375,0.390625,True
2008105362,ナカヤマナイト,Northern Dancer,2,5x5,SDDSS|DDSSS,6.25,0.1953125,True
2010103783,ロゴタイプ,Cosmah,2,4x5,SSDSD|DSSD,9.375,0.390625,True
2010103783,ロゴタイプ,Hail to Reason,2,4x5,SSDSS|DSSS,9.375,0.390625,True
2010103783,ロゴタイプ,Halo,2,3x4,SSDS|DSS,18.75,1.5625,True
2010103783,ロゴタイプ,Northern Dancer,2,5x5,SSSSS|DDDSS,6.25,0.1953125,True
2008103265,デウスウルト,Northern Dancer,3,5x5x5,SSDSS|SDSSS|DDSSS,9.375,0.390625,True
2008103265,デウスウルト,Raise a Native,2,4x5,SSSS|DDDSS,9.375,0.390625,True
2010110107,ヒュウマ,A.P. Indy,2,2x3,SDS|DS,37.5,6.25,True
2010110107,ヒュウマ,Bold Reasoning,2,4x5,SDSSS|DSSS,9.375,0.390625,True
2010110107,ヒュウマ,Danzig,2,3x4,SSD|SSDS,18.75,0.0,False
2010110107,ヒュウマ,Gold Digger,2,4x5,SSSSD|DDSD,9.375,0.390625,True
2010110107,ヒュウマ,Lassie Dear,2,4x5,SDSDD|DSDD,9.375,0.390625,True
2010110107,ヒュウマ,Mr. Prospector,2,3x4,SSSS|DDS,18.75,1.5625,True
2010110107,ヒュウマ,My Charmer,2,4x5,SDSSD|DSSD,9.375,0.390625,True
2010110107,ヒュウマ,Raise a Native,2,4x5,SSSSS|DDSS,9.375,0.390625,True
2010110107,ヒュウマ,Seattle Slew,2,3x4,SDSS|DSS,18.75,1.5625,True
2010110107,ヒュウマ,Secretariat,2,4x5,SDSDS|DSDS,9.375,0.390625,True
2010110107,ヒュウマ,Weekend Surprise,2,3x4,SDSD|DSD,18.75,1.5625,True
2008101384,メイショウナルト,Northern Dancer,3,4x5x5,SDDSS|DSSS|DDSSS,12.5,0.5859375,True
2010103776,ユールシンギング,Hail to Reason,2,4x5,SSSS|DSSSS,9.375,0.390625,True
2010103776,ユールシンギング,Roberto,2,3x5,SSS|DDDSS,15.625,0.78125,True
2011106350,マイネルフロスト,Danzig,2,4x4,DSDS|DDSS,12.5,0.0,False
2011106350,マイネルフロスト,Hail to Reason,2,4x5,SSSS|DSSSS,9.375,0.390625,True
2011106350,マイネルフロスト,Northern Dancer,3,5x5x5,SDSSS|DSDSS|DDSSS,9.375,0.390625,True
2011106350,マイネルフロスト,Pas de Nom,2,5x5,DSDSD|DDSSD,6.25,0.0,False
2009105738,クランモンタナ,Goofed,2,4x5,SDSSD|DDSD,9.375,0.390625,True
2009105738,クランモンタナ,Lyphard,2,3x4,SDSS|DDS,18.75,1.5625,True
2009105738,クランモンタナ,Northern Dancer,2,4x5,SDSSS|DDSS,9.375,0.390625,True
2009104264,ケイアイエレガント,Nashua,2,5x5,SSSDS|DDSDS,6.25,0.1953125,True
2009104264,ケイアイエレガント,Northern Dancer,3,5x5x5,SSDSS|SDSSS|DDDSS,9.375,0.390625,True
2010104993,バッドボーイ,Native Dancer,2,5x5,DSSSS|DDSSS,6.25,0.0,False
2010104993,バッドボーイ,Raise You,2,5x5,DSSSD|DDSSD,6.25,0.0,False
2010104993,バッドボーイ,Raise a Native,2,4x4,DSSS|DDSS,12.5,0.0,False
2009110101,アンコイルド,Hail to Reason,2,4x5,SDDSS|DDDS,9.375,0.390625,True
2009110101,アンコイルド,Natalma,2,5x5,SSSSD|DSSSD,6.25,0.1953125,True
2009110101,アンコイルド,Nearctic,2,5x5,SSSSS|DSSSS,6.25,0.1953125,True
2009110101,アンコイルド,Northern Dancer,2,4x4,SSSS|DSSS,12.5,0.78125,True
2008103125,パッションダンス,Goofed,2,4x5,SDSSD|DDSD,9.375,0.390625,True
2008103125,パッションダンス,Lyphard,2,3x4,SDSS|DDS,18.75,1.5625,True
2008103125,パッションダンス,Northern Dancer,3,4x5x5,SDSSS|DSDSS|DDSS,12.5,0.5859375,True
2012102487,クラージュシチー,Northern Dancer,3,5x5x5,SSSSS|SDDSS|DDSSS,9.375,0.390625,True
2012104665,ブライトバローズ,Northern Dancer,3,4x5x5,SSDSS|SDSSS|DDSS,12.5,0.78125,True
2012103195,オトコギイッポン,Halo,3,1x2x3,S|SD|SDS,87.5,0.0,False
2012103195,オトコギイッポン,Sir Gaylord,2,5x5,SSDSS|SDDSS,6.25,0.0,False
2012104672,ダノンリバティ,Northern Dancer,4,4x5x5x5,SSDSS|SDSSS|DSSS|DDDSS,15.625,1.171875,True
2012104672,ダノンリバティ,Special,2,5x5,SSDSD|DSSDD,6.25,0.1953125,True
2012104508,クルーガー,Northern Dancer,3,5x5x5,SSDSS|SDSSS|DSDSS,9.375,0.390625,True
2012103997,イーデンホール,Danzig,3,3x4x5,DSD|DSDS|DDSSS,21.875,0.0,False
2012103997,イーデンホール,Nijinsky,2,5x5,SDDSS|DDDSS,6.25,0.1953125,True
2012103997,イーデンホール,Northern Dancer,2,4x5,SDSS|DSDSS,9.375,0.390625,True
2012104678,ブラックバゴ,Halo,2,4x5,SDDDS|DSSS,9.375,0.390625,True
2012106012,タケルラムセス,Nearctic,2,4x5,DSSSS|DDSS,9.375,0.0,False
2012106012,タケルラムセス,Northern Dancer,3,4x5x5,SSDSS|SDSSS|DSSS,12.5,0.78125,True
2012106012,タケルラムセス,Nureyev,2,3x4,SSDS|DSS,18.75,1.5625,True
2012106012,タケルラムセス,Special,2,4x5,SSDSD|DSSD,9.375,0.390625,True
2012100734,マイネルシュバリエ,Buckpasser,2,5x5,SDSDS|DDSDS,6.25,0.1953125,True
2012100734,マイネルシュバリエ,Mr. Prospector,2,4x5,SSSSS|SDSS,9.375,0.0,False
2012100734,マイネルシュバリエ,Nijinsky,2,4x5,DSDSS|DDSS,9.375,0.0,False
2012100734,マイネルシュバリエ,Northern Dancer,3,5x5x5,SSDSS|SDDSS|DDSSS,9.375,0.390625,True
2012100734,マイネルシュバリエ,シル,2,4x5,DSDSD|DDSD,9.375,0.0,False
2012100734,マイネルシュバリエ,マルゼンスキー,2,3x4,DSDS|DDS,18.75,0.0,False
2012103796,フォワードカフェ,Northern Dancer,2,5x5,DSSSS|DDSSS,6.25,0.0,False
2012103796,フォワードカフェ,Secretariat,2,5x5,DSSDS|DDSDS,6.25,0.0,False
2012103387,ディアコンチェルト,Northern Dancer,2,5x5,SDDSS|DDSSS,6.25,0.1953125,True
2012103017,バルビエール,Gold Digger,2,5x5,SDSSD|DSSSD,6.25,0.1953125,True
2012103017,バルビエール,Mr. Prospector,2,4x4,SDSS|DSSS,12.5,0.78125,True
2012103017,バルビエール,Northern Dancer,2,5x5,DSDSS|DDDSS,6.25,0.0,False
2012103017,バルビエール,Raise a Native,2,5x5,SDSSS|DSSSS,6.25,0.1953125,True
2012103988,ソールインパクト,Northern Dancer,2,4x5,SDSSS|DSSS,9.375,0.390625,True
2012109092,ナスノセイカン,Goofed,2,5x5,SDDSD|DSSSD,6.25,0.1953125,True
2012109092,ナスノセイカン,Lyphard,3,4x4x5,SDDS|DSSS|DDSDS,15.625,1.171875,True
2012109092,ナスノセイカン,Northern Dancer,2,5x5,SDDSS|DSSSS,6.25,0.1953125,True
2012103129,コスモナインボール,Northern Dancer,3,5x5x5,SDDDS|DSSSS|DDDSS,9.375,0.390625,True
2012104648,ザイディックメア,Hail to Reason,2,4x4,SSSS|DSSS,12.5,0.78125,True
2012104648,ザイディックメア,Mr. Prospector,2,4x5,SDSS|DDSDS,9.375,0.390625,True
2012104648,ザイディックメア,Nothirdchance,2,5x5,SSSSD|DSSSD,6.25,0.1953125,True
2012104648,ザイディックメア,Turn-to,2,5x5,SSSSS|DSSSS,6.25,0.1953125,True
2012104084,ベルーフ,Northern Dancer,3,5x5x5,SSSSS|SDDSS|DDDSS,9.375,0.390625,True
2008103293,ゼンノルジェロ,Francis S.,2,4x5,SDDDS|DDDS,9.375,0.390625,True
2008103293,ゼンノルジェロ,Hail to Reason,2,4x4,SSSS|DSSS,12.5,0.78125,True
2008103293,ゼンノルジェロ,Nashua,2,5x5,SSSDS|DDSDS,6.25,0.1953125,True
2008103293,ゼンノルジェロ,Nothirdchance,2,5x5,SSSSD|DSSSD,6.25,0.1953125,True
2008103293,ゼンノルジェロ,Raise a Native,2,4x5,DDSS|DDDDS,9.375,0.0,False
2008103293,ゼンノルジェロ,Turn-to,2,5x5,SSSSS|DSSSS,6.25,0.1953125,True
2011104344,ハギノハイブリッド,Graustark,2,4x5,SSDS|SDDDS,9.375,0.0,False
2011104344,ハギノハイブリッド,Hail to Reason,2,4x5,SSSS|DDSSS,9.375,0.390625,True
2009106388,ホーカーテンペスト,Nijinsky,2,4x5,SDDS|DSDSS,9.375,0.390625,True
2009106388,ホーカーテンペスト,Northern Dancer,2,4x5,SDDSS|DDSS,9.375,0.390625,True
2011105911,アドマイヤデウス,Natalma,2,5x5,SDDSD|DDSSD,6.25,0.1953125,True
2011105911,アドマイヤデウス,Nearctic,2,5x5,SDDSS|DDSSS,6.25,0.1953125,True
2011105911,アドマイヤデウス,Northern Dancer,2,4x4,SDDS|DDSS,12.5,0.78125,True
2009105546,フーラブライド,Nijinsky,2,4x5,SDDSS|DDSS,9.375,0.390625,True
2009105546,フーラブライド,Northern Dancer,2,4x5,SDSS|DDSSS,9.375,0.390625,True
2010104866,タマモベストプレイ,Almahmoud,2,5x5,SSSDD|DSSDD,6.25,0.1953125,True
2010104866,タマモベストプレイ,Lady Angela,2,4x5,DSSSD|DSDD,9.375,0.0,False
2007101798,メイショウカンパク,Hail to Reason,2,4x5,SSSS|DSSSS,9.375,0.390625,True
2007101798,メイショウカンパク,Northern Dancer,3,4x5x5,SDSS|DSDSS|DDDSS,12.5,0.78125,True
2010103602,サトノノブレス,Northern Dancer,2,5x5,SDSSS|DDDDS,6.25,0.1953125,True
2008104252,コウエイオトメ,Northern Dancer,2,5x5,SDDSS|DSDSS,6.25,0.1953125,True
2010104698,ビービートレイター,Bold Ruler,2,4x5,SSDSS|SDSS,9.375,0.0,False
2010104510,アクションスター,Hail to Reason,2,4x5,SSSS|DSSSS,9.375,0.390625,True
2010104510,アクションスター,Northern Dancer,2,5x5,DSDSS|DDDSS,6.25,0.0,False
2008102584,ヴィクトリースター,Hail to Reason,3,4x5x5,SSSS|DSDDS|DDSSS,12.5,0.78125,True
2008102584,ヴィクトリースター,Northern Dancer,3,4x5x5,SDSSS|DSSS|DDDSS,12.5,0.5859375,True
2008101165,コスモロビン,Gold Digger,2,4x5,SDSSD|DSSD,9.375,0.390625,True
2008101165,コスモロビン,Hail to Reason,2,4x5,SSSS|DDSSS,9.375,0.390625,True
2008101165,コスモロビン,Mr. Prospector,2,3x4,SDSS|DSS,18.75,1.5625,True
2008101165,コスモロビン,Raise a Native,2,4x5,SDSSS|DSSS,9.375,0.390625,True
2008103350,ムーンリットレイク,Northern Dancer,2,4x5,SDSSS|DDSS,9.375,0.390625,True
2010104256,トウシンモンステラ,Northern Dancer,3,5x5x5,SSDSS|SDSSS|DDSSS,9.375,0.390625,True
2007102929,ダークシャドウ,Natalma,2,5x5,SDSSD|DDSSD,6.25,0.1953125,True
2007102929,ダークシャドウ,Nearctic,2,5x5,SDSSS|DDSSS,6.25,0.1953125,True
2007102929,ダークシャドウ,Northern Dancer,2,4x4,SDSS|DDSS,12.5,0.78125,True
2009104977,マイネルディーン,Hornbeam,2,4x5,DSDS|DDDDS,9.375,0.0,False
2009104977,マイネルディーン,Northern Dancer,2,4x5,SDSS|DDDSS,9.375,0.390625,True
2007103033,フラガラッハ,Natalma,2,5x5,SDSSD|DDSSD,6.25,0.1953125,True
2007103033,フラガラッハ,Nearctic,2,5x5,SDSSS|DDSSS,6.25,0.1953125,True
2007103033,フラガラッハ,Northern Dancer,2,4x4,SDSS|DDSS,12.5,0.78125,True
2009102678,ディサイファ,Northern Dancer,3,4x5x5,SDSSS|DSDSS|DDSS,12.5,0.5859375,True
2009102678,ディサイファ,Raise a Native,2,5x5,DSSSS|DDDDS,6.25,0.0,False
2008104739,マイネルメダリスト,Northern Dancer,2,4x5,SDDSS|DSSS,9.375,0.390625,True
2009102739,ゴールドシップ,Northern Dancer,2,5x5,SDDSS|DDSSS,6.25,0.1953125,True
2009102739,ゴールドシップ,Princely Gift,2,5x5,SDDDS|DDDSS,6.25,0.1953125,True
2010104296,フェイムゲーム,Northern Dancer,2,5x5,SDDSS|DDDSS,6.25,0.1953125,True
2008103095,ユニバーサルバンク,Klairon,2,4x5,DSSSS|DDSS,9.375,0.0,False
2009103847,クリールカイザー,Halo,3,1x2x3,S|SD|SDS,87.5,0.0,False
2009103847,クリールカイザー,Northern Dancer,2,4x5,SSSS|DSDSS,9.375,0.390625,True
2009103847,クリールカイザー,Sir Gaylord,2,5x5,SSDSS|SDDSS,6.25,0.0,False
2008102978,オーシャンブルー,Northern Dancer,2,5x5,SDDSS|DDSSS,6.25,0.1953125,True
2008103100,ミトラ,Hail to Reason,2,4x4,SSSS|DSSS,12.5,0.78125,True
2008103100,ミトラ,Nothirdchance,2,5x5,SSSSD|DSSSD,6.25,0.1953125,True
2008103100,ミトラ,Turn-to,2,5x5,SSSSS|DSSSS,6.25,0.1953125,True
2006103368,セイクリッドバレー,Graustark,2,4x5,SSDS|SDDDS,9.375,0.0,False
2006103368,セイクリッドバレー,Hail to Reason,2,4x5,SSSS|DSSSS,9.375,0.390625,True
2006109274,ラインブラッド,Native Dancer,2,5x5,DSSSS|DDSSS,6.25,0.0,False
2006109274,ラインブラッド,Northern Dancer,2,5x5,SDSSS|DSDSS,6.25,0.1953125,True
2011102893,ショウナンラグーン,Hail to Reason,2,4x5,SSSS|DSSSS,9.375,0.390625,True
2008103349,ノーステア,Gold Digger,2,4x5,SDSSD|DDSD,9.375,0.390625,True
2008103349,ノーステア,Hail to Reason,2,4x4,SSSS|DSSS,12.5,0.78125,True
2008103349,ノーステア,Mr. Prospector,2,3x4,SDSS|DDS,18.75,1.5625,True
2008103349,ノーステア,Nashua,2,5x5,DSSDS|DDSDS,6.25,0.0,False
2008103349,ノーステア,Nothirdchance,2,5x5,SSSSD|DSSSD,6.25,0.1953125,True
2008103349,ノーステア,Raise a Native,2,4x5,SDSSS|DDSS,9.375,0.390625,True
2008103349,ノーステア,Turn-to,2,5x5,SSSSS|DSSSS,6.25,0.1953125,True
2010105827,キズナ,Northern Dancer,2,4x5,SDSSS|DSSS,9.375,0.390625,True
2010100460,ヒラボクディープ,Northern Dancer,2,4x5,SDSSS|DSSS,9.375,0.390625,True
2011104000,ハープスター,Natalma,2,5x5,DSSSD|DDDSD,6.25,0.0,False
2011104000,ハープスター,Nearctic,2,5x5,DSSSS|DDDSS,6.25,0.0,False
2011104000,ハープスター,Northern Dancer,3,4x4x5,SDSSS|DSSS|DDDS,15.625,0.78125,True
2011105898,スズカデヴィアス,Northern Dancer,3,5x5x5,SSDSS|SDSSS|DDDSS,9.375,0.390625,True
2010104087,メジャープレゼンス,Natalma,2,5x5,SDSSD|DSSSD,6.25,0.1953125,True
2010104087,メジャープレゼンス,Nearctic,2,5x5,SDSSS|DSSSS,6.25,0.1953125,True
2010104087,メジャープレゼンス,Northern Dancer,2,4x4,SDSS|DSSS,12.5,0.78125,True
2008102638,ネオブラックダイヤ,Northern Dancer,2,4x5,DSSS|DDDSS,9.375,0.0,False
2007100206,タニノエポレット,Flaming Page,2,4x5,SDSD|DSSSD,9.375,0.390625,True
2007100206,タニノエポレット,Graustark,2,5x5,SDDSS|DDDDS,6.25,0.1953125,True
2007100206,タニノエポレット,Nijinsky,2,3x4,SDS|DSSS,18.75,1.5625,True
2007100206,タニノエポレット,Northern Dancer,2,4x5,SDSS|DSSSS,9.375,0.390625,True
2006106754,サイモントルナーレ,Native Dancer,2,5x5,DSSSS|DDSSS,6.25,0.0,False
2006106754,サイモントルナーレ,Raise You,2,5x5,DSSSD|DDSSD,6.25,0.0,False
2006106754,サイモントルナーレ,Raise a Native,2,4x4,DSSS|DDSS,12.5,0.0,False
2008103361,カルドブレッサ,Northern Dancer,2,4x5,SDSS|DDSSS,9.375,0.390625,True
2009104380,カムフィー,Almahmoud,2,5x5,SSSDD|DSSDD,6.25,0.1953125,True
2009104380,カムフィー,Hail to Reason,2,4x5,SSSS|DDSSS,9.375,0.390625,True
2009104380,カムフィー,Lady Angela,2,4x5,DSSSD|DSDD,9.375,0.0,False
2009104380,カムフィー,Natalma,2,4x5,SDSSD|DSSD,9.375,0.390625,True
2009104380,カムフィー,Nearctic,2,4x5,SDSSS|DSSS,9.375,0.390625,True
2009104380,カムフィー,Northern Dancer,2,3x4,SDSS|DSS,18.75,1.5625,True
2009104380,カムフィー,Promised Land,2,5x5,SSDSS|DDDDS,6.25,0.1953125,True
2009106492,ニューダイナスティ,Hail to Reason,2,4x4,SSSS|DSSS,12.5,0.78125,True
2009106492,ニューダイナスティ,Northern Dancer,2,4x5,SDSSS|DDSS,9.375,0.390625,True
2009106492,ニューダイナスティ,Nothirdchance,2,5x5,SSSSD|DSSSD,6.25,0.1953125,True
2009106492,ニューダイナスティ,Turn-to,3,5x5x5,SSSSS|DSSSS|DDDSS,9.375,0.390625,True
2009104946,タガノグーフォ,Northern Dancer,2,4x5,DSSS|DDSSS,9.375,0.0,False
2011104477,シャンパーニュ,Caro,2,4x5,SSSS|DDDSS,9.375,0.390625,True
2011104477,シャンパーニュ,Fabulous Dancer,2,3x4,SDDS|DDS,18.75,1.5625,True
2011104477,シャンパーニュ,Kaldoun,2,3x4,SSS|DDDS,18.75,1.5625,True
2011104477,シャンパーニュ,Katana,2,4x5,SSSD|DDDSD,9.375,0.390625,True
2011104477,シャンパーニュ,Last of the Line,2,4x5,SDDSD|DDSD,9.375,0.390625,True
2011104477,シャンパーニュ,Natalma,2,5x5,SDSSD|DDSSD,6.25,0.1953125,True
2011104477,シャンパーニュ,Nearctic,2,5x5,SDSSS|DDSSS,6.25,0.1953125,True
2011104477,シャンパーニュ,Northern Dancer,3,4x4x5,SDSS|SDDSS|DDSS,15.625,1.171875,True
2010103013,タイセイドリーム,Northern Dancer,2,5x5,SDSSS|DSSSS,6.25,0.1953125,True
2008104467,ファタモルガーナ,Northern Dancer,2,4x5,SDSSS|DSSS,9.375,0.390625,True
2012104823,ベルラップ,Hail to Reason,2,4x5,SSSS|DSSSS,9.375,0.390625,True
2012104823,ベルラップ,Northern Dancer,2,5x5,SDDSS|DDSSS,6.25,0.1953125,True
2012100517,タガノエスプレッソ,Northern Dancer,2,5x5,SDSSS|DDDSS,6.25,0.1953125,True
2012100517,タガノエスプレッソ,Nureyev,2,4x5,DSSDS|DDDS,9.375,0.0,False
2012104668,サトノクラウン,Buckpasser,2,5x5,SSSDS|DSSDS,6.25,0.1953125,True
2012104668,サトノクラウン,Mr. Prospector,2,4x5,DSSS|DDSSS,9.375,0.0,False
2012104668,サトノクラウン,Northern Dancer,2,4x5,SSSS|DSDSS,9.375,0.390625,True
2012104668,サトノクラウン,Sir Ivor,2,5x5,DSDDS|DDSDS,6.25,0.0,False
2012104799,ブライトエンブレム,Mr. Prospector,2,4x5,DSSS|DDSSS,9.375,0.0,False
2012100407,グァンチャーレ,Cosmah,2,5x5,SDSSD|DSSSD,6.25,0.1953125,True
2012100407,グァンチャーレ,Hail to Reason,3,5x5x5,SSSSS|SDSSS|DSSSS,9.375,0.390625,True
2012100407,グァンチャーレ,Halo,2,4x4,SDSS|DSSS,12.5,0.78125,True
2012100407,グァンチャーレ,Northern Dancer,3,5x5x5,SSDSS|SDDSS|DDSSS,9.375,0.390625,True
2012103656,ジャストフォーユー,Northern Dancer,2,4x5,SDSSS|DDDS,9.375,0.390625,True
2012104614,トーセンバジル,Northern Dancer,3,4x5x5,SSSSS|SDDSS|DDSS,12.5,0.78125,True
2012103165,コメート,Goofed,2,4x5,SDSSD|DDDD,9.375,0.390625,True
2012103165,コメート,Lyphard,2,2x4,SDSS|DD,31.25,3.125,True
2011104004,サングレアル,Hail to Reason,2,4x5,SSSS|DSDDS,9.375,0.390625,True
2011104004,サングレアル,Turn-to,2,5x5,SSSSS|DDSSS,6.25,0.1953125,True
2009106332,ダノンジェラート,Lyphard,2,4x5,SDSS|DDSDS,9.375,0.390625,True
2009106332,ダノンジェラート,Northern Dancer,3,5x5x5,SDSSS|DSSSS|DDDSS,9.375,0.390625,True
2011104272,キングズオブザサン,Northern Dancer,2,4x5,SDSS|SDDSS,9.375,0.0,False
2009102413,フレージャパン,Hail to Reason,2,3x4,SSS|DSSS,18.75,1.5625,True
2009102413,フレージャパン,Nothirdchance,2,4x5,SSSD|DSSSD,9.375,0.390625,True
2009102413,フレージャパン,Turn-to,2,4x5,SSSS|DSSSS,9.375,0.390625,True
2007104975,ゲシュタルト,Northern Dancer,2,4x5,DSDSS|DDSS,9.375,0.0,False
2008104835,ヒットザターゲット,Northern Dancer,3,5x5x5,SSDSS|SDSSS|DDDSS,9.375,0.390625,True
2009103402,サンレイレーザー,Hail to Reason,3,5x5x5,SSDSS|DDSSS|DDDDS,9.375,0.390625,True
2009103402,サンレイレーザー,Raise a Native,2,5x5,SSDDS|SDSSS,6.25,0.0,False
2009105185,コスモオオゾラ,Hail to Reason,2,5x5,SSSSS|DSDSS,6.25,0.1953125,True
2009105185,コスモオオゾラ,Halo,2,4x5,SSSS|DDSDS,9.375,0.390625,True
2009105185,コスモオオゾラ,Northern Dancer,2,5x5,DSSSS|DDDSS,6.25,0.0,False
2009105185,コスモオオゾラ,Raise a Native,3,5x5x5,SSDSS|DSDDS|DDSSS,9.375,0.390625,True
2010104439,ラストインパクト,Almahmoud,2,5x5,SSSDD|DDSDD,6.25,0.1953125,True
2010104439,ラストインパクト,Northern Dancer,2,3x5,SDSSS|DDS,15.625,0.78125,True
2010104287,デニムアンドルビー,Northern Dancer,2,4x5,SDSSS|DDSS,9.375,0.390625,True
2010104287,デニムアンドルビー,Nureyev,2,3x5,DSSDS|DDS,15.625,0.0,False
2009102644,スノードン,Buckpasser,2,5x5,DSDDS|DDSDS,6.25,0.0,False
2009102644,スノードン,Gold Digger,3,5x5x5,SSSSD|DSSSD|DDSSD,9.375,0.390625,True
2009102644,スノードン,Mr. Prospector,3,4x4x4,SSSS|DSSS|DDSS,18.75,1.5625,True
2009102644,スノードン,Raise a Native,3,5x5x5,SSSSS|DSSSS|DDSSS,9.375,0.390625,True
2008103192,カレンミロティック,Northern Dancer,2,5x5,SDDSS|DDSSS,6.25,0.1953125,True
2009100777,メイショウカドマツ,Hail to Reason,2,4x4,SSSS|DSSS,12.5,0.78125,True
2009100777,メイショウカドマツ,Nothirdchance,2,5x5,SSSSD|DSSSD,6.25,0.1953125,True
2009100777,メイショウカドマツ,Turn-to,2,5x5,SSSSS|DSSSS,6.25,0.1953125,True
2008103206,ウインバリアシオン,Almahmoud,2,5x5,SSSDD|DSSDD,6.25,0.1953125,True
2008103206,ウインバリアシオン,Northern Dancer,3,3x5x5,SDDSS|DSS|DDDSS,18.75,0.9765625,True
2008102064,ホッコーブレーヴ,Natalma,2,5x5,SDSSD|DSSSD,6.25,0.1953125,True
2008102064,ホッコーブレーヴ,Nearctic,2,5x5,SDSSS|DSSSS,6.25,0.1953125,True
2008102064,ホッコーブレーヴ,Northern Dancer,2,4x4,SDSS|DSSS,12.5,0.78125,True
2009106599,フェノーメノ,Natalma,2,5x5,DSSSD|DSDDD,6.25,0.0,False
2009106599,フェノーメノ,Northern Dancer,2,4x5,SDDSS|DSSS,9.375,0.390625,True
2009106599,フェノーメノ,Ribot,2,5x5,DSDSS|DDDDS,6.25,0.0,False
2011104377,サウンズオブアース,Almahmoud,2,5x5,SSSDD|DSSDD,6.25,0.1953125,True
2010100233,トーセンアルニカ,Fairy Bridge,2,4x5,SSSD|DSDSD,9.375,0.390625,True
2010100233,トーセンアルニカ,Northern Dancer,4,4x5x5x5,SSSS|SDSSS|DSDSS|DDDSS,15.625,1.171875,True
2010100233,トーセンアルニカ,Sadler's Wells,2,3x4,SSS|DSDS,18.75,1.5625,True
2008102279,トラストワン,Bold Ruler,2,5x5,SDDSS|DSDSS,6.25,0.1953125,True
2008102279,トラストワン,Buckpasser,2,4x5,SSDS|DDSDS,9.375,0.390625,True
2008102279,トラストワン,Northern Dancer,3,5x5x5,SDSSS|DSSSS|DDSSS,9.375,0.390625,True
2008102279,トラストワン,Secretariat,2,4x4,SDDS|DSDS,12.5,0.78125,True
2008102279,トラストワン,Somethingroyal,2,5x5,SDDSD|DSDSD,6.25,0.1953125,True
2006103340,ダノンヨーヨー,Double Jay,2,5x5,DSDDS|DDDDS,6.25,0.0,False
2006103340,ダノンヨーヨー,Raise a Native,3,4x5x5,SDDDS|DSSS|DDSSS,12.5,0.5859375,True
2010104304,ラキシス,Northern Dancer,3,4x5x5,SDSSS|DSSS|DDDSS,12.5,0.5859375,True
2009102372,ゼロス,Northern Dancer,3,4x5x5,SSDSS|SDSSS|DDSS,12.5,0.78125,True
2009106230,カレンブラックヒル,Le Fabuleux,2,5x5,DSSDS|DDDDS,6.25,0.0,False
2009106230,カレンブラックヒル,Northern Dancer,2,4x5,SDSS|DDSSS,9.375,0.390625,True
2008103165,ムスカテール,Hail to Reason,2,4x4,SSSS|DSSS,12.5,0.78125,True
2008103165,ムスカテール,Nothirdchance,2,5x5,SSSSD|DSSSD,6.25,0.1953125,True
2008103165,ムスカテール,Turn-to,2,5x5,SSSSS|DSSSS,6.25,0.1953125,True
2011103584,ショウナンパンドラ,Northern Dancer,3,5x5x5,SDSSS|DSSSS|DDDSS,9.375,0.390625,True
2009105961,スピルバーグ,Goofed,3,5x5x5,SDSSD|DSDSD|DDDDD,9.375,0.390625,True
2009105961,スピルバーグ,Lyphard,2,4x4,SDSS|DSDS,12.5,0.78125,True
2009105961,スピルバーグ,Northern Dancer,3,4x5x5,SDSSS|DSDSS|DDSS,12.5,0.5859375,True
2011105005,タガノグランパ,Mill Reef,2,5x5,SDSDS|DDDDS,6.25,0.1953125,True
2011105005,タガノグランパ,Northern Dancer,3,5x5x5,SSDSS|SDSSS|DDDSS,9.375,0.390625,True
2012104511,ドゥラメンテ,Northern Dancer,3,5x5x5,SSDSS|SDSSS|DDDSS,9.375,0.390625,True
2012103484,スピリッツミノル,Graustark,2,5x5,SDDSS|DDDSS,6.25,0.1953125,True
2012103484,スピリッツミノル,Key Bridge,2,5x5,SDDSD|DDDSD,6.25,0.1953125,True
2012103484,スピリッツミノル,Key to the Mint,2,4x4,SDDS|DDDS,12.5,0.78125,True
2012103484,スピリッツミノル,Nijinsky,2,3x5,SSDSD|DSS,15.625,0.78125,True
2012103484,スピリッツミノル,Northern Dancer,3,4x5x5,SDSSS|DSSS|DDSSS,12.5,0.5859375,True
2012103484,スピリッツミノル,Secretariat,2,5x5,SDSDS|DDSDS,6.25,0.1953125,True
2012106019,ワンダーアツレッタ,Gold Digger,2,5x5,SSSSD|DSSSD,6.25,0.1953125,True
2012106019,ワンダーアツレッタ,In Reality,2,4x5,SSDDS|SDDS,9.375,0.0,False
2012106019,ワンダーアツレッタ,Mr. Prospector,2,4x4,SSSS|DSSS,12.5,0.78125,True
2012106019,ワンダーアツレッタ,Raise a Native,2,5x5,SSSSS|DSSSS,6.25,0.1953125,True
2012104889,リアルスティール,Northern Dancer,3,4x5x5,SDSSS|DSSS|DDDSS,12.5,0.5859375,True
2012102013,キタサンブラック,Goofed,2,5x5,SDSSD|DDDSD,6.25,0.1953125,True
2012102013,キタサンブラック,Lyphard,2,4x4,SDSS|DDDS,12.5,0.78125,True
2012102013,キタサンブラック,Northern Dancer,3,5x5x5,SDSSS|DSDSS|DDDSS,9.375,0.390625,True
2012104164,ミュゼエイリアン,Hail to Reason,2,5x5,SSSSS|SDSSS,6.25,0.0,False
2012104164,ミュゼエイリアン,Northern Dancer,4,5x5x5x5,SSDSS|SDDSS|DSDSS|DDSSS,12.5,0.78125,True
2012104407,マキシマムドパリ,Northern Dancer,2,5x5,SSDSS|SDSSS,6.25,0.0,False
2012100229,ウインアキレア,Mr. Prospector,2,4x5,SSDSS|DSSS,9.375,0.390625,True
2012103543,タマモボレロ,Nashua,2,4x5,DSSDS|DDDS,9.375,0.0,False
2012103543,タマモボレロ,Northern Dancer,2,4x5,SDDSS|DDSS,9.375,0.390625,True
2012100277,ロックキャンディ,Northern Dancer,3,4x5x5,SDDSS|DSSS|DDSSS,12.5,0.5859375,True
2012104241,シングウィズジョイ,Hail to Reason,2,4x5,SSSS|DSSSS,9.375,0.390625,True
2012104241,シングウィズジョイ,Roberto,2,4x5,DSSS|DDDSS,9.375,0.0,False
2012103979,ディアマイダーリン,Northern Dancer,3,5x5x5,SDDSS|DSDSS|DDSSS,9.375,0.390625,True
2012105832,アスカビレン,Highclere,2,4x5,SDDD|DDSDD,9.375,0.390625,True
2012104680,アドマイヤピンク,Mr. Prospector,2,3x5,SSS|DSDSS,15.625,0.78125,True
2012104680,アドマイヤピンク,Northern Dancer,3,5x5x5,SSDSS|SDSSS|DSSSS,9.375,0.390625,True
2012101146,リアンドジュエリー,Hail to Reason,2,4x5,DSSS|DDDSS,9.375,0.0,False
2012101146,リアンドジュエリー,Nearctic,2,5x5,SDDSS|DDSSS,6.25,0.1953125,True
2012101146,リアンドジュエリー,Northern Dancer,2,4x5,SSSSS|DDSS,9.375,0.390625,True
2012104891,エバーシャルマン,Northern Dancer,2,5x5,SDDSS|DSDSS,6.25,0.1953125,True
2012104938,バンゴール,Mill Reef,2,5x5,SDSDS|DDDSS,6.25,0.1953125,True
2012104938,バンゴール,Northern Dancer,2,5x5,SSDSS|SDSSS,6.25,0.0,False
2012104369,フロレットアレー,Hail to Reason,2,4x5,SSSS|DSSSS,9.375,0.390625,True
2012104369,フロレットアレー,Lyphard,2,4x5,SDSS|DDSDS,9.375,0.390625,True
2012104369,フロレットアレー,Northern Dancer,2,5x5,SDSSS|DDDSS,6.25,0.1953125,True
2012105831,サダムブルーハワイ,Northern Dancer,3,5x5x5,SSSSS|SDDSS|DDSSS,9.375,0.390625,True
2012105206,グリシーヌシチー,Goofed,2,5x5,SDDSD|DSSSD,6.25,0.1953125,True
2012105206,グリシーヌシチー,Lyphard,2,4x4,SDDS|DSSS,12.5,0.78125,True
2012105206,グリシーヌシチー,Northern Dancer,2,5x5,SDDSS|DSSSS,6.25,0.1953125,True
2012105774,ナガラフラワー,Natalma,2,5x5,SDSSD|DDSSD,6.25,0.1953125,True
2012105774,ナガラフラワー,Nearctic,2,5x5,SDSSS|DDSSS,6.25,0.1953125,True
2012105774,ナガラフラワー,Northern Dancer,4,4x4x5x5,SDSS|DSSSS|DSDSS|DDSS,18.75,1.5625,True
2012105774,ナガラフラワー,Raise a Native,2,5x5,SDDDS|DDDSS,6.25,0.1953125,True
2012104243,レッドカーラ,Northern Dancer,2,5x5,DSDSS|DDDSS,6.25,0.0,False
2012104243,レッドカーラ,Secretariat,2,5x5,DSSDS|DDSDS,6.25,0.0,False
2012100608,ティルナノーグ,Northern Dancer,2,5x5,SDSSS|DDSSS,6.25,0.1953125,True
2012104008,タンタアレグリア,Gold Digger,2,5x5,SDSSD|DSSSD,6.25,0.1953125,True
2012104008,タンタアレグリア,Mr. Prospector,2,4x4,SDSS|DSSS,12.5,0.78125,True
2012104008,タンタアレグリア,Raise a Native,2,5x5,SDSSS|DSSSS,6.25,0.1953125,True
2012101801,レトロロック,Hail to Reason,2,4x5,SSSS|DSSSS,9.375,0.390625,True
2012101801,レトロロック,Northern Dancer,2,5x5,SDSSS|DDSSS,6.25,0.1953125,True
2012104925,ヴェラヴァルスター,Hail to Reason,2,4x5,SSSS|DDSSS,9.375,0.390625,True
2012104925,ヴェラヴァルスター,Northern Dancer,2,5x5,SDDSS|DSDSS,6.25,0.1953125,True
2012104129,ミュゼダルタニアン,Northern Dancer,2,5x5,SSSSS|SDDSS,6.25,0.0,False
2012104929,レーヴミストラル,Green Dancer,2,4x5,SDDDS|DDDS,9.375,0.390625,True
2012104929,レーヴミストラル,Northern Dancer,2,5x5,SSDSS|SDSSS,6.25,0.0,False
2012104929,レーヴミストラル,Sir Gaylord,2,5x5,DSDDS|DDDDS,6.25,0.0,False
2012100724,マイネルサクセサー,Nashua,2,4x5,SSDS|DSSDS,9.375,0.390625,True
2012100724,マイネルサクセサー,Northern Dancer,2,4x5,DSDSS|DDSS,9.375,0.0,False
2012101117,トーセンアーネスト,Hail to Reason,2,4x5,SSSS|DSSSS,9.375,0.390625,True
2012104882,ウェスタールンド,Northern Dancer,2,5x5,DSDSS|DDSDS,6.25,0.0,False
2012104268,スモークフリー,Northern Dancer,3,5x5x5,SDSSS|DSDSS|DDSSS,9.375,0.390625,True
2012102840,カカドゥ,Northern Dancer,2,4x5,SDDSS|DSSS,9.375,0.390625,True
2012103493,ビクトリーミノル,Graustark,2,5x5,SDDSS|DDDSS,6.25,0.1953125,True
2012103493,ビクトリーミノル,Key Bridge,2,5x5,SDDSD|DDDSD,6.25,0.1953125,True
2012103493,ビクトリーミノル,Key to the Mint,2,4x4,SDDS|DDDS,12.5,0.78125,True
2012103493,ビクトリーミノル,Northern Dancer,2,5x5,SDSSS|DDSSS,6.25,0.1953125,True
2012103493,ビクトリーミノル,Secretariat,2,5x5,SDSDS|DDSDS,6.25,0.1953125,True
2012104019,センチュリオン,Northern Dancer,4,5x5x5x5,SSDSS|SDSSS|DSSSS|DDDSS,12.5,0.78125,True
2012104463,マサハヤドリーム,Natalma,2,5x5,SSSSD|DDSSD,6.25,0.1953125,True
2012104463,マサハヤドリーム,Nearctic,2,5x5,SSSSS|DDSSS,6.25,0.1953125,True
2012104463,マサハヤドリーム,Northern Dancer,4,4x4x5x5,SSSS|SDSSS|DDSS|DDDSS,18.75,1.7578125,True
2012104785,ストレンジクォーク,Northern Dancer,2,4x5,SSSS|SDSSS,9.375,0.0,False
2012104785,ストレンジクォーク,Raja Baba,2,5x5,DSDSS|DDDSS,6.25,0.0,False
2012104331,トーセンスパンキー,Northern Dancer,2,4x5,SDSSS|DDSS,9.375,0.390625,True
2012104833,ポルトドートウィユ,Northern Dancer,2,5x5,SDSSS|DDDSS,6.25,0.1953125,True
2012104735,サトノラーゼン,Hail to Reason,2,4x5,SSSS|DSSSS,9.375,0.390625,True
2012104735,サトノラーゼン,Northern Dancer,2,5x5,SDSSS|DDSSS,6.25,0.1953125,True
2012110050,ネオアトラクション,Camenae,2,5x5,SDSSD|DSDSD,6.25,0.1953125,True
2012110050,ネオアトラクション,Derring-Do,2,5x5,SDSSS|DSDSS,6.25,0.1953125,True
2012110050,ネオアトラクション,Forli,2,4x5,SSDDS|DSSS,9.375,0.390625,True
2012110050,ネオアトラクション,High Top,2,4x4,SDSS|DSDS,12.5,0.78125,True
2012102411,シャッターチャンス,Hail to Reason,2,4x5,SSSS|DDSSS,9.375,0.390625,True
2012102411,シャッターチャンス,Nearctic,2,5x5,DSSSS|DDDSS,6.25,0.0,False
2012104001,リベレーター,Northern Dancer,3,5x5x5,SSSSS|SDDSS|DSDSS,9.375,0.390625,True
2012101673,タイセイアプローズ,Northern Dancer,2,4x5,SDDSS|DSSS,9.375,0.390625,True
2012101673,タイセイアプローズ,Raise a Native,2,4x5,DDSS|DDDSS,9.375,0.0,False
2012104595,スワーヴジョージ,Northern Dancer,3,4x5x5,SSSSS|SDDSS|DDSS,12.5,0.78125,True
2012104761,レントラー,Almahmoud,2,5x5,SSSDD|DDSDD,6.25,0.1953125,True
2012104761,レントラー,Hail to Reason,2,4x4,SSSS|DSSS,12.5,0.78125,True
2012104761,レントラー,Northern Dancer,2,3x5,SDDSS|DDS,15.625,0.78125,True
2012104761,レントラー,Nothirdchance,2,5x5,SSSSD|DSSSD,6.25,0.1953125,True
2012104761,レントラー,Turn-to,2,5x5,SSSSS|DSSSS,6.25,0.1953125,True
2012104759,シュヴァルグラン,Cosmah,2,4x5,SSSD|DSDSD,9.375,0.390625,True
2012104759,シュヴァルグラン,Hail to Reason,2,4x5,SSSS|DSDSS,9.375,0.390625,True
2012104759,シュヴァルグラン,Halo,3,3x4x5,SSS|DSDS|DDDDS,21.875,2.34375,True
2012104759,シュヴァルグラン,Natalma,2,5x5,DSDDD|DDSSD,6.25,0.0,False
2012104759,シュヴァルグラン,Northern Dancer,2,4x5,SDDSS|DDSS,9.375,0.390625,True
2012100825,ゼンノブレーメン,Northern Dancer,4,5x5x5x5,SSSSS|SDDSS|DSDSS|DDDSS,12.5,0.78125,True
2012104220,ジェネラルゴジップ,Hail to Reason,2,4x4,SSSS|DSSS,12.5,0.78125,True
2012104220,ジェネラルゴジップ,Nothirdchance,2,5x5,SSSSD|DSSSD,6.25,0.1953125,True
2012104220,ジェネラルゴジップ,Turn-to,2,5x5,SSSSS|DSSSS,6.25,0.1953125,True
2012104069,アルバートドック,Northern Dancer,2,4x5,SDSSS|DSSS,9.375,0.390625,True
2012110007,ロードクロムウェル,Natalma,2,4x5,SSSD|DDSSD,9.375,0.390625,True
2012110007,ロードクロムウェル,Nearctic,2,4x5,SSSS|DDSSS,9.375,0.390625,True
2012110007,ロードクロムウェル,Northern Dancer,2,3x4,SSS|DDSS,18.75,1.5625,True
2011104097,ラングレー,Northern Dancer,3,4x5x5,SDSSS|DSSS|DDDSS,12.5,0.5859375,True
2009106321,アルフレード,Hail to Reason,2,4x4,SSSS|DSSS,12.5,0.78125,True
2009106321,アルフレード,Nothirdchance,2,5x5,SSSSD|DSSSD,6.25,0.1953125,True
2009106321,アルフレード,Turn-to,2,5x5,SSSSS|DSSSS,6.25,0.1953125,True
2011101188,マテンロウボス,Northern Dancer,3,4x5x5,SSDSS|SDSSS|DDSS,12.5,0.78125,True
2011100370,アズマシャトル,Buckpasser,2,4x5,SDSDS|DSDS,9.375,0.390625,True
2011100370,アズマシャトル,Hail to Reason,2,4x4,SSSS|DDSS,12.5,0.78125,True
2011100370,アズマシャトル,Natalma,2,5x5,DSSSD|DDDSD,6.25,0.0,False
2011100370,アズマシャトル,Nearctic,2,5x5,DSSSS|DDDSS,6.25,0.0,False
2011100370,アズマシャトル,Northern Dancer,2,4x4,DSSS|DDDS,12.5,0.0,False
2011100370,アズマシャトル,Nothirdchance,2,5x5,SSSSD|DDSSD,6.25,0.1953125,True
2011100370,アズマシャトル,Turn-to,2,5x5,SSSSS|DDSSS,6.25,0.1953125,True
2012102095,レッツゴードンキ,Gold Digger,2,4x5,SSSD|DDSSD,9.375,0.390625,True
2012102095,レッツゴードンキ,Mr. Prospector,2,3x4,SSS|DDSS,18.75,1.5625,True
2012102095,レッツゴードンキ,Northern Dancer,3,5x5x5,SSDSS|SDSSS|DSDSS,9.375,0.390625,True
2012102095,レッツゴードンキ,Raise a Native,2,4x5,SSSS|DDSSS,9.375,0.390625,True
2012102095,レッツゴードンキ,Special,2,5x5,SSDSD|DDSDD,6.25,0.1953125,True
2012101083,トーセンナチュラル,Northern Dancer,3,4x5x5,SSSS|SDSSS|DDDSS,12.5,0.5859375,True
2012101083,トーセンナチュラル,Northern Taste,2,4x5,DSDDS|DDDS,9.375,0.0,False
2012105256,ココロノアイ,Hail to Reason,2,4x5,SSSS|DDSSS,9.375,0.390625,True
2012105256,ココロノアイ,Natalma,2,5x5,DSSSD|DSDDD,6.25,0.0,False
2012105256,ココロノアイ,Northern Dancer,2,4x5,SDDSS|DSSS,9.375,0.390625,True
2012104105,クイーンズリング,Riverman,2,4x5,DSDDS|DDDS,9.375,0.0,False
2012104074,キャットコイン,Northern Dancer,2,4x5,SDDSS|DSSS,9.375,0.390625,True
2012104153,コンテッサトゥーレ,Goofed,2,4x5,SDSSD|DDSD,9.375,0.390625,True
2012104153,コンテッサトゥーレ,Lyphard,2,3x4,SDSS|DDS,18.75,1.5625,True
2012104153,コンテッサトゥーレ,Northern Dancer,2,4x5,SDSSS|DDSS,9.375,0.390625,True
2012104870,ミッキークイーン,Northern Dancer,2,5x5,SDSSS|DSSSS,6.25,0.1953125,True
2012100599,ペルフィカ,Mr. Prospector,2,4x5,SDSS|DSSDS,9.375,0.390625,True
2012101989,アンドリエッテ,Mr. Prospector,2,4x5,DSDS|DDSSS,9.375,0.0,False
2012101989,アンドリエッテ,Northern Dancer,2,5x5,SDSSS|DSSSS,6.25,0.1953125,True
2012104669,ルージュバック,Boldnesian,2,5x5,SDSDS|DDSSS,6.25,0.1953125,True
2012104669,ルージュバック,Promised Land,2,5x5,SSDSS|DDDSS,6.25,0.1953125,True
2012105999,トーセンラーク,Northern Dancer,3,5x5x5,SDDSS|DSSSS|DDDSS,9.375,0.390625,True
2012103224,ノットフォーマル,Cosmah,2,5x5,SDSSD|DSSSD,6.25,0.1953125,True
2012103224,ノットフォーマル,Hail to Reason,2,5x5,SDSSS|DSSSS,6.25,0.1953125,True
2012103224,ノットフォーマル,Halo,2,4x4,SDSS|DSSS,12.5,0.78125,True
2012103224,ノットフォーマル,Mountain Flower,2,5x5,SDSDD|DSSDD,6.25,0.1953125,True
2012103224,ノットフォーマル,Northern Dancer,2,5x5,SSDSS|SDDSS,6.25,0.0,False
2012103224,ノットフォーマル,Sunday Silence,2,3x3,SDS|DSS,25.0,3.125,True
2012103224,ノットフォーマル,Understanding,2,5x5,SDSDS|DSSDS,6.25,0.1953125,True
2012103224,ノットフォーマル,Wishing Well,2,4x4,SDSD|DSSD,12.5,0.78125,True
2012104599,クルミナル,Goofed,2,5x5,SDSSD|DSDSD,6.25,0.1953125,True
2012104599,クルミナル,Lyphard,2,4x4,SDSS|DSDS,12.5,0.78125,True
2012104599,クルミナル,Northern Dancer,2,5x5,SDSSS|DSDSS,6.25,0.1953125,True
2012104551,ダノンメジャー,Natalma,2,5x5,SDSSD|DSSSD,6.25,0.1953125,True
2012104551,ダノンメジャー,Nearctic,2,5x5,SDSSS|DSSSS,6.25,0.1953125,True
2012104551,ダノンメジャー,Northern Dancer,2,4x4,SDSS|DSSS,12.5,0.78125,True
2012104652,アダムスブリッジ,Cosmah,2,4x5,SSSD|DSDSD,9.375,0.390625,True
2012104652,アダムスブリッジ,Hail to Reason,2,4x5,SSSS|DSDSS,9.375,0.390625,True
2012104652,アダムスブリッジ,Halo,2,3x4,SSS|DSDS,18.75,1.5625,True
2012104118,ミュゼスルタン,Northern Dancer,3,5x5x5,SSDSS|SDSSS|DSSSS,9.375,0.390625,True
2010103963,レコンダイト,Milan Mill,2,5x5,DSDSD|DDSSD,6.25,0.0,False
2010103963,レコンダイト,Mill Reef,2,4x4,DSDS|DDSS,12.5,0.0,False
2010103963,レコンダイト,Never Bend,2,5x5,DSDSS|DDSSS,6.25,0.0,False
2010103963,レコンダイト,Northern Dancer,2,4x5,SDDSS|DSSS,9.375,0.390625,True
2010104059,アドマイヤスピカ,Mill Reef,2,4x5,SDSDS|DDSS,9.375,0.390625,True
2010104059,アドマイヤスピカ,Northern Dancer,2,5x5,SSDSS|SDSSS,6.25,0.0,False
2008102828,ヴァーゲンザイル,Almahmoud,2,5x5,SSSDD|DSSDD,6.25,0.1953125,True
2008102828,ヴァーゲンザイル,Lady Angela,2,4x5,DSSSD|DSDD,9.375,0.0,False
2008101228,グランデスバル,Hail to Reason,2,4x5,SSSS|DSSSS,9.375,0.390625,True
2008101228,グランデスバル,Northern Dancer,2,5x5,SDSSS|DDSSS,6.25,0.1953125,True
2009101682,トウケイヘイロー,Halo,2,1x3,S|SSS,62.5,0.0,False
2009101682,トウケイヘイロー,Natalma,2,5x5,SDDSD|DDSSD,6.25,0.1953125,True
2009101682,トウケイヘイロー,Nearctic,2,5x5,SDDSS|DDSSS,6.25,0.1953125,True
2009101682,トウケイヘイロー,Northern Dancer,2,4x4,SDDS|DDSS,12.5,0.78125,True
2010103287,マジェスティハーツ,Northern Dancer,3,5x5x5,SDDSS|DSDSS|DDSSS,9.375,0.390625,True
2010103543,エーティータラント,Northern Dancer,2,4x5,SDSS|DDSSS,9.375,0.390625,True
2007100107,マックスドリーム,Northern Dancer,2,4x5,SDSS|DSDSS,9.375,0.390625,True
2010104274,シャトーブランシュ,Halo,3,1x2x3,S|SD|SDS,87.5,0.0,False
2010104274,シャトーブランシュ,Northern Dancer,2,4x5,SSSS|DDDSS,9.375,0.390625,True
2010104274,シャトーブランシュ,Sir Gaylord,2,5x5,SSDSS|SDDSS,6.25,0.0,False
2008101162,ベリーフィールズ,Hail to Reason,2,5x5,SSDSS|DSDDS,6.25,0.1953125,True
2008101162,ベリーフィールズ,Natalma,2,4x5,SSSD|DSSSD,9.375,0.390625,True
2008101162,ベリーフィールズ,Nearctic,2,4x5,SSSS|DSSSS,9.375,0.390625,True
2008101162,ベリーフィールズ,Northern Dancer,3,3x4x5,SSS|DSSS|DDSSS,21.875,2.34375,True
2009100977,フィロパトール,Hyperion,2,5x5,SSDSS|DSDSS,6.25,0.1953125,True
2009100977,フィロパトール,Nearctic,2,4x5,SDSSS|DSSS,9.375,0.390625,True
2009100977,フィロパトール,Northern Dancer,2,4x5,SDSS|DDSSS,9.375,0.390625,True
2010104124,レッドセシリア,Bupers,2,4x5,SDDDS|DDDS,9.375,0.390625,True
2010104124,レッドセシリア,My Bupers,2,3x4,SDDD|DDD,18.75,1.5625,True
2010104124,レッドセシリア,Princess Revoked,2,4x5,SDDDD|DDDD,9.375,0.390625,True
2011103890,リラヴァティ,Cosmah,2,4x5,SSSD|DSDSD,9.375,0.390625,True
2011103890,リラヴァティ,Hail to Reason,2,4x5,SSSS|DSDSS,9.375,0.390625,True
2011103890,リラヴァティ,Halo,2,3x4,SSS|DSDS,18.75,1.5625,True
2009106185,グレイスフラワー,Natalma,2,5x5,SDSSD|DSSSD,6.25,0.1953125,True
2009106185,グレイスフラワー,Nearctic,2,5x5,SDSSS|DSSSS,6.25,0.1953125,True
2009106185,グレイスフラワー,Northern Dancer,2,4x4,SDSS|DSSS,12.5,0.78125,True
2010103821,フェリーチェレガロ,Lyphard,2,2x3,DS|DSS,37.5,0.0,False
2010103821,フェリーチェレガロ,Northern Dancer,2,4x5,DSSS|DDDSS,9.375,0.0,False
2009105230,メイショウスザンナ,Northern Dancer,2,5x5,SDSSS|DDSSS,6.25,0.1953125,True
2011103832,マリアライト,Northern Dancer,2,5x5,SDSSS|DSDSS,6.25,0.1953125,True
2008100266,パワースポット,Northern Dancer,3,5x5x5,SDDSS|DSDSS|DDDSS,9.375,0.390625,True
2008100266,パワースポット,Nureyev,2,4x5,SDSDS|DDDS,9.375,0.390625,True
2010102263,カノン,Danzig,2,3x4,SSD|SSDS,18.75,0.0,False
2010102263,カノン,Mr. Prospector,2,4x5,SSSS|SDDSS,9.375,0.0,False
2010102263,カノン,Tom Rolfe,2,5x5,SSSDS|SDSSS,6.25,0.0,False
2009101057,アドマイヤギャラン,Northern Dancer,2,5x5,SDDSS|DSDSS,6.25,0.1953125,True
2010105925,ウインプリメーラ,Hail to Reason,2,4x5,SSSS|DDSSS,9.375,0.390625,True
2010105925,ウインプリメーラ,Raise a Native,2,4x5,DSSS|DDDSS,9.375,0.0,False
2011103748,トーセンスターダム,Mr. Prospector,2,4x5,DSSS|DDDSS,9.375,0.0,False
2011103748,トーセンスターダム,Northern Dancer,3,4x5x5,SDSSS|DSDSS|DDSS,12.5,0.5859375,True
2011105072,ワンアンドオンリー,Cosmah,2,4x5,SSSD|DSSSD,9.375,0.390625,True
2011105072,ワンアンドオンリー,Hail to Reason,2,4x5,SSSS|DSSSS,9.375,0.390625,True
2011105072,ワンアンドオンリー,Halo,2,3x4,SSS|DSSS,18.75,1.5625,True
2011105072,ワンアンドオンリー,Northern Dancer,2,4x5,SDDSS|DDSS,9.375,0.390625,True
2010104211,ディアデラマドレ,Northern Dancer,2,5x5,SSDSS|SDSSS,6.25,0.0,False
2010104211,ディアデラマドレ,Raise a Native,2,4x5,SSSS|DDDSS,9.375,0.390625,True
2011104201,ヌーヴォレコルト,Northern Dancer,3,4x5x5,SDDSS|DSSS|DDSSS,12.5,0.5859375,True
2011100482,トーホウジャッカル,Nearctic,2,5x5,DDSSS|DDDDS,6.25,0.0,False
2011100482,トーホウジャッカル,Northern Dancer,2,4x5,SDSSS|DDSS,9.375,0.390625,True
2008103120,フラアンジェリコ,Victoria Park,2,4x5,DSDS|DDSDS,9.375,0.0,False
2009106344,マデイラ,Buckpasser,2,5x5,DDSDS|DDDDS,6.25,0.0,False
2009106344,マデイラ,Northern Dancer,2,5x5,SSSSS|DDDSS,6.25,0.1953125,True
2012102774,ヤマカツエース,Northern Dancer,3,5x5x5,SSDSS|SDSSS|DSDSS,9.375,0.390625,True
2009106171,エックスマーク,Northern Dancer,2,4x5,SDSSS|DDSS,9.375,0.390625,True
2010110014,レッドレイヴン,Nashua,2,4x5,SSDS|DSSDS,9.375,0.390625,True
2010110014,レッドレイヴン,Raise a Native,2,3x5,SSS|DDDDS,15.625,0.78125,True
2010110014,レッドレイヴン,Turn-to,2,5x5,SDSSS|DSSSS,6.25,0.1953125,True
2008102865,ツクバコガネオー,Northern Dancer,3,4x5x5,SSDSS|SDSSS|DDSS,12.5,0.78125,True
2008102865,ツクバコガネオー,Special,2,5x5,SSDSD|DDSDD,6.25,0.1953125,True
2009106545,ナリタスーパーワン,Mr. Prospector,2,3x5,SSS|DDDSS,15.625,0.78125,True
2009106545,ナリタスーパーワン,Northern Dancer,2,5x5,DSSSS|DDSSS,6.25,0.0,False
2011100796,マローブルー,Halo,2,3x5,SSS|DDSDS,15.625,0.78125,True
2010104344,ジャイアントリープ,Northern Dancer,2,4x5,DSDSS|DDSS,9.375,0.0,False
2010101988,スワンボート,Halo,3,1x2x3,S|SD|SDS,87.5,0.0,False
2010101988,スワンボート,Northern Dancer,2,4x5,SSSS|DDDSS,9.375,0.390625,True
2010101988,スワンボート,Sir Gaylord,2,5x5,SSDSS|SDDSS,6.25,0.0,False
2011104628,ハナズリベンジ,Northern Dancer,2,5x5,SDDSS|DSDSS,6.25,0.1953125,True
2011104628,ハナズリベンジ,Princely Gift,2,5x5,DSSSS|DDDSS,6.25,0.0,False
2008100500,サクラアルディート,Northern Dancer,2,4x5,SDSSS|DSSS,9.375,0.390625,True
2009100295,ユキノサムライ,Halo,2,4x5,SDDDS|DSSS,9.375,0.390625,True
2009100295,ユキノサムライ,Natalma,2,5x5,SDSSD|DDSSD,6.25,0.1953125,True
2009100295,ユキノサムライ,Nearctic,2,5x5,SDSSS|DDSSS,6.25,0.1953125,True
2009100295,ユキノサムライ,Northern Dancer,3,4x4x5,SDSS|DSDSS|DDSS,15.625,1.171875,True
2009106351,ファントムライト,Almahmoud,2,5x5,SSSDD|DSSDD,6.25,0.1953125,True
2009106351,ファントムライト,Hail to Reason,2,4x5,SSDSS|DSSS,9.375,0.390625,True
2009106351,ファントムライト,Lady Angela,2,5x5,SSSSD|DDSDD,6.25,0.1953125,True
2009106351,ファントムライト,Natalma,2,4x5,SSSD|DDSSD,9.375,0.390625,True
2009106351,ファントムライト,Nearctic,2,4x5,SSSS|DDSSS,9.375,0.390625,True
2009106351,ファントムライト,Northern Dancer,2,3x4,SSS|DDSS,18.75,1.5625,True
2009105855,ロンギングダンサー,Hail to Reason,2,4x4,SSSS|DSSS,12.5,0.78125,True
2009105855,ロンギングダンサー,Nothirdchance,2,5x5,SSSSD|DSSSD,6.25,0.1953125,True
2009105855,ロンギングダンサー,Turn-to,2,5x5,SSSSS|DSSSS,6.25,0.1953125,True
2010109147,スイートサルサ,Habitat,2,4x5,DSDS|DDDDS,9.375,0.0,False
2010109147,スイートサルサ,Northern Dancer,2,4x5,SDSS|DSSSS,9.375,0.390625,True
2011103741,メドウラーク,Graustark,2,4x5,SSDS|SDDDS,9.375,0.0,False
2011103741,メドウラーク,Hail to Reason,2,4x5,SSSS|DDSSS,9.375,0.390625,True
2012104552,アヴニールマルシェ,Goofed,2,5x5,SDSSD|DDSSD,6.25,0.1953125,True
2012104552,アヴニールマルシェ,Lyphard,2,4x4,SDSS|DDSS,12.5,0.78125,True
2012104552,アヴニールマルシェ,Northern Dancer,3,5x5x5,SDSSS|DSSSS|DDSSS,9.375,0.390625,True
2012104139,ウイングチップ,Cosmah,2,5x5,DSSSD|DDSSD,6.25,0.0,False
2012104139,ウイングチップ,Hail to Reason,3,4x5x5,SSSS|DSSSS|DDSSS,12.5,0.78125,True
2012104139,ウイングチップ,Halo,2,4x4,DSSS|DDSS,12.5,0.0,False
2012104139,ウイングチップ,Nijinsky,2,5x5,DSDSS|DDDDS,6.25,0.0,False
2012104777,ジュンツバサ,Northern Dancer,2,5x5,SDDSS|DDSSS,6.25,0.1953125,True
2012104475,ロッカフェスタ,Hail to Reason,2,4x5,SSSS|DSSSS,9.375,0.390625,True
2012102361,ミュゼゴースト,Northern Dancer,2,4x5,SDSS|DDSSS,9.375,0.390625,True
2012104541,グリュイエール,Mr. Prospector,2,4x5,DSSS|DDSSS,9.375,0.0,False
2012104142,ブランドベルグ,Reliance,2,5x5,SDSDS|DSSDS,6.25,0.1953125,True
2010104294,セキショウ,Hail to Reason,2,4x4,SSSS|DSSS,12.5,0.78125,True
2010104294,セキショウ,Nothirdchance,2,5x5,SSSSD|DSSSD,6.25,0.1953125,True
2010104294,セキショウ,Turn-to,2,5x5,SSSSS|DSSSS,6.25,0.1953125,True
2012104491,サンライズセンス,Hail to Reason,2,4x4,SSSS|DSSS,12.5,0.78125,True
2012104491,サンライズセンス,Nothirdchance,2,5x5,SSSSD|DSSSD,6.25,0.1953125,True
2012104491,サンライズセンス,Turn-to,2,5x5,SSSSS|DSSSS,6.25,0.1953125,True
2012104519,レッドソロモン,Northern Dancer,3,4x5x5,SSSS|SDSSS|DDDSS,12.5,0.5859375,True
2012104792,ジュンスパーヒカル,Almahmoud,2,5x5,SSSDD|DSSDD,6.25,0.1953125,True
2012104792,ジュンスパーヒカル,Hail to Reason,2,4x5,SSDSS|DSSS,9.375,0.390625,True
2012104792,ジュンスパーヒカル,Native Dancer,2,5x5,SSSDS|DDSSS,6.25,0.1953125,True
2012104792,ジュンスパーヒカル,Turn-to,2,5x5,DSSSS|DDDSS,6.25,0.0,False
2012104675,レッドアルティスタ,Hail to Reason,2,4x5,SSSS|DDSSS,9.375,0.390625,True
2012104675,レッドアルティスタ,Nearctic,2,5x5,DSSSS|DDDSS,6.25,0.0,False
2012104675,レッドアルティスタ,Northern Dancer,2,4x5,SDDSS|DSSS,9.375,0.390625,True
2012104598,リアファル,Gold Digger,2,5x5,SDSSD|DSSSD,6.25,0.1953125,True
2012104598,リアファル,Mr. Prospector,2,4x4,SDSS|DSSS,12.5,0.78125,True
2012104598,リアファル,Raise a Native,2,5x5,SDSSS|DSSSS,6.25,0.1953125,True
2012106023,バイガエシ,Nearctic,2,5x5,SDSSS|DDSSS,6.25,0.1953125,True
2012106023,バイガエシ,Northern Dancer,2,4x5,SDSS|DSDSS,9.375,0.390625,True
2012101422,サラトガスピリット,Northern Dancer,2,5x5,SDDSS|DDDSS,6.25,0.1953125,True
2012103949,マッサビエル,Northern Dancer,2,5x5,SSSSS|SDDSS,6.25,0.0,False
2012105433,クインズミラーグロ,Hoist the Flag,2,5x5,SDSSS|DDDSS,6.25,0.1953125,True
2012104666,ディープジュエリー,Northern Dancer,3,5x5x5,SDSSS|DSSSS|DDDDS,9.375,0.390625,True
2012104733,トーセンビクトリー,Northern Dancer,3,4x5x5,SSDSS|SDSSS|DDSS,12.5,0.78125,True
2012104733,トーセンビクトリー,Nureyev,2,3x4,SSDS|DDS,18.75,1.5625,True
2012104733,トーセンビクトリー,Special,2,4x5,SSDSD|DDSD,9.375,0.390625,True
2012103409,ホワイトエレガンス,Northern Dancer,2,5x5,SSSSS|DDSSS,6.25,0.1953125,True
2012104906,タッチングスピーチ,Almahmoud,2,5x5,SSSDD|DSSDD,6.25,0.1953125,True
2012104906,タッチングスピーチ,Hail to Reason,2,4x5,SSSS|DSDSS,9.375,0.390625,True
2012104906,タッチングスピーチ,Native Dancer,2,5x5,DSSDS|DDDSS,6.25,0.0,False
2012104906,タッチングスピーチ,Northern Dancer,2,3x5,SDSSS|DSS,15.625,0.78125,True
2012104771,ミコラソン,Almahmoud,2,5x5,SSSDD|DDSDD,6.25,0.1953125,True
2012104771,ミコラソン,Lady Angela,2,5x5,SDSDD|DDSSD,6.25,0.1953125,True
2012104771,ミコラソン,Natalma,2,4x5,SDSSD|DDSD,9.375,0.390625,True
2012104771,ミコラソン,Nearctic,2,4x5,SDSSS|DDSS,9.375,0.390625,True
2012104771,ミコラソン,Northern Dancer,2,3x4,SDSS|DDS,18.75,1.5625,True
2012104632,スティーグリッツ,Northern Dancer,3,4x5x5,SSSSS|SDDSS|DDSS,12.5,0.78125,True
2012105400,アンビシャス,Northern Dancer,2,5x5,SDSSS|DSDSS,6.25,0.1953125,True
2009105009,クラレント,Natalma,2,5x5,SDSSD|DSSSD,6.25,0.1953125,True
2009105009,クラレント,Nearctic,2,5x5,SDSSS|DSSSS,6.25,0.1953125,True
2009105009,クラレント,Northern Dancer,2,4x4,SDSS|DSSS,12.5,0.78125,True
2011101273,エイシンヒカリ,Northern Dancer,2,4x5,SDSSS|DSSS,9.375,0.390625,True
2009106525,ヴァンセンヌ,Northern Dancer,2,4x5,SDSSS|DDSS,9.375,0.390625,True
2011103565,イスラボニータ,In Reality,2,4x5,SDDS|DDSDS,9.375,0.390625,True
2009105928,スーパームーン,Almahmoud,2,5x5,DSSDD|DDSDD,6.25,0.0,False
2009105928,スーパームーン,Hail to Reason,3,3x4x5,SSS|DSDSS|DDSS,21.875,2.34375,True
2009105928,スーパームーン,Nothirdchance,2,4x5,SSSD|DDSSD,9.375,0.390625,True
2009105928,スーパームーン,Turn-to,2,4x5,SSSS|DDSSS,9.375,0.390625,True
2010105143,プランスペスカ,Hail to Reason,2,4x4,SSSS|DSSS,12.5,0.78125,True
2010105143,プランスペスカ,Lyphard,3,4x5x5,SDSS|DDSDS|DDDSS,12.5,0.78125,True
2010105143,プランスペスカ,Nothirdchance,2,5x5,SSSSD|DSSSD,6.25,0.1953125,True
2010105143,プランスペスカ,Turn-to,2,5x5,SSSSS|DSSSS,6.25,0.1953125,True
2010100791,プロモントーリオ,Halo,2,1x3,S|SSS,62.5,0.0,False
2010100791,プロモントーリオ,Northern Dancer,2,4x5,SDDS|DSSSS,9.375,0.390625,True
2011105266,ゴールドアクター,Hail to Reason,2,5x5,SSSSS|SDSSS,6.25,0.0,False
2011105266,ゴールドアクター,Northern Dancer,3,4x5x5,SSDSS|SDDSS|DSDS,12.5,0.78125,True
2010100035,シャイニープリンス,Halo,3,1x2x3,S|SD|SDS,87.5,0.0,False
2010100035,シャイニープリンス,Nearctic,2,5x5,SSSSS|DSDSS,6.25,0.1953125,True
2010100035,シャイニープリンス,Sir Gaylord,2,5x5,SSDSS|SDDSS,6.25,0.0,False
2009105355,フレイムコード,Northern Dancer,2,4x5,DSSS|DDSSS,9.375,0.0,False
2010104343,バロンドゥフォール,Northern Dancer,2,4x5,SDSSS|DDSS,9.375,0.390625,True
2011103610,タガノエトワール,Northern Dancer,3,5x5x5,SSDSS|SDSSS|DDDSS,9.375,0.390625,True
2010103747,リメインサイレント,Northern Dancer,2,4x5,SSSS|DDSSS,9.375,0.390625,True
2011104724,ウインリバティ,Flaming Page,2,4x5,SDSD|DDSDD,9.375,0.390625,True
2011104724,ウインリバティ,Natalma,2,5x5,SDSSD|DDSSD,6.25,0.1953125,True
2011104724,ウインリバティ,Nearctic,2,5x5,SDSSS|DDSSS,6.25,0.1953125,True
2011104724,ウインリバティ,Northern Dancer,2,4x4,SDSS|DDSS,12.5,0.78125,True
2010102094,メイショウマンボ,Gold Digger,2,5x5,SDSSD|DDSSD,6.25,0.1953125,True
2010102094,メイショウマンボ,Hail to Reason,2,4x5,SSSS|DSSSS,9.375,0.390625,True
2010102094,メイショウマンボ,Mr. Prospector,2,4x4,SDSS|DDSS,12.5,0.78125,True
2010102094,メイショウマンボ,Nijinsky,2,4x5,SDDS|DDSDS,9.375,0.390625,True
2010102094,メイショウマンボ,Northern Dancer,2,5x5,SDDSS|DSDSS,6.25,0.1953125,True
2010102094,メイショウマンボ,Raise a Native,2,5x5,SDSSS|DDSSS,6.25,0.1953125,True
2010102459,スマートレイアー,Goofed,2,5x5,SDSSD|DSSSD,6.25,0.1953125,True
2010102459,スマートレイアー,Lyphard,3,4x4x5,SDSS|DSSS|DDSDS,15.625,1.171875,True
2010102459,スマートレイアー,Northern Dancer,2,5x5,SDSSS|DSSSS,6.25,0.1953125,True
2011100352,シュンドルボン,Northern Dancer,2,5x5,SDDSS|DSDSS,6.25,0.1953125,True
2013109018,リスペクトアース,Alleged,2,4x4,SDSS|DDDS,12.5,0.78125,True
2013109018,リスペクトアース,Gold Digger,2,5x5,DSSSD|DDSSD,6.25,0.0,False
2013109018,リスペクトアース,Halo,2,3x5,SSS|DSSDS,15.625,0.78125,True
2013109018,リスペクトアース,Hoist the Flag,2,5x5,SDSSS|DDDSS,6.25,0.1953125,True
2013109018,リスペクトアース,Mr. Prospector,2,4x4,DSSS|DDSS,12.5,0.0,False
2013109018,リスペクトアース,Princess Pout,2,5x5,SDSSD|DDDSD,6.25,0.1953125,True
2013109018,リスペクトアース,Raise a Native,2,5x5,DSSSS|DDSSS,6.25,0.0,False
2013105867,ケルフロイデ,Northern Dancer,2,5x5,SSDSS|SDSSS,6.25,0.0,False
2013106075,アドマイヤエイカン,Northern Dancer,2,5x5,SDDSS|DSSSS,6.25,0.1953125,True
2013106075,アドマイヤエイカン,Raise a Native,2,4x5,DDSS|DDDDS,9.375,0.0,False
2013105975,ドレッドノータス,Northern Dancer,2,5x5,SSSSS|SDDSS,6.25,0.0,False
2013103727,ウインクルサルーテ,Lyphard,2,4x5,SDSDS|DDSS,9.375,0.390625,True
2013103727,ウインクルサルーテ,Northern Dancer,3,5x5x5,SSSSS|SDDSS|DDSSS,9.375,0.390625,True
2013101819,キャノンストーム,Hail to Reason,2,4x5,DSSS|DDSSS,9.375,0.0,False
2013104475,ダンツプリウス,Hail to Reason,2,3x5,SSS|DSSSS,15.625,0.78125,True
2013104475,ダンツプリウス,Northern Dancer,2,5x5,DDSSS|DDDSS,6.25,0.0,False
2013101249,ウインテンダネス,Mr. Prospector,2,3x5,SDDSS|DSS,15.625,0.78125,True
2013101249,ウインテンダネス,Northern Dancer,2,4x5,SSDSS|SDSS,9.375,0.0,False
2013101249,ウインテンダネス,Raise a Native,2,4x5,DSSS|DDDSS,9.375,0.0,False
2013101965,オンザロックス,Danzig,2,2x3,DD|DDS,37.5,0.0,False
2013101965,オンザロックス,Northern Dancer,2,4x5,SDDSS|DDSS,9.375,0.390625,True
2013103338,ジョルジュサンク,Halo,2,4x5,SSSS|SDSDS,9.375,0.0,False
2013105677,ロライマ,Northern Dancer,2,5x5,SSDSS|SDSSS,6.25,0.0,False
2013104642,コパノミライ,Mr. Prospector,2,4x5,SDDSS|DSSS,9.375,0.390625,True
2013104642,コパノミライ,Northern Dancer,3,4x5x5,SSDSS|SDSS|DSDSS,12.5,0.5859375,True
2011106394,ショウナンバッハ,Lady Victoria,2,5x5,SDDSD|DSDSD,6.25,0.1953125,True
2011106394,ショウナンバッハ,Northern Dancer,3,5x5x5,SDDSS|DSDSS|DDDSS,9.375,0.390625,True
2011106394,ショウナンバッハ,Northern Taste,2,4x4,SDDS|DSDS,12.5,0.78125,True
2011106394,ショウナンバッハ,Princely Gift,2,5x5,SDDDS|DSSSS,6.25,0.1953125,True
2011100066,トゥインクル,Almahmoud,2,5x5,SSSDD|DSSDD,6.25,0.1953125,True
2011100066,トゥインクル,Lady Angela,2,4x5,DSSSD|DSDD,9.375,0.0,False
2011100066,トゥインクル,Lady Victoria,2,3x5,SDDSD|DSD,15.625,0.78125,True
2011100066,トゥインクル,Northern Dancer,2,3x5,SDDSS|DSS,15.625,0.78125,True
2011100066,トゥインクル,Northern Taste,2,2x4,SDDS|DS,31.25,3.125,True
2011104019,アルバート,Natalma,2,5x5,SDDSD|DDSSD,6.25,0.1953125,True
2011104019,アルバート,Nearctic,2,5x5,SDDSS|DDSSS,6.25,0.1953125,True
2011104019,アルバート,Northern Dancer,3,4x4x5,SDDS|DSDSS|DDSS,15.625,1.171875,True
2010106226,ゴッドフロアー,Northern Dancer,3,4x5x5,SDDSS|DSDSS|DDSS,12.5,0.5859375,True
2010100097,ケイアイチョウサン,Hail to Reason,2,4x5,SSSS|DSSSS,9.375,0.390625,True
2010102243,トルークマクト,Caerleon,2,3x4,SDS|DDDS,18.75,1.5625,True
2010102243,トルークマクト,Foreseer,2,4x5,SDSD|DDDSD,9.375,0.390625,True
2010102243,トルークマクト,Nijinsky,2,4x5,SDSS|DDDSS,9.375,0.390625,True
2010102243,トルークマクト,Northern Dancer,2,4x5,SDSSS|DSSS,9.375,0.390625,True
2013105429,プランスシャルマン,Natalma,2,5x5,SDSSD|DDSSD,6.25,0.1953125,True
2013105429,プランスシャルマン,Nearctic,2,5x5,SDSSS|DDSSS,6.25,0.1953125,True
2013105429,プランスシャルマン,Northern Dancer,2,4x4,SDSS|DDSS,12.5,0.78125,True
2013104063,ネコダンサー,Northern Dancer,3,5x5x5,SDSSS|DSDSS|DDDSS,9.375,0.390625,True
2013102635,ラブレオ,Hail to Reason,2,4x5,SSSS|DSSSS,9.375,0.390625,True
2013102635,ラブレオ,Nijinsky,2,4x5,DSDS|DDDDS,9.375,0.0,False
2013105789,ハートレー,Northern Dancer,2,5x5,SDSSS|DSDDS,6.25,0.1953125,True
2013105789,ハートレー,Secretariat,2,5x5,DSSDS|DDDSS,6.25,0.0,False
2013104704,ディーマジェスティ,Hail to Reason,2,4x4,SSSS|DSSS,12.5,0.78125,True
2013104704,ディーマジェスティ,Northern Dancer,2,4x5,SDSSS|DDSS,9.375,0.390625,True
2013104704,ディーマジェスティ,Nothirdchance,2,5x5,SSSSD|DSSSD,6.25,0.1953125,True
2013104704,ディーマジェスティ,Turn-to,2,5x5,SSSSS|DSSSS,6.25,0.1953125,True
2013106012,バティスティーニ,Northern Dancer,3,5x5x5,SSDSS|SDSSS|DDSSS,9.375,0.390625,True
2013106012,バティスティーニ,Raise a Native,2,4x5,SSSS|DDDSS,9.375,0.390625,True
2013102679,ロードクエスト,Bold Ruler,2,5x5,SDSSS|DSDSS,6.25,0.1953125,True
2013102679,ロードクエスト,Hail to Reason,2,4x5,SSSS|DDSSS,9.375,0.390625,True
2013102679,ロードクエスト,Northern Dancer,2,5x5,DSSSS|DDDSS,6.25,0.0,False
2013104025,プレイヤーサムソン,Camenae,2,5x5,SSDSD|DDDSD,6.25,0.1953125,True
2013104025,プレイヤーサムソン,Derring-Do,2,5x5,SSDSS|DDDSS,6.25,0.1953125,True
2013104025,プレイヤーサムソン,Northern Dancer,3,4x5x5,SSSS|SDSSS|DSDSS,12.5,0.5859375,True
2013104025,プレイヤーサムソン,ファバージ,2,5x5,DSDDS|DDDDS,6.25,0.0,False
2013100096,ブレイブスマッシュ,Hail to Reason,2,5x5,SSSSS|DDSSS,6.25,0.1953125,True
2013100096,ブレイブスマッシュ,Lady Victoria,2,5x5,SDDSD|DDDSD,6.25,0.1953125,True
2013100096,ブレイブスマッシュ,Northern Dancer,3,5x5x5,SDDSS|DSDSS|DDDSS,9.375,0.390625,True
2013100096,ブレイブスマッシュ,Northern Taste,2,4x4,SDDS|DDDS,12.5,0.78125,True
2013101866,クラウンスカイ,Ballade,2,4x5,SSSD|DSSDD,9.375,0.390625,True
2013101866,クラウンスカイ,Halo,2,4x5,SSSS|DSSDS,9.375,0.390625,True
2013101866,クラウンスカイ,Northern Dancer,2,5x5,SDSSS|DDSSS,6.25,0.1953125,True
2013106118,ブラックスピネル,Graustark,2,4x5,SSDS|SDDDS,9.375,0.0,False
2013106118,ブラックスピネル,Hail to Reason,2,4x5,SSSS|DDSSS,9.375,0.390625,True
2013106118,ブラックスピネル,Ribot,2,5x5,SSDSS|DDDDS,6.25,0.1953125,True
2008103273,トーセンレーヴ,Hail to Reason,2,4x5,SSSS|DSDDS,9.375,0.390625,True
2008103273,トーセンレーヴ,Northern Dancer,2,4x5,SDSSS|DSSS,9.375,0.390625,True
2008103273,トーセンレーヴ,Turn-to,2,5x5,SSSSS|DDSSS,6.25,0.1953125,True
2011103978,ネオリアリズム,Nothirdchance,2,5x5,SSSSD|DSDDD,6.25,0.1953125,True
2010104134,フルーキー,Natalma,2,5x5,SSSSD|SSDDD,6.25,0.0,False
2010104134,フルーキー,Northern Dancer,3,4x5x5,SSSS|SDDSS|DDSSS,12.5,0.5859375,True
2011103837,ハピネスダンサー,Northern Dancer,2,4x5,SSSS|SDSSS,9.375,0.0,False
2010104147,ヴィルジニア,Hail to Reason,2,4x5,SSDSS|DSSS,9.375,0.390625,True
2010104147,ヴィルジニア,Nearco,2,5x5,SSSSS|DSDSS,6.25,0.1953125,True
2010104147,ヴィルジニア,Northern Dancer,2,3x5,SSS|DDSSS,15.625,0.78125,True
2010106366,アルマディヴァン,Northern Dancer,2,5x5,SDSSS|DSSSS,6.25,0.1953125,True
2010101874,マコトブリジャール,Gold Digger,2,4x5,SSSD|SDDSD,9.375,0.0,False
2010101874,マコトブリジャール,Hail to Reason,2,4x5,SSDSS|DSSS,9.375,0.390625,True
2010101874,マコトブリジャール,Mr. Prospector,2,3x4,SSS|SDDS,18.75,0.0,False
2010101874,マコトブリジャール,Nashua,2,5x5,SSSDS|DSSDS,6.25,0.1953125,True
2010101874,マコトブリジャール,Natalma,3,5x5x5,SSDDD|SDSSD|DDDSD,9.375,0.390625,True
2010101874,マコトブリジャール,Nearctic,2,5x5,SDSSS|DDDSS,6.25,0.1953125,True
2010101874,マコトブリジャール,Northern Dancer,2,4x4,SDSS|DDDS,12.5,0.78125,True
2010101874,マコトブリジャール,Raise a Native,3,4x5x5,SSSS|SDDSS|DDSSS,12.5,0.5859375,True
2010104515,レイヌドネージュ,Hail to Reason,2,4x5,SSSS|DDSSS,9.375,0.390625,True
2010104515,レイヌドネージュ,In Reality,2,4x5,SDDS|DDSDS,9.375,0.390625,True
2011100497,リーサルウェポン,Raise a Native,2,4x5,DSDSS|DDSS,9.375,0.0,False
2010104221,オツウ,Hail to Reason,2,4x5,SSSS|DDSSS,9.375,0.390625,True
2010104221,オツウ,Northern Dancer,3,5x5x5,SDDSS|DSDSS|DDDSS,9.375,0.390625,True
2013105785,メートルダール,Hail to Reason,2,4x4,SSSS|DSSS,12.5,0.78125,True
2013105785,メートルダール,Nothirdchance,2,5x5,SSSSD|DSSSD,6.25,0.1953125,True
2013105785,メートルダール,Turn-to,2,5x5,SSSSS|DSSSS,6.25,0.1953125,True
2013105309,ウムブルフ,Goofed,2,5x5,SDSSD|DDSSD,6.25,0.1953125,True
2013105309,ウムブルフ,Lyphard,2,4x4,SDSS|DDSS,12.5,0.78125,True
2013105309,ウムブルフ,Northern Dancer,2,5x5,SDSSS|DDSSS,6.25,0.1953125,True
2013105930,プロフェット,Hail to Reason,2,5x5,DSSSS|DDSSS,6.25,0.0,False
2013105930,プロフェット,Northern Dancer,3,5x5x5,SSSSS|SDDSS|DDDSS,9.375,0.390625,True
2013105930,プロフェット,Sea-Bird,2,5x5,SDSSS|DSDDS,6.25,0.1953125,True
2013109108,カミノライデン,Cosmah,2,4x5,SSSD|DSDSD,9.375,0.390625,True
2013109108,カミノライデン,Hail to Reason,2,4x5,SSSS|DSDSS,9.375,0.390625,True
2013109108,カミノライデン,Halo,2,3x4,SSS|DSDS,18.75,1.5625,True
2013109108,カミノライデン,Mill Reef,2,5x5,DDSDS|DDDSS,6.25,0.0,False
2013109108,カミノライデン,Northern Dancer,3,5x5x5,SDSSS|DSSSS|DDSSS,9.375,0.390625,True
2013100615,ルネイション,Bustino,2,5x5,DSDDS|DDSDS,6.25,0.0,False
2013100615,ルネイション,Gold Digger,2,5x5,SSSSD|DDDSD,6.25,0.1953125,True
2013100615,ルネイション,Mr. Prospector,2,4x4,SSSS|DDDS,12.5,0.78125,True
2013100615,ルネイション,Northern Dancer,2,5x5,SSDSS|DSSSS,6.25,0.1953125,True
2013100615,ルネイション,Raise a Native,2,5x5,SSSSS|DDDSS,6.25,0.1953125,True
2013101928,マイネルラフレシア,Hail to Reason,2,5x5,DSSSS|DDSSS,6.25,0.0,False
2013101928,マイネルラフレシア,Northern Dancer,2,4x5,SDSS|DSDSS,9.375,0.390625,True
2013105825,アドマイヤモラール,Northern Dancer,2,4x5,SDDSS|DDSS,9.375,0.390625,True
2013104828,アポロナイスジャブ,Gold Digger,2,5x5,SSSSD|DSSSD,6.25,0.1953125,True
2013104828,アポロナイスジャブ,Mr. Prospector,2,4x4,SSSS|DSSS,12.5,0.78125,True
2013104828,アポロナイスジャブ,Raise a Native,2,5x5,SSSSS|DSSSS,6.25,0.1953125,True
2013103343,ユウチェンジ,Halo,2,3x5,SSS|SDSDS,15.625,0.0,False
2013102829,ダイチラディウス,Halo,3,1x2x3,S|SD|SDS,87.5,0.0,False
2013102829,ダイチラディウス,Sir Gaylord,2,5x5,SSDSS|SDDSS,6.25,0.0,False
2013103526,ナムラシングン,Bustino,2,4x5,SDDS|DSDDS,9.375,0.390625,True
2013103526,ナムラシングン,Coup de Folie,2,4x4,SDSD|DDDD,12.5,0.78125,True
2013103526,ナムラシングン,Gold Digger,2,5x5,SDSSD|DDDSD,6.25,0.1953125,True
2013103526,ナムラシングン,Halo,3,4x5x5,SSSS|SDSDS|DDDDS,12.5,0.5859375,True
2013103526,ナムラシングン,Mr. Prospector,2,4x4,SDSS|DDDS,12.5,0.78125,True
2013103526,ナムラシングン,Raise a Native,2,5x5,SDSSS|DDDSS,6.25,0.1953125,True
2013103526,ナムラシングン,Raise the Standard,2,5x5,SDSDD|DDDDD,6.25,0.1953125,True
2011104306,シャドウダンサー,Natalma,2,5x5,SSSSD|DDSSD,6.25,0.1953125,True
2011104306,シャドウダンサー,Nearctic,2,5x5,SSSSS|DDSSS,6.25,0.1953125,True
2011104306,シャドウダンサー,Northern Dancer,2,4x4,SSSS|DDSS,12.5,0.78125,True
2007106459,メイショウウズシオ,Hail to Reason,2,4x5,SSDSS|DSSS,9.375,0.390625,True
2008105224,アップルジャック,Natalma,2,5x5,SDSSD|DSSSD,6.25,0.1953125,True
2008105224,アップルジャック,Nearctic,3,5x5x5,SSDDS|SDSSS|DSSSS,9.375,0.390625,True
2008105224,アップルジャック,Northern Dancer,2,4x4,SDSS|DSSS,12.5,0.78125,True
2008101020,ショウナンマイティ,Alleged,2,3x4,SDSS|DDS,18.75,1.5625,True
2008101020,ショウナンマイティ,Hoist the Flag,2,4x5,SDSSS|DDSS,9.375,0.390625,True
2008101020,ショウナンマイティ,Prince John,2,5x5,DDSDS|DDDDS,6.25,0.0,False
2008101020,ショウナンマイティ,Princess Pout,2,4x5,SDSSD|DDSD,9.375,0.390625,True
2008102912,ルルーシュ,Buckpasser,2,5x5,SDSDS|DDDDS,6.25,0.1953125,True
2011105057,ヤマニンボワラクテ,Natalma,2,5x5,DSSSD|DDSSD,6.25,0.0,False
2011105057,ヤマニンボワラクテ,Nearctic,2,5x5,DSSSS|DDSSS,6.25,0.0,False
2011105057,ヤマニンボワラクテ,Northern Dancer,4,4x4x5x5,SSDSS|SDSSS|DSSS|DDSS,18.75,1.5625,True
2011105057,ヤマニンボワラクテ,Special,2,5x5,SSDSD|DSSDD,6.25,0.1953125,True
2009106315,ヒストリカル,Almahmoud,2,5x5,SSSDD|DSSDD,6.25,0.1953125,True
2009106315,ヒストリカル,Lady Angela,2,4x5,DSSSD|DSDD,9.375,0.0,False
2009106315,ヒストリカル,Northern Dancer,2,3x5,SDSSS|DSS,15.625,0.78125,True
2011103483,マドリードカフェ,Gold Digger,2,4x5,DSSD|DDSSD,9.375,0.0,False
2011103483,マドリードカフェ,Halo,3,3x4x5,SSS|DDDD|DDDDS,21.875,2.34375,True
2011103483,マドリードカフェ,Mr. Prospector,2,3x4,DSS|DDSS,18.75,0.0,False
2011103483,マドリードカフェ,Raise a Native,2,4x5,DSSS|DDSSS,9.375,0.0,False
2008102924,エバーグリーン,Hail to Reason,2,4x5,SSSS|DDSSS,9.375,0.390625,True
2012104650,モンドインテロ,Hail to Reason,2,4x4,SSSS|DSSS,12.5,0.78125,True
2012104650,モンドインテロ,Nothirdchance,2,5x5,SSSSD|DSSSD,6.25,0.1953125,True
2012104650,モンドインテロ,Turn-to,2,5x5,SSSSS|DSSSS,6.25,0.1953125,True
2013103638,シャララ,Northern Dancer,2,4x5,SSSS|SDSSS,9.375,0.0,False
2013105387,タイセイサミット,Gold Digger,2,5x5,DSSSD|DDDSD,6.25,0.0,False
2013105387,タイセイサミット,Mr. Prospector,2,4x4,DSSS|DDDS,12.5,0.0,False
2013105387,タイセイサミット,Northern Dancer,2,4x5,SDSS|DSDSS,9.375,0.390625,True
2013105387,タイセイサミット,Raise a Native,2,5x5,DSSSS|DDDSS,6.25,0.0,False
2013105399,エアスピネル,Northern Dancer,3,4x5x5,SSDSS|SDSSS|DDSS,12.5,0.78125,True
2013100077,ヴィガーエッジ,Northern Dancer,3,4x5x5,SSDSS|SDSSS|DDSS,12.5,0.78125,True
2013100159,モウカッテル,Caro,2,5x5,DSDSS|DDSSS,6.25,0.0,False
2013100159,モウカッテル,Hail to Reason,2,5x5,SSSSS|DSSSS,6.25,0.1953125,True
2013100159,モウカッテル,Northern Dancer,2,4x5,SDSS|DDDSS,9.375,0.390625,True
2013106474,ケンホファヴァルト,Natalma,2,5x5,SDSSD|DDSSD,6.25,0.1953125,True
2013106474,ケンホファヴァルト,Nearctic,2,5x5,SDSSS|DDSSS,6.25,0.1953125,True
2013106474,ケンホファヴァルト,Northern Dancer,2,4x4,SDSS|DDSS,12.5,0.78125,True
2013102880,イマジンザット,Northern Dancer,2,4x5,SDSSS|DSSS,9.375,0.390625,True
2013102880,イマジンザット,Queen's Hussar,2,4x5,SDDDS|DDSS,9.375,0.390625,True
2013105194,モーゼス,Le Fabuleux,2,5x5,DSSDS|DDDDS,6.25,0.0,False
2013105194,モーゼス,Northern Dancer,2,4x5,SDSS|DDSSS,9.375,0.390625,True
2013105915,リオンディーズ,Northern Dancer,3,4x5x5,SSDSS|SDSSS|DDSS,12.5,0.78125,True
2013105915,リオンディーズ,Special,2,5x5,SSDSD|DDSDD,6.25,0.1953125,True
2013105788,マカヒキ,Halo,3,3x4x5,SSS|DDDS|DDDSS,21.875,2.34375,True
2013105788,マカヒキ,Northern Dancer,2,5x5,SDSSS|DSSSS,6.25,0.1953125,True
2013100334,エディクト,Northern Dancer,3,5x5x5,SSDSS|SDSSS|DSDSS,9.375,0.390625,True
2012100627,アングライフェン,Northern Dancer,2,4x5,SDDSS|DSSS,9.375,0.390625,True
2012104708,ケツァルテナンゴ,Northern Dancer,3,4x5x5,SDSS|SDDSS|DDDSS,12.5,0.5859375,True
2011105687,ストロベリーキング,Hail to Reason,2,4x5,SSSS|DDSSS,9.375,0.390625,True
2011105687,ストロベリーキング,Northern Dancer,2,5x5,SDDSS|DDDSS,6.25,0.1953125,True
2008104087,マイネルラクリマ,Bold Ruler,2,4x5,SSDSS|SDSS,9.375,0.0,False
2008104087,マイネルラクリマ,Northern Dancer,2,4x5,SSSS|DDDSS,9.375,0.390625,True
2009101803,ニシノビークイック,Northern Dancer,3,4x5x5,SDSS|DSDSS|DDDSS,12.5,0.78125,True
2013109072,ミライヘノツバサ,Hail to Reason,2,5x5,SSSSS|DSSDS,6.25,0.1953125,True
2013109072,ミライヘノツバサ,Northern Dancer,2,4x5,SDDSS|DDSS,9.375,0.390625,True
2013109072,ミライヘノツバサ,Northern Taste,2,4x5,SSDDS|SDDS,9.375,0.0,False
2013106099,ミッキーロケット,Mr. Prospector,2,3x5,SSS|DDDSS,15.625,0.78125,True
2013106099,ミッキーロケット,Northern Dancer,4,5x5x5x5,SSDSS|SDSSS|DSSSS|DDSSS,12.5,0.78125,True
2013106099,ミッキーロケット,Nureyev,2,4x4,SSDS|DSSS,12.5,0.78125,True
2013106099,ミッキーロケット,Special,2,5x5,SSDSD|DSSSD,6.25,0.1953125,True
2013106101,サトノダイヤモンド,Cosmah,2,4x5,SSSD|DDSSD,9.375,0.390625,True
2013106101,サトノダイヤモンド,Hail to Reason,2,4x5,SSSS|DDSSS,9.375,0.390625,True
2013106101,サトノダイヤモンド,Halo,4,3x3x4x5,SSS|DSDSS|DDS|DDSS,34.375,5.46875,True
2013106101,サトノダイヤモンド,Northern Dancer,3,5x5x5,SDSSS|DSSSS|DDSDS,9.375,0.390625,True
2013102016,バレエダンサー,Halo,2,3x5,SSS|DDSDS,15.625,0.78125,True
2013102016,バレエダンサー,Northern Dancer,3,5x5x5,SDDSS|DSSSS|DDSSS,9.375,0.390625,True
2013102323,ゲッカコウ,Cosmah,2,5x5,SSSSD|DDSSD,6.25,0.1953125,True
2013102323,ゲッカコウ,Hail to Reason,3,5x5x5,SSSSS|DSSSS|DDSSS,9.375,0.390625,True
2013102323,ゲッカコウ,Halo,2,4x4,SSSS|DDSS,12.5,0.78125,True
2013102323,ゲッカコウ,Princequillo,2,5x5,SDSSS|DSSDS,6.25,0.1953125,True
2013102323,ゲッカコウ,Seattle Slew,2,5x5,DSDSS|DDDDS,6.25,0.0,False
2013106013,ビッシュ,Lyphard,2,4x5,SDSS|DDSDS,9.375,0.390625,True
2013100928,ショコラーチ,Hail to Reason,2,5x5,SSSSS|DSSSS,6.25,0.1953125,True
2013100928,ショコラーチ,His Majesty,2,4x5,SDSS|DSDDS,9.375,0.390625,True
2013100928,ショコラーチ,Northern Dancer,2,5x5,SDDSS|DSDSS,6.25,0.1953125,True
2013100928,ショコラーチ,Roberto,2,4x5,DSSS|DDDSS,9.375,0.0,False
2013105820,アウェイク,Hail to Reason,2,4x5,SSSS|DDSSS,9.375,0.390625,True
2013105820,アウェイク,Northern Dancer,2,5x5,SDSSS|DSDSS,6.25,0.1953125,True
2013105820,アウェイク,Turn-to,2,5x5,SSSSS|DDDSS,6.25,0.1953125,True
2013105699,ファイアクリスタル,Northern Dancer,2,5x5,DSSSS|DDDSS,6.25,0.0,False
2013105699,ファイアクリスタル,Rocchetta,2,5x5,SDSSD|DSDSD,6.25,0.1953125,True
2013105699,ファイアクリスタル,Sharpen Up,2,4x4,SDSS|DSDS,12.5,0.78125,True
2013105699,ファイアクリスタル,エタン,2,5x5,SDSSS|DSDSS,6.25,0.1953125,True
2013103682,フロンテアクイーン,Northern Dancer,2,4x5,SSSS|SDSSS,9.375,0.0,False
2013104596,ブルーオリエント,Key to the Mint,2,4x5,SDSS|DDDDS,9.375,0.390625,True
2013104596,ブルーオリエント,Nearctic,2,4x5,SSSS|DDSSS,9.375,0.390625,True
2013104596,ブルーオリエント,Northern Dancer,2,4x5,DDSS|DDDSS,9.375,0.0,False
2013105648,パールコード,Halo,2,4x5,SSSS|SDSDS,9.375,0.0,False
2013105648,パールコード,Nasrullah,2,5x5,DDSSS|DDDSS,6.25,0.0,False
2013101145,トウカイシェーン,Cosmah,2,4x5,SSSD|DDDDD,9.375,0.390625,True
2013101145,トウカイシェーン,Hail to Reason,2,4x5,SSSS|DDSSS,9.375,0.390625,True
2013101145,トウカイシェーン,Natalma,2,5x5,SDSSD|DSSSD,6.25,0.1953125,True
2013101145,トウカイシェーン,Nearctic,2,5x5,SDSSS|DSSSS,6.25,0.1953125,True
2013101145,トウカイシェーン,Northern Dancer,3,4x4x5,SDSS|DSSS|DDDSS,15.625,1.171875,True
2013106130,クィーンズベスト,Halo,2,4x5,DSSS|DDDDS,9.375,0.0,False
2013106130,クィーンズベスト,Natalma,2,5x5,SDSSD|DDSSD,6.25,0.1953125,True
2013106130,クィーンズベスト,Nearctic,2,5x5,SDSSS|DDSSS,6.25,0.1953125,True
2013106130,クィーンズベスト,Northern Dancer,2,4x4,SDSS|DDSS,12.5,0.78125,True
2013106130,クィーンズベスト,Nureyev,2,3x5,SSSDS|DDS,15.625,0.78125,True
2013106130,クィーンズベスト,Special,2,4x5,SDSDD|DDSD,9.375,0.390625,True
2013105243,シークザフューチャ,Danzig,3,3x4x5,DSD|DSDS|DDSSS,21.875,0.0,False
2013105243,シークザフューチャ,Gold Digger,2,5x5,SDSSD|DSSSD,6.25,0.1953125,True
2013105243,シークザフューチャ,Mr. Prospector,2,4x4,SDSS|DSSS,12.5,0.78125,True
2013105243,シークザフューチャ,Raise a Native,2,5x5,SDSSS|DSSSS,6.25,0.1953125,True
2013102955,クロコスミア,Northern Dancer,3,5x5x5,SDDSS|DSDSS|DDDSS,9.375,0.390625,True
2013105919,エルビッシュ,Northern Dancer,3,5x5x5,SSDSS|SDSSS|DSDSS,9.375,0.390625,True
2013106005,チェッキーノ,Northern Dancer,2,5x5,SSDSS|SDSSS,6.25,0.0,False
2013100637,ラヴアンドポップ,Dr. Fager,2,4x5,DSSDS|DSDS,9.375,0.0,False
2013100637,ラヴアンドポップ,Gold Digger,2,5x5,SSSSD|DSSSD,6.25,0.1953125,True
2013100637,ラヴアンドポップ,Mr. Prospector,2,4x4,SSSS|DSSS,12.5,0.78125,True
2013100637,ラヴアンドポップ,Nearctic,2,5x5,DSDDS|DDSSS,6.25,0.0,False
2013100637,ラヴアンドポップ,Northern Dancer,2,4x5,SSDSS|DDSS,9.375,0.390625,True
2013100637,ラヴアンドポップ,Raise a Native,2,5x5,SSSSS|DSSSS,6.25,0.1953125,True
2013102986,フレンドミラクル,Halo,2,4x5,SDDDS|DSSS,9.375,0.390625,True
2013102986,フレンドミラクル,Wild Risk,2,5x5,SSSDS|DSDSS,6.25,0.1953125,True
2013105662,ロスカボス,Northern Dancer,2,5x5,SSDSS|SDSSS,6.25,0.0,False
2013102194,ドンチャブ,Northern Dancer,3,5x5x5,SDDSS|DSDSS|DDDSS,9.375,0.390625,True
2013102194,ドンチャブ,Raise a Native,2,4x5,DSSSS|DDSS,9.375,0.0,False
2013105718,ヴァンキッシュラン,Northern Dancer,2,4x5,SDSSS|DSSS,9.375,0.390625,True
2013102938,マイネルハニー,Bold Ruler,2,5x5,SDSSS|DDSDS,6.25,0.1953125,True
2013102938,マイネルハニー,Graustark,2,5x5,SDSDS|DSSDS,6.25,0.1953125,True
2013102938,マイネルハニー,Hail to Reason,2,4x5,SSSS|DSSSS,9.375,0.390625,True
2013102938,マイネルハニー,Natalma,2,5x5,DSDSD|DDSSD,6.25,0.0,False
2013102938,マイネルハニー,Nearctic,2,5x5,DSDSS|DDSSS,6.25,0.0,False
2013102938,マイネルハニー,Northern Dancer,2,4x4,DSDS|DDSS,12.5,0.0,False
2013105676,タンサンドール,Cosmah,2,4x5,SSSD|DDDSD,9.375,0.390625,True
2013105676,タンサンドール,Hail to Reason,2,4x5,SSSS|DDDSS,9.375,0.390625,True
2013105676,タンサンドール,Halo,2,3x4,SSS|DDDS,18.75,1.5625,True
2013105676,タンサンドール,Northern Dancer,2,4x5,SDSS|DDSSS,9.375,0.390625,True
2013105771,アルカサル,Northern Dancer,3,5x5x5,SDDSS|DSSSS|DSDSS,9.375,0.390625,True
2013105771,アルカサル,Northern Taste,2,4x5,SSDDS|SDDS,9.375,0.0,False
2013106128,プロディガルサン,Northern Dancer,3,4x5x5,SDSSS|DSSS|DDDSS,12.5,0.5859375,True
2013106182,レーヴァテイン,Sir Gaylord,2,5x5,DSDDS|DDDDS,6.25,0.0,False
2013104468,ダンツエイコウ,Nureyev,2,3x5,SDS|DDSDS,15.625,0.78125,True
2013101522,スマートオーディン,Cosmah,2,5x5,SSSSD|SDDSD,6.25,0.0,False
2013101522,スマートオーディン,Hail to Reason,2,5x5,SSSSS|SDDSS,6.25,0.0,False
2013101522,スマートオーディン,Halo,2,4x4,SSSS|SDDS,12.5,0.0,False
2013105681,スワーヴアーサー,Hail to Reason,2,5x5,SSSSS|DSDSS,6.25,0.1953125,True
2013105681,スワーヴアーサー,Halo,2,4x5,SSSS|SDSDS,9.375,0.0,False
2013105681,スワーヴアーサー,Mr. Prospector,2,4x5,SDSS|DDDSS,9.375,0.390625,True
2013105681,スワーヴアーサー,Northern Dancer,2,3x5,DSS|DDDDS,15.625,0.0,False
2013101798,カルムパシオン,Hail to Reason,2,4x4,SSSS|DSSS,12.5,0.78125,True
2013101798,カルムパシオン,Nothirdchance,2,5x5,SSSSD|DSSSD,6.25,0.1953125,True
2013101798,カルムパシオン,Turn-to,2,5x5,SSSSS|DSSSS,6.25,0.1953125,True
2013106025,エルプシャフト,Hail to Reason,2,4x5,SSSS|DSDDS,9.375,0.390625,True
2013106025,エルプシャフト,Northern Dancer,2,4x5,SDSSS|DSSS,9.375,0.390625,True
2013106025,エルプシャフト,Turn-to,2,5x5,SSSSS|DDSSS,6.25,0.1953125,True
2013105760,ロイカバード,Lyphard,2,4x5,SDSS|DSDSS,9.375,0.390625,True
2013105760,ロイカバード,Northern Dancer,2,5x5,SDSSS|DDDSS,6.25,0.1953125,True
2013102042,ゼンノタヂカラオ,Native Dancer,2,5x5,SSSSS|DDSSS,6.25,0.1953125,True
2013102042,ゼンノタヂカラオ,Northern Dancer,2,5x5,SSDSS|SDSSS,6.25,0.0,False
2013102042,ゼンノタヂカラオ,Raise You,2,5x5,SSSSD|DDSSD,6.25,0.1953125,True
2013102042,ゼンノタヂカラオ,Raise a Native,2,4x4,SSSS|DDSS,12.5,0.78125,True
2013103604,アグネスフォルテ,Nijinsky,2,5x5,DDSDS|DDDSS,6.25,0.0,False
2013103604,アグネスフォルテ,Northern Dancer,3,5x5x5,SSSSS|SDDSS|DSSSS,9.375,0.390625,True
2013103604,アグネスフォルテ,イルドブルボン,2,4x5,SSDSS|DDDS,9.375,0.390625,True
2013104153,スズカバーディー,Fairy Bridge,2,4x5,SDSD|DDSSD,9.375,0.390625,True
2013104153,スズカバーディー,Northern Dancer,3,4x5x5,SDSS|SDDDS|DDSSS,12.5,0.5859375,True
2009105825,サトノギャラント,Hail to Reason,2,4x4,SSSS|DSSS,12.5,0.78125,True
2009105825,サトノギャラント,Nothirdchance,2,5x5,SSSSD|DSSSD,6.25,0.1953125,True
2009105825,サトノギャラント,Turn-to,2,5x5,SSSSS|DSSSS,6.25,0.1953125,True
2013101938,フロムマイハート,Northern Dancer,2,5x5,SDDSS|DDSSS,6.25,0.1953125,True
2013105906,シンハライト,Cosmah,2,4x5,SSSD|DSDSD,9.375,0.390625,True
2013105906,シンハライト,Hail to Reason,2,4x5,SSSS|DSDSS,9.375,0.390625,True
2013105906,シンハライト,Halo,2,3x4,SSS|DSDS,18.75,1.5625,True
2013105906,シンハライト,Northern Dancer,2,5x5,SDSSS|DSSSS,6.25,0.1953125,True
2013105721,アットザシーサイド,Native Dancer,2,5x5,SSSSS|DDSSS,6.25,0.1953125,True
2013105721,アットザシーサイド,Northern Dancer,2,5x5,SSDSS|SDSSS,6.25,0.0,False
2013105721,アットザシーサイド,Raise You,2,5x5,SSSSD|DDSSD,6.25,0.1953125,True
2013105721,アットザシーサイド,Raise a Native,2,4x4,SSSS|DDSS,12.5,0.78125,True
2013103390,ペプチドサプル,Hail to Reason,2,4x5,SSSS|DDDSS,9.375,0.390625,True
2013106072,アドマイヤリード,Northern Dancer,2,5x5,SDDSS|DSDSS,6.25,0.1953125,True
2013106329,デンコウアンジュ,Northern Dancer,3,4x5x5,SSSS|SDSSS|DSSSS,12.5,0.5859375,True
2013101453,ウインファビラス,Lady Victoria,2,5x5,SDDSD|DSDSD,6.25,0.1953125,True
2013101453,ウインファビラス,Nijinsky,2,5x5,DDSDS|DDDSS,6.25,0.0,False
2013101453,ウインファビラス,Northern Dancer,2,5x5,SDDSS|DSDSS,6.25,0.1953125,True
2013101453,ウインファビラス,Northern Taste,2,4x4,SDDS|DSDS,12.5,0.78125,True
2013103528,ダンツペンダント,Northern Dancer,2,4x5,SDDSS|DSSS,9.375,0.390625,True
2013102317,エンジェルフェイス,Green Dancer,2,5x5,SDDDS|DSDDS,6.25,0.1953125,True
2013102317,エンジェルフェイス,Khazaeen,2,5x5,SDDDD|DSDDD,6.25,0.1953125,True
2013102317,エンジェルフェイス,Northern Dancer,2,5x5,SSDSS|SDSSS,6.25,0.0,False
2013105811,レッドアヴァンセ,Goofed,2,4x5,SDSSD|DSSD,9.375,0.390625,True
2013105811,レッドアヴァンセ,Lyphard,2,3x4,SDSS|DSS,18.75,1.5625,True
2013105811,レッドアヴァンセ,Northern Dancer,2,4x5,SDSSS|DSSS,9.375,0.390625,True
2013105864,ジェラシー,Northern Dancer,3,5x5x5,SSSSS|SDDSS|DDDSS,9.375,0.390625,True
2013105783,ロッテンマイヤー,Nijinsky,2,4x5,DSDSD|DDSS,9.375,0.0,False
2013105783,ロッテンマイヤー,Northern Dancer,2,5x5,SSSSS|DDSSS,6.25,0.1953125,True
2013106183,レインボーライン,Northern Dancer,2,5x5,SDDSS|DSSSS,6.25,0.1953125,True
2013106183,レインボーライン,Northern Taste,2,4x5,SDDS|DDSSS,9.375,0.390625,True
2013105798,アジュールローズ,Halo,2,4x5,SSSS|SDSDS,9.375,0.0,False
2010104396,リヤンドファミユ,Lady Victoria,2,4x5,SDDSD|DDSD,9.375,0.390625,True
2010104396,リヤンドファミユ,Northern Dancer,2,4x5,SDDSS|DDSS,9.375,0.390625,True
2010104396,リヤンドファミユ,Northern Taste,2,3x4,SDDS|DDS,18.75,1.5625,True
2010104261,サムソンズプライド,Fairy Bridge,2,4x5,SSSD|DSDSD,9.375,0.390625,True
2010104261,サムソンズプライド,Northern Dancer,4,4x5x5x5,SSSS|SDSSS|DSDSS|DDDSS,15.625,1.171875,True
2010104261,サムソンズプライド,Sadler's Wells,2,3x4,SSS|DSDS,18.75,1.5625,True
2012104713,クリプトグラム,Northern Dancer,3,5x5x5,SSDSS|SDSSS|DDSSS,9.375,0.390625,True
2012104987,ナムラアン,In Reality,2,4x5,SSDDS|SDDS,9.375,0.0,False
2012104987,ナムラアン,Northern Dancer,2,4x5,SDSS|DDDSS,9.375,0.390625,True
2011104065,アカネイロ,Buckpasser,2,5x5,DDSDS|DDDDS,6.25,0.0,False
2011104065,アカネイロ,Northern Dancer,2,5x5,SSSSS|DDDSS,6.25,0.1953125,True
2011103758,レッドオリヴィア,Northern Dancer,2,4x5,SDSS|DDDSS,9.375,0.390625,True
2011105890,ヒルノマテーラ,Hoist the Flag,2,5x5,SDSSS|DSSDS,6.25,0.1953125,True
2010103921,ゴールドテーラー,Northern Dancer,2,4x5,SDDSS|DSSS,9.375,0.390625,True
2011101162,シャイニーガール,Northern Dancer,2,5x5,SDSSS|DDDSS,6.25,0.1953125,True
2009106265,マーティンボロ,Almahmoud,2,5x5,SSSDD|DSSDD,6.25,0.1953125,True
2009106265,マーティンボロ,Cosmah,2,4x5,SSSD|DDDSD,9.375,0.390625,True
2009106265,マーティンボロ,Hail to Reason,2,4x5,SSSS|DDDSS,9.375,0.390625,True
2009106265,マーティンボロ,Halo,2,3x4,SSS|DDDS,18.75,1.5625,True
2009106265,マーティンボロ,Northern Dancer,2,3x5,SDSSS|DSS,15.625,0.78125,True
2010103004,バーディーイーグル,Flower Bowl,2,4x5,SDSD|DDSSD,9.375,0.390625,True
2010103004,バーディーイーグル,Hasty Road,2,4x5,SDDS|DSDDS,9.375,0.390625,True
2010103004,バーディーイーグル,Mr. Prospector,2,3x5,DSS|DDDDS,15.625,0.0,False
2010103004,バーディーイーグル,Nashua,2,4x5,SSDS|DSSDS,9.375,0.390625,True
2010103004,バーディーイーグル,Ribot,2,4x5,SDSS|DDSSS,9.375,0.390625,True
2011104117,ルミナスウォリアー,Northern Dancer,3,4x5x5,SSSS|SDSSS|DDDDS,12.5,0.5859375,True
2010102881,オリオンザジャパン,Northern Dancer,2,5x5,SSSSS|DDDSS,6.25,0.1953125,True
2010104113,ケイティープライド,Northern Dancer,2,5x5,SDSSS|DSSSS,6.25,0.1953125,True
2011103985,ツクバアズマオー,Northern Dancer,2,5x5,SDDSS|DSSSS,6.25,0.1953125,True
2011104957,フェイマスエンド,Hail to Reason,2,5x5,SSSSS|SDDSS,6.25,0.0,False
2011104957,フェイマスエンド,Northern Dancer,4,5x5x5x5,SSDSS|SDSSS|DSDSS|DDSDS,12.5,0.78125,True
2010100356,テイエムイナズマ,Almahmoud,2,5x5,SSSDD|DSSDD,6.25,0.1953125,True
2010100356,テイエムイナズマ,Northern Dancer,2,3x5,SDSSS|DSS,15.625,0.78125,True
2012104808,ロジチャリス,Northern Dancer,3,4x5x5,SDSS|DSSSS|DSDSS,12.5,0.78125,True
2011102236,ダンツキャンサー,Northern Dancer,2,5x5,SDSSS|DSDSS,6.25,0.1953125,True
2011102236,ダンツキャンサー,Princely Gift,2,5x5,DSSSS|DDDSS,6.25,0.0,False
2011104324,レッドリヴェール,Almahmoud,2,5x5,SSSDD|DSSDD,6.25,0.1953125,True
2011104324,レッドリヴェール,Cosmah,2,4x5,SSSD|DDDDD,9.375,0.390625,True
2011104324,レッドリヴェール,Northern Dancer,3,3x5x5,SDDSS|DSS|DDDSS,18.75,0.9765625,True
2011104324,レッドリヴェール,Turn-to,2,5x5,SSSSS|DDSSS,6.25,0.1953125,True
2011100655,モーリス,Hail to Reason,2,5x5,SSSSS|SDSSS,6.25,0.0,False
2011100655,モーリス,Northern Dancer,4,4x5x5x5,SSDSS|SDDSS|DSSS|DDSSS,15.625,1.171875,True
2011103692,アデイインザライフ,Northern Dancer,3,5x5x5,SDSSS|DSDSS|DDSSS,9.375,0.390625,True
2013106018,ギモーヴ,Nijinsky,2,5x5,DSDSD|DDDSS,6.25,0.0,False
2013106018,ギモーヴ,Northern Dancer,2,5x5,SSSSS|SDDSS,6.25,0.0,False
2013101481,ファータグリーン,Graustark,2,4x5,SSDS|SDDDS,9.375,0.0,False
2013101481,ファータグリーン,Hail to Reason,2,4x5,SSSS|DSSSS,9.375,0.390625,True
2013109152,キリシマオジョウ,Northern Dancer,2,5x5,SSDSS|DDSSS,6.25,0.1953125,True
2013106007,ヴィブロス,Cosmah,2,4x5,SSSD|DSDSD,9.375,0.390625,True
2013106007,ヴィブロス,Hail to Reason,2,4x5,SSSS|DSDSS,9.375,0.390625,True
2013106007,ヴィブロス,Halo,3,3x4x5,SSS|DSDS|DDDDS,21.875,2.34375,True
2013106007,ヴィブロス,Natalma,2,5x5,DSDDD|DDSSD,6.25,0.0,False
2013106007,ヴィブロス,Northern Dancer,2,4x5,SDSSS|DDSS,9.375,0.390625,True
2013106015,パーシーズベスト,Mr. Prospector,2,4x5,DSSS|DDDSS,9.375,0.0,False
2013106015,パーシーズベスト,Northern Dancer,3,5x5x5,SDSSS|DSDSS|DDSSS,9.375,0.390625,True
2013103427,エミノマユアク,Cornish Prince,2,5x5,SDDDS|DDSDS,6.25,0.1953125,True
2013103427,エミノマユアク,In Reality,2,4x5,SSDDS|SDDS,9.375,0.0,False
2013105335,ルフォール,Northern Dancer,3,5x5x5,SSDSS|SDSSS|DDDSS,9.375,0.390625,True
2013100731,ピースマインド,Northern Dancer,2,5x5,SDSSS|DDDSS,6.25,0.1953125,True
2013101628,キークラッカー,Northern Dancer,2,4x5,SDSS|DDDSS,9.375,0.390625,True
2013104816,ネイチャーレット,Graustark,2,4x5,SSDS|SDDDS,9.375,0.0,False
2013104816,ネイチャーレット,Hail to Reason,2,4x5,SSSS|DSSSS,9.375,0.390625,True
2013104816,ネイチャーレット,Nijinsky,2,5x5,DSDSD|DDSDS,6.25,0.0,False
2013104816,ネイチャーレット,Roberto,2,3x5,SSS|DDDSS,15.625,0.78125,True
2013105904,ゼーヴィント,Hail to Reason,2,4x4,SSSS|DSSS,12.5,0.78125,True
2013105904,ゼーヴィント,Northern Dancer,2,5x5,SDSSS|DDSSS,6.25,0.1953125,True
2013105904,ゼーヴィント,Nothirdchance,2,5x5,SSSSD|DSSSD,6.25,0.1953125,True
2013105904,ゼーヴィント,Turn-to,2,5x5,SSSSS|DSSSS,6.25,0.1953125,True
2013102193,ヒルノマゼラン,Hail to Reason,2,4x4,SSSS|DSSS,12.5,0.78125,True
2013102193,ヒルノマゼラン,Nothirdchance,2,5x5,SSSSD|DSSSD,6.25,0.1953125,True
2013102193,ヒルノマゼラン,Turn-to,2,5x5,SSSSS|DSSSS,6.25,0.1953125,True
2013102305,ロードランウェイ,Northern Dancer,3,4x5x5,SDSS|DSSSS|DDSDS,12.5,0.78125,True
2013102301,ロードヴァンドール,Crimson Satan,2,4x5,SDDS|DSDDS,9.375,0.390625,True
2013102301,ロードヴァンドール,Natalma,2,5x5,SDSSD|DSSSD,6.25,0.1953125,True
2013102301,ロードヴァンドール,Nearctic,2,5x5,SDSSS|DSSSS,6.25,0.1953125,True
2013102301,ロードヴァンドール,Northern Dancer,2,4x4,SDSS|DSSS,12.5,0.78125,True
2013105844,カフジプリンス,Hail to Reason,2,4x5,SSSS|DSSSS,9.375,0.390625,True
2013102687,トゥルーハート,Northern Dancer,3,5x5x5,SDDSS|DSSSS|DSDSS,9.375,0.390625,True
2013103777,ワンスインアライフ,Cosmah,2,5x5,SSSSD|DSDSD,6.25,0.1953125,True
2013103777,ワンスインアライフ,Gold Digger,2,4x5,DSSD|DDSSD,9.375,0.0,False
2013103777,ワンスインアライフ,Hail to Reason,2,5x5,SSSSS|DSDSS,6.25,0.1953125,True
2013103777,ワンスインアライフ,Halo,2,4x4,SSSS|DSDS,12.5,0.78125,True
2013103777,ワンスインアライフ,Mr. Prospector,2,3x4,DSS|DDSS,18.75,0.0,False
2013103777,ワンスインアライフ,Northern Taste,2,4x5,SSDDS|SDDS,9.375,0.0,False
2013103777,ワンスインアライフ,Raise a Native,2,4x5,DSSS|DDSSS,9.375,0.0,False
2012103496,ヤマカツライデン,Hail to Reason,2,4x5,SSSS|DSSSS,9.375,0.390625,True
2012103496,ヤマカツライデン,Nijinsky,2,4x5,DSDS|DDSDS,9.375,0.0,False
2012103496,ヤマカツライデン,Northern Dancer,2,5x5,DSDSS|DDDSS,6.25,0.0,False
2013105582,ジュエラー,Halo,2,4x5,SSSS|SDSDS,9.375,0.0,False
2013106446,ワンダーピルエット,His Majesty,2,5x5,DSDDS|DDSSS,6.25,0.0,False
2013106446,ワンダーピルエット,In Reality,2,4x5,SSDDS|SDDS,9.375,0.0,False
2013106446,ワンダーピルエット,Northern Dancer,2,4x5,SDSS|DSDSS,9.375,0.390625,True
2013104496,ミエノサクシード,Northern Dancer,2,5x5,SDDSS|DDSSS,6.25,0.1953125,True
2013105537,カイザーバル,In Reality,2,4x5,SSDDS|SDDS,9.375,0.0,False
2013105537,カイザーバル,Natalma,2,5x5,SDSSD|DDSSD,6.25,0.1953125,True
2013105537,カイザーバル,Nearctic,2,5x5,SDSSS|DDSSS,6.25,0.1953125,True
2013105537,カイザーバル,Northern Dancer,2,4x4,SDSS|DDSS,12.5,0.78125,True
2013105537,カイザーバル,Raise a Native,2,5x5,SSSSS|DDDDS,6.25,0.1953125,True
2013110104,ネオヴェルザンディ,Hail to Reason,2,4x5,SSSS|DDDSS,9.375,0.390625,True
2013110104,ネオヴェルザンディ,Natalma,2,5x5,SDSSD|DDSSD,6.25,0.1953125,True
2013110104,ネオヴェルザンディ,Nearctic,2,5x5,SDSSS|DDSSS,6.25,0.1953125,True
2013110104,ネオヴェルザンディ,Northern Dancer,3,4x4x5,SDSS|DSSSS|DDSS,15.625,1.171875,True
2013105358,キンショーユキヒメ,Northern Dancer,2,4x5,SSSS|SDSSS,9.375,0.0,False
2013104215,コスモジャーベ,Gold Digger,2,5x5,SSSSD|DSDSD,6.25,0.1953125,True
2013104215,コスモジャーベ,Halo,2,4x5,SDSS|DDSSS,9.375,0.390625,True
2013104215,コスモジャーベ,Mr. Prospector,2,4x4,SSSS|DSDS,12.5,0.78125,True
2013104215,コスモジャーベ,Raise a Native,2,5x5,SSSSS|DSDSS,6.25,0.1953125,True
2013104215,コスモジャーベ,Sunday Silence,2,3x4,SDS|DDSS,18.75,1.5625,True
2013104215,コスモジャーベ,Wishing Well,2,4x5,SDSD|DDSSD,9.375,0.390625,True
2013105652,サトノエトワール,Northern Dancer,2,5x5,SSDSS|SDSSS,6.25,0.0,False
2013106033,ジュンヴァルカン,Northern Dancer,2,5x5,DSDSS|DDSSS,6.25,0.0,False
2011100651,トレジャーマップ,Northern Dancer,2,5x5,SDDSS|DDSSS,6.25,0.1953125,True
2011100651,トレジャーマップ,Princely Gift,2,5x5,SDDDS|DDDSS,6.25,0.1953125,True
2011104030,プレストウィック,Hail to Reason,2,4x4,SSSS|DDDS,12.5,0.78125,True
2011104030,プレストウィック,Nothirdchance,2,5x5,SSSSD|DDDSD,6.25,0.1953125,True
2011104030,プレストウィック,Turn-to,2,5x5,SSSSS|DDDSS,6.25,0.1953125,True
2011103789,ヴォルシェーブ,Northern Dancer,2,5x5,DSDSS|DDSSS,6.25,0.0,False
2011102736,フェスティヴイェル,Hail to Reason,2,4x5,SSSS|DSSSS,9.375,0.390625,True
2011101476,ウインインスパイア,Graustark,2,4x5,SSDS|SDDDS,9.375,0.0,False
2011101476,ウインインスパイア,Hail to Reason,2,4x4,SSSS|DSSS,12.5,0.78125,True
2011101476,ウインインスパイア,Nothirdchance,2,5x5,SSSSD|DSSSD,6.25,0.1953125,True
2011101476,ウインインスパイア,Ribot,2,5x5,SSDSS|DDSDS,6.25,0.1953125,True
2011101476,ウインインスパイア,Turn-to,2,5x5,SSSSS|DSSSS,6.25,0.1953125,True
2012100939,マルターズアポジー,Northern Dancer,2,4x5,SSSSS|DDDS,9.375,0.390625,True
2012100939,マルターズアポジー,Roberto,2,4x5,SDDSS|DDSS,9.375,0.390625,True
2012100939,マルターズアポジー,Secretariat,2,5x5,SSSDS|DSSDS,6.25,0.1953125,True
2011104205,ダイワリベラル,Hail to Reason,2,4x5,SSSS|DDSSS,9.375,0.390625,True
2011104205,ダイワリベラル,Lady Victoria,2,4x5,SDSD|DDDSD,9.375,0.390625,True
2011104205,ダイワリベラル,Northern Dancer,2,4x5,SDSS|DDDSS,9.375,0.390625,True
2011104205,ダイワリベラル,Northern Taste,2,3x4,SDS|DDDS,18.75,1.5625,True
2011105245,マイネグレヴィル,Hail to Reason,2,3x5,SSS|DSSSS,15.625,0.78125,True
2011105245,マイネグレヴィル,Nijinsky,2,4x5,DSDSS|DDSS,9.375,0.0,False
2011105245,マイネグレヴィル,シル,2,4x5,DSDSD|DDSD,9.375,0.0,False
2011105245,マイネグレヴィル,マルゼンスキー,2,3x4,DSDS|DDS,18.75,0.0,False
2012102682,プリメラアスール,Buckpasser,2,5x5,SDSDS|DDDDS,6.25,0.1953125,True
2012102682,プリメラアスール,Natalma,2,5x5,DSSSD|DDSSD,6.25,0.0,False
2012102682,プリメラアスール,Nearctic,2,5x5,DSSSS|DDSSS,6.25,0.0,False
2012102682,プリメラアスール,Northern Dancer,3,4x4x5,SDSSS|DSSS|DDSS,15.625,0.78125,True
2014105125,エーティーラッセン,Nijinsky,3,3x5x5,SDDDS|DSDSD|DDS,18.75,0.9765625,True
2014105125,エーティーラッセン,Northern Dancer,3,4x5x5,SSDSS|SDSSS|DDSS,12.5,0.78125,True
2014105125,エーティーラッセン,South Ocean,2,5x5,SSDSD|SDSSD,6.25,0.0,False
2014105125,エーティーラッセン,Storm Bird,2,4x4,SSDS|SDSS,12.5,0.0,False
2014105783,ダノンディスタンス,Northern Dancer,2,5x5,SDDSS|DDDSS,6.25,0.1953125,True
2014105783,ダノンディスタンス,Nureyev,2,4x5,SSSDS|DDDS,9.375,0.390625,True
2014104449,カデナ,Northern Dancer,2,5x5,SDSSS|DSSSS,6.25,0.1953125,True
2014105558,ソーグリッタリング,Hail to Reason,2,4x5,SSSS|DSSSS,9.375,0.390625,True
2014105558,ソーグリッタリング,Northern Dancer,2,4x5,SDDSS|DDSS,9.375,0.390625,True
2014103795,ワンダープチュック,Bold Ruler,2,5x5,DSDSS|DDDSS,6.25,0.0,False
2014103795,ワンダープチュック,Northern Dancer,2,4x5,SDDSS|DSSS,9.375,0.390625,True
2014104310,マイネルザウバア,Hail to Reason,2,5x5,SSSSS|SDSSS,6.25,0.0,False
2014104310,マイネルザウバア,Northern Dancer,2,5x5,SSDSS|SDDSS,6.25,0.0,False
2014105192,プラチナヴォイス,Buckpasser,2,5x5,SDSDS|DDSDS,6.25,0.1953125,True
2014105192,プラチナヴォイス,Gold Digger,2,5x5,SSSSD|DDSSD,6.25,0.1953125,True
2014105192,プラチナヴォイス,In Reality,2,4x5,SSDDS|SDDS,9.375,0.0,False
2014105192,プラチナヴォイス,Mr. Prospector,2,4x4,SSSS|DDSS,12.5,0.78125,True
2014105192,プラチナヴォイス,Raise a Native,2,5x5,SSSSS|DDSSS,6.25,0.1953125,True
2014105907,ヴァナヘイム,Northern Dancer,3,5x5x5,SSDSS|SDSSS|DDDSS,9.375,0.390625,True
2014110081,ベストアプローチ,Mr. Prospector,2,5x5,SSDSS|DDDSS,6.25,0.1953125,True
2014110081,ベストアプローチ,Northern Dancer,2,4x5,SSSS|DDDDS,9.375,0.390625,True
2012190001,イラプト,Northern Dancer,3,4x5x5,SSDSS|DSSS|DDDDS,12.5,0.5859375,True
2012190002,ナイトフラワー,Natalma,3,5x5x5,SSSSD|SSDDD|DSSSD,9.375,0.390625,True
2012190002,ナイトフラワー,Nearctic,2,5x5,SSSSS|DSSSS,6.25,0.1953125,True
2012190002,ナイトフラワー,Northern Dancer,2,4x4,SSSS|DSSS,12.5,0.78125,True
2014106201,レイデオロ,Gold Digger,2,4x5,SSSD|DDSSD,9.375,0.390625,True
2014106201,レイデオロ,Mr. Prospector,2,3x4,SSS|DDSS,18.75,1.5625,True
2014106201,レイデオロ,Northern Dancer,2,5x5,SSDSS|SDSSS,6.25,0.0,False
2014106201,レイデオロ,Raise a Native,2,4x5,SSSS|DDSSS,9.375,0.390625,True
2014104149,エンドゲーム,Mr. Prospector,2,3x5,SSS|DDDSS,15.625,0.78125,True
2014106005,アドマイヤウイナー,Natalma,2,5x5,SDSSD|DDSSD,6.25,0.1953125,True
2014106005,アドマイヤウイナー,Nearctic,2,5x5,SDSSS|DDSSS,6.25,0.1953125,True
2014106005,アドマイヤウイナー,Northern Dancer,3,4x4x5,SDSS|DSDSS|DDSS,15.625,1.171875,True
2014105304,サングレーザー,Northern Dancer,2,4x5,SDSSS|DSSS,9.375,0.390625,True
2014105957,グローブシアター,Northern Dancer,3,4x5x5,SSDSS|SDSSS|DDSS,12.5,0.78125,True
2014105957,グローブシアター,Special,2,5x5,SSDSD|DDSDD,6.25,0.1953125,True
2014102900,ビルズトレジャー,Cosmah,2,5x5,SSSSD|SDDSD,6.25,0.0,False
2014102900,ビルズトレジャー,Hail to Reason,2,5x5,SSSSS|SDDSS,6.25,0.0,False
2014102900,ビルズトレジャー,Halo,2,4x4,SSSS|SDDS,12.5,0.0,False
2014100733,マイネルスフェーン,Northern Dancer,3,4x5x5,SDDSS|DSDSS|DDSS,12.5,0.5859375,True
2014110056,メリオラ,Bold Ruler,2,5x5,SSDSS|DSDDS,6.25,0.1953125,True
2014110056,メリオラ,Hail to Reason,2,4x5,SDDSS|DSSS,9.375,0.390625,True
2014105879,ベストリゾート,Arctic Tern,2,4x4,SDSS|DDSS,12.5,0.78125,True
2014105879,ベストリゾート,Barbra,2,5x5,SDSDD|DDSDD,6.25,0.1953125,True
2014105879,ベストリゾート,Beaune,2,4x4,SDSD|DDSD,12.5,0.78125,True
2014105879,ベストリゾート,Bering,2,3x3,SDS|DDS,25.0,3.125,True
2014105879,ベストリゾート,Bubbling Beauty,2,5x5,SDSSD|DDSSD,6.25,0.1953125,True
2014105879,ベストリゾート,Lyphard,3,5x5x5,SDSDS|DDSDS|DDDSS,9.375,0.390625,True
2014105879,ベストリゾート,Northern Dancer,2,5x5,SSSSS|SDDSS,6.25,0.0,False
2014105879,ベストリゾート,Sea-Bird,2,5x5,SDSSS|DDSSS,6.25,0.1953125,True
2014103934,コスモス,Graustark,2,4x5,SSDS|DDSDS,9.375,0.390625,True
2014103934,コスモス,Hail to Reason,2,4x5,SSSS|DSSSS,9.375,0.390625,True
2014103934,コスモス,Nashua,2,5x5,SSSDS|SDSDS,6.25,0.0,False
2014103934,コスモス,Northern Dancer,2,5x5,SDDSS|DSDSS,6.25,0.1953125,True
2014103934,コスモス,Nureyev,2,4x4,SDDS|DSDS,12.5,0.78125,True
2014103934,コスモス,Special,2,5x5,SDDSD|DSDSD,6.25,0.1953125,True
2013110001,ストロングタイタン,Buckpasser,2,5x5,DDSDS|DDDDS,6.25,0.0,False
2013110001,ストロングタイタン,Danzig,3,3x4x4,SSD|SSDS|DDDS,25.0,2.34375,True
2013110001,ストロングタイタン,Gold Digger,2,5x5,SSSSD|DDSSD,6.25,0.1953125,True
2013110001,ストロングタイタン,Mr. Prospector,3,4x4x5,SSSS|SDDDS|DDSS,15.625,1.171875,True
2013110001,ストロングタイタン,Northern Dancer,2,5x5,SSDSS|DDDSS,6.25,0.1953125,True
2013110001,ストロングタイタン,Pas de Nom,2,5x5,SSDSD|DDDSD,6.25,0.1953125,True
2013110001,ストロングタイタン,Raise a Native,2,5x5,SSSSS|DDSSS,6.25,0.1953125,True
2010106229,トミケンスラーヴァ,Forli,2,5x5,SDDSS|DDDSS,6.25,0.1953125,True
2010106229,トミケンスラーヴァ,Northern Dancer,2,5x5,SDSSS|DSSSS,6.25,0.1953125,True
2009110017,シャドウパーティー,Northern Dancer,2,5x5,SSDSS|DSSSS,6.25,0.1953125,True
2011104022,マラムデール,Raise a Native,2,4x5,DDSS|DDDDS,9.375,0.0,False
2012104563,カゼルタ,Northern Dancer,2,5x5,SSSSS|SDDSS,6.25,0.0,False
2011103869,サンソヴール,Northern Dancer,2,5x5,SSDSS|SDSSS,6.25,0.0,False
2011105685,アンジェリック,Hyperion,2,5x5,DSDSS|DDDSS,6.25,0.0,False
2011104124,レーヴデトワール,Sir Gaylord,2,5x5,DSDDS|DDDDS,6.25,0.0,False
2014105246,サーベラージュ,Gold Digger,2,5x5,SDSSD|DSSSD,6.25,0.1953125,True
2014105246,サーベラージュ,Halo,2,4x5,SSSS|SDSDS,9.375,0.0,False
2014105246,サーベラージュ,Mr. Prospector,2,4x4,SDSS|DSSS,12.5,0.78125,True
2014105246,サーベラージュ,Raise a Native,2,5x5,SDSSS|DSSSS,6.25,0.1953125,True
2014103124,ジュニエーブル,Fairy Bridge,2,4x5,SDSD|DDSSD,9.375,0.390625,True
2014103124,ジュニエーブル,Fairy King,2,3x4,SDS|DDSS,18.75,1.5625,True
2014103124,ジュニエーブル,Northern Dancer,3,4x5x5,SDSS|SDDDS|DDSSS,12.5,0.5859375,True
2014102696,ニシノアモーレ,Northern Dancer,2,4x5,SDSS|DDDSS,9.375,0.390625,True
2014105929,サンティール,Northern Dancer,2,5x5,SSSSS|SDDSS,6.25,0.0,False
2014102716,コマノインパルス,Hail to Reason,2,5x5,DSSSS|DDSSS,6.25,0.0,False
2014102716,コマノインパルス,Halo,2,4x5,SDDDS|DSSS,9.375,0.390625,True
2014102716,コマノインパルス,In Reality,2,5x5,DSDDS|DDSDS,6.25,0.0,False
2014102716,コマノインパルス,Wild Risk,2,5x5,SSSDS|DSDSS,6.25,0.1953125,True
2014105466,アダマンティン,Northern Dancer,3,4x5x5,SSSSS|SDDSS|DDSS,12.5,0.78125,True
2014104389,ガンサリュート,Cosmah,2,5x5,SSSSD|SDDSD,6.25,0.0,False
2014104389,ガンサリュート,Hail to Reason,3,5x5x5,SSSSS|SDDSS|DDDSS,9.375,0.390625,True
2014104389,ガンサリュート,Halo,2,4x4,SSSS|SDDS,12.5,0.0,False
2014104389,ガンサリュート,Northern Dancer,2,5x5,DDSSS|DDDDS,6.25,0.0,False
2014110001,バリングラ,Natalma,3,5x5x5,SSSSD|SSDDD|DSSSD,9.375,0.390625,True
2014110001,バリングラ,Nearctic,2,5x5,SSSSS|DSSSS,6.25,0.1953125,True
2014110001,バリングラ,Northern Dancer,4,4x4x5x5,SSSS|SDSSS|DSSS|DDSSS,18.75,1.7578125,True
2013105880,シャケトラ,Cosmah,2,4x5,SSSD|DSDSD,9.375,0.390625,True
2013105880,シャケトラ,Hail to Reason,2,4x5,SSSS|DSDSS,9.375,0.390625,True
2013105880,シャケトラ,Halo,2,3x4,SSS|DSDS,18.75,1.5625,True
2013105880,シャケトラ,Northern Dancer,2,5x5,DSSSS|DDDSS,6.25,0.0,False
2013104845,テイエムナナヒカリ,Nearctic,2,5x5,SDSSS|DSSSS,6.25,0.1953125,True
2013104845,テイエムナナヒカリ,Northern Dancer,2,4x5,SDSS|DDDSS,9.375,0.390625,True
2009101016,シルクドリーマー,Graustark,2,4x5,SSDS|SDDDS,9.375,0.0,False
2009101016,シルクドリーマー,Hail to Reason,2,4x5,SSSS|DSSSS,9.375,0.390625,True
2011104243,ガリバルディ,Northern Dancer,2,5x5,SDSSS|DSDSS,6.25,0.1953125,True
2009106222,ラブラドライト,Northern Dancer,2,5x5,SSDSS|SDSSS,6.25,0.0,False
2012104044,キングルアウ,Gold Digger,2,4x5,SSSD|DSSSD,9.375,0.390625,True
2012104044,キングルアウ,Mr. Prospector,2,3x4,SSS|DSSS,18.75,1.5625,True
2012104044,キングルアウ,Northern Dancer,3,5x5x5,SSDSS|SDSSS|DDDDS,9.375,0.390625,True
2012104044,キングルアウ,Raise a Native,2,4x5,SSSS|DSSSS,9.375,0.390625,True
2014106464,テーオーフォルテ,Northern Dancer,2,5x5,SSSSS|SDDSS,6.25,0.0,False
2014106196,サトノマックス,Northern Dancer,2,5x5,SDSSS|DSDSS,6.25,0.1953125,True
2014104102,スマートエレメンツ,Hail to Reason,2,4x5,SSSS|DSSSS,9.375,0.390625,True
2014104102,スマートエレメンツ,Nijinsky,2,5x5,DSDSD|DDSDS,6.25,0.0,False
2014105589,ダイワキャグニー,Northern Dancer,2,5x5,SSDSS|SDSSS,6.25,0.0,False
2014105589,ダイワキャグニー,Raise a Native,2,4x5,SSSS|DDSSS,9.375,0.390625,True
2014100971,マイスタイル,Danzig,2,2x3,DD|DDS,37.5,0.0,False
2014100971,マイスタイル,Northern Dancer,2,4x5,SDDSS|DDSS,9.375,0.390625,True
2012101173,ウインスペクトル,Bold Ruler,3,4x5x5,SSDSS|SDSS|DDDSS,12.5,0.5859375,True
2012101173,ウインスペクトル,Gold Digger,2,4x5,SDDD|DDSSD,9.375,0.390625,True
2011103613,フェルメッツァ,Northern Dancer,2,4x5,SDSSS|DDSS,9.375,0.390625,True
2012103930,マイネルサージュ,Northern Dancer,2,5x5,SSSSS|SDDSS,6.25,0.0,False
2012103930,マイネルサージュ,Sea-Bird,2,5x5,SDSSS|DDDDS,6.25,0.1953125,True
2011102151,サクラアンプルール,Northern Dancer,3,4x5x5,SSDSS|SDSSS|DDSS,12.5,0.78125,True
2014105825,アウトライアーズ,Hail to Reason,2,5x5,SSSSS|DDDSS,6.25,0.1953125,True
2014105825,アウトライアーズ,Halo,2,4x5,SSSS|SDSDS,9.375,0.0,False
2014105258,ペルシアンナイト,Northern Dancer,3,4x5x5,SSSSS|SDDSS|DDSS,12.5,0.78125,True
2014103309,ファンディーナ,Halo,2,3x5,SSS|DDDDS,15.625,0.78125,True
2014103309,ファンディーナ,Northern Dancer,2,5x5,SDSSS|DSSSS,6.25,0.1953125,True
2014105493,サトノアレス,Natalma,2,5x5,DSSSD|DSDDD,6.25,0.0,False
2014105493,サトノアレス,Northern Dancer,2,4x5,SDSSS|DSSS,9.375,0.390625,True
2014106211,キングズラッシュ,Hail to Reason,2,5x5,DSSSS|DDSSS,6.25,0.0,False
2014100656,クリンチャー,Danzig,2,3x4,SDSS|DDS,18.75,1.5625,True
2014100656,クリンチャー,Graustark,2,4x5,SDDSS|DSDS,9.375,0.390625,True
2014100656,クリンチャー,Hail to Reason,2,4x5,SSSSS|DSSS,9.375,0.390625,True
2014100656,クリンチャー,Northern Dancer,2,4x5,SDSSS|DDSS,9.375,0.390625,True
2014100656,クリンチャー,Pas de Nom,2,4x5,SDSSD|DDSD,9.375,0.390625,True
2014100222,ウインブライト,Lady Victoria,2,5x5,SDDSD|DSDSD,6.25,0.1953125,True
2014100222,ウインブライト,Nijinsky,2,5x5,DDSDS|DDDSS,6.25,0.0,False
2014100222,ウインブライト,Northern Dancer,2,5x5,SDDSS|DSDSS,6.25,0.1953125,True
2014100222,ウインブライト,Northern Taste,2,4x4,SDDS|DSDS,12.5,0.78125,True
2014100465,トラスト,Cosmah,2,5x5,SDSSD|DSSSD,6.25,0.1953125,True
2014100465,トラスト,Hail to Reason,3,5x5x5,SSSSS|SDSSS|DSSSS,9.375,0.390625,True
2014100465,トラスト,Halo,2,4x4,SDSS|DSSS,12.5,0.78125,True
2014100465,トラスト,Mountain Flower,2,5x5,SDSDD|DSSDD,6.25,0.1953125,True
2014100465,トラスト,Northern Dancer,3,5x5x5,SSDSS|SDDSS|DSDSS,9.375,0.390625,True
2014100465,トラスト,Sunday Silence,2,3x3,SDS|DSS,25.0,3.125,True
2014100465,トラスト,Understanding,2,5x5,SDSDS|DSSDS,6.25,0.1953125,True
2014100465,トラスト,Wishing Well,2,4x4,SDSD|DSSD,12.5,0.78125,True
2014102565,モズカッチャン,Danzig,2,4x5,SSSS|DDDSS,9.375,0.390625,True
2014102565,モズカッチャン,Mr. Prospector,2,4x5,DSSS|DDSDS,9.375,0.0,False
2014102565,モズカッチャン,Northern Dancer,2,5x5,SSSSS|SDDSS,6.25,0.0,False
2014105925,ザクイーン,Cosmah,2,5x5,SSSSD|DSDSD,6.25,0.1953125,True
2014105925,ザクイーン,Gold Digger,2,5x5,SDSSD|DDSSD,6.25,0.1953125,True
2014105925,ザクイーン,Hail to Reason,2,5x5,SSSSS|DSDSS,6.25,0.1953125,True
2014105925,ザクイーン,Halo,3,4x4x5,SSSS|SDSDS|DSDS,15.625,1.171875,True
2014105925,ザクイーン,Mr. Prospector,2,4x4,SDSS|DDSS,12.5,0.78125,True
2014105925,ザクイーン,Northern Dancer,2,5x5,DSSSS|DDDSS,6.25,0.0,False
2014105925,ザクイーン,Raise a Native,2,5x5,SDSSS|DDSSS,6.25,0.1953125,True
2014101974,キャナルストリート,Grey Sovereign,2,5x5,DSSSS|DDDDS,6.25,0.0,False
2014105575,レッドミラベル,Northern Dancer,2,5x5,SDDSS|DDSSS,6.25,0.1953125,True
2014106155,ホウオウパフューム,Nashua,2,5x5,DSSDS|DDDDS,6.25,0.0,False
2014106155,ホウオウパフューム,Northern Dancer,3,5x5x5,SDDSS|DSDSS|DDSSS,9.375,0.390625,True
2014104351,ヤマカツグレース,Danzig,2,4x4,SSSS|DSDS,12.5,0.78125,True
2014104351,ヤマカツグレース,His Majesty,2,5x5,SSSDS|DSDDS,6.25,0.1953125,True
2014104351,ヤマカツグレース,Northern Dancer,3,5x5x5,SSSSS|SDDSS|DSDSS,9.375,0.390625,True
2014104351,ヤマカツグレース,Pas de Nom,2,5x5,SSSSD|DSDSD,6.25,0.1953125,True
2014103913,ドリームマジック,Nijinsky,2,4x5,DSDSS|DDSS,9.375,0.0,False
2014103913,ドリームマジック,Northern Dancer,2,5x5,SDDSS|DDSSS,6.25,0.1953125,True
2014105794,アドマイヤローザ,Northern Dancer,2,5x5,SSSSS|SDDSS,6.25,0.0,False
2014103584,メイショウササユリ,Northern Dancer,3,5x5x5,SDDSS|DSSSS|DDDSS,9.375,0.390625,True
2014106144,ディーパワンサ,Ballade,2,4x5,DSDD|DDSDD,9.375,0.0,False
2014106144,ディーパワンサ,Cosmah,2,5x5,SSSSD|DSDSD,6.25,0.1953125,True
2014106144,ディーパワンサ,Glorious Song,2,3x4,DSD|DDSD,18.75,0.0,False
2014106144,ディーパワンサ,Hail to Reason,2,5x5,SSSSS|DSDSS,6.25,0.1953125,True
2014106144,ディーパワンサ,Halo,3,4x4x5,SSSS|DSDS|DDSDS,15.625,1.171875,True
2014101289,アロンザモナ,Halo,2,3x5,SSSDS|DSD,15.625,0.78125,True
2014101289,アロンザモナ,Natalma,2,5x5,SDSSD|DDSSD,6.25,0.1953125,True
2014101289,アロンザモナ,Nearctic,2,5x5,SDSSS|DDSSS,6.25,0.1953125,True
2014101289,アロンザモナ,Northern Dancer,2,4x4,SDSS|DDSS,12.5,0.78125,True
2014106151,フローレスマジック,Northern Dancer,3,4x5x5,SDSSS|DSSS|DDDSS,12.5,0.5859375,True
2014103392,レッドコルディス,Hail to Reason,2,4x5,SSSS|DDDSS,9.375,0.390625,True
2014103392,レッドコルディス,Northern Dancer,2,4x5,SDDSS|DDSS,9.375,0.390625,True
2014103392,レッドコルディス,Raise a Native,2,4x5,DSSS|DDDDS,9.375,0.0,False
2014103294,ラユロット,Buckpasser,2,5x5,SDSDS|DSSDS,6.25,0.1953125,True
2014103294,ラユロット,Gold Digger,2,5x5,SSSSD|DSSSD,6.25,0.1953125,True
2014103294,ラユロット,In Reality,2,4x5,SSDDS|SDDS,9.375,0.0,False
2014103294,ラユロット,Mr. Prospector,2,4x4,SSSS|DSSS,12.5,0.78125,True
2014103294,ラユロット,Raise a Native,2,5x5,SSSSS|DSSSS,6.25,0.1953125,True
2014106047,ピスカデーラ,Northern Dancer,3,4x5x5,SDSSS|DSDSS|DDSS,12.5,0.5859375,True
2014103361,スズカロング,Alleged,2,4x5,SDDS|DDDDS,9.375,0.390625,True
2014103361,スズカロング,Fairy Bridge,2,4x5,SDSD|DDDSD,9.375,0.390625,True
2014103361,スズカロング,Northern Dancer,2,4x5,SDSS|DDDSS,9.375,0.390625,True
2014101769,サーレンブラント,Dr. Fager,2,4x5,DSSDS|DSDS,9.375,0.0,False
2014101769,サーレンブラント,Northern Dancer,2,5x5,SDSSS|DDSSS,6.25,0.1953125,True
2014105382,アグネスウイン,Northern Dancer,2,4x5,SSSS|DSDSS,9.375,0.390625,True
2014105836,ダノンキングダム,Northern Dancer,2,4x5,SDDSS|DSSS,9.375,0.390625,True
2014100522,タガノアシュラ,Northern Dancer,2,5x5,DSDSS|DDDSS,6.25,0.0,False
2014105979,アドミラブル,Hail to Reason,2,4x5,SSSS|DSSSS,9.375,0.390625,True
2014105979,アドミラブル,Northern Dancer,2,5x5,SDSSS|DDDSS,6.25,0.1953125,True
2014106132,トリコロールブルー,Northern Dancer,3,5x5x5,SDDSS|DSSSS|DDDSS,9.375,0.390625,True
2014106038,サトノクロニクル,Hail to Reason,2,4x5,SSSS|DSSSS,9.375,0.390625,True
2014106038,サトノクロニクル,Northern Dancer,2,5x5,SDDSS|DDSSS,6.25,0.1953125,True
2014106197,インヴィクタ,Halo,2,4x5,DSSS|DDDDS,9.375,0.0,False
2014106197,インヴィクタ,Northern Dancer,3,4x5x5,SSSSS|SDDSS|DDSS,12.5,0.78125,True
2014105923,サトノリュウガ,Lyphard,2,5x5,SDSDS|DSDSS,6.25,0.1953125,True
2014105923,サトノリュウガ,Northern Dancer,2,5x5,SSSSS|SDDSS,6.25,0.0,False
2014110099,ゴールドハット,Cosmah,2,4x5,SSSD|DSDSD,9.375,0.390625,True
2014110099,ゴールドハット,Hail to Reason,2,4x5,SSSS|DSDSS,9.375,0.390625,True
2014110099,ゴールドハット,Halo,2,3x4,SSS|DSDS,18.75,1.5625,True
2014104032,ハギノアレス,Halo,2,3x5,SSS|DSDSS,15.625,0.78125,True
2014104032,ハギノアレス,Mr. Prospector,2,5x5,DSSSS|DDSSS,6.25,0.0,False
2014104032,ハギノアレス,Sunday Silence,2,2x4,SS|DSDS,31.25,3.125,True
2014104032,ハギノアレス,Wishing Well,2,3x5,SSD|DSDSD,15.625,0.78125,True
2014106160,ミッキースワロー,Lyphard,2,3x5,SSDSS|DDS,15.625,0.78125,True
2014106160,ミッキースワロー,Natalma,2,5x5,SDSSD|DDSSD,6.25,0.1953125,True
2014106160,ミッキースワロー,Nearctic,2,5x5,SDSSS|DDSSS,6.25,0.1953125,True
2014106160,ミッキースワロー,Northern Dancer,3,4x4x5,SDSS|DSDSS|DDSS,15.625,1.171875,True
2014103833,メルヴィンカズマ,Gold Digger,2,5x5,SDSSD|DDSSD,6.25,0.1953125,True
2014103833,メルヴィンカズマ,Halo,2,4x5,SSSS|SDSDS,9.375,0.0,False
2014103833,メルヴィンカズマ,Mr. Prospector,2,4x4,SDSS|DDSS,12.5,0.78125,True
2014103833,メルヴィンカズマ,Raise a Native,2,5x5,SDSSS|DDSSS,6.25,0.1953125,True
2014100671,ユキノタイガ,Northern Dancer,2,5x5,SDDDS|DSSSS,6.25,0.1953125,True
2014100671,ユキノタイガ,Secretariat,2,4x5,DSSDS|DDDS,9.375,0.0,False
2014104273,プラチナムバレット,Lyphard,2,4x5,DSSS|DDSDS,9.375,0.0,False
2014101649,ウインベラシアス,Bold Ruler,2,5x5,DSSSS|DDDSS,6.25,0.0,False
2014101649,ウインベラシアス,Hail to Reason,2,5x5,SSSSS|SDSSS,6.25,0.0,False
2014101649,ウインベラシアス,Northern Dancer,3,5x5x5,SSDSS|SDDSS|DDSSS,9.375,0.390625,True
2012104659,サンデーウィザード,Hail to Reason,2,4x5,SSSS|DSDSS,9.375,0.390625,True
2012101974,モズライジン,Hail to Reason,2,5x5,DSDSS|DDSSS,6.25,0.0,False
2012101974,モズライジン,Northern Dancer,2,5x5,SSSSS|DDDSS,6.25,0.1953125,True
2012101974,モズライジン,Roberto,2,4x5,SDDDS|DSDS,9.375,0.390625,True
2010104875,シャドウウィザード,Princequillo,2,5x5,DSDSS|DDSDS,6.25,0.0,False
2014105535,ソウルスターリング,Northern Dancer,3,4x5x5,SSSS|SDSSS|DDDSS,12.5,0.5859375,True
2014101898,ミスパンテール,Hail to Reason,2,4x5,SSSS|DSSSS,9.375,0.390625,True
2014101898,ミスパンテール,Northern Dancer,2,4x5,SDSS|DDSSS,9.375,0.390625,True
2014106185,モーヴサファイア,Danzig,2,4x5,SSSS|DSDSS,9.375,0.390625,True
2014106185,モーヴサファイア,Northern Dancer,2,5x5,SSSSS|SDDSS,6.25,0.0,False
2014104031,ハローユニコーン,Northern Dancer,2,4x5,SDDSS|DSSS,9.375,0.390625,True
2014106191,ディアドラ,Halo,2,4x5,DSSS|DDSDS,9.375,0.0,False
2014106191,ディアドラ,Northern Dancer,3,5x5x5,SSSSS|SDDSS|DDDSS,9.375,0.390625,True
2014105627,ブラックスビーチ,Mr. Prospector,2,3x5,DSS|DDSDS,15.625,0.0,False
2014105627,ブラックスビーチ,Northern Dancer,2,5x5,SDSSS|DSDSS,6.25,0.1953125,True
2014102424,ブラックオニキス,Northern Dancer,3,5x5x5,SDSSS|DSSSS|DDSSS,9.375,0.390625,True
2014105043,レーヌミノル,Cosmah,2,4x5,SSSD|DSSSD,9.375,0.390625,True
2014105043,レーヌミノル,Hail to Reason,2,4x5,SSSS|DSSSS,9.375,0.390625,True
2014105043,レーヌミノル,Halo,2,3x4,SSS|DSSS,18.75,1.5625,True
2014105043,レーヌミノル,Nijinsky,2,4x5,DSDSS|DDSD,9.375,0.0,False
2014106220,リスグラシュー,Goofed,2,5x5,SDDSD|DDDSD,6.25,0.1953125,True
2014106220,リスグラシュー,Lyphard,3,4x4x5,SDDS|DSSDS|DDDS,15.625,1.171875,True
2014106220,リスグラシュー,Northern Dancer,3,5x5x5,SDDSS|DSDSS|DDDSS,9.375,0.390625,True
2014106242,アドマイヤミヤビ,Lyphard,2,4x5,SDDS|DDDSS,9.375,0.390625,True
2014106242,アドマイヤミヤビ,Northern Dancer,2,5x5,SDDSS|DDSSS,6.25,0.1953125,True
2014102161,カリビアンゴールド,Northern Dancer,2,5x5,SDDSS|DSSSS,6.25,0.1953125,True
2014100591,マナローラ,Gold Digger,2,4x5,DSSD|DDDSD,9.375,0.0,False
2014100591,マナローラ,Mr. Prospector,2,3x4,DSS|DDDS,18.75,0.0,False
2014100591,マナローラ,Northern Dancer,3,5x5x5,SDDSS|DSDSS|DDSSS,9.375,0.390625,True
2014100591,マナローラ,Raise a Native,2,4x5,DSSS|DDDSS,9.375,0.0,False
2014105887,サトノアーサー,Lyphard,2,4x5,SDSS|DDDSS,9.375,0.390625,True
2014105887,サトノアーサー,Northern Dancer,3,4x5x5,SDSSS|DSSSS|DDSS,12.5,0.5859375,True
2014105887,サトノアーサー,Nureyev,2,2x3,DD|DDS,37.5,0.0,False
2014101417,ジョーストリクトリ,Cosmah,2,5x5,SSSSD|DSDSD,6.25,0.1953125,True
2014101417,ジョーストリクトリ,Hail to Reason,2,5x5,SSSSS|DSDSS,6.25,0.1953125,True
2014101417,ジョーストリクトリ,Halo,4,2x3x4x4,SSSS|DS|DSD|DSDS,50.0,5.46875,True
2014101417,ジョーストリクトリ,Northern Dancer,2,4x5,DSSSS|DDSS,9.375,0.0,False
2014102698,キョウヘイ,Cosmah,2,5x5,SSSSD|DSSSD,6.25,0.1953125,True
2014102698,キョウヘイ,Hail to Reason,3,5x5x5,SSSSS|DSSSS|DDSSS,9.375,0.390625,True
2014102698,キョウヘイ,Halo,2,4x4,SSSS|DSSS,12.5,0.78125,True
2014102698,キョウヘイ,Mountain Flower,2,5x5,SSSDD|DSSDD,6.25,0.1953125,True
2014102698,キョウヘイ,Nijinsky,2,4x5,SSDSS|DSDS,9.375,0.390625,True
2014102698,キョウヘイ,Sunday Silence,2,3x3,SSS|DSS,25.0,3.125,True
2014102698,キョウヘイ,Understanding,2,5x5,SSSDS|DSSDS,6.25,0.1953125,True
2014102698,キョウヘイ,Wishing Well,2,4x4,SSSD|DSSD,12.5,0.78125,True
2012104936,アルター,Northern Dancer,2,4x5,DSSSS|DDSS,9.375,0.0,False
2013110045,ラニ,Mr. Prospector,2,4x5,SSDS|SDSSS,9.375,0.0,False
2013110045,ラニ,Northern Dancer,2,4x5,SDDSS|DDSS,9.375,0.390625,True
2010104022,ハッピーモーメント,Northern Dancer,2,5x5,SDSSS|DDDSS,6.25,0.1953125,True
2011103872,ステイインシアトル,Hail to Reason,2,4x5,SSSS|DSDDS,9.375,0.390625,True
2011103872,ステイインシアトル,Northern Dancer,2,4x5,SDDSS|DSSS,9.375,0.390625,True
2013106189,ローズウィスパー,Northern Dancer,2,4x5,SDSS|DDDSS,9.375,0.390625,True
2011104643,ハツガツオ,Almahmoud,2,5x5,DSSDD|DDSDD,6.25,0.0,False
2011104643,ハツガツオ,Hail to Reason,2,4x5,SDDDS|DDSS,9.375,0.390625,True
2011104643,ハツガツオ,Natalma,2,4x5,SDSSD|DSSD,9.375,0.390625,True
2011104643,ハツガツオ,Nearctic,2,4x5,SDSSS|DSSS,9.375,0.390625,True
2011104643,ハツガツオ,Northern Dancer,2,3x4,SDSS|DSS,18.75,1.5625,True
2011106372,クラリティシチー,Mr. Prospector,2,3x5,SSS|DDDSS,15.625,0.78125,True
2011106372,クラリティシチー,Northern Dancer,2,5x5,SSDSS|SDSSS,6.25,0.0,False
2013102596,ヴォージュ,Hail to Reason,2,5x5,SSSSS|DSSSS,6.25,0.1953125,True
2013102596,ヴォージュ,Halo,2,4x5,SSSS|DDSSS,9.375,0.390625,True
2013102596,ヴォージュ,Sunday Silence,2,3x4,SSS|DDSS,18.75,1.5625,True
2013102596,ヴォージュ,Wishing Well,2,4x5,SSSD|DDSSD,9.375,0.390625,True
2012106426,タツゴウゲキ,Cosmah,2,4x5,SSSD|DSDSD,9.375,0.390625,True
2012106426,タツゴウゲキ,Hail to Reason,2,4x5,SSSS|DSDSS,9.375,0.390625,True
2012106426,タツゴウゲキ,Halo,2,3x4,SSS|DSDS,18.75,1.5625,True
2012106426,タツゴウゲキ,Northern Dancer,2,4x5,SDSS|DSSSS,9.375,0.390625,True
2009106464,ナリタハリケーン,Northern Dancer,3,4x5x5,SSDSS|SDSSS|DDSS,12.5,0.78125,True
2012104723,サンマルティン,Northern Dancer,2,5x5,SSSSS|SDDSS,6.25,0.0,False
2011105914,サングラス,Hail to Reason,2,5x5,DSSSS|DDSSS,6.25,0.0,False
2011105914,サングラス,Northern Dancer,2,4x5,SSSS|DSDSS,9.375,0.390625,True
2012104663,ロッカフラベイビー,Northern Dancer,4,5x5x5x5,SSDSS|SDSSS|DSDSS|DDDSS,12.5,0.78125,True
2012104663,ロッカフラベイビー,Nureyev,2,4x4,SSDS|DSDS,12.5,0.78125,True
2012104663,ロッカフラベイビー,Special,2,5x5,SSDSD|DSDSD,6.25,0.1953125,True
2013106055,アストラエンブレム,Mr. Prospector,2,4x5,DSSS|DDSSS,9.375,0.0,False
2014101903,ライジングリーズン,Hail to Reason,2,4x5,SSSS|DDSSS,9.375,0.390625,True
2014104138,ガジュマル,Hail to Reason,2,5x5,SSSSS|DSSSS,6.25,0.1953125,True
2014104138,ガジュマル,Halo,3,4x5x5,SSSS|SDSDS|DDSSS,12.5,0.5859375,True
2014102928,ワラッチャウヨネ,Hail to Reason,2,4x4,SSSS|DSSS,12.5,0.78125,True
2014102928,ワラッチャウヨネ,Northern Dancer,2,4x5,SDSSS|DDSS,9.375,0.390625,True
2014102928,ワラッチャウヨネ,Nothirdchance,2,5x5,SSSSD|DSSSD,6.25,0.1953125,True
2014102928,ワラッチャウヨネ,Turn-to,2,5x5,SSSSS|DSSSS,6.25,0.1953125,True
2014105456,ジッパーレーン,Hail to Reason,2,4x5,SSSS|DDSSS,9.375,0.390625,True
2014105456,ジッパーレーン,Pocahontas,2,5x5,SDSDD|DDDSD,6.25,0.1953125,True
2014106243,ポールヴァンドル,Natalma,2,5x5,SDSSD|DSSSD,6.25,0.1953125,True
2014106243,ポールヴァンドル,Nearctic,2,5x5,SDSSS|DSSSS,6.25,0.1953125,True
2014106243,ポールヴァンドル,Northern Dancer,2,4x4,SDSS|DSSS,12.5,0.78125,True
2014103864,プリンセスルーラー,Gold Digger,2,5x5,SSSSD|DSSSD,6.25,0.1953125,True
2014103864,プリンセスルーラー,Mr. Prospector,3,4x4x5,SSSS|DSSS|DDSSS,15.625,1.171875,True
2014103864,プリンセスルーラー,Northern Dancer,2,5x5,SDDSS|DSDSS,6.25,0.1953125,True
2014103864,プリンセスルーラー,Nureyev,2,4x5,SSSDS|DSDS,9.375,0.390625,True
2014103864,プリンセスルーラー,Raise a Native,2,5x5,SSSSS|DSSSS,6.25,0.1953125,True
2014101627,ミッシングリンク,Cosmah,2,5x5,SSSSD|DSSSD,6.25,0.1953125,True
2014101627,ミッシングリンク,Hail to Reason,2,5x5,SSSSS|DSSSS,6.25,0.1953125,True
2014101627,ミッシングリンク,Halo,4,3x4x4x5,SSSS|SDSDS|DSS|DSSS,28.125,3.515625,True
2014101627,ミッシングリンク,Mr. Prospector,2,4x5,SDSS|DSDSS,9.375,0.390625,True
2014101627,ミッシングリンク,Northern Dancer,2,5x5,DSSDS|DDSSS,6.25,0.0,False
2014101663,ナムラムラサキ,Gold Digger,2,5x5,DSDDD|DDDSD,6.25,0.0,False
2014101663,ナムラムラサキ,Mr. Prospector,2,4x5,SDDSS|DDDS,9.375,0.390625,True
2014101663,ナムラムラサキ,Northern Dancer,3,4x5x5,SDSS|DSSSS|DDSSS,12.5,0.78125,True
2014101663,ナムラムラサキ,Secretariat,2,5x5,SDDDS|DSSDS,6.25,0.1953125,True
2014106218,ルヴォワール,Northern Dancer,2,5x5,SDDSS|DSSSS,6.25,0.1953125,True
2014105526,シーズララバイ,Hail to Reason,2,5x5,SSDSS|DSSSS,6.25,0.1953125,True
2014105526,シーズララバイ,Lyphard,2,5x5,DSDDS|DDSDS,6.25,0.0,False
2014105928,サロニカ,Northern Dancer,2,5x5,SDSSS|DSSSS,6.25,0.1953125,True
2014103367,サンシロウ,Northern Dancer,2,4x5,DSSS|DDDSS,9.375,0.0,False
2014101674,ブラックロード,Bramalea,2,4x4,SSSD|DSSD,12.5,0.78125,True
2014101674,ブラックロード,Hail to Reason,3,4x4x5,SSSS|DSSS|DDSSS,15.625,1.171875,True
2014101674,ブラックロード,Nashua,2,5x5,SSSDS|DSSDS,6.25,0.1953125,True
2014101674,ブラックロード,Nothirdchance,2,5x5,SSSSD|DSSSD,6.25,0.1953125,True
2014101674,ブラックロード,Rarelea,2,5x5,SSSDD|DSSDD,6.25,0.1953125,True
2014101674,ブラックロード,Roberto,2,3x3,SSS|DSS,25.0,3.125,True
2014101674,ブラックロード,Turn-to,2,5x5,SSSSS|DSSSS,6.25,0.1953125,True
2014104267,ブラックギムレット,Graustark,2,4x5,SSDS|SDDDS,9.375,0.0,False
2014104267,ブラックギムレット,Hail to Reason,2,4x5,SSSS|DSSSS,9.375,0.390625,True
2014104267,ブラックギムレット,Northern Dancer,2,5x5,DSDSS|DDSSS,6.25,0.0,False
2014105102,サンデームーティエ,Graustark,2,4x5,SSDS|SDDDS,9.375,0.0,False
2014105102,サンデームーティエ,Hail to Reason,2,4x4,SSSS|DDSS,12.5,0.78125,True
2014105102,サンデームーティエ,Nothirdchance,2,5x5,SSSSD|DDSSD,6.25,0.1953125,True
2014105102,サンデームーティエ,Turn-to,2,5x5,SSSSS|DDSSS,6.25,0.1953125,True
2014103335,ローリングタワー,Northern Dancer,3,5x5x5,SSSSS|SDDSS|DSDSS,9.375,0.390625,True
2014105247,ストロングレヴィル,Northern Dancer,2,5x5,SDDSS|DSDSS,6.25,0.1953125,True
2014104386,クレッシェンドラヴ,Almahmoud,2,5x5,SSSDD|DSSDD,6.25,0.1953125,True
2014104386,クレッシェンドラヴ,Hail to Reason,2,4x5,SSSS|DSDSS,9.375,0.390625,True
2014104386,クレッシェンドラヴ,Northern Dancer,2,3x5,SDDSS|DSS,15.625,0.78125,True
2012104926,グランアルマダ,Northern Dancer,2,4x5,SDSS|DDSSS,9.375,0.390625,True
2014103577,メイショウテンシャ,Northern Dancer,3,4x5x5,SDSSS|DSSSS|DDSS,12.5,0.5859375,True
2014101976,キセキ,Northern Dancer,2,5x5,SDDSS|DDDSS,6.25,0.1953125,True
2014102159,タガノシャルドネ,Cosmah,2,5x5,SDSSD|DSDSD,6.25,0.1953125,True
2014102159,タガノシャルドネ,Gold Digger,2,4x5,SSSSD|DSSD,9.375,0.390625,True
2014102159,タガノシャルドネ,Hail to Reason,2,5x5,SDSSS|DSDSS,6.25,0.1953125,True
2014102159,タガノシャルドネ,Halo,2,4x4,SDSS|DSDS,12.5,0.78125,True
2014102159,タガノシャルドネ,Mr. Prospector,2,3x4,SSSS|DSS,18.75,1.5625,True
2014102159,タガノシャルドネ,Raise a Native,2,4x5,SSSSS|DSSS,9.375,0.390625,True
2014102898,ホウオウドリーム,Lady Victoria,2,5x5,SDDSD|DSSSD,6.25,0.1953125,True
2014102898,ホウオウドリーム,Northern Dancer,2,5x5,SDDSS|DSSSS,6.25,0.1953125,True
2014102898,ホウオウドリーム,Northern Taste,2,4x4,SDDS|DSSS,12.5,0.78125,True
2014103163,エテレインミノル,Hail to Reason,2,5x5,SSSSS|DSSSS,6.25,0.1953125,True
2014100523,タガノヤグラ,Northern Dancer,3,4x5x5,SSDSS|SDSS|DSDSS,12.5,0.5859375,True
2014105785,アエロリット,Nearctic,2,5x5,SDDSS|DDSSS,6.25,0.1953125,True
2014105785,アエロリット,Northern Dancer,2,4x5,SSSSS|DDSS,9.375,0.390625,True
2014110010,ラビットラン,Mr. Prospector,2,4x5,SSDS|SDSSS,9.375,0.0,False
2014110010,ラビットラン,Native Dancer,2,5x5,DSSDS|DDSSS,6.25,0.0,False
2014110010,ラビットラン,Northern Dancer,2,3x5,SDDSS|DSS,15.625,0.78125,True
2014110010,ラビットラン,Raise a Native,2,4x5,SSDSS|DDSS,9.375,0.390625,True
2014103580,メイショウオワラ,Cosmah,2,5x5,SSSSD|DSSSD,6.25,0.1953125,True
2014103580,メイショウオワラ,Hail to Reason,2,5x5,SSSSS|DSSSS,6.25,0.1953125,True
2014103580,メイショウオワラ,Halo,2,4x4,SSSS|DSSS,12.5,0.78125,True
2014100511,タガノヴェローナ,Northern Dancer,2,5x5,SSSSS|DDDSS,6.25,0.1953125,True
2014100511,タガノヴェローナ,Nureyev,2,4x5,DSSDS|DDDS,9.375,0.0,False
2014105951,ミリッサ,Cosmah,2,4x5,SSSD|DSDSD,9.375,0.390625,True
2014105951,ミリッサ,Hail to Reason,2,4x5,SSSS|DSDSS,9.375,0.390625,True
2014105951,ミリッサ,Halo,2,3x4,SSS|DSDS,18.75,1.5625,True
2014105951,ミリッサ,Northern Dancer,2,4x5,SDSS|DSSSS,9.375,0.390625,True
2014105854,リカビトス,Raise a Native,2,5x5,DSSSS|DDDDS,6.25,0.0,False
2014105655,ヴゼットジョリー,Cosmah,2,4x5,SSDSD|DSSD,9.375,0.390625,True
2014105655,ヴゼットジョリー,Hail to Reason,2,4x5,SSDSS|DSSS,9.375,0.390625,True
2014105655,ヴゼットジョリー,Halo,2,3x4,SSDS|DSS,18.75,1.5625,True
2014105655,ヴゼットジョリー,Northern Dancer,2,5x5,SSSSS|DDDSS,6.25,0.1953125,True
2014106404,ブレスジャーニー,Hail to Reason,2,5x5,DSSSS|DDSSS,6.25,0.0,False
2014106404,ブレスジャーニー,Mr. Prospector,2,4x5,SSSSS|SDSS,9.375,0.0,False
2014106404,ブレスジャーニー,Northern Dancer,3,5x5x5,SSDSS|SDDSS|DDDSS,9.375,0.390625,True
2014100731,マイネルヴンシュ,Hail to Reason,2,4x5,SSSS|DSDSS,9.375,0.390625,True
2014100731,マイネルヴンシュ,Halo,2,3x5,SSS|DDSDS,15.625,0.78125,True
2014100731,マイネルヴンシュ,Northern Dancer,3,5x5x5,SDDSS|DSSSS|DDDSS,9.375,0.390625,True
2014100731,マイネルヴンシュ,Raise a Native,2,5x5,DSDDS|DDSSS,6.25,0.0,False
2014104922,クリノヤマトノオー,Natalma,2,5x5,SDSSD|DDSSD,6.25,0.1953125,True
2014104922,クリノヤマトノオー,Nearctic,2,5x5,SDSSS|DDSSS,6.25,0.1953125,True
2014104922,クリノヤマトノオー,Northern Dancer,2,4x4,SDSS|DDSS,12.5,0.78125,True
2012101402,グレーターロンドン,Northern Dancer,3,4x5x5,SDSSS|DSDDS|DDSS,12.5,0.5859375,True
2011104063,サトノアラジン,Northern Dancer,3,4x5x5,SDSSS|DSSS|DDDSS,12.5,0.5859375,True
2014105949,セダブリランテス,Hail to Reason,2,4x5,SSSSS|DSSS,9.375,0.390625,True
2011104676,シホウ,Mill Reef,2,5x5,SDSDS|DDDDS,6.25,0.1953125,True
2011104676,シホウ,Natalma,2,5x5,DSSSD|DSDDD,6.25,0.0,False
2011104676,シホウ,Northern Dancer,4,4x5x5x5,SSDSS|SDSSS|DSSS|DDSSS,15.625,1.171875,True
2012104512,ハッピーユニバンス,Northern Dancer,2,4x5,SDSS|DDDSS,9.375,0.390625,True
2013105318,ジュールポレール,Northern Dancer,2,4x5,SDSSS|DSSS,9.375,0.390625,True
2010100975,ウキヨノカゼ,Northern Dancer,3,5x5x5,SDSSS|DSSSS|DSDSS,9.375,0.390625,True
2013104783,エテルナミノル,Anguar,2,5x5,SSDSD|DSDSD,6.25,0.1953125,True
2013104783,エテルナミノル,Hail to Reason,2,5x5,DSSSS|DDSSS,6.25,0.0,False
2013104783,エテルナミノル,In Reality,4,4x5x5x5,SSDDS|SDDS|DSDDS|DDSDS,15.625,1.171875,True
2013104783,エテルナミノル,Le Fabuleux,2,4x4,SSDS|DSDS,12.5,0.78125,True
2013104783,エテルナミノル,Northern Dancer,2,4x5,SDSS|DDDSS,9.375,0.390625,True
2013104783,エテルナミノル,Wild Risk,2,5x5,SSDSS|DSDSS,6.25,0.1953125,True
2015104582,ケイティクレバー,Lyphard,2,5x5,SDSDS|DSDSS,6.25,0.1953125,True
2015104582,ケイティクレバー,Northern Dancer,2,5x5,SSSSS|SDDSS,6.25,0.0,False
2015104107,タイムフライヤー,Goofed,2,5x5,SDDSD|DDSSD,6.25,0.1953125,True
2015104107,タイムフライヤー,Hail to Reason,2,4x4,SSSS|DSSS,12.5,0.78125,True
2015104107,タイムフライヤー,Lyphard,2,4x4,SDDS|DDSS,12.5,0.78125,True
2015104107,タイムフライヤー,Northern Dancer,2,5x5,SDDSS|DDSSS,6.25,0.1953125,True
2015104107,タイムフライヤー,Nothirdchance,2,5x5,SSSSD|DSSSD,6.25,0.1953125,True
2015104107,タイムフライヤー,Turn-to,2,5x5,SSSSS|DSSSS,6.25,0.1953125,True
2015104899,マイハートビート,Hail to Reason,2,4x5,SSSS|DSSSS,9.375,0.390625,True
2015104899,マイハートビート,Mr. Prospector,2,4x5,SDSS|DSDSS,9.375,0.390625,True
2015100513,アイトーン,Gold Digger,2,4x5,SSSD|DDSSD,9.375,0.390625,True
2015100513,アイトーン,Mr. Prospector,2,3x4,SSS|DDSS,18.75,1.5625,True
2015100513,アイトーン,Northern Dancer,2,4x5,SSDSS|DDDS,9.375,0.390625,True
2015100513,アイトーン,Raise a Native,2,4x5,SSSS|DDSSS,9.375,0.390625,True
2015104976,グレイル,Northern Dancer,3,5x5x5,SDDSS|DSSSS|DSDSS,9.375,0.390625,True
2015101701,シスターフラッグ,Mr. Prospector,2,4x5,SSSS|DSDSS,9.375,0.390625,True
2015104860,スラッシュメタル,Mr. Prospector,3,4x5x5,SSSS|DSDSS|DDDSS,12.5,0.78125,True
2015104860,スラッシュメタル,Nureyev,2,5x5,SSSDS|DDDDS,6.25,0.1953125,True
2015101075,ナムラアッパレ,Northern Dancer,2,5x5,DSDSS|DDSSS,6.25,0.0,False
2012190003,イキートス,Mill Reef,2,5x5,SSDSS|SDSDS,6.25,0.0,False
2012190003,イキートス,Northern Dancer,2,4x5,SSSS|SDSSS,9.375,0.0,False
2011100822,デルマサリーチャン,Northern Dancer,2,4x5,SSSS|DSDSS,9.375,0.390625,True
2013103806,ニシノジャーニー,Northern Dancer,2,5x5,SDDSS|DSSSS,6.25,0.1953125,True
2013103806,ニシノジャーニー,Northern Taste,2,4x5,SSDDS|SDDS,9.375,0.0,False
2014104202,スーパーマックス,Bold Reasoning,2,4x5,SDSS|DSSSS,9.375,0.390625,True
2014104202,スーパーマックス,Gold Digger,2,5x5,SDDSD|DSDSD,6.25,0.1953125,True
2014104202,スーパーマックス,Mr. Prospector,2,4x4,SDDS|DSDS,12.5,0.78125,True
2014104202,スーパーマックス,My Charmer,2,4x5,SDSD|DSSSD,9.375,0.390625,True
2014104202,スーパーマックス,Raise a Native,2,5x5,SDDSS|DSDSS,6.25,0.1953125,True
2014104202,スーパーマックス,Seattle Slew,2,3x4,SDS|DSSS,18.75,1.5625,True
2014104202,スーパーマックス,Secretariat,2,5x5,SDDDS|DSSDS,6.25,0.1953125,True
2012110001,ストーンウェア,Mr. Prospector,2,3x5,SSSSS|DSS,15.625,0.78125,True
2012110001,ストーンウェア,Nashua,2,5x5,SDDDS|DSSDS,6.25,0.1953125,True
2012110001,ストーンウェア,Natalma,2,5x5,SDSSD|DDDSD,6.25,0.1953125,True
2012110001,ストーンウェア,Nearctic,2,5x5,SDSSS|DDDSS,6.25,0.1953125,True
2012110001,ストーンウェア,Northern Dancer,2,4x4,SDSS|DDDS,12.5,0.78125,True
2012100636,ケントオー,Nasrullah,2,5x5,DDSSS|DDDSS,6.25,0.0,False
2012100636,ケントオー,Northern Dancer,2,4x5,SDSS|DSDSS,9.375,0.390625,True
2012103980,クィーンチャーム,Northern Dancer,3,4x5x5,SSDSS|SDSSS|DDSS,12.5,0.78125,True
2012103980,クィーンチャーム,Nureyev,2,3x4,SSDS|DDS,18.75,1.5625,True
2012103980,クィーンチャーム,Special,2,4x5,SSDSD|DDSD,9.375,0.390625,True
2015101110,トーセンクリーガー,Northern Dancer,3,5x5x5,SSDSS|SDSSS|DSSSS,9.375,0.390625,True
2015103079,ウォーターパルフェ,Lady Victoria,2,4x5,SDDSD|DDSD,9.375,0.390625,True
2015103079,ウォーターパルフェ,Northern Dancer,2,4x5,SDDSS|DDSS,9.375,0.390625,True
2015103079,ウォーターパルフェ,Northern Taste,2,3x4,SDDS|DDS,18.75,1.5625,True
2015101174,ロードアクシス,Gold Digger,2,4x5,SSSD|DDSSD,9.375,0.390625,True
2015101174,ロードアクシス,Mr. Prospector,2,3x4,SSS|DDSS,18.75,1.5625,True
2015101174,ロードアクシス,Raise a Native,2,4x5,SSSS|DDSSS,9.375,0.390625,True
2015105784,トライン,Northern Dancer,3,5x5x5,SDSSS|DSDSS|DDSSS,9.375,0.390625,True
2015102692,シャルルマーニュ,Halo,2,4x5,SSSS|SDSDS,9.375,0.0,False
2015100258,サンリヴァル,Northern Dancer,2,5x5,SDDSS|DDDSS,6.25,0.1953125,True
2015101707,ルーカス,Hail to Reason,2,5x5,SSSSS|SDSSS,6.25,0.0,False
2015101707,ルーカス,Northern Dancer,4,4x5x5x5,SSDSS|SDDSS|DSSS|DDSSS,15.625,1.171875,True
2015105070,フラットレー,Northern Dancer,2,4x5,SDDSS|DDSS,9.375,0.390625,True
2015104692,ジュンヴァルロ,His Majesty,2,5x5,DSSDS|DDDSS,6.25,0.0,False
2015104692,ジュンヴァルロ,Northern Dancer,3,4x5x5,SSSS|DSSSS|DSDSS,12.5,0.78125,True
2015104287,ステイフーリッシュ,Hail to Reason,2,4x5,SSSS|DDSSS,9.375,0.390625,True
2015105608,ワークアンドラブ,Mr. Prospector,2,5x5,SDDDS|DDDSS,6.25,0.1953125,True
2015110013,ジャンダルム,Hail to Reason,2,4x5,SDSSS|DSSS,9.375,0.390625,True
2015110013,ジャンダルム,Natalma,2,5x5,SSSSD|DDSSD,6.25,0.1953125,True
2015110013,ジャンダルム,Nearctic,3,5x5x5,SSSSS|DDSSS|DDDSS,9.375,0.390625,True
2015110013,ジャンダルム,Northern Dancer,2,4x4,SSSS|DDSS,12.5,0.78125,True
2015106174,シャフトオブライト,Cosmah,2,5x5,SSSSD|DSSSD,6.25,0.1953125,True
2015106174,シャフトオブライト,Hail to Reason,2,5x5,SSSSS|DSSSS,6.25,0.1953125,True
2015106174,シャフトオブライト,Halo,2,4x4,SSSS|DSSS,12.5,0.78125,True
2015106174,シャフトオブライト,Nijinsky,3,4x5x5,SSDSD|DSDSS|DDSS,12.5,0.5859375,True
2015106174,シャフトオブライト,Northern Dancer,2,5x5,SDSSS|DDSSS,6.25,0.1953125,True
2015109078,ナスノシンフォニー,Fappiano,2,4x5,DSSS|DDDDS,9.375,0.0,False
2015109078,ナスノシンフォニー,Halo,2,3x5,SSS|DDSDS,15.625,0.78125,True
2015109078,ナスノシンフォニー,Northern Dancer,2,5x5,SDDSS|DDSSS,6.25,0.1953125,True
2012104737,レアリスタ,Nothirdchance,2,5x5,SSSSD|DSDDD,6.25,0.1953125,True
2011104083,トーセンマタコイヤ,Northern Dancer,2,5x5,SDSSS|DSSSS,6.25,0.1953125,True
2011103696,ショウナンマルシェ,Hail to Reason,3,4x5x5,SSSS|DSSSS|DDDSS,12.5,0.78125,True
2014101086,メイズオブオナー,Northern Dancer,4,5x5x5x5,SDDSS|DSSSS|DSDDS|DDDSS,12.5,0.5859375,True
2013103582,レイホーロマンス,Northern Dancer,3,5x5x5,SSSSS|SDDSS|DDDSS,9.375,0.390625,True
2013106398,コパノマリーン,Cosmah,2,5x5,SSSSD|DSDSD,6.25,0.1953125,True
2013106398,コパノマリーン,Hail to Reason,2,5x5,SSSSS|DSDSS,6.25,0.1953125,True
2013106398,コパノマリーン,Halo,3,4x4x5,SSSS|SDSDS|DSDS,15.625,1.171875,True
2013106398,コパノマリーン,Northern Dancer,2,5x5,DSSSS|DDDDS,6.25,0.0,False
2013105322,ワンブレスアウェイ,Northern Dancer,2,4x5,SDDSS|DSSS,9.375,0.390625,True
2015103201,イェッツト,Mr. Prospector,2,4x5,SDDSS|DSSS,9.375,0.390625,True
2015103201,イェッツト,Northern Dancer,2,4x5,SSDSS|SDSS,9.375,0.0,False
2015103201,イェッツト,Nureyev,2,5x5,DSSDS|DDDDS,6.25,0.0,False
2015104553,ヤマノグラップル,Natalma,2,5x5,SDSSD|DDSSD,6.25,0.1953125,True
2015104553,ヤマノグラップル,Nearctic,2,5x5,SDSSS|DDSSS,6.25,0.1953125,True
2015104553,ヤマノグラップル,Northern Dancer,2,4x4,SDSS|DDSS,12.5,0.78125,True
2015100548,ロジティナ,Cosmah,2,5x5,SSSSD|DDSSD,6.25,0.1953125,True
2015100548,ロジティナ,Hail to Reason,3,5x5x5,SSSSS|DSSSS|DDSSS,9.375,0.390625,True
2015100548,ロジティナ,Halo,2,4x4,SSSS|DDSS,12.5,0.78125,True
2015100548,ロジティナ,Mountain Flower,2,5x5,SSSDD|DDSDD,6.25,0.1953125,True
2015100548,ロジティナ,Nureyev,2,4x5,SDDDS|DDDS,9.375,0.390625,True
2015100548,ロジティナ,Sunday Silence,2,3x3,SSS|DDS,25.0,3.125,True
2015100548,ロジティナ,Understanding,2,5x5,SSSDS|DDSDS,6.25,0.1953125,True
2015100548,ロジティナ,Wishing Well,2,4x4,SSSD|DDSD,12.5,0.78125,True
2015105021,コズミックフォース,Mr. Prospector,2,3x5,SSS|DDSSS,15.625,0.78125,True
2015105021,コズミックフォース,Northern Dancer,2,5x5,SSDSS|SDSSS,6.25,0.0,False
2015100887,ダブルシャープ,Nijinsky,2,4x5,DSDSD|DDSS,9.375,0.0,False
2015100887,ダブルシャープ,Northern Dancer,2,5x5,SSSSS|DDSSS,6.25,0.1953125,True
2015105035,サクステッド,Natalma,2,5x5,SSSSD|DDSSD,6.25,0.1953125,True
2015105035,サクステッド,Nearctic,2,5x5,SSSSS|DDSSS,6.25,0.1953125,True
2015105035,サクステッド,Northern Dancer,2,4x4,SSSS|DDSS,12.5,0.78125,True
2015110070,デルタバローズ,Hail to Reason,2,5x5,SDDSS|DDSSS,6.25,0.1953125,True
2015110070,デルタバローズ,Halo,2,4x5,SSSDS|DDSS,9.375,0.390625,True
2015105923,ライトカラカゼ,Halo,3,1x2x3,S|SD|SDS,87.5,0.0,False
2015105923,ライトカラカゼ,Northern Dancer,2,4x5,SSSS|DSDSS,9.375,0.390625,True
2015105923,ライトカラカゼ,Sir Gaylord,2,5x5,SSDSS|SDDSS,6.25,0.0,False
2015103311,タイキフェルヴール,Danzig,2,4x5,DSSD|DSSDS,9.375,0.0,False
2015103311,タイキフェルヴール,Mr. Prospector,2,3x5,SDS|DSSSS,15.625,0.78125,True
2015103311,タイキフェルヴール,Nashua,2,5x5,SSSDS|SDSDS,6.25,0.0,False
2015103311,タイキフェルヴール,Northern Dancer,2,5x5,SDDSS|DDSSS,6.25,0.1953125,True
2015104198,ギャンブラー,Northern Dancer,2,5x5,SSSSS|SDDSS,6.25,0.0,False
2015105459,ジョリルミエール,Natalma,2,5x5,DSSSD|DSDDD,6.25,0.0,False
2015105459,ジョリルミエール,Northern Dancer,3,4x5x5,SSDSS|SDDSS|DSSS,12.5,0.78125,True
2015105459,ジョリルミエール,Raise a Native,2,4x5,SSSSS|DDSS,9.375,0.390625,True
2015101467,ジェネラーレウーノ,Danzig,2,4x4,SSDS|DSSS,12.5,0.78125,True
2015101467,ジェネラーレウーノ,Hail to Reason,2,5x5,SSSSS|SDSSS,6.25,0.0,False
2015101467,ジェネラーレウーノ,His Majesty,2,5x5,SSDDS|DSSDS,6.25,0.1953125,True
2015101467,ジェネラーレウーノ,Northern Dancer,5,5x5x5x5x5,SSDSS|SDDSS|DSSSS|DSDSS|DDSSS,15.625,1.171875,True
2015101467,ジェネラーレウーノ,Pas de Nom,2,5x5,SSDSD|DSSSD,6.25,0.1953125,True
2012110011,サンタフェチーフ,Northern Dancer,2,5x5,SSSSS|DSSSS,6.25,0.1953125,True
2012104503,パフォーマプロミス,Almahmoud,2,5x5,SSSDD|DDSDD,6.25,0.1953125,True
2012104503,パフォーマプロミス,Hail to Reason,2,4x5,SSSS|DSSSS,9.375,0.390625,True
2012104503,パフォーマプロミス,Northern Dancer,2,3x5,SDDSS|DDS,15.625,0.78125,True
2013104849,ガンコ,Cosmah,2,5x5,SSSSD|DSDSD,6.25,0.1953125,True
2013104849,ガンコ,Danzig,2,4x5,SDDSS|DDSS,9.375,0.390625,True
2013104849,ガンコ,Hail to Reason,2,5x5,SSSSS|DSDSS,6.25,0.1953125,True
2013104849,ガンコ,Halo,2,4x4,SSSS|DSDS,12.5,0.78125,True
2013104849,ガンコ,Northern Dancer,2,5x5,DSSSS|DDSSS,6.25,0.0,False
2013100647,カラビナ,Almahmoud,2,5x5,SSSDD|DSSDD,6.25,0.1953125,True
2013100647,カラビナ,Hail to Reason,3,4x5x5,SSSS|DSDSS|DDSSS,12.5,0.78125,True
2013100647,カラビナ,Northern Dancer,2,3x5,SDDSS|DSS,15.625,0.78125,True
2014106040,レジェンドセラー,Mr. Prospector,2,4x5,SSSS|DDSSS,9.375,0.390625,True
2013103569,リッジマン,Continue,2,4x5,SSSDD|DDDD,9.375,0.390625,True
2013103569,リッジマン,Damascus,2,3x4,SDSS|DDS,18.75,1.5625,True
2013103569,リッジマン,Kerala,2,4x5,SDSSD|DDSD,9.375,0.390625,True
2013103569,リッジマン,Northern Dancer,2,4x5,SSDSS|DSSS,9.375,0.390625,True
2013103569,リッジマン,Sword Dancer,2,4x5,SDSSS|DDSS,9.375,0.390625,True
2013110008,リッチーリッチー,Danzig,2,4x4,SDSS|DDSS,12.5,0.78125,True
2013110008,リッチーリッチー,Northern Dancer,4,4x5x5x5,SSSS|SDSSS|DSSSS|DDSSS,15.625,1.171875,True
2013110008,リッチーリッチー,Pas de Nom,2,5x5,SDSSD|DDSSD,6.25,0.1953125,True
2013110008,リッチーリッチー,Special,2,5x5,SSSDD|DSSSD,6.25,0.1953125,True
2014100933,ダウンザライン,Nijinsky,2,4x5,SSDSD|SDSS,9.375,0.0,False
2014100933,ダウンザライン,Northern Dancer,2,4x5,SDSSS|DSSS,9.375,0.390625,True
2015104931,オブセッション,Mr. Prospector,2,4x5,DSSS|DDDSS,9.375,0.0,False
2015104931,オブセッション,Northern Dancer,3,5x5x5,SDSSS|DSDSS|DDSSS,9.375,0.390625,True
2015101530,アラウン,Northern Dancer,2,5x5,SDDSS|DSSSS,6.25,0.1953125,True
2015101530,アラウン,Northern Taste,2,4x5,SSDDS|SDDS,9.375,0.0,False
2015101530,アラウン,Sir Ivor,2,5x5,DSDDS|DDSSS,6.25,0.0,False
2015104076,リビーリング,Gold Digger,2,4x5,SDSSD|DSSD,9.375,0.390625,True
2015104076,リビーリング,Halo,2,4x5,SSSS|SDSDS,9.375,0.0,False
2015104076,リビーリング,Mr. Prospector,2,3x4,SDSS|DSS,18.75,1.5625,True
2015104076,リビーリング,Raise a Native,2,4x5,SDSSS|DSSS,9.375,0.390625,True
2015104517,アサクサスポット,Fairy Bridge,2,4x5,SDSD|DSDSD,9.375,0.390625,True
2015104517,アサクサスポット,Gold Digger,2,5x5,SSSSD|DSSSD,6.25,0.1953125,True
2015104517,アサクサスポット,Kingmambo,2,3x3,SSS|DSS,25.0,3.125,True
2015104517,アサクサスポット,Miesque,2,4x4,SSSD|DSSD,12.5,0.78125,True
2015104517,アサクサスポット,Mr. Prospector,2,4x4,SSSS|DSSS,12.5,0.78125,True
2015104517,アサクサスポット,Northern Dancer,3,4x5x5,SDSS|DSDSS|DDDSS,12.5,0.78125,True
2015104517,アサクサスポット,Nureyev,2,5x5,SSSDS|DSSDS,6.25,0.1953125,True
2015104517,アサクサスポット,Pasadoble,2,5x5,SSSDD|DSSDD,6.25,0.1953125,True
2015104517,アサクサスポット,Raise a Native,2,5x5,SSSSS|DSSSS,6.25,0.1953125,True
2015104517,アサクサスポット,Sadler's Wells,2,3x4,SDS|DSDS,18.75,1.5625,True
2015100831,トラストケンシン,Mr. Prospector,2,4x5,DSSS|DDDDS,9.375,0.0,False
2015100831,トラストケンシン,Northern Dancer,2,5x5,SDDSS|DSDSS,6.25,0.1953125,True
2015102367,ダノンプレミアム,Danzig,2,4x5,DSDDS|DDSS,9.375,0.0,False
2015102367,ダノンプレミアム,Hail to Reason,2,4x5,SSSS|DSSSS,9.375,0.390625,True
2015102367,ダノンプレミアム,Northern Dancer,2,5x5,SDSSS|DDSSS,6.25,0.1953125,True
2012110113,ダッシングブレイズ,Buckpasser,2,5x5,SDDSS|DDSDS,6.25,0.1953125,True
2011101337,コウエイワンマン,Natalma,2,5x5,SDSSD|DSSSD,6.25,0.1953125,True
2011101337,コウエイワンマン,Nearctic,2,5x5,SDSSS|DSSSS,6.25,0.1953125,True
2011101337,コウエイワンマン,Northern Dancer,2,4x4,SDSS|DSSS,12.5,0.78125,True
2014106081,ムイトオブリガード,Northern Dancer,2,5x5,SDDSS|DDSSS,6.25,0.1953125,True
2014101985,チェスナットコート,Halo,3,3x4x5,SSS|DDDD|DDDDS,21.875,2.34375,True
2010106467,ピンポン,Goofed,2,5x5,SDDSD|DSSSD,6.25,0.1953125,True
2010106467,ピンポン,Lyphard,2,4x4,SDDS|DSSS,12.5,0.78125,True
2010106467,ピンポン,Northern Dancer,3,5x5x5,SDDSS|DSSSS|DDSSS,9.375,0.390625,True
2014102897,トリオンフ,Northern Dancer,3,4x5x5,SSSS|DSDSS|DDSSS,12.5,0.78125,True
2015103228,スリーヘリオス,Raise a Native,2,5x5,SDSDS|DDSSS,6.25,0.1953125,True
2015103228,スリーヘリオス,Secretariat,2,5x5,SSSDS|DDDDS,6.25,0.1953125,True
2015104987,キタノコマンドール,Northern Dancer,2,4x5,SDSSS|DDSS,9.375,0.390625,True
2015104987,キタノコマンドール,Nureyev,2,3x5,DSSDS|DDS,15.625,0.0,False
2015102440,エポカドーロ,Northern Dancer,2,4x5,SDDSS|DDDS,9.375,0.390625,True
2015102440,エポカドーロ,Northern Taste,2,4x5,SSDDS|SDDS,9.375,0.0,False
2015105033,オウケンムーン,Natalma,2,5x5,DSSSD|DDSSD,6.25,0.0,False
2015105033,オウケンムーン,Nearctic,2,5x5,DSSSS|DDSSS,6.25,0.0,False
2015105033,オウケンムーン,Northern Dancer,4,4x4x5x5,SSDSS|SDDSS|DSSS|DDSS,18.75,1.5625,True
2015105033,オウケンムーン,Special,2,5x5,SSDSD|DSSDD,6.25,0.1953125,True
2015100744,マイネルファンロン,Hail to Reason,2,4x5,SSSS|DDSSS,9.375,0.390625,True
2015100744,マイネルファンロン,Halo,2,3x5,SSS|DSSSS,15.625,0.78125,True
2015105064,ステルヴィオ,Northern Dancer,2,4x5,SDSSS|DSSS,9.375,0.390625,True
2015104793,サラキア,Northern Dancer,2,5x5,SDSSS|DSSSS,6.25,0.1953125,True
2015105193,オスカールビー,Northern Dancer,2,5x5,SDDSS|DSDSS,6.25,0.1953125,True
2015106056,ウスベニノキミ,Halo,2,4x4,DSSS|DDSD,12.5,0.0,False
2015101376,サトノワルキューレ,Lyphard,2,4x5,SDSS|DDSSS,9.375,0.390625,True
2015102431,ファストライフ,Nearctic,2,5x5,SSSSS|SDDDS,6.25,0.0,False
2015102431,ファストライフ,Northern Dancer,2,4x5,SSSS|DSDSS,9.375,0.390625,True
2015104745,デュッセルドルフ,Literat,2,5x5,SSDSS|SDSDS,6.25,0.0,False
2015104745,デュッセルドルフ,Lyphard,2,5x5,DDSDS|DDDSS,6.25,0.0,False
2015105490,ラブラブラブ,Northern Dancer,2,5x5,SDDSS|DSDSS,6.25,0.1953125,True
2015105490,ラブラブラブ,Northern Taste,2,4x5,SSDDS|SDDS,9.375,0.0,False
2015105490,ラブラブラブ,ファバージ,2,5x5,DSDDS|DDDDS,6.25,0.0,False
2015104910,ハイヒール,Lady Angela,2,5x5,SDSDD|DDSDD,6.25,0.1953125,True
2015104910,ハイヒール,Lady Victoria,2,4x4,SDSD|DDSD,12.5,0.78125,True
2015104910,ハイヒール,Mr. Prospector,2,4x5,SDDSS|DSSS,9.375,0.390625,True
2015104910,ハイヒール,Natalma,2,5x5,SDSSD|DDSSD,6.25,0.1953125,True
2015104910,ハイヒール,Nearctic,2,5x5,SDSSS|DDSSS,6.25,0.1953125,True
2015104910,ハイヒール,Northern Dancer,3,4x4x5,SDSS|DSDSS|DDSS,15.625,1.171875,True
2015104910,ハイヒール,Northern Taste,2,3x3,SDS|DDS,25.0,3.125,True
2015104910,ハイヒール,Victoria Park,2,5x5,SDSDS|DDSDS,6.25,0.1953125,True
2015101364,カーサデルシエロ,Northern Dancer,2,5x5,SDSSS|DDDSS,6.25,0.1953125,True
2015105091,レッドベルローズ,Northern Dancer,2,5x5,SDSSS|DDSSS,6.25,0.1953125,True
2015104719,ヴェロニカグレース,Northern Dancer,4,5x5x5x5,SSSSS|SDDSS|DSDSS|DDDSS,12.5,0.78125,True
2015102478,ディアジラソル,Natalma,2,5x5,DSSSD|DDSSD,6.25,0.0,False
2015102478,ディアジラソル,Nearctic,2,5x5,DSSSS|DDSSS,6.25,0.0,False
2015102478,ディアジラソル,Northern Dancer,2,4x4,DSSS|DDSS,12.5,0.0,False
2015104664,パイオニアバイオ,Mr. Prospector,2,4x5,SSSS|DSDSS,9.375,0.390625,True
2015104765,ノームコア,Northern Dancer,2,5x5,SSSSS|SDDSS,6.25,0.0,False
2015103053,カフジバンガード,Northern Dancer,2,5x5,SSSSS|SDDSS,6.25,0.0,False
2015105598,スズカテイオー,Northern Dancer,2,5x5,SDSSS|DDDSS,6.25,0.1953125,True
2015104643,ダブルフラット,Hoist the Flag,2,5x5,SDSSS|DDSDS,6.25,0.1953125,True
2015100020,マイネルサリューエ,Mr. Prospector,2,4x5,DSDDS|DDDS,9.375,0.0,False
2015105292,ディープインラヴ,Busted,2,4x5,SDDS|DDSSS,9.375,0.390625,True
2015105292,ディープインラヴ,Lyphard,2,4x5,SDSS|DDDDS,9.375,0.390625,True
2015105292,ディープインラヴ,Northern Dancer,2,5x5,SDSSS|DSDSS,6.25,0.1953125,True
2015106299,ゴーフォザサミット,Northern Dancer,2,4x5,SDDSS|DSSS,9.375,0.390625,True
2015106299,ゴーフォザサミット,Prince John,2,5x5,DDSDS|DDDDS,6.25,0.0,False
2015104724,スーパーフェザー,Goofed,2,5x5,SDSSD|DSDSD,6.25,0.1953125,True
2015104724,スーパーフェザー,Lyphard,2,4x4,SDSS|DSDS,12.5,0.78125,True
2015104724,スーパーフェザー,Northern Dancer,2,5x5,SDSSS|DSDSS,6.25,0.1953125,True
2015104862,ノストラダムス,Northern Dancer,3,5x5x5,SSSSS|SDDSS|DDDSS,9.375,0.390625,True
2015104549,テトラルキア,Northern Dancer,3,4x5x5,SDDSS|DSSS|DDDSS,12.5,0.5859375,True
2015105627,クレディブル,Mr. Prospector,2,4x5,SDSS|DDSSS,9.375,0.390625,True
2015105627,クレディブル,Vice Regent,2,5x5,DSSSS|DDDSS,6.25,0.0,False
2015101568,モンテグロッソ,Fairy Bridge,2,5x5,SDSSD|DSSSD,6.25,0.1953125,True
2015101568,モンテグロッソ,Northern Dancer,3,5x5x5,SDSSS|DSSSS|DDSSS,9.375,0.390625,True
2015101568,モンテグロッソ,Sadler's Wells,2,4x4,SDSS|DSSS,12.5,0.78125,True
2015101568,モンテグロッソ,Shirley Heights,2,5x5,SSDSS|DSSDS,6.25,0.1953125,True
2015104639,サトノソルタス,Danzig,3,2x3x4,DD|DDS|DDSS,43.75,0.0,False
2015104639,サトノソルタス,Northern Dancer,2,5x5,SDSSS|DDSSS,6.25,0.1953125,True
2015104639,サトノソルタス,Raise a Native,2,5x5,DSSSS|DDSDS,6.25,0.0,False
2015105105,フランツ,Hail to Reason,2,4x4,SSSS|DSSS,12.5,0.78125,True
2015105105,フランツ,Northern Dancer,2,5x5,SDSSS|DDDSS,6.25,0.1953125,True
2015105105,フランツ,Nothirdchance,2,5x5,SSSSD|DSSSD,6.25,0.1953125,True
2015105105,フランツ,Turn-to,2,5x5,SSSSS|DSSSS,6.25,0.1953125,True
2015104063,グローリーヴェイズ,Lyphard,2,4x5,SDSS|DDDSS,9.375,0.390625,True
2015104897,レノヴァール,Raise a Native,2,5x5,DSSSS|DDDSS,6.25,0.0,False
2015105050,リシュブール,Northern Dancer,3,5x5x5,SSDSS|SDSSS|DDDSS,9.375,0.390625,True
2015110047,タニノフランケル,Northern Dancer,2,4x5,SSSS|SDSSS,9.375,0.0,False
2015102420,メイショウテッコン,Mr. Prospector,2,4x5,DSSS|DDSSS,9.375,0.0,False
2015104713,アドマイヤアルバ,Northern Dancer,2,5x5,SDDSS|DSSSS,6.25,0.1953125,True
2015105087,レイエスプランドル,Halo,3,4x4x5,DSSS|DDDS|DDDSS,15.625,0.0,False
2015105087,レイエスプランドル,Northern Dancer,2,5x5,SSSSS|SDDSS,6.25,0.0,False
2015100523,アルムフォルツァ,Hail to Reason,2,4x5,SSSS|DDSSS,9.375,0.390625,True
2015100523,アルムフォルツァ,Northern Dancer,3,5x5x5,SDDSS|DSSSS|DDDSS,9.375,0.390625,True
2015105032,ユーキャンスマイル,Northern Dancer,3,5x5x5,SSDSS|SDSSS|DSDSS,9.375,0.390625,True
2015100969,アールスター,Northern Dancer,3,5x5x5,SDSSS|DSDSS|DDSSS,9.375,0.390625,True
2015105280,シャルドネゴールド,Hail to Reason,2,4x5,SSSS|DSDSS,9.375,0.390625,True
2015105280,シャルドネゴールド,Northern Dancer,2,5x5,SDDSS|DDSSS,6.25,0.1953125,True
2015101580,インターセクション,Cosmah,2,5x5,SSDSD|DSDSD,6.25,0.1953125,True
2015101580,インターセクション,Gold Digger,2,4x5,SSSD|DDSSD,9.375,0.390625,True
2015101580,インターセクション,Hail to Reason,2,5x5,SSDSS|DSDSS,6.25,0.1953125,True
2015101580,インターセクション,Halo,2,4x4,SSDS|DSDS,12.5,0.78125,True
2015101580,インターセクション,Mr. Prospector,2,3x4,SSS|DDSS,18.75,1.5625,True
2015101580,インターセクション,Northern Dancer,2,5x5,DSSSS|DDDSS,6.25,0.0,False
2015101580,インターセクション,Raise a Native,2,4x5,SSSS|DDSSS,9.375,0.390625,True
2012100877,ラインルーフ,Buckpasser,2,5x5,DDSDS|DDDDS,6.25,0.0,False
2012100877,ラインルーフ,Natalma,2,5x5,SSSSD|DDDSD,6.25,0.1953125,True
2012100877,ラインルーフ,Nearctic,2,5x5,SSSSS|DDDSS,6.25,0.1953125,True
2012100877,ラインルーフ,Northern Dancer,2,4x4,SSSS|DDDS,12.5,0.78125,True
2012104549,カレンラストショー,Bramalea,2,4x5,SSSD|DDSSD,9.375,0.390625,True
2012104549,カレンラストショー,Graustark,2,4x5,SSDS|SDDDS,9.375,0.0,False
2012104549,カレンラストショー,Hail to Reason,3,4x5x5,SSSS|DSSSS|DDSSS,12.5,0.78125,True
2012104549,カレンラストショー,Northern Dancer,2,5x5,DSDSS|DDDSS,6.25,0.0,False
2012104549,カレンラストショー,Roberto,2,3x4,SSS|DDSS,18.75,1.5625,True
2013104956,ハクサンルドルフ,Gold Digger,2,5x5,SSSSD|DDDSD,6.25,0.1953125,True
2013104956,ハクサンルドルフ,Hail to Reason,2,5x5,SDSSS|DSDDS,6.25,0.1953125,True
2013104956,ハクサンルドルフ,Mr. Prospector,2,4x4,SSSS|DDDS,12.5,0.78125,True
2013104956,ハクサンルドルフ,Northern Dancer,2,4x5,SSDSS|DSSS,9.375,0.390625,True
2013104956,ハクサンルドルフ,Raise a Native,2,5x5,SSSSS|DDDSS,6.25,0.1953125,True
2013105471,ナイトオブナイツ,Northern Dancer,3,4x5x5,SSSSS|SDDSS|DDSS,12.5,0.78125,True
2015104943,リリーノーブル,Northern Taste,2,4x5,SDDS|DDDSS,9.375,0.390625,True
2015105046,ラッキーライラック,Danzig,2,4x5,DSSD|DSSDS,9.375,0.0,False
2015105046,ラッキーライラック,Mr. Prospector,2,5x5,DSSSS|DSDSS,6.25,0.0,False
2015105046,ラッキーライラック,Northern Taste,2,4x5,SSDDS|SDDS,9.375,0.0,False
2015101373,マウレア,Northern Dancer,2,4x5,SDSSS|DSSS,9.375,0.390625,True
2015104513,トーセンブレス,Northern Dancer,4,4x5x5x5,SDSSS|DSSS|DDSSS|DDDSS,15.625,0.78125,True
2015103350,カンタービレ,Northern Dancer,3,4x5x5,SDSSS|DSSS|DDSSS,12.5,0.5859375,True
2015101540,トーホウアルテミス,Nearctic,2,5x5,DDSSS|DDDDS,6.25,0.0,False
2015101540,トーホウアルテミス,Northern Dancer,2,4x5,SDDSS|DDSS,9.375,0.390625,True
2015104324,レッドサクヤ,Natalma,2,5x5,DSSSD|DSDDD,6.25,0.0,False
2015104324,レッドサクヤ,Northern Dancer,3,4x5x5,SDSSS|DSSS|DDDSS,12.5,0.5859375,True
2015104961,アーモンドアイ,Northern Dancer,2,4x5,SDSSS|DDSS,9.375,0.390625,True
2015104961,アーモンドアイ,Nureyev,2,3x5,SSSDS|DDS,15.625,0.78125,True
2015110077,ランドネ,Buckpasser,2,5x5,SDSDS|DSDDS,6.25,0.1953125,True
2015110077,ランドネ,Mr. Prospector,2,4x5,SDSS|DDSSS,9.375,0.390625,True
2015110077,ランドネ,Northern Dancer,3,5x5x5,SSDSS|SDDSS|DDDSS,9.375,0.390625,True
2015110077,ランドネ,Special,2,4x5,SDDD|DDDSD,9.375,0.390625,True
2015100230,ウインラナキラ,Northern Dancer,2,5x5,SSDSS|SDSSS,6.25,0.0,False
2015100230,ウインラナキラ,Northern Taste,2,5x5,DSDDS|DDDSS,6.25,0.0,False
2015100122,テーオーエナジー,Gold Digger,2,4x5,SDDSD|DSSD,9.375,0.390625,True
2015100122,テーオーエナジー,In Reality,2,4x5,SSDDS|DSDS,9.375,0.390625,True
2015100122,テーオーエナジー,Mr. Prospector,2,3x4,SDDS|DSS,18.75,1.5625,True
2015100122,テーオーエナジー,Native Dancer,2,5x5,DSSSS|DDSDS,6.25,0.0,False
2015100122,テーオーエナジー,Northern Dancer,2,3x5,SDSSS|DDS,15.625,0.78125,True
2015100122,テーオーエナジー,Raise a Native,2,4x5,SDDSS|DSSS,9.375,0.390625,True
2015104882,ブラストワンピース,Northern Dancer,3,5x5x5,SSSSS|SDDSS|DDDSS,9.375,0.390625,True
2013101162,コウキチョウサン,Hail to Reason,2,4x5,SSSS|DSSSS,9.375,0.390625,True
2013104671,スティルウォーター,Halo,2,4x4,DSSS|DDSD,12.5,0.0,False
2013104671,スティルウォーター,Mill Reef,2,4x5,SDSDS|DDSS,9.375,0.390625,True
2013104671,スティルウォーター,Northern Dancer,3,5x5x5,SSDSS|SDSSS|DDDSS,9.375,0.390625,True
2012105115,ティーエスクライ,Gold Digger,2,5x5,DSSSD|DDSSD,6.25,0.0,False
2012105115,ティーエスクライ,Mr. Prospector,2,4x4,DSSS|DDSS,12.5,0.0,False
2012105115,ティーエスクライ,Raise a Native,2,5x5,DSSSS|DDSSS,6.25,0.0,False
2012104781,ヴァフラーム,Northern Dancer,3,5x5x5,SSSSS|SDDSS|DSDSS,9.375,0.390625,True
2013105998,アルジャンテ,Promised Land,2,5x5,SSDSS|DDDSS,6.25,0.1953125,True
2013105945,フェイズベロシティ,Northern Dancer,2,5x5,SSDSS|SDSSS,6.25,0.0,False
2010101161,サイモンラムセス,Bramalea,2,5x5,DSSSD|DDSSD,6.25,0.0,False
2010101161,サイモンラムセス,Hail to Reason,3,4x5x5,SSSS|DSSSS|DDSSS,12.5,0.78125,True
2010101161,サイモンラムセス,Northern Dancer,2,5x5,SDSSS|DDDSS,6.25,0.1953125,True
2010101161,サイモンラムセス,Roberto,2,4x4,DSSS|DDSS,12.5,0.0,False
2013106121,サーブルオール,Halo,2,4x5,DSSS|DDSDS,9.375,0.0,False
2013106121,サーブルオール,Northern Dancer,4,5x5x5x5,SSSSS|SDDSS|DSDDS|DDDSS,12.5,0.78125,True
2012105979,パワーポケット,In Reality,2,4x5,SSDDS|SDDS,9.375,0.0,False
2012105979,パワーポケット,Northern Dancer,2,4x5,SDSS|DDSSS,9.375,0.390625,True
2012105979,パワーポケット,Val de Loir,2,5x5,DDSDS|DDDSS,6.25,0.0,False
2013103687,クラウンディバイダ,Almahmoud,2,5x5,SSSDD|DSSDD,6.25,0.1953125,True
2013103687,クラウンディバイダ,Hail to Reason,3,4x5x5,SSSS|DSDSS|DDDSS,12.5,0.78125,True
2013103687,クラウンディバイダ,Lady Angela,2,5x5,SDSDD|DSSSD,6.25,0.1953125,True
2013103687,クラウンディバイダ,Natalma,2,4x5,SDSSD|DSSD,9.375,0.390625,True
2013103687,クラウンディバイダ,Nearctic,2,4x5,SDSSS|DSSS,9.375,0.390625,True
2013103687,クラウンディバイダ,Northern Dancer,3,3x4x5,SDSS|DSS|DDSSS,21.875,1.953125,True
2011104182,エアアンセム,Hail to Reason,2,4x4,SSSS|DSSS,12.5,0.78125,True
2011104182,エアアンセム,Nothirdchance,2,5x5,SSSSD|DSSSD,6.25,0.1953125,True
2011104182,エアアンセム,Turn-to,2,5x5,SSSSS|DSSSS,6.25,0.1953125,True
2012103429,ゴールドサーベラス,Amerigo,2,5x5,SSSDS|DDDDS,6.25,0.1953125,True
2012103429,ゴールドサーベラス,Hail to Reason,2,5x5,SSSSS|SDSSS,6.25,0.0,False
2012103429,ゴールドサーベラス,Northern Dancer,2,5x5,SSDSS|SDDSS,6.25,0.0,False
2013102351,エーティーサンダー,Hail to Reason,2,4x4,SSSS|DSSS,12.5,0.78125,True
2013102351,エーティーサンダー,Nothirdchance,2,5x5,SSSSD|DSSSD,6.25,0.1953125,True
2013102351,エーティーサンダー,Turn-to,2,5x5,SSSSS|DSSSS,6.25,0.1953125,True
2013103196,エンジニア,Danzig,2,4x4,SSSS|DSSS,12.5,0.78125,True
2013103196,エンジニア,Gold Digger,2,5x5,SDSSD|DDSSD,6.25,0.1953125,True
2013103196,エンジニア,Mr. Prospector,2,4x4,SDSS|DDSS,12.5,0.78125,True
2013103196,エンジニア,Northern Dancer,2,5x5,SSSSS|DSSSS,6.25,0.1953125,True
2013103196,エンジニア,Pas de Nom,2,5x5,SSSSD|DSSSD,6.25,0.1953125,True
2013103196,エンジニア,Raise a Native,2,5x5,SDSSS|DDSSS,6.25,0.1953125,True
2012105419,スズカディープ,Hail to Reason,2,4x5,SSSS|DSSDS,9.375,0.390625,True
2012105419,スズカディープ,Northern Dancer,3,4x5x5,SDSSS|DDSS|DDDDS,12.5,0.5859375,True
2015104597,サラス,Northern Dancer,2,5x5,SDDSS|DDSSS,6.25,0.1953125,True
2015104597,サラス,Northern Taste,2,4x5,SSDDS|SDDS,9.375,0.0,False
2015104472,クイーングラス,Nijinsky,2,5x5,DSDSD|DDSSS,6.25,0.0,False
2015104947,メサルティム,Nureyev,2,5x5,SDSDS|DSSDS,6.25,0.1953125,True
2015104988,カレンシリエージョ,Northern Dancer,3,5x5x5,SSSSS|SDDSS|DSDSS,9.375,0.390625,True
2015102574,ロマンテソーロ,Gold Digger,2,5x5,SDSSD|DSSSD,6.25,0.1953125,True
2015102574,ロマンテソーロ,Halo,2,4x5,SSSS|SDSDS,9.375,0.0,False
2015102574,ロマンテソーロ,Mr. Prospector,2,4x4,SDSS|DSSS,12.5,0.78125,True
2015102574,ロマンテソーロ,Raise a Native,2,5x5,SDSSS|DSSSS,6.25,0.1953125,True
2015104542,ハーレムライン,Northern Dancer,2,4x5,DSDSS|DDSS,9.375,0.0,False
2015104242,アヴィオール,Natalma,2,5x5,SSSSD|SSDDD,6.25,0.0,False
2015104242,アヴィオール,Northern Dancer,3,4x5x5,SSSS|SDDSS|DSDDS,12.5,0.5859375,True
2015101288,ホクセンジョウオー,Halo,2,3x5,SSS|DDSSS,15.625,0.78125,True
2015101288,ホクセンジョウオー,Sunday Silence,2,2x4,SS|DDSS,31.25,3.125,True
2015101288,ホクセンジョウオー,Wishing Well,2,3x5,SSD|DDSSD,15.625,0.78125,True
2015103535,ロフティフレーズ,Northern Dancer,2,4x5,SDSSS|DDSS,9.375,0.390625,True
2015103980,ショウナンラーゼン,Northern Dancer,3,4x5x5,SSDSS|SDSSS|DDSS,12.5,0.78125,True
2015103980,ショウナンラーゼン,Special,2,5x5,SSDSD|DDSDD,6.25,0.1953125,True
2015104810,ブレステイキング,Halo,2,3x5,SSS|DSSDS,15.625,0.78125,True
2015104810,ブレステイキング,Mr. Prospector,2,4x5,DSSS|DDDSS,9.375,0.0,False
2015104810,ブレステイキング,Northern Dancer,3,5x5x5,SDSSS|DSDSS|DDSSS,9.375,0.390625,True
2015103344,メイショウロセツ,Cosmah,2,4x5,DSSD|DDDDD,9.375,0.0,False
2015103344,メイショウロセツ,Literat,2,5x5,SSDSS|SDSDS,6.25,0.0,False
2015103344,メイショウロセツ,Northern Dancer,2,4x5,SDDSS|DDDS,9.375,0.390625,True
2015105057,レイエンダ,Gold Digger,2,4x5,SSSD|DDSSD,9.375,0.390625,True
2015105057,レイエンダ,Mr. Prospector,2,3x4,SSS|DDSS,18.75,1.5625,True
2015105057,レイエンダ,Northern Dancer,2,5x5,SSDSS|SDSSS,6.25,0.0,False
2015105057,レイエンダ,Raise a Native,2,4x5,SSSS|DDSSS,9.375,0.390625,True
2015104384,ビッグスモーキー,Gold Digger,2,4x5,SSSD|DSSSD,9.375,0.390625,True
2015104384,ビッグスモーキー,Green Dancer,2,3x5,SDDDS|DDS,15.625,0.78125,True
2015104384,ビッグスモーキー,Mr. Prospector,2,3x4,SSS|DSSS,18.75,1.5625,True
2015104384,ビッグスモーキー,Northern Dancer,4,5x5x5x5,SSDSS|SDSSS|DSDSS|DDSSS,12.5,0.78125,True
2015104384,ビッグスモーキー,Raise a Native,2,4x5,SSSS|DSSSS,9.375,0.390625,True
2015105089,ハーベストムーン,Hail to Reason,2,4x5,SSSS|DDSSS,9.375,0.390625,True
2014105484,レッドジェノヴァ,Hail to Reason,2,4x5,SSSS|DDSSS,9.375,0.390625,True
2013101924,サンエイゴールド,Northern Dancer,2,5x5,SDDSS|DSDSS,6.25,0.1953125,True
2015104183,ラテュロス,Northern Dancer,3,5x5x5,SDSSS|DSSSS|DSDDS,9.375,0.390625,True
2015100600,スカーレットカラー,Gold Digger,2,5x5,SDSSD|DSSSD,6.25,0.1953125,True
2015100600,スカーレットカラー,Halo,2,4x5,SSSS|SDSDS,9.375,0.0,False
2015100600,スカーレットカラー,Mr. Prospector,2,4x4,SDSS|DSSS,12.5,0.78125,True
2015100600,スカーレットカラー,Raise a Native,2,5x5,SDSSS|DSSSS,6.25,0.1953125,True
2015104126,サトノガーネット,Goofed,2,5x5,SDSSD|DDDSD,6.25,0.1953125,True
2015104126,サトノガーネット,Hail to Reason,2,4x5,SSSS|DDSSS,9.375,0.390625,True
2015104126,サトノガーネット,Lyphard,2,4x4,SDSS|DDDS,12.5,0.78125,True
2015104126,サトノガーネット,Northern Dancer,3,4x5x5,SDSSS|DSSS|DDDSS,12.5,0.5859375,True
2015103383,ミッキーチャーム,Northern Dancer,2,5x5,SDSSS|DSSSS,6.25,0.1953125,True
2015105036,プリモシーン,Northern Dancer,3,5x5x5,SDSSS|DSSSS|DDSSS,9.375,0.390625,True
2015104925,ダンサール,Lyphard,2,4x5,SDDS|DDSDS,9.375,0.390625,True
2015101654,アフリカンゴールド,Northern Dancer,2,5x5,SDDSS|DDSSS,6.25,0.1953125,True
2015105075,フィエールマン,Northern Dancer,2,5x5,SDSSS|DSSSS,6.25,0.1953125,True
2012101505,ブラックムーン,Northern Dancer,2,5x5,SSDSS|DSSSS,6.25,0.1953125,True
2012101505,ブラックムーン,Tom Rolfe,2,4x5,SSSDS|DDDS,9.375,0.390625,True
2013102716,マコトガラハッド,Hail to Reason,2,4x4,SSSS|DSSS,12.5,0.78125,True
2013102716,マコトガラハッド,Northern Dancer,2,4x5,SDDSS|DDDS,9.375,0.390625,True
2013102716,マコトガラハッド,Nothirdchance,2,5x5,SSSSD|DSSSD,6.25,0.1953125,True
2013102716,マコトガラハッド,Raise a Native,2,5x5,SDSSS|DDSSS,6.25,0.1953125,True
2013102716,マコトガラハッド,Turn-to,2,5x5,SSSSS|DSSSS,6.25,0.1953125,True
2013105230,ルックトゥワイス,Northern Dancer,2,4x5,SDDSS|DSSS,9.375,0.390625,True
2013105816,コルコバード,Northern Dancer,2,5x5,SDDSS|DSDSS,6.25,0.1953125,True
2013105816,コルコバード,Raise a Native,2,5x5,DSSSS|DDDDS,6.25,0.0,False
2016104778,クラージュゲリエ,Hail to Reason,2,5x5,DSSSS|DDSSS,6.25,0.0,False
2016104778,クラージュゲリエ,Northern Dancer,3,5x5x5,SSDSS|SDSSS|DDDSS,9.375,0.390625,True
2016104778,クラージュゲリエ,Nureyev,2,4x4,SSDS|DDDS,12.5,0.78125,True
2016104778,クラージュゲリエ,Special,2,5x5,SSDSD|DDDSD,6.25,0.1953125,True
2016104854,ワールドプレミア,Northern Dancer,2,4x5,SDSSS|DDSS,9.375,0.390625,True
2016104431,スズカカナロア,Northern Dancer,2,4x5,SDSSS|DDSS,9.375,0.390625,True
2016105011,ペルソナデザイン,Kalamoun,2,5x5,SDSSS|DSDSS,6.25,0.1953125,True
2016105011,ペルソナデザイン,Northern Dancer,2,5x5,SDDSS|DSSSS,6.25,0.1953125,True
2016102396,ブレイキングドーン,Halo,2,4x5,SSSS|SDSDS,9.375,0.0,False
2016102396,ブレイキングドーン,Mr. Prospector,2,4x5,SDSS|DDSSS,9.375,0.390625,True
2016104626,ミッキーブラック,Northern Dancer,2,5x5,SDSSS|DDSSS,6.25,0.1953125,True
2016104495,ショウリュウイクゾ,Halo,2,4x5,SSSS|DDSSS,9.375,0.390625,True
2016104495,ショウリュウイクゾ,Northern Taste,2,4x5,SSDDS|SDDS,9.375,0.0,False
2016104495,ショウリュウイクゾ,Sunday Silence,2,3x4,SSS|DDSS,18.75,1.5625,True
2016104495,ショウリュウイクゾ,Wishing Well,2,4x5,SSSD|DDSSD,9.375,0.390625,True
2015104624,ハッピーグリン,Cosmah,2,5x5,SSDSD|DSSSD,6.25,0.1953125,True
2015104624,ハッピーグリン,Hail to Reason,3,5x5x5,SSDSS|DSSSS|DDSSS,9.375,0.390625,True
2015104624,ハッピーグリン,Halo,2,4x4,SSDS|DSSS,12.5,0.78125,True
2015104624,ハッピーグリン,Nijinsky,2,4x5,DSDSD|DDDS,9.375,0.0,False
2015104624,ハッピーグリン,Northern Dancer,2,5x5,SSSSS|DDDSS,6.25,0.1953125,True
2013105450,マサハヤダイヤ,Northern Dancer,2,5x5,SSSSS|SDDSS,6.25,0.0,False
2013105450,マサハヤダイヤ,Raise a Native,2,5x5,DSSSS|DDDSS,6.25,0.0,False
2014105427,エアウィンザー,Northern Dancer,3,4x5x5,SSDSS|SDSSS|DDSS,12.5,0.78125,True
2011101125,オジュウチョウサン,Hail to Reason,2,4x5,SSSS|DSSSS,9.375,0.390625,True
2016103444,ニシノデイジー,Danzig,2,4x5,SSSS|DDDDS,9.375,0.390625,True
2016103444,ニシノデイジー,Northern Dancer,2,5x5,SSSSS|SDDSS,6.25,0.0,False
2016106594,キングリスティア,Northern Dancer,2,4x5,SDDSS|DSSS,9.375,0.390625,True
2016106594,キングリスティア,Nureyev,2,3x5,SSSDS|DSS,15.625,0.78125,True
2016100550,ヒルノダカール,Halo,2,4x5,SSSS|SDSDS,9.375,0.0,False
2016104505,サートゥルナーリア,Northern Dancer,2,4x5,SDSSS|DDSS,9.375,0.390625,True
2016103498,ハクサンタイヨウ,Alzao,2,3x4,SDS|DDDS,18.75,1.5625,True
2016103498,ハクサンタイヨウ,Hail to Reason,2,4x5,SSSS|DSSSS,9.375,0.390625,True
2016103498,ハクサンタイヨウ,Lady Rebecca,2,4x5,SDSD|DDDSD,9.375,0.390625,True
2016103498,ハクサンタイヨウ,Lyphard,2,4x5,SDSS|DDDSS,9.375,0.390625,True
2016104702,アドマイヤジャスタ,Nearctic,2,5x5,SDSSS|DSSSS,6.25,0.1953125,True
2016104702,アドマイヤジャスタ,Northern Dancer,2,4x5,DSSS|DDDSS,9.375,0.0,False
2016105169,ジャストアジゴロ,Literat,2,5x5,SSDSS|SDSDS,6.25,0.0,False
2016105169,ジャストアジゴロ,Nijinsky,2,5x5,SDSSS|DDDSS,6.25,0.1953125,True
2016105087,マードレヴォイス,Lady Victoria,2,4x5,SDSD|DDDSD,9.375,0.390625,True
2016105087,マードレヴォイス,Northern Dancer,2,4x5,SDSS|DDDSS,9.375,0.390625,True
2016105087,マードレヴォイス,Northern Taste,2,3x4,SDS|DDDS,18.75,1.5625,True
2016105067,ヴァンドギャルド,Northern Dancer,2,5x5,SDSSS|DSSSS,6.25,0.1953125,True
2016106109,タニノドラマ,Graustark,2,4x5,SSDS|SDDDS,9.375,0.0,False
2016100763,コスモカレンドゥラ,Literat,2,5x5,SSDSS|SDSDS,6.25,0.0,False
2016100763,コスモカレンドゥラ,Nijinsky,2,5x5,SDSSS|DSDSD,6.25,0.1953125,True
2014106166,ランガディア,Northern Dancer,3,4x5x5,SSDSS|SDSSS|DDSS,12.5,0.78125,True
2012104685,ヤングマンパワー,Northern Dancer,3,4x5x5,SSSSS|SDDSS|DDSS,12.5,0.78125,True
2016104344,カイザースクルーン,Northern Taste,2,4x5,SDDS|DSDDS,9.375,0.390625,True
2016104851,ヒンドゥタイムズ,Lyphard,2,5x5,SDSDS|DSDSS,6.25,0.1953125,True
2016104851,ヒンドゥタイムズ,Northern Dancer,3,4x5x5,SSSSS|SDDSS|DDSS,12.5,0.78125,True
2016100302,クリスタルバローズ,Cosmah,2,5x5,SSSSD|DSSSD,6.25,0.1953125,True
2016100302,クリスタルバローズ,Hail to Reason,2,5x5,SSSSS|DSSSS,6.25,0.1953125,True
2016100302,クリスタルバローズ,Halo,3,4x4x5,SSSS|SDSDS|DSSS,15.625,1.171875,True
2016100302,クリスタルバローズ,Nijinsky,2,5x5,DSDSS|DDDSS,6.25,0.0,False
2016104650,ランフォザローゼス,Northern Dancer,3,5x5x5,SSDSS|SDSSS|DDDSS,9.375,0.390625,True
2016104711,カテドラル,Northern Dancer,3,5x5x5,SDDSS|DSSSS|DSDSS,9.375,0.390625,True
2016105239,ラストドラフト,Literat,2,5x5,SSDSS|SDSDS,6.25,0.0,False
2016106428,カフジジュピター,Northern Dancer,2,5x5,SDSSS|DDSSS,6.25,0.1953125,True
2016104451,シークレットラン,Mr. Prospector,2,4x5,SSSSS|DSSS,9.375,0.390625,True
2016104451,シークレットラン,Raise a Native,2,5x5,SDDSS|DSSSS,6.25,0.1953125,True
2016103387,ナイママ,Cosmah,2,5x5,SSSSD|SDDSD,6.25,0.0,False
2016103387,ナイママ,Hail to Reason,3,5x5x5,SSSSS|SDDSS|DDSSS,9.375,0.390625,True
2016103387,ナイママ,Halo,2,4x4,SSSS|SDDS,12.5,0.0,False
2016103387,ナイママ,Northern Dancer,2,5x5,DSDSS|DDDSS,6.25,0.0,False
2016100585,リーガルメイン,Hail to Reason,2,5x5,DSSSS|DDSSS,6.25,0.0,False
2016100585,リーガルメイン,Northern Dancer,3,5x5x5,SSSSS|SDDSS|DSDSS,9.375,0.390625,True
2016105206,ダノンラスター,Dixieland Band,2,4x5,DSDDS|DDDS,9.375,0.0,False
2016105206,ダノンラスター,Mr. Prospector,2,5x5,DSDSS|DDSDS,6.25,0.0,False
2016105206,ダノンラスター,Northern Dancer,2,5x5,SDSSS|DDDSS,6.25,0.1953125,True
2014105837,レイズアベール,Goofed,2,5x5,SDDSD|DDSSD,6.25,0.1953125,True
2014105837,レイズアベール,Lyphard,2,4x4,SDDS|DDSS,12.5,0.78125,True
2014105837,レイズアベール,Northern Dancer,3,5x5x5,SDDSS|DSDSS|DDSSS,9.375,0.390625,True
2011103348,ヤマニンエルフィン,Halo,2,3x5,SSS|SDSDS,15.625,0.0,False
2011103348,ヤマニンエルフィン,Northern Dancer,2,4x5,DSSSS|DDSS,9.375,0.0,False
2013100677,ピッツバーグ,Cosmah,2,5x5,SSSSD|SDDSD,6.25,0.0,False
2013100677,ピッツバーグ,Hail to Reason,2,5x5,SSSSS|SDDSS,6.25,0.0,False
2013100677,ピッツバーグ,Halo,2,4x4,SSSS|SDDS,12.5,0.0,False
2013100677,ピッツバーグ,Northern Dancer,2,4x5,DSSS|DDSSS,9.375,0.0,False
2016104921,サトノラディウス,Northern Dancer,3,5x5x5,SDSSS|DSSSS|DDSSS,9.375,0.390625,True
2016100272,ヴァンケドミンゴ,Northern Dancer,2,5x5,SDDSS|DDDSS,6.25,0.1953125,True
2016101770,ラバストーン,Never Bend,2,5x5,DSDSS|DDDSS,6.25,0.0,False
2016102192,メイショウテンゲン,Northern Dancer,3,4x5x5,SDSSS|DSSSS|DDSS,12.5,0.5859375,True
2016104422,アドマイヤマーズ,Halo,3,3x5x5,SSS|DSSDS|DDSDS,18.75,1.5625,True
2016104422,アドマイヤマーズ,Northern Dancer,2,4x5,SDSS|DSDSS,9.375,0.390625,True
2016104659,サトノルークス,Almahmoud,2,5x5,SSSDD|DSSDD,6.25,0.1953125,True
2016104659,サトノルークス,Hail to Reason,2,4x5,SSSS|DSDSS,9.375,0.390625,True
2016104659,サトノルークス,Native Dancer,2,5x5,DSSDS|DDDSS,6.25,0.0,False
2016104659,サトノルークス,Northern Dancer,2,3x5,SDSSS|DSS,15.625,0.78125,True
2016103137,ファンタジスト,Hail to Reason,2,5x5,DSSSS|DDDSS,6.25,0.0,False
2016103137,ファンタジスト,His Majesty,2,5x5,SDDSS|DDSDS,6.25,0.1953125,True
2016103137,ファンタジスト,Northern Dancer,2,5x5,SDSSS|DDSSS,6.25,0.1953125,True
2016102179,ダノンキングリー,Northern Dancer,2,4x5,SDSSS|DSSS,9.375,0.390625,True
2016106252,ランスオブプラーナ,Northern Dancer,2,4x5,SSSS|DDSSS,9.375,0.390625,True
2016104035,ダディーズマインド,Nearctic,2,5x5,SDSSS|DDDSS,6.25,0.1953125,True
2016104035,ダディーズマインド,Northern Dancer,2,4x5,SDSS|DSSSS,9.375,0.390625,True
2016103690,クリノガウディー,Cosmah,2,5x5,SDSSD|DSSSD,6.25,0.1953125,True
2016103690,クリノガウディー,Hail to Reason,3,5x5x5,SSSSS|SDSSS|DSSSS,9.375,0.390625,True
2016103690,クリノガウディー,Halo,2,4x4,SDSS|DSSS,12.5,0.78125,True
2016103690,クリノガウディー,Northern Dancer,3,5x5x5,SSDSS|SDDSS|DDDSS,9.375,0.390625,True
2016103690,クリノガウディー,Northern Taste,2,4x5,SDDS|DDSSS,9.375,0.390625,True
2016100527,タガノディアマンテ,Northern Dancer,2,5x5,SDDSS|DDDSS,6.25,0.1953125,True
2016100527,タガノディアマンテ,Northern Taste,2,4x5,SSDDS|SDDS,9.375,0.0,False
2016100527,タガノディアマンテ,Nureyev,2,4x5,DSSDS|DDDS,9.375,0.0,False
2016104791,シャドウディーヴァ,Northern Dancer,3,5x5x5,SDDSS|DSSSS|DDDSS,9.375,0.390625,True
2016104588,エトワール,Hail to Reason,2,5x5,DSSSS|DDSSS,6.25,0.0,False
2016104588,エトワール,Northern Dancer,2,5x5,SSSSS|SDDSS,6.25,0.0,False
2016104836,ウィクトーリア,Gold Digger,2,5x5,SDSSD|DSSSD,6.25,0.1953125,True
2016104836,ウィクトーリア,Halo,2,4x5,SSSS|SDSDS,9.375,0.0,False
2016104836,ウィクトーリア,Mr. Prospector,3,4x4x5,SDSS|DSSS|DDSSS,15.625,1.171875,True
2016104836,ウィクトーリア,Raise a Native,2,5x5,SDSSS|DSSSS,6.25,0.1953125,True
2016100926,ウインゼノビア,Bold Ruler,2,5x5,DSDDS|DDDSS,6.25,0.0,False
2016100926,ウインゼノビア,Hail to Reason,2,5x5,SSSSS|SDSSS,6.25,0.0,False
2016100926,ウインゼノビア,Lady Victoria,2,4x5,SDDSD|DDSD,9.375,0.390625,True
2016100926,ウインゼノビア,Northern Dancer,4,4x5x5x5,SSDSS|SDDSS|DSSSS|DDSS,15.625,1.171875,True
2016100926,ウインゼノビア,Northern Taste,2,3x4,SDDS|DDS,18.75,1.5625,True
2016103300,アモレッタ,Halo,2,3x5,SSS|DDSDS,15.625,0.78125,True
2016103300,アモレッタ,Northern Dancer,2,5x5,SDSSS|DSSSS,6.25,0.1953125,True
2016103300,アモレッタ,Sir Ivor,2,5x5,SDSDS|DSSDS,6.25,0.1953125,True
2016104622,パッシングスルー,Gold Digger,2,5x5,SSSSD|DDDSD,6.25,0.1953125,True
2016104622,パッシングスルー,Mr. Prospector,2,4x4,SSSS|DDDS,12.5,0.78125,True
2016104622,パッシングスルー,Raise a Native,2,5x5,SSSSS|DDDSS,6.25,0.1953125,True
2016104858,ジョディー,Natalma,2,5x5,SDSSD|DDSSD,6.25,0.1953125,True
2016104858,ジョディー,Nearctic,2,5x5,SDSSS|DDSSS,6.25,0.1953125,True
2016104858,ジョディー,Northern Dancer,2,4x4,SDSS|DDSS,12.5,0.78125,True
2016105276,セラピア,Northern Dancer,2,5x5,SDDSS|DDSSS,6.25,0.1953125,True
2016105276,セラピア,Northern Taste,2,4x5,SSDDS|SDDS,9.375,0.0,False
2016102312,ネリッサ,Lyphard,2,5x5,DSDSS|DDDDS,6.25,0.0,False
2016104649,エアジーン,Halo,2,4x5,DSSS|DDDDS,9.375,0.0,False
2016104649,エアジーン,Northern Dancer,3,4x5x5,SSSSS|SDDSS|DDSS,12.5,0.78125,True
2016104596,フォークテイル,Northern Dancer,3,4x5x5,SDSSS|DSDSS|DDSS,12.5,0.5859375,True
2016104896,イノセントミューズ,Halo,2,4x5,SSSS|SDSDS,9.375,0.0,False
2016104896,イノセントミューズ,Sharpen Up,2,5x5,SSDSS|DDSDS,6.25,0.1953125,True
2016110034,ヴィエナブロー,Danzig,2,4x5,SDDSS|DSSS,9.375,0.390625,True
2016110034,ヴィエナブロー,Mr. Prospector,3,4x5x5,SDSS|DDSDS|DDDSS,12.5,0.78125,True
2016110034,ヴィエナブロー,Northern Dancer,2,4x5,SSSS|DSSSS,9.375,0.390625,True
2016110034,ヴィエナブロー,Razyana,2,4x5,SDDSD|DSSD,9.375,0.390625,True
2016104240,クラサーヴィツァ,Goofed,2,5x5,SDDSD|DDSSD,6.25,0.1953125,True
2016104240,クラサーヴィツァ,Lyphard,2,4x4,SDDS|DDSS,12.5,0.78125,True
2016104240,クラサーヴィツァ,Northern Dancer,3,5x5x5,SDDSS|DSSSS|DDSSS,9.375,0.390625,True
2016100706,レオンドーロ,Hail to Reason,2,5x5,SSSSS|SDSSS,6.25,0.0,False
2016100706,レオンドーロ,Mr. Prospector,2,4x5,DSSS|DDDSS,9.375,0.0,False
2016100706,レオンドーロ,Northern Dancer,2,5x5,SSDSS|SDDSS,6.25,0.0,False
2016104593,フェアリーポルカ,Northern Dancer,2,4x5,SDDSS|DDSS,9.375,0.390625,True
2016104593,フェアリーポルカ,Nureyev,2,3x5,SSSDS|DDS,15.625,0.78125,True
2016104225,アドマイヤスコール,Hail to Reason,2,5x5,SSSSS|DSDDS,6.25,0.1953125,True
2016104225,アドマイヤスコール,Princequillo,2,5x5,DSDSS|DDSSS,6.25,0.0,False
2016104695,リオンリオン,Northern Dancer,2,5x5,SDDSS|DDDSS,6.25,0.1953125,True
2016104695,リオンリオン,Nureyev,2,4x5,SSSDS|DDDS,9.375,0.390625,True
2016105867,セントウル,Northern Dancer,3,5x5x5,SDDSS|DSDSS|DDSSS,9.375,0.390625,True
2016104415,ウーリリ,Halo,3,3x4x5,SSS|DDDS|DDDSS,21.875,2.34375,True
2016104415,ウーリリ,Northern Dancer,2,5x5,SDSSS|DSSSS,6.25,0.1953125,True
2016104990,トーセンカンビーナ,Northern Dancer,3,5x5x5,SDSSS|DDSSS|DDDSS,9.375,0.390625,True
2016104234,ピンシェル,Lady Victoria,2,5x5,SDDSD|DSSSD,6.25,0.1953125,True
2016104234,ピンシェル,Northern Dancer,2,5x5,SDDSS|DSSSS,6.25,0.1953125,True
2016104234,ピンシェル,Northern Taste,2,4x4,SDDS|DSSS,12.5,0.78125,True
2016104397,タイセイモナーク,Mr. Prospector,2,4x5,SSSS|DSDSS,9.375,0.390625,True
2016104397,タイセイモナーク,Northern Dancer,2,5x5,SDDSS|DDDSS,6.25,0.1953125,True
2016104291,ディバインフォース,Mr. Prospector,2,4x5,SSSS|DSDSS,9.375,0.390625,True
2016104291,ディバインフォース,Northern Dancer,2,4x5,SDSS|DDSSS,9.375,0.390625,True
2016104549,カウディーリョ,Northern Dancer,2,5x5,SSDSS|SDSSS,6.25,0.0,False
2016104549,カウディーリョ,Raise a Native,2,4x5,SSSS|DDDSS,9.375,0.390625,True
2016106022,アルママ,Cosmah,2,5x5,SSSSD|DDSSD,6.25,0.1953125,True
2016106022,アルママ,Hail to Reason,2,5x5,SSSSS|DDSSS,6.25,0.1953125,True
2016106022,アルママ,Halo,2,4x4,SSSS|DDSS,12.5,0.78125,True
2016106022,アルママ,Mountain Flower,2,5x5,SSSDD|DDSDD,6.25,0.1953125,True
2016106022,アルママ,Northern Taste,2,4x5,SSDDS|SDDS,9.375,0.0,False
2016106022,アルママ,Sunday Silence,2,3x3,SSS|DDS,25.0,3.125,True
2016106022,アルママ,Understanding,2,5x5,SSSDS|DDSDS,6.25,0.1953125,True
2016106022,アルママ,Wishing Well,2,4x4,SSSD|DDSD,12.5,0.78125,True
2016106022,アルママ,リマンド,2,5x5,SDSDS|DDDDS,6.25,0.1953125,True
2016104623,マコトジュズマル,Lyphard,2,4x5,SDSDS|DDSS,9.375,0.390625,True
2016104623,マコトジュズマル,Northern Dancer,3,5x5x5,SSSSS|SDDSS|DDSSS,9.375,0.390625,True
2016104907,バラックパリンカ,Literat,2,5x5,SSDSS|SDSDS,6.25,0.0,False
2016104907,バラックパリンカ,Northern Dancer,2,5x5,SDDSS|DSDSS,6.25,0.1953125,True
2016104720,キタサンバルカン,Halo,2,4x5,DSSS|DDSDS,9.375,0.0,False
2016104720,キタサンバルカン,Mr. Prospector,2,4x5,SSSS|DDDSS,9.375,0.390625,True
2015104677,ロシュフォール,Northern Dancer,4,5x5x5x5,SSDSS|SDSSS|DSSSS|DDDSS,12.5,0.78125,True
2015104773,メールドグラース,Northern Dancer,2,4x5,SDDSS|DDSS,9.375,0.390625,True
2015104773,メールドグラース,Nureyev,2,3x5,SSSDS|DDS,15.625,0.78125,True
2016106292,オールイズウェル,Kingmambo,2,3x4,SSS|DDSS,18.75,1.5625,True
2016106292,オールイズウェル,Miesque,2,4x5,SSSD|DDSSD,9.375,0.390625,True
2016106292,オールイズウェル,Mr. Prospector,3,4x5x5,SSSS|DSDSS|DDSSS,12.5,0.78125,True
2016106065,ロジャーバローズ,Goofed,2,5x5,SDSSD|DDSSD,6.25,0.1953125,True
2016106065,ロジャーバローズ,Lyphard,3,3x4x4,SDSS|DDS|DDSS,25.0,2.34375,True
2016106065,ロジャーバローズ,Northern Dancer,3,4x5x5,SDSSS|DSSS|DDSSS,12.5,0.5859375,True
2016104268,ハバナウインド,Northern Dancer,3,5x5x5,SSSSS|SDDSS|DDSSS,9.375,0.390625,True
2016104682,フランクリン,Hail to Reason,2,4x4,SSSS|DSSS,12.5,0.78125,True
2016104682,フランクリン,Northern Dancer,2,5x5,SDSSS|DDDSS,6.25,0.1953125,True
2016104682,フランクリン,Nothirdchance,2,5x5,SSSSD|DSSSD,6.25,0.1953125,True
2016104682,フランクリン,Turn-to,2,5x5,SSSSS|DSSSS,6.25,0.1953125,True
2016104222,トーセンスカイ,Hail to Reason,2,5x5,SSSSS|DSDDS,6.25,0.1953125,True
2016104222,トーセンスカイ,Lyphard,2,5x5,SSDSS|SDSDS,6.25,0.0,False
2016104222,トーセンスカイ,Northern Dancer,2,4x5,SDDSS|DSSS,9.375,0.390625,True
2016104222,トーセンスカイ,Raise a Native,2,5x5,SDSSS|DSDSS,6.25,0.1953125,True
2016105292,レッドジェニアル,Gold Digger,2,4x5,SSSD|DDSSD,9.375,0.390625,True
2016105292,レッドジェニアル,Mr. Prospector,2,3x4,SSS|DDSS,18.75,1.5625,True
2016105292,レッドジェニアル,Northern Dancer,2,5x5,SSDSS|SDSSS,6.25,0.0,False
2016105292,レッドジェニアル,Raise a Native,2,4x5,SSSS|DDSSS,9.375,0.390625,True
2016110024,ヒーリングマインド,Graustark,2,4x5,SSDS|SDDDS,9.375,0.0,False
2016100915,モズベッロ,Cosmah,2,5x5,SSSSD|DDSSD,6.25,0.1953125,True
2016100915,モズベッロ,Hail to Reason,2,5x5,SSSSS|DDSSS,6.25,0.1953125,True
2016100915,モズベッロ,Halo,3,4x4x5,SSSS|DSSDS|DDSS,15.625,1.171875,True
2016104750,クロノジェネシス,Gold Digger,2,5x5,SDDSD|DDDSD,6.25,0.1953125,True
2016104750,クロノジェネシス,Halo,2,4x5,SDDDS|DDSS,9.375,0.390625,True
2016104750,クロノジェネシス,Mr. Prospector,2,4x4,SDDS|DDDS,12.5,0.78125,True
2016104750,クロノジェネシス,Raise a Native,2,5x5,SDDSS|DDDSS,6.25,0.1953125,True
2016104880,コントラチェック,Northern Dancer,2,4x5,SDSSS|DDSS,9.375,0.390625,True
2016105068,シェーングランツ,Northern Dancer,2,5x5,SDSSS|DDDSS,6.25,0.1953125,True
2016104310,エールヴォア,Halo,2,4x5,SSSS|SDSDS,9.375,0.0,False
2016104899,アクアミラビリス,Halo,2,4x5,SSSS|SDSDS,9.375,0.0,False
2016104899,アクアミラビリス,Riverman,2,4x5,DSDDS|DDDS,9.375,0.0,False
2016104867,ダノンファンタジー,Lyphard,2,4x5,SDSS|DDDSS,9.375,0.390625,True
2016105089,カレンブーケドール,Mr. Prospector,2,4x5,DSDS|DDSSS,9.375,0.0,False
2016102775,シゲルピンクダイヤ,Natalma,2,5x5,SDSSD|DSSSD,6.25,0.1953125,True
2016102775,シゲルピンクダイヤ,Nearctic,2,5x5,SDSSS|DSSSS,6.25,0.1953125,True
2016102775,シゲルピンクダイヤ,Northern Dancer,3,4x4x5,SDSS|DSSS|DDDSS,15.625,1.171875,True
2016104648,ラヴズオンリーユー,Northern Dancer,3,4x5x5,SDSSS|DSSS|DDDSS,12.5,0.5859375,True
2016106064,ノーワン,Hail to Reason,2,4x5,SSSS|DSDDS,9.375,0.390625,True
2016106064,ノーワン,Natalma,2,5x5,DSSSD|DDSSD,6.25,0.0,False
2016106064,ノーワン,Nearctic,2,5x5,DSSSS|DDSSS,6.25,0.0,False
2016106064,ノーワン,Northern Dancer,3,4x4x5,SDDSS|DSSS|DDSS,15.625,0.78125,True
2016104829,ビーチサンバ,Raise a Native,2,4x5,DDSS|DDDDS,9.375,0.0,False
2016102189,メイショウショウブ,Halo,2,3x5,SSS|DDSDS,15.625,0.78125,True
2016104604,フィリアプーラ,Northern Dancer,3,5x5x5,SSSSS|SDDSS|DDDSS,9.375,0.390625,True
2016103962,ヴィント,Hail to Reason,2,5x5,DSSSS|DDSSS,6.25,0.0,False
2016103962,ヴィント,Northern Dancer,2,5x5,SDSSS|DSDSS,6.25,0.1953125,True
2016103962,ヴィント,Roberto,2,4x5,DSSS|DDDSS,9.375,0.0,False
2016101814,エメラルファイト,Northern Dancer,3,5x5x5,SSSSS|DDSSS|DDDDS,9.375,0.390625,True
2016100723,マイネルサーパス,Danzig,3,4x5x5,SSSD|SSSDS|SDSDS,12.5,0.0,False
2016100723,マイネルサーパス,Mr. Prospector,2,5x5,SSSSS|SSDSS,6.25,0.0,False
2015104689,アイスバブル,Mr. Prospector,2,4x5,DSSS|DDSSS,9.375,0.0,False
2014102894,パリンジェネシス,Charlottesville,2,5x5,SDSDS|DSDSS,6.25,0.1953125,True
2014102894,パリンジェネシス,Northern Dancer,2,4x5,SSSS|DSSSS,9.375,0.390625,True
2015104656,センテリュオ,Mr. Prospector,2,4x5,DSSS|DDDSS,9.375,0.0,False
2015104656,センテリュオ,Northern Dancer,3,4x5x5,SDSSS|DSDSS|DDSS,12.5,0.5859375,True
2014105053,チカノワール,Northern Dancer,4,5x5x5x5,SSSSS|SDDSS|DSDSS|DDDSS,12.5,0.78125,True
2015104163,アドラータ,Northern Dancer,2,4x5,SDDSS|DSSS,9.375,0.390625,True
2015104163,アドラータ,Northern Taste,2,4x5,SSDDS|SDDS,9.375,0.0,False
2011103836,ベルキャニオン,Northern Dancer,3,5x5x5,SDSSS|DSSSS|DDSSS,9.375,0.390625,True
2014101558,レッドローゼス,Mr. Prospector,2,5x5,DSDSS|DDDDS,6.25,0.0,False
2014101558,レッドローゼス,Northern Dancer,2,4x5,SDDSS|DSSS,9.375,0.390625,True
2013103934,カルヴァリオ,Never Bend,2,5x5,SDDDS|DSDSS,6.25,0.1953125,True
2013105872,アーバンキッド,Northern Dancer,2,4x5,SDDSS|DDSS,9.375,0.390625,True
2015103452,ゴールドギア,Mr. Prospector,2,4x5,SSSS|DSDSS,9.375,0.390625,True
2015103452,ゴールドギア,Northern Dancer,2,5x5,SDSSS|DDDSS,6.25,0.1953125,True
2015101636,アイスストーム,Gold Digger,2,4x5,SSSD|SDDSD,9.375,0.0,False
2015101636,アイスストーム,Hail to Reason,2,4x5,SSDSS|DSSS,9.375,0.390625,True
2015101636,アイスストーム,Mr. Prospector,3,3x4x5,SSS|SDDS|DDDSS,21.875,1.171875,True
2015101636,アイスストーム,Nashua,2,5x5,SSSDS|DSSDS,6.25,0.1953125,True
2015101636,アイスストーム,Natalma,2,5x5,SSDDD|SDSSD,6.25,0.0,False
2015101636,アイスストーム,Nearctic,2,5x5,SDSSS|DSDDS,6.25,0.1953125,True
2015101636,アイスストーム,Northern Dancer,2,4x5,SDSS|DDSSS,9.375,0.390625,True
2015101636,アイスストーム,Raise a Native,2,4x5,SSSS|SDDSS,9.375,0.0,False
2012102157,シャイニービーム,Mr. Prospector,2,3x5,SDDSS|DDS,15.625,0.78125,True
2012102157,シャイニービーム,Northern Dancer,2,4x5,SSDSS|SDSS,9.375,0.0,False
2012102157,シャイニービーム,Turn-to,2,5x5,DSSSS|DDDSS,6.25,0.0,False
2013102273,エイシンティンクル,Northern Dancer,2,4x5,SDSSS|DSSS,9.375,0.390625,True
2013105535,サトノキングダム,Goofed,2,5x5,SDSSD|DDSSD,6.25,0.1953125,True
2013105535,サトノキングダム,Lyphard,2,4x4,SDSS|DDSS,12.5,0.78125,True
2013105535,サトノキングダム,Northern Dancer,2,5x5,SDSSS|DDSSS,6.25,0.1953125,True
2013105900,アクート,Northern Taste,2,4x5,SDDS|DDDDS,9.375,0.390625,True
2015104188,カヴァル,Mr. Prospector,2,4x5,SSSS|DDSDS,9.375,0.390625,True
2016104462,クールウォーター,Northern Dancer,3,5x5x5,SDSSS|DSSSS|DDSSS,9.375,0.390625,True
2016104523,スパークオブライフ,Nureyev,2,5x5,SSSDS|DDDDS,6.25,0.1953125,True
2016104671,レッドベルディエス,Northern Dancer,2,5x5,SDSSS|DDSSS,6.25,0.1953125,True
2016103825,トーセンガーネット,Northern Dancer,2,5x5,SDSSS|DDDSS,6.25,0.1953125,True
2016104736,グラディーヴァ,Lyphard,2,5x5,SDSDS|DSDSS,6.25,0.1953125,True
2016104736,グラディーヴァ,Northern Dancer,2,5x5,SSSSS|SDDSS,6.25,0.0,False
2016105431,ウエスタンランポ,Northern Dancer,2,5x5,SSSSS|DSDSS,6.25,0.1953125,True
2016110141,メイクハッピー,Raise a Native,2,4x5,SSSS|DDSDS,9.375,0.390625,True
2016110141,メイクハッピー,Smartaire,2,5x5,SSDSD|SDDSD,6.25,0.0,False
2016104262,アップライトスピン,Danzig,2,3x4,DSD|DSDS,18.75,0.0,False
2016104262,アップライトスピン,Northern Dancer,2,5x5,SDSSS|DSDSS,6.25,0.1953125,True
2016104772,ザダル,Gold Digger,2,5x5,SDSSD|DSSSD,6.25,0.1953125,True
2016104772,ザダル,Hail to Reason,2,5x5,SSSSS|DDDSS,6.25,0.1953125,True
2016104772,ザダル,Lyphard,2,5x5,SSDSS|SDSDS,6.25,0.0,False
2016104772,ザダル,Mr. Prospector,2,4x4,SDSS|DSSS,12.5,0.78125,True
2016104772,ザダル,Raise a Native,2,5x5,SDSSS|DSSSS,6.25,0.1953125,True
2016103463,マテリアルワールド,Derring-Do,2,5x5,SSDSS|DDDSS,6.25,0.1953125,True
2016103463,マテリアルワールド,Natalma,2,5x5,SSSSD|DDSSD,6.25,0.1953125,True
2016103463,マテリアルワールド,Nearctic,2,5x5,SSSSS|DDSSS,6.25,0.1953125,True
2016103463,マテリアルワールド,Northern Dancer,4,4x4x5x5,SSSS|SDSSS|DSDSS|DDSS,18.75,1.7578125,True
2016100981,ミューチャリー,Mr. Prospector,2,4x5,SSDS|DDDDS,9.375,0.390625,True
2016100981,ミューチャリー,Roberto,2,3x5,DSS|DDSDS,15.625,0.0,False
2016101209,オセアグレイト,Northern Dancer,3,4x5x5,SDDSS|DSDSS|DDSS,12.5,0.5859375,True
2016101209,オセアグレイト,Northern Taste,2,4x5,SSDDS|SDDS,9.375,0.0,False
2016104629,エングレーバー,Hail to Reason,2,5x5,SSSSS|DSSSS,6.25,0.1953125,True
2016104629,エングレーバー,Northern Taste,2,4x5,SSDDS|SDDS,9.375,0.0,False
2016102362,エターナルヴィテス,Halo,2,4x5,SDSS|DSDSS,9.375,0.390625,True
2016102362,エターナルヴィテス,Mr. Prospector,2,4x5,SSSS|DSSSS,9.375,0.390625,True
2016102362,エターナルヴィテス,Nureyev,2,4x5,SSSDS|SDDS,9.375,0.0,False
2016102362,エターナルヴィテス,Sunday Silence,2,3x4,SDS|DSDS,18.75,1.5625,True
2016102362,エターナルヴィテス,Wishing Well,2,4x5,SDSD|DSDSD,9.375,0.390625,True
2016105093,アトミックフォース,Raise a Native,2,4x5,SSSSS|DDSS,9.375,0.390625,True
2016105367,ルヴォルグ,Northern Dancer,2,5x5,SDSSS|DSSSS,6.25,0.1953125,True
2016105367,ルヴォルグ,Sir Ivor,2,5x5,SDSDS|DSSDS,6.25,0.1953125,True
2015105742,トニーファイブ,Hoist the Flag,2,5x5,DSDSS|DDSDS,6.25,0.0,False
2015105742,トニーファイブ,Mr. Prospector,2,4x5,DSSS|DDSSS,9.375,0.0,False
2015105742,トニーファイブ,Nijinsky,2,5x5,SSDSS|DDDSS,6.25,0.1953125,True
2016100269,ジョウショームード,Cosmah,2,5x5,SDSSD|DSSSD,6.25,0.1953125,True
2016100269,ジョウショームード,Hail to Reason,2,5x5,SDSSS|DSSSS,6.25,0.1953125,True
2016100269,ジョウショームード,Halo,2,4x4,SDSS|DSSS,12.5,0.78125,True
2016100269,ジョウショームード,Mountain Flower,2,5x5,SDSDD|DSSDD,6.25,0.1953125,True
2016100269,ジョウショームード,Mr. Prospector,2,4x5,SSSS|DDSSS,9.375,0.390625,True
2016100269,ジョウショームード,Sunday Silence,2,3x3,SDS|DSS,25.0,3.125,True
2016100269,ジョウショームード,Understanding,2,5x5,SDSDS|DSSDS,6.25,0.1953125,True
2016100269,ジョウショームード,Wishing Well,2,4x4,SDSD|DSSD,12.5,0.78125,True
2016110103,ユニコーンライオン,Mr. Prospector,2,4x5,SSDS|SDSSS,9.375,0.0,False
2016110103,ユニコーンライオン,Natalma,2,5x5,DSSSD|DDSSD,6.25,0.0,False
2016110103,ユニコーンライオン,Nearctic,2,5x5,DSSSS|DDSSS,6.25,0.0,False
2016110103,ユニコーンライオン,Northern Dancer,3,4x4x5,SDDDS|DSSS|DDSS,15.625,0.78125,True
2016105272,シフルマン,Northern Dancer,3,4x5x5,SSSSS|SDDSS|DDSS,12.5,0.78125,True
2015104649,シルヴァンシャー,Lyphard,2,4x5,SDSS|DSDSS,9.375,0.390625,True
2015104649,シルヴァンシャー,Northern Dancer,2,5x5,SDSSS|DDDSS,6.25,0.1953125,True
2016104839,ブランノワール,Gold Digger,2,5x5,SSSSD|DDSSD,6.25,0.1953125,True
2016104839,ブランノワール,Halo,2,4x5,DSDS|DDSDS,9.375,0.0,False
2016104839,ブランノワール,Mr. Prospector,2,4x4,SSSS|DDSS,12.5,0.78125,True
2016104839,ブランノワール,Northern Dancer,2,5x5,SDSSS|DSSSS,6.25,0.1953125,True
2016104839,ブランノワール,Raise a Native,2,5x5,SSSSS|DDSSS,6.25,0.1953125,True
2016104029,トゥーフラッシー,Sir Ivor,2,4x5,SDSDS|DDDS,9.375,0.390625,True
2016105230,レッドアネモス,Gold Digger,2,5x5,SDSSD|DDDSD,6.25,0.1953125,True
2016105230,レッドアネモス,Halo,2,4x5,SSSS|SDSDS,9.375,0.0,False
2016105230,レッドアネモス,Mr. Prospector,2,4x4,SDSS|DDDS,12.5,0.78125,True
2016105230,レッドアネモス,Northern Dancer,2,5x5,DSDSS|DDSSS,6.25,0.0,False
2016105230,レッドアネモス,Raise a Native,2,5x5,SDSSS|DDDSS,6.25,0.1953125,True
2016105101,サトノダムゼル,Goofed,2,5x5,SDSSD|DDSSD,6.25,0.1953125,True
2016105101,サトノダムゼル,Lyphard,2,4x4,SDSS|DDSS,12.5,0.78125,True
2016105101,サトノダムゼル,Northern Dancer,2,5x5,SDSSS|DDSSS,6.25,0.1953125,True
2016104514,エスポワール,Hail to Reason,2,5x5,SSSSS|DSSSS,6.25,0.1953125,True
2016104514,エスポワール,Northern Dancer,2,5x5,SDDSS|DDDSS,6.25,0.1953125,True
2016104514,エスポワール,Northern Taste,2,4x5,SSDDS|SDDS,9.375,0.0,False
2016105051,シングフォーユー,Hail to Reason,2,5x5,SSSSS|DSSSS,6.25,0.1953125,True
2016105051,シングフォーユー,Nearctic,2,5x5,SDSSS|DDSSS,6.25,0.1953125,True
2016105051,シングフォーユー,Roberto,2,4x5,DSSS|DDDSS,9.375,0.0,False
2016104668,カリボール,Nearctic,2,5x5,SDSSS|DDSSS,6.25,0.1953125,True
2016104668,カリボール,Northern Dancer,2,4x5,DSDSS|DDSS,9.375,0.0,False
2016104656,ヒシゲッコウ,Northern Dancer,2,4x5,SDDSS|DSSS,9.375,0.390625,True
2016105526,メロディーレーン,Northern Dancer,3,5x5x5,SDDSS|DSSSS|DDDSS,9.375,0.390625,True
2016105526,メロディーレーン,Northern Taste,2,4x5,SSDDS|SDDS,9.375,0.0,False
2016104816,ホウオウサーベル,Lyphard,2,4x5,SDDS|DDSDS,9.375,0.390625,True
2015100344,ケイアイノーテック,Northern Dancer,2,4x5,SDSSS|DDSS,9.375,0.390625,True
2015105008,タイセイトレイル,Hail to Reason,2,4x5,SSSS|DSSSS,9.375,0.390625,True
2015105008,タイセイトレイル,Northern Dancer,2,5x5,SDDSS|DDSSS,6.25,0.1953125,True
2014102146,リリックドラマ,Cosmah,2,4x5,SSSD|DSDSD,9.375,0.390625,True
2014102146,リリックドラマ,Hail to Reason,2,4x5,SSSS|DSDSS,9.375,0.390625,True
2014102146,リリックドラマ,Halo,2,3x4,SSS|DSDS,18.75,1.5625,True
2014102146,リリックドラマ,Northern Dancer,3,5x5x5,SDDSS|DSSSS|DDSSS,9.375,0.390625,True
2015104921,アロハリリー,Lyphard,2,4x5,SDDS|DDDSS,9.375,0.390625,True
2015104921,アロハリリー,Northern Dancer,2,5x5,SDDSS|DDSSS,6.25,0.1953125,True
2014100616,ブライトムーン,Hail to Reason,2,5x5,DSSSS|DDSSS,6.25,0.0,False
2015104834,ポンデザール,Mr. Prospector,2,4x5,DSSS|DDSSS,9.375,0.0,False
2015104834,ポンデザール,Northern Dancer,2,5x5,SDDSS|DSDSS,6.25,0.1953125,True
2015104834,ポンデザール,Sir Ivor,2,5x5,DSDDS|DDSDS,6.25,0.0,False
2014105249,アルメリアブルーム,Cosmah,2,5x5,SSSSD|DSSSD,6.25,0.1953125,True
2014105249,アルメリアブルーム,Hail to Reason,2,5x5,SSSSS|DSSSS,6.25,0.1953125,True
2014105249,アルメリアブルーム,Halo,2,4x4,SSSS|DSSS,12.5,0.78125,True
2014105249,アルメリアブルーム,Mountain Flower,2,5x5,SSSDD|DSSDD,6.25,0.1953125,True
2014105249,アルメリアブルーム,Northern Taste,2,4x5,SSDDS|SDDS,9.375,0.0,False
2014105249,アルメリアブルーム,Sharpen Up,2,5x5,DSDSS|DDSDS,6.25,0.0,False
2014105249,アルメリアブルーム,Sunday Silence,2,3x3,SSS|DSS,25.0,3.125,True
2014105249,アルメリアブルーム,Understanding,2,5x5,SSSDS|DSSDS,6.25,0.1953125,True
2014105249,アルメリアブルーム,Wishing Well,2,4x4,SSSD|DSSD,12.5,0.78125,True
2015101465,ミスマンマミーア,Graustark,2,4x5,SSDS|SDDDS,9.375,0.0,False
2015101465,ミスマンマミーア,Hail to Reason,2,4x4,SSSS|DSSS,12.5,0.78125,True
2015101465,ミスマンマミーア,Nothirdchance,2,5x5,SSSSD|DSSSD,6.25,0.1953125,True
2015101465,ミスマンマミーア,Turn-to,2,5x5,SSSSS|DSSSS,6.25,0.1953125,True
2017101146,トウカイデュエル,Hail to Reason,2,5x5,SSSSS|DDSSS,6.25,0.1953125,True
2017105972,ヴァルナ,Hail to Reason,2,5x5,SSSSS|DSSSS,6.25,0.1953125,True
2017105972,ヴァルナ,Halo,2,4x5,SDSSS|DSSS,9.375,0.390625,True
2017105972,ヴァルナ,Northern Dancer,3,4x5x5,SDDSS|DSDSS|DDSS,12.5,0.5859375,True
2017105972,ヴァルナ,Sunday Silence,2,3x4,SDSS|DSS,18.75,1.5625,True
2017105972,ヴァルナ,Wishing Well,2,4x5,SDSSD|DSSD,9.375,0.390625,True
2017102699,ジャストナウ,Halo,2,4x5,SSSS|DSDSS,9.375,0.390625,True
2017102699,ジャストナウ,Sunday Silence,2,3x4,SSS|DSDS,18.75,1.5625,True
2017102699,ジャストナウ,Wishing Well,2,4x5,SSSD|DSDSD,9.375,0.390625,True
2017103839,ロールオブサンダー,Halo,2,5x5,SDSSS|DSDSS,6.25,0.1953125,True
2017103839,ロールオブサンダー,Mr. Prospector,2,4x5,DSSSS|DDSS,9.375,0.0,False
2017103839,ロールオブサンダー,Sunday Silence,2,4x4,SDSS|DSDS,12.5,0.78125,True
2017103839,ロールオブサンダー,Wishing Well,2,5x5,SDSSD|DSDSD,6.25,0.1953125,True
2017105329,インザムード,Literat,2,5x5,SSDSS|SDSDS,6.25,0.0,False
2017105329,インザムード,Northern Dancer,2,5x5,SDDSS|DDDSS,6.25,0.1953125,True
2017105329,インザムード,Nureyev,2,4x5,DSSDS|DDDS,9.375,0.0,False
2017102017,ショウナンバレリオ,Hail to Reason,2,5x5,SSSSS|DSSSS,6.25,0.1953125,True
2017102017,ショウナンバレリオ,Halo,2,4x5,SDSSS|DSSS,9.375,0.390625,True
2017102017,ショウナンバレリオ,Northern Dancer,2,5x5,SDDSS|DSDSS,6.25,0.1953125,True
2017102017,ショウナンバレリオ,Sunday Silence,2,3x4,SDSS|DSS,18.75,1.5625,True
2017102017,ショウナンバレリオ,Wishing Well,2,4x5,SDSSD|DSSD,9.375,0.390625,True
2017105434,マイラプソディ,Northern Dancer,2,5x5,SDDSS|DSSSS,6.25,0.1953125,True
2017103793,ヒシタイザン,Hail to Reason,2,4x5,SSSSS|DSSS,9.375,0.390625,True
2017103793,ヒシタイザン,Lyphard,2,5x5,SSDSS|DDSSS,6.25,0.1953125,True
2014103040,エイシンクリック,Lady Victoria,2,4x5,SDDSD|DDSD,9.375,0.390625,True
2014103040,エイシンクリック,Northern Dancer,2,4x5,SDDSS|DDSS,9.375,0.390625,True
2014103040,エイシンクリック,Northern Taste,2,3x4,SDDS|DDS,18.75,1.5625,True
2014103040,エイシンクリック,Nureyev,2,5x5,SSSDS|DDDDS,6.25,0.1953125,True
2014103156,ベイビーステップ,Cosmah,2,4x5,SSSD|DSSSD,9.375,0.390625,True
2014103156,ベイビーステップ,Hail to Reason,2,4x5,SSSS|DSSSS,9.375,0.390625,True
2014103156,ベイビーステップ,Halo,2,3x4,SSS|DSSS,18.75,1.5625,True
2014103156,ベイビーステップ,Northern Dancer,2,5x5,SDSSS|DSDSS,6.25,0.1953125,True
2012103405,ベステンダンク,Cosmah,2,4x5,SSSD|DSSSD,9.375,0.390625,True
2012103405,ベステンダンク,Flaming Page,2,5x5,SDSSD|DDDSD,6.25,0.1953125,True
2012103405,ベステンダンク,Hail to Reason,2,4x5,SSSS|DSSSS,9.375,0.390625,True
2012103405,ベステンダンク,Halo,2,3x4,SSS|DSSS,18.75,1.5625,True
2012103405,ベステンダンク,Nijinsky,3,4x4x5,SDSS|DSDSS|DDDS,15.625,1.171875,True
2012103405,ベステンダンク,Northern Dancer,2,5x5,SDSSS|DDDSS,6.25,0.1953125,True
2016101163,ロードマイウェイ,Severn Bridge,2,4x5,SSDSD|DSSD,9.375,0.390625,True
2016101163,ロードマイウェイ,Tony Bin,2,3x4,SSDS|DSS,18.75,1.5625,True
2016101163,ロードマイウェイ,カンパラ,2,4x5,SSDSS|DSSS,9.375,0.390625,True
2014102157,テリトーリアル,Halo,2,5x5,DSSDS|DDDDS,6.25,0.0,False
2014102157,テリトーリアル,Mr. Prospector,2,4x5,SSDSS|DSSS,9.375,0.390625,True
2014102157,テリトーリアル,Northern Dancer,2,4x5,SSSS|SDSSS,9.375,0.0,False
2014103266,メイショウエイコウ,Nijinsky,2,4x5,SDDDS|DDSS,9.375,0.390625,True
2014103266,メイショウエイコウ,Northern Dancer,4,5x5x5x5,SSDSS|SDSSS|DSDSS|DDSSS,12.5,0.78125,True
2014103266,メイショウエイコウ,South Ocean,2,5x5,SSDSD|SDSSD,6.25,0.0,False
2014103266,メイショウエイコウ,Storm Bird,2,4x4,SSDS|SDSS,12.5,0.0,False
2017105973,ブラックホール,Halo,2,4x5,SSSS|DDSSS,9.375,0.390625,True
2017105973,ブラックホール,Northern Taste,2,4x5,SSDDS|DDDS,9.375,0.390625,True
2017105973,ブラックホール,Sunday Silence,2,3x4,SSS|DDSS,18.75,1.5625,True
2017105973,ブラックホール,Wishing Well,2,4x5,SSSD|DDSSD,9.375,0.390625,True
2017101835,コントレイル,Fappiano,2,4x5,DSSS|DDDDS,9.375,0.0,False
2017104906,ブルーミングスカイ,Northern Dancer,4,4x5x5x5,SDSSS|DSSS|DDSSS|DDDSS,15.625,0.78125,True
2017102833,ガロアクリーク,Goofed,2,5x5,SDDSD|DDDSD,6.25,0.1953125,True
2017102833,ガロアクリーク,Lyphard,2,4x4,SDDS|DDDS,12.5,0.78125,True
2017102833,ガロアクリーク,Northern Dancer,3,5x5x5,SDDSS|DSDSS|DDDSS,9.375,0.390625,True
2017105567,ヴェルトライゼンデ,Northern Dancer,2,4x5,SDDSS|DDSS,9.375,0.390625,True
2017105567,ヴェルトライゼンデ,Northern Taste,2,4x5,SSDDS|SDDS,9.375,0.0,False
2017104700,ナリノモンターニュ,Gold Digger,2,5x5,SDSSD|DSSSD,6.25,0.1953125,True
2017104700,ナリノモンターニュ,Halo,2,4x5,SSSS|SDSDS,9.375,0.0,False
2017104700,ナリノモンターニュ,Mr. Prospector,2,4x4,SDSS|DSSS,12.5,0.78125,True
2017104700,ナリノモンターニュ,Northern Dancer,2,5x5,DSDSS|DDDSS,6.25,0.0,False
2017104700,ナリノモンターニュ,Raise a Native,2,5x5,SDSSS|DSSSS,6.25,0.1953125,True
2017105422,ワーケア,Nijinsky,2,5x5,DDSSS|DDDSS,6.25,0.0,False
2017105422,ワーケア,Northern Dancer,2,5x5,SDDSS|DSSSS,6.25,0.1953125,True
2017109010,クリノブレーヴ,Halo,2,4x5,SSSS|DSDDS,9.375,0.390625,True
2017109010,クリノブレーヴ,Lyphard,2,3x5,SDDSS|DDS,15.625,0.78125,True
2017109010,クリノブレーヴ,Northern Dancer,2,4x5,DSDSS|DDSS,9.375,0.0,False
2017106711,パンサラッサ,Northern Dancer,2,4x5,SDSSS|DSSS,9.375,0.390625,True
2017104232,ディアセオリー,Northern Dancer,2,5x5,SDDSS|DDSSS,6.25,0.1953125,True
2017105649,オーソリティ,Hail to Reason,2,5x5,SSSSS|DSSSS,6.25,0.1953125,True
2017105649,オーソリティ,Halo,2,4x5,SSSS|DDSSS,9.375,0.390625,True
2017105649,オーソリティ,Northern Dancer,2,5x5,SDDSS|DDDSS,6.25,0.1953125,True
2017105649,オーソリティ,Northern Taste,2,4x5,SSDDS|SDDS,9.375,0.0,False
2017105649,オーソリティ,Sunday Silence,2,3x4,SSS|DDSS,18.75,1.5625,True
2017105649,オーソリティ,Wishing Well,2,4x5,SSSD|DDSSD,9.375,0.390625,True
2017104614,ラグビーボーイ,Raise a Native,2,5x5,SSSSS|DDDSS,6.25,0.1953125,True
2014102617,アンノートル,Danzig,3,4x5x5,SSSD|SSSDS|SDSDS,12.5,0.0,False
2014102617,アンノートル,Hail to Reason,2,5x5,DSSSS|DDSSS,6.25,0.0,False
2014102617,アンノートル,Mr. Prospector,2,5x5,SSSSS|SSDSS,6.25,0.0,False
2014102617,アンノートル,Roberto,2,4x5,SDSSS|DDSS,9.375,0.390625,True
2016105136,サヴォワールエメ,Natalma,2,5x5,SDSSD|DDDSD,6.25,0.1953125,True
2016105136,サヴォワールエメ,Nearctic,2,5x5,SDSSS|DDDSS,6.25,0.1953125,True
2016105136,サヴォワールエメ,Northern Dancer,3,4x4x5,SDSS|DSSSS|DDDS,15.625,1.171875,True
2015103392,モルフェオルフェ,Cosmah,2,5x5,SSSSD|DDSSD,6.25,0.1953125,True
2015103392,モルフェオルフェ,Hail to Reason,2,5x5,SSSSS|DDSSS,6.25,0.1953125,True
2015103392,モルフェオルフェ,Halo,2,4x4,SSSS|DDSS,12.5,0.78125,True
2015103392,モルフェオルフェ,Mountain Flower,2,5x5,SSSDD|DDSDD,6.25,0.1953125,True
2015103392,モルフェオルフェ,Northern Taste,2,4x5,SSDDS|SDDS,9.375,0.0,False
2015103392,モルフェオルフェ,Sunday Silence,2,3x3,SSS|DDS,25.0,3.125,True
2015103392,モルフェオルフェ,Understanding,2,5x5,SSSDS|DDSDS,6.25,0.1953125,True
2015103392,モルフェオルフェ,Wishing Well,2,4x4,SSSD|DDSD,12.5,0.78125,True
2014104278,ウインシャトレーヌ,Natalma,2,5x5,SDSSD|DDSSD,6.25,0.1953125,True
2014104278,ウインシャトレーヌ,Nearctic,2,5x5,SDSSS|DDSSS,6.25,0.1953125,True
2014104278,ウインシャトレーヌ,Northern Dancer,2,4x4,SDSS|DDSS,12.5,0.78125,True
2017101299,クリスタルブラック,Cosmah,2,5x5,SSSSD|DSSSD,6.25,0.1953125,True
2017101299,クリスタルブラック,Hail to Reason,3,5x5x5,SSSSS|DSSSS|DDSSS,9.375,0.390625,True
2017101299,クリスタルブラック,Halo,2,4x4,SSSS|DSSS,12.5,0.78125,True
2017101057,チュウワジョーダン,Nearctic,2,5x5,SDSSS|DDSSS,6.25,0.1953125,True
2017101057,チュウワジョーダン,Northern Dancer,2,4x5,SSDSS|SDSS,9.375,0.0,False
2017106553,ゼノヴァース,Lyphard,2,4x5,SDSS|DSDSS,9.375,0.390625,True
2017106553,ゼノヴァース,Northern Dancer,3,4x5x5,SDSSS|DSSS|DDSSS,12.5,0.5859375,True
2017105379,ディアスティマ,Crimson Satan,2,5x5,DDSDS|DDDSS,6.25,0.0,False
2017105379,ディアスティマ,Northern Dancer,2,5x5,SDSSS|DSDSS,6.25,0.1953125,True
2017105585,ヒュッゲ,Northern Dancer,2,4x5,SDDSS|DDSS,9.375,0.390625,True
2017105937,キムケンドリーム,Northern Dancer,3,4x5x5,SDDSS|DSSS|DDSSS,12.5,0.5859375,True
2017105937,キムケンドリーム,Northern Taste,2,4x5,SSDDS|SDDS,9.375,0.0,False
2017103572,ビターエンダー,Mr. Prospector,2,5x5,DSSSS|DDDSS,6.25,0.0,False
2017103572,ビターエンダー,Northern Taste,2,4x5,SSDDS|SDDS,9.375,0.0,False
2017104810,ヴィアメント,Halo,3,4x4x5,DSSS|DDDD|DDDDS,15.625,0.0,False
2017104810,ヴィアメント,Mr. Prospector,2,3x5,SSS|DDDSS,15.625,0.78125,True
2017104810,ヴィアメント,Northern Dancer,2,5x5,SSDSS|SDSSS,6.25,0.0,False
2017105186,スカイグルーヴ,Hail to Reason,2,5x5,SSSSS|DDSSS,6.25,0.1953125,True
2017105186,スカイグルーヴ,Halo,2,4x5,SDSSS|DDSS,9.375,0.390625,True
2017105186,スカイグルーヴ,Sunday Silence,2,3x4,SDSS|DDS,18.75,1.5625,True
2017105186,スカイグルーヴ,Wishing Well,2,4x5,SDSSD|DDSD,9.375,0.390625,True
2014105265,マスターコード,Northern Dancer,2,5x5,SSSSS|SDDSS,6.25,0.0,False
2015105090,レッドレオン,Northern Dancer,2,5x5,SDSSS|DDSSS,6.25,0.1953125,True
2014105081,プリンスオブペスカ,Northern Dancer,2,5x5,SDDSS|DSSSS,6.25,0.1953125,True
2015100106,クロスケ,Hail to Reason,2,4x5,SSSSS|DSSS,9.375,0.390625,True
2015100106,クロスケ,ロイヤルスキー,2,4x5,SSDS|SDDDS,9.375,0.0,False
2013104277,ステイブラビッシモ,Northern Dancer,2,5x5,SDDSS|DSDSS,6.25,0.1953125,True
2017105472,サトノフラッグ,Lyphard,2,4x5,SDSS|DDSDS,9.375,0.390625,True
2017106153,エンデュミオン,Coup de Folie,2,4x4,SDSD|DDSD,12.5,0.78125,True
2017106153,エンデュミオン,Gold Digger,2,5x5,SDSSD|DDSSD,6.25,0.1953125,True
2017106153,エンデュミオン,Hail to Reason,2,4x5,SSSSS|DSSS,9.375,0.390625,True
2017106153,エンデュミオン,Halo,3,4x5x5,SSSS|SDSDS|DDSDS,12.5,0.5859375,True
2017106153,エンデュミオン,Machiavellian,2,3x3,SDS|DDS,25.0,3.125,True
2017106153,エンデュミオン,Mr. Prospector,2,4x4,SDSS|DDSS,12.5,0.78125,True
2017106153,エンデュミオン,Raise a Native,2,5x5,SDSSS|DDSSS,6.25,0.1953125,True
2017106153,エンデュミオン,Raise the Standard,2,5x5,SDSDD|DDSDD,6.25,0.1953125,True
2017102855,オーロアドーネ,Hail to Reason,2,5x5,SSSSS|DSSSS,6.25,0.1953125,True
2017102855,オーロアドーネ,Halo,3,4x5x5,SDSSS|DSSS|DDDSS,12.5,0.5859375,True
2017102855,オーロアドーネ,Northern Dancer,2,5x5,SDDSS|DDSSS,6.25,0.1953125,True
2017102855,オーロアドーネ,Sunday Silence,2,3x4,SDSS|DSS,18.75,1.5625,True
2017102855,オーロアドーネ,Wishing Well,2,4x5,SDSSD|DSSD,9.375,0.390625,True
2017101429,ウインカーネリアン,Hail to Reason,2,5x5,SSSSS|SDSSS,6.25,0.0,False
2017101429,ウインカーネリアン,Northern Dancer,2,5x5,SSDSS|SDDSS,6.25,0.0,False
2017106125,メイショウボサツ,Hail to Reason,2,5x5,SSSSS|DDSSS,6.25,0.1953125,True
2017106125,メイショウボサツ,Halo,2,4x5,SDSSS|DDSS,9.375,0.390625,True
2017106125,メイショウボサツ,Sunday Silence,2,3x4,SDSS|DDS,18.75,1.5625,True
2017106125,メイショウボサツ,Wishing Well,2,4x5,SDSSD|DDSD,9.375,0.390625,True
2017106125,メイショウボサツ,マルゼンスキー,2,5x5,SDSDS|DDDDS,6.25,0.1953125,True
2017104756,アラタ,Northern Dancer,2,5x5,SSDSS|SDSSS,6.25,0.0,False
2017100583,ディヴィナシオン,Coup de Folie,2,4x5,SDSD|DSSSD,9.375,0.390625,True
2017100583,ディヴィナシオン,Halo,2,4x5,SSSS|SDSDS,9.375,0.0,False
2017100583,ディヴィナシオン,Machiavellian,2,3x4,SDS|DSSS,18.75,1.5625,True
2017100583,ディヴィナシオン,Mr. Prospector,3,4x5x5,SDSS|DSSSS|DDSDS,12.5,0.78125,True
2016102867,サンアップルトン,Gold Digger,2,5x5,SDSSD|DSSSD,6.25,0.1953125,True
2016102867,サンアップルトン,Mr. Prospector,2,4x4,SDSS|DSSS,12.5,0.78125,True
2016102867,サンアップルトン,Raise a Native,2,5x5,SDSSS|DSSSS,6.25,0.1953125,True
2017105241,レクセランス,Northern Dancer,2,5x5,SDSSS|DSSSS,6.25,0.1953125,True
2017105241,レクセランス,Sir Ivor,2,5x5,SDSDS|DDSDS,6.25,0.1953125,True
2017101805,コルテジア,Hail to Reason,2,4x5,SSSS|DDSSS,9.375,0.390625,True
2017101805,コルテジア,Northern Dancer,2,5x5,DSDSS|DDDSS,6.25,0.0,False
2017101755,テンピン,Icecapade,2,4x5,SDSS|DSDDS,9.375,0.390625,True
2017102170,ディープボンド,Cosmah,2,5x5,SSSSD|DSDSD,6.25,0.1953125,True
2017102170,ディープボンド,Hail to Reason,2,5x5,SSSSS|DSDSS,6.25,0.1953125,True
2017102170,ディープボンド,Halo,4,2x3x4x4,SSSS|DS|DSD|DSDS,50.0,5.46875,True
2017102170,ディープボンド,Lyphard,2,4x5,SSDSS|DSSS,9.375,0.390625,True
2017102170,ディープボンド,Northern Dancer,2,5x5,SDSSS|DSSSS,6.25,0.1953125,True
2017105327,サリオス,Northern Dancer,2,5x5,SDDSS|DSSSS,6.25,0.1953125,True
2017110067,アメリカンシード,Bold Reasoning,2,5x5,SSSSS|DSDSS,6.25,0.1953125,True
2017110067,アメリカンシード,Mr. Prospector,2,4x5,SSDS|SDSSS,9.375,0.0,False
2017110067,アメリカンシード,My Charmer,2,5x5,SSSSD|DSDSD,6.25,0.1953125,True
2017110067,アメリカンシード,Northern Dancer,2,5x5,SDDSS|DSSSS,6.25,0.1953125,True
2017110067,アメリカンシード,Seattle Slew,2,4x4,SSSS|DSDS,12.5,0.78125,True
2017110067,アメリカンシード,Secretariat,2,5x5,SSSDS|DSSDS,6.25,0.1953125,True
2017110026,ダーリントンホール,Northern Dancer,2,4x5,SSSS|DSSSS,9.375,0.390625,True
2017110026,ダーリントンホール,Special,2,5x5,SSSDD|DSSSD,6.25,0.1953125,True
2017101833,キメラヴェリテ,Northern Dancer,2,5x5,SDSSS|DDSSS,6.25,0.1953125,True
2017101833,キメラヴェリテ,Secretariat,2,5x5,SDSDS|DDSDS,6.25,0.1953125,True
2017105111,エレヴァテッツァ,Northern Dancer,2,4x5,SDSSS|DDSS,9.375,0.390625,True
2017105893,セイウンヴィーナス,Cosmah,2,5x5,SSSSD|DSSSD,6.25,0.1953125,True
2017105893,セイウンヴィーナス,Hail to Reason,2,5x5,SSSSS|DSSSS,6.25,0.1953125,True
2017105893,セイウンヴィーナス,Halo,2,4x4,SSSS|DSSS,12.5,0.78125,True
2017105893,セイウンヴィーナス,Mountain Flower,2,5x5,SSSDD|DSSDD,6.25,0.1953125,True
2017105893,セイウンヴィーナス,Northern Dancer,2,5x5,SSDSS|DSDSS,6.25,0.1953125,True
2017105893,セイウンヴィーナス,Sunday Silence,2,3x3,SSS|DSS,25.0,3.125,True
2017105893,セイウンヴィーナス,Understanding,2,5x5,SSSDS|DSSDS,6.25,0.1953125,True
2017105893,セイウンヴィーナス,Wishing Well,2,4x4,SSSD|DSSD,12.5,0.78125,True
2017101431,ウインマリリン,Danzig,2,4x4,SSDS|DSDS,12.5,0.78125,True
2017101431,ウインマリリン,Hail to Reason,2,5x5,SSSSS|SDSSS,6.25,0.0,False
2017101431,ウインマリリン,Halo,2,4x5,SDSS|DSDDS,9.375,0.390625,True
2017101431,ウインマリリン,Northern Dancer,3,5x5x5,SSDSS|SDDSS|DSDSS,9.375,0.390625,True
2017101431,ウインマリリン,Pas de Nom,2,5x5,SSDSD|DSDSD,6.25,0.1953125,True
2017101821,シャンドフルール,Northern Dancer,2,5x5,SDSSS|DDSSS,6.25,0.1953125,True
2017101821,シャンドフルール,Secretariat,2,4x5,SDSDS|DSDS,9.375,0.390625,True
2017104620,ルトロヴァイユ,Hail to Reason,2,5x5,SSSSS|DSSSS,6.25,0.1953125,True
2017104620,ルトロヴァイユ,Halo,2,4x5,SDSSS|DSSS,9.375,0.390625,True
2017104620,ルトロヴァイユ,Sunday Silence,2,3x4,SDSS|DSS,18.75,1.5625,True
2017104620,ルトロヴァイユ,Wishing Well,2,4x5,SDSSD|DSSD,9.375,0.390625,True
2017103666,ウィスパリンホープ,Northern Dancer,2,5x5,SDDSS|DSSSS,6.25,0.1953125,True
2017105426,ホウオウピースフル,Halo,2,4x5,SSSS|DDSSS,9.375,0.390625,True
2017105426,ホウオウピースフル,Northern Dancer,2,5x5,SDDSS|DDDSS,6.25,0.1953125,True
2017105426,ホウオウピースフル,Northern Taste,2,4x5,SSDDS|SDDS,9.375,0.0,False
2017105426,ホウオウピースフル,Sunday Silence,2,3x4,SSS|DDSS,18.75,1.5625,True
2017105426,ホウオウピースフル,Wishing Well,2,4x5,SSSD|DDSSD,9.375,0.390625,True
2017104784,リヴァージュ,Literat,2,5x5,SSDSS|SDSDS,6.25,0.0,False
2017104784,リヴァージュ,Nijinsky,2,5x5,SDSSS|DSDSD,6.25,0.1953125,True
2017104784,リヴァージュ,Northern Dancer,2,4x5,SDDSS|DDSS,9.375,0.390625,True
2017104478,ヒューマンコメディ,Mr. Prospector,2,4x5,DSSS|DDSSS,9.375,0.0,False
2017104478,ヒューマンコメディ,Northern Dancer,2,5x5,SDDSS|DDDSS,6.25,0.1953125,True
2017105604,レッドルレーヴ,Northern Dancer,3,5x5x5,SSDSS|SDSSS|DDDSS,9.375,0.390625,True
2017105619,ヴォリアーモ,Lady Victoria,2,5x5,SDDSD|DDDSD,6.25,0.1953125,True
2017105619,ヴォリアーモ,Northern Dancer,3,5x5x5,SDDSS|DSDDS|DDDSS,9.375,0.390625,True
2017105619,ヴォリアーモ,Northern Taste,2,4x4,SDDS|DDDS,12.5,0.78125,True
2017105619,ヴォリアーモ,Severn Bridge,2,4x5,SDSD|DSDSD,9.375,0.390625,True
2017105619,ヴォリアーモ,Tony Bin,2,3x4,SDS|DSDS,18.75,1.5625,True
2017105619,ヴォリアーモ,カンパラ,2,4x5,SDSS|DSDSS,9.375,0.390625,True
2017105232,シャレード,Natalma,2,5x5,SDSSD|DSSSD,6.25,0.1953125,True
2017105232,シャレード,Nearctic,2,5x5,SDSSS|DSSSS,6.25,0.1953125,True
2017105232,シャレード,Northern Dancer,2,4x4,SDSS|DSSS,12.5,0.78125,True
2017100029,テイエムフローラ,Cosmah,3,5x5x5,SDSSD|DSSSD|DDSSD,9.375,0.390625,True
2017100029,テイエムフローラ,Hail to Reason,4,5x5x5x5,SSSSS|SDSSS|DSSSS|DDSSS,12.5,0.78125,True
2017100029,テイエムフローラ,Halo,3,4x4x4,SDSS|DSSS|DDSS,18.75,1.5625,True
2017100029,テイエムフローラ,Mountain Flower,2,5x5,SDSDD|DDSDD,6.25,0.1953125,True
2017100029,テイエムフローラ,Nijinsky,2,5x5,DSDSS|DDDSS,6.25,0.0,False
2017100029,テイエムフローラ,Northern Dancer,2,5x5,SSDSS|SDDSS,6.25,0.0,False
2017100029,テイエムフローラ,Sunday Silence,2,3x3,SDS|DDS,25.0,3.125,True
2017100029,テイエムフローラ,Understanding,2,5x5,SDSDS|DDSDS,6.25,0.1953125,True
2017100029,テイエムフローラ,Wishing Well,2,4x4,SDSD|DDSD,12.5,0.78125,True
2017105212,フアナ,Severn Bridge,2,4x5,SDSD|DDDSD,9.375,0.390625,True
2017105212,フアナ,Tony Bin,2,3x4,SDS|DDDS,18.75,1.5625,True
2017105212,フアナ,カンパラ,2,4x5,SDSS|DDDSS,9.375,0.390625,True
2017106193,レッドサーシャ,Alzao,2,4x4,SSDS|DDDS,12.5,0.78125,True
2017106193,レッドサーシャ,Fairy Bridge,2,4x5,SDDSD|DSSD,9.375,0.390625,True
2017106193,レッドサーシャ,Lady Rebecca,2,5x5,SSDSD|DDDSD,6.25,0.1953125,True
2017106193,レッドサーシャ,Lyphard,3,5x5x5,SSDSS|SDSDS|DDDSS,9.375,0.390625,True
2017106193,レッドサーシャ,Mr. Prospector,2,4x5,SDSS|DSDSS,9.375,0.390625,True
2017106193,レッドサーシャ,Northern Dancer,2,4x5,SDDSS|DSSS,9.375,0.390625,True
2017106193,レッドサーシャ,Sadler's Wells,2,3x4,SDDS|DSS,18.75,1.5625,True
2017105374,フィリオアレグロ,Mr. Prospector,2,4x5,DSSS|DDSSS,9.375,0.0,False
2017105374,フィリオアレグロ,Northern Dancer,2,5x5,SDSSS|DSDSS,6.25,0.1953125,True
2017105374,フィリオアレグロ,Sir Ivor,3,5x5x5,SDSDS|DSDDS|DDSDS,9.375,0.390625,True
2017103174,ディアマンミノル,Northern Dancer,3,5x5x5,SDDSS|DSSSS|DDSSS,9.375,0.390625,True
2017103174,ディアマンミノル,Northern Taste,2,4x5,SSDDS|SDDS,9.375,0.0,False
2017104314,レアリザトゥール,Bramalea,2,4x5,SSSSD|DSSD,9.375,0.390625,True
2017104314,レアリザトゥール,Danzig,2,4x4,SSDS|DDDS,12.5,0.78125,True
2017104314,レアリザトゥール,Hail to Reason,3,4x5x5,SSSSS|SDSSS|DSSS,12.5,0.78125,True
2017104314,レアリザトゥール,Halo,3,4x4x5,SDSS|DDDD|DDDDS,15.625,1.171875,True
2017104314,レアリザトゥール,Northern Dancer,3,5x5x5,SSDSS|SDDSS|DDDSS,9.375,0.390625,True
2017104314,レアリザトゥール,Pas de Nom,2,5x5,SSDSD|DDDSD,6.25,0.1953125,True
2017104314,レアリザトゥール,Roberto,2,3x4,SSSS|DSS,18.75,1.5625,True
2017105612,ヴァルコス,Literat,2,5x5,SSDSS|SDSDS,6.25,0.0,False
2017105612,ヴァルコス,Nijinsky,2,4x5,SDSSS|DSDS,9.375,0.390625,True
2017105612,ヴァルコス,Northern Dancer,3,5x5x5,SDDSS|DSDSS|DDSSS,9.375,0.390625,True
2017105028,アピテソーロ,Northern Dancer,2,5x5,SDSSS|DSDSS,6.25,0.1953125,True
2017105477,アイアンバローズ,Hail to Reason,2,5x5,SSSSS|DDSSS,6.25,0.1953125,True
2017105477,アイアンバローズ,Northern Dancer,2,5x5,SDDSS|DSSSS,6.25,0.1953125,True
2017105477,アイアンバローズ,Northern Taste,2,4x5,SSDDS|SDDS,9.375,0.0,False
2017105402,ダノンセレスタ,Mr. Prospector,2,4x5,DSDDS|DDSS,9.375,0.0,False
2017104652,フィロロッソ,Northern Dancer,2,5x5,SSSSS|SDDSS,6.25,0.0,False
2017103467,サーストンカイドー,Halo,2,5x5,SDSSS|DSDSS,6.25,0.1953125,True
2017103467,サーストンカイドー,Mr. Prospector,2,4x5,DSSSS|DDSS,9.375,0.0,False
2017103467,サーストンカイドー,Sunday Silence,2,4x4,SDSS|DSDS,12.5,0.78125,True
2017103467,サーストンカイドー,Wishing Well,2,5x5,SDSSD|DSDSD,6.25,0.1953125,True
2017105109,フライライクバード,Bramalea,2,5x5,SSSSD|DSSSD,6.25,0.1953125,True
2017105109,フライライクバード,Hail to Reason,3,5x5x5,SSSSS|SDSSS|DSSSS,9.375,0.390625,True
2017105109,フライライクバード,Lady Victoria,2,4x5,SDDSD|DDSD,9.375,0.390625,True
2017105109,フライライクバード,Northern Dancer,3,4x5x5,SSDSS|SDDSS|DDSS,12.5,0.78125,True
2017105109,フライライクバード,Northern Taste,2,3x4,SDDS|DDS,18.75,1.5625,True
2017105109,フライライクバード,Roberto,3,4x4x5,SSSS|DSSS|DDDSS,15.625,1.171875,True
2017105106,プリマヴィスタ,Northern Dancer,2,5x5,SDDSS|DDDSS,6.25,0.1953125,True
2017101160,コンドゥクシオン,Lady Victoria,2,4x5,SDSD|DDDSD,9.375,0.390625,True
2017101160,コンドゥクシオン,Northern Dancer,2,4x5,SDSS|DDDSS,9.375,0.390625,True
2017101160,コンドゥクシオン,Northern Taste,2,3x4,SDS|DDDS,18.75,1.5625,True
2017101160,コンドゥクシオン,Victoria Park,2,5x5,SDSDS|DDSDS,6.25,0.1953125,True
2017105789,メイショウダジン,Cosmah,2,5x5,DSSSD|DDDSD,6.25,0.0,False
2017105789,メイショウダジン,Hail to Reason,2,5x5,DSSSS|DDDSS,6.25,0.0,False
2017105789,メイショウダジン,Halo,2,4x4,DSSS|DDDS,12.5,0.0,False
2017105789,メイショウダジン,Northern Taste,2,4x5,DSDS|DDSDS,9.375,0.0,False
2017110069,アンセッドヴァウ,Hail to Reason,2,5x5,SDDSS|DSDSS,6.25,0.1953125,True
2017110069,アンセッドヴァウ,Northern Dancer,2,4x5,SSSS|DDDSS,9.375,0.390625,True
2017110069,アンセッドヴァウ,Secretariat,2,4x5,SSDS|DDDDS,9.375,0.390625,True
2017110069,アンセッドヴァウ,Storm Bird,2,3x5,SSS|DSSSS,15.625,0.78125,True
2017110069,アンセッドヴァウ,Storm Cat,2,2x4,SS|DSSS,31.25,3.125,True
2017110069,アンセッドヴァウ,Terlingua,2,3x5,SSD|DSSSD,15.625,0.78125,True
2017105350,シルヴェリオ,Hail to Reason,2,4x4,SSSS|DSSS,12.5,0.78125,True
2017105350,シルヴェリオ,Northern Dancer,2,5x5,SDDSS|DDSSS,6.25,0.1953125,True
2017105350,シルヴェリオ,Nothirdchance,2,5x5,SSSSD|DSSSD,6.25,0.1953125,True
2017105350,シルヴェリオ,Turn-to,2,5x5,SSSSS|DSSSS,6.25,0.1953125,True
2017105141,キッズアガチャー,Cosmah,2,5x5,SSSSD|DSDSD,6.25,0.1953125,True
2017105141,キッズアガチャー,Hail to Reason,2,5x5,SSSSS|DSDSS,6.25,0.1953125,True
2017105141,キッズアガチャー,Halo,3,4x4x5,SSSS|SDSDS|DSDS,15.625,1.171875,True
2017105141,キッズアガチャー,Mr. Prospector,2,4x5,SDSS|DDDSS,9.375,0.390625,True
2017103293,ホウオウエクレール,Northern Dancer,3,5x5x5,SDSSS|DSDSS|DDSSS,9.375,0.390625,True
2017109123,イロゴトシ,Northern Dancer,2,4x5,SDDSS|DDSS,9.375,0.390625,True
2017104719,ファルコニア,Northern Dancer,3,5x5x5,SDSSS|DDSSS|DDDSS,9.375,0.390625,True
2017105331,マンオブスピリット,Northern Dancer,2,5x5,SDDSS|DDSSS,6.25,0.1953125,True
2017105331,マンオブスピリット,Nureyev,2,4x5,SSSDS|DDSS,9.375,0.390625,True
2017105331,マンオブスピリット,Raise a Native,2,5x5,SSSSS|DDDSS,6.25,0.1953125,True
2017100316,サペラヴィ,Cosmah,2,5x5,SDSSD|DSSSD,6.25,0.1953125,True
2017100316,サペラヴィ,Gold Digger,2,5x5,SSSSD|DDSSD,6.25,0.1953125,True
2017100316,サペラヴィ,Hail to Reason,2,5x5,SDSSS|DSSSS,6.25,0.1953125,True
2017100316,サペラヴィ,Halo,2,4x4,SDSS|DSSS,12.5,0.78125,True
2017100316,サペラヴィ,Lyphard,2,5x5,SDDDS|DDDSS,6.25,0.1953125,True
2017100316,サペラヴィ,Mountain Flower,2,5x5,SDSDD|DSSDD,6.25,0.1953125,True
2017100316,サペラヴィ,Mr. Prospector,2,4x4,SSSS|DDSS,12.5,0.78125,True
2017100316,サペラヴィ,Raise a Native,2,5x5,SSSSS|DDSSS,6.25,0.1953125,True
2017100316,サペラヴィ,Sunday Silence,2,3x3,SDS|DSS,25.0,3.125,True
2017100316,サペラヴィ,Understanding,2,5x5,SDSDS|DSSDS,6.25,0.1953125,True
2017100316,サペラヴィ,Wishing Well,2,4x4,SDSD|DSSD,12.5,0.78125,True
2017104092,プレシオーソ,Northern Dancer,3,5x5x5,SDSSS|DSDSS|DDSSS,9.375,0.390625,True
2014106335,インビジブルレイズ,Lady Victoria,2,5x5,DSDSD|DDDSD,6.25,0.0,False
2014106335,インビジブルレイズ,Northern Dancer,4,5x5x5x5,SDDSS|DSDSS|DDSSS|DDDSS,12.5,0.5859375,True
2014106335,インビジブルレイズ,Northern Taste,2,4x4,DSDS|DDDS,12.5,0.0,False
2015105461,カツジ,Goofed,2,5x5,SDSSD|DSSSD,6.25,0.1953125,True
2015105461,カツジ,Lyphard,2,4x4,SDSS|DSSS,12.5,0.78125,True
2015105461,カツジ,Northern Dancer,3,5x5x5,SDSSS|DSSSS|DDDSS,9.375,0.390625,True
2015104417,レッドガラン,Hail to Reason,2,5x5,DSSSS|DDSSS,6.25,0.0,False
2015104417,レッドガラン,Northern Dancer,2,5x5,SDSSS|DDDSS,6.25,0.1953125,True
2016104729,ブラヴァス,Gold Digger,2,4x5,SSSD|DDSSD,9.375,0.390625,True
2016104729,ブラヴァス,Halo,2,4x5,DSSS|DDSDS,9.375,0.0,False
2016104729,ブラヴァス,Mr. Prospector,2,3x4,SSS|DDSS,18.75,1.5625,True
2016104729,ブラヴァス,Northern Dancer,3,5x5x5,SSDSS|SDSSS|DDDSS,9.375,0.390625,True
2016104729,ブラヴァス,Nureyev,2,4x4,SSDS|DDDS,12.5,0.78125,True
2016104729,ブラヴァス,Raise a Native,2,4x5,SSSS|DDSSS,9.375,0.390625,True
2016104729,ブラヴァス,Special,2,5x5,SSDSD|DDDSD,6.25,0.1953125,True
2015101105,トーセンスーリヤ,Cosmah,2,5x5,SSDSD|DSSSD,6.25,0.1953125,True
2015101105,トーセンスーリヤ,Hail to Reason,2,5x5,SSDSS|DSSSS,6.25,0.1953125,True
2015101105,トーセンスーリヤ,Halo,2,4x4,SSDS|DSSS,12.5,0.78125,True
2015101105,トーセンスーリヤ,Northern Dancer,3,5x5x5,SSSSS|DSDSS|DDSSS,9.375,0.390625,True
2013104803,ドゥオーモ,Goofed,2,5x5,SDSSD|DSSSD,6.25,0.1953125,True
2013104803,ドゥオーモ,Hail to Reason,2,4x5,SSSS|DSDSS,9.375,0.390625,True
2013104803,ドゥオーモ,Lyphard,2,4x4,SDSS|DSSS,12.5,0.78125,True
2013104803,ドゥオーモ,Northern Dancer,2,5x5,SDSSS|DSSSS,6.25,0.1953125,True
2013104803,ドゥオーモ,Raise a Native,2,5x5,DSDDS|DDSSS,6.25,0.0,False
2013104803,ドゥオーモ,Roberto,2,4x5,DSDS|DDDSS,9.375,0.0,False
2014100063,プレシャスブルー,Northern Dancer,3,4x5x5,SDSSS|DSSS|DDSSS,12.5,0.5859375,True
2017104637,デゼル,Northern Dancer,2,5x5,SDSSS|DSSDS,6.25,0.1953125,True
2017100404,クラヴァシュドール,Northern Dancer,2,5x5,SDDSS|DSSSS,6.25,0.1953125,True
2017100404,クラヴァシュドール,Storm Bird,2,4x5,DSSS|DDSDS,9.375,0.0,False
2017101792,アブレイズ,Halo,2,4x5,SSSS|DDSSS,9.375,0.390625,True
2017101792,アブレイズ,Northern Dancer,2,5x5,SDSSS|DSDSS,6.25,0.1953125,True
2017100720,デアリングタクト,Danzig,2,3x4,DDD|DDDS,18.75,0.0,False
2017100720,デアリングタクト,Hail to Reason,2,5x5,SSSSS|DDSSS,6.25,0.1953125,True
2017100720,デアリングタクト,Halo,2,4x5,SDSSS|DDSS,9.375,0.390625,True
2017100720,デアリングタクト,Northern Dancer,2,5x5,SDDSS|DDDSS,6.25,0.1953125,True
2017100720,デアリングタクト,Sunday Silence,2,3x4,SDSS|DDS,18.75,1.5625,True
2017100720,デアリングタクト,Wishing Well,2,4x5,SDSSD|DDSD,9.375,0.390625,True
2017102342,スマイルカナ,Danzig,2,3x4,DSD|DSDS,18.75,0.0,False
2017102342,スマイルカナ,Northern Dancer,3,5x5x5,SDSSS|DSDSS|DDSSS,9.375,0.390625,True
2017100437,インターミッション,Northern Dancer,2,5x5,SDSSS|DDSSS,6.25,0.1953125,True
2017104973,リリーピュアハート,Northern Dancer,2,4x5,SDSSS|DSSS,9.375,0.390625,True
2017104804,マジックキャッスル,Hail to Reason,2,4x5,SSSS|DSSSS,9.375,0.390625,True
2017104804,マジックキャッスル,Northern Dancer,2,4x5,SDSSS|DDSS,9.375,0.390625,True
2017106613,ウーマンズハート,Northern Dancer,2,5x5,SDDSS|DDSSS,6.25,0.1953125,True
2017101823,チェーンオブラブ,Halo,2,3x5,SSS|DSSDS,15.625,0.78125,True
2017101823,チェーンオブラブ,Mr. Prospector,2,4x5,DSSS|DDSDS,9.375,0.0,False
2017101823,チェーンオブラブ,Northern Dancer,2,5x5,SDDSS|DDDSS,6.25,0.1953125,True
2017100043,マルターズディオサ,Northern Dancer,3,5x5x5,SDSSS|DSDSS|DDSSS,9.375,0.390625,True
2017100043,マルターズディオサ,Secretariat,2,5x5,SDSDS|DSSDS,6.25,0.1953125,True
2017105485,サンクテュエール,Northern Dancer,2,5x5,SDSSS|DDSSS,6.25,0.1953125,True
2017105485,サンクテュエール,Sir Ivor,2,5x5,SDSDS|DDSDS,6.25,0.1953125,True
2017104753,サトノインプレッサ,Northern Dancer,2,5x5,SDSSS|DSDSS,6.25,0.1953125,True
2016104376,キングオブコージ,Mr. Prospector,2,4x5,SSSS|DSDSS,9.375,0.390625,True
2016104376,キングオブコージ,Northern Dancer,2,4x5,SDSSS|DSSS,9.375,0.390625,True
2016104376,キングオブコージ,Storm Bird,2,4x5,SDSS|DDDSS,9.375,0.390625,True
2015106153,サトノフェイバー,Danzig,2,3x4,DSD|DSDS,18.75,0.0,False
2015106153,サトノフェイバー,Gold Digger,2,5x5,SDSSD|DSSSD,6.25,0.1953125,True
2015106153,サトノフェイバー,Mr. Prospector,2,4x4,SDSS|DSSS,12.5,0.78125,True
2015106153,サトノフェイバー,Raise a Native,2,5x5,SDSSS|DSSSS,6.25,0.1953125,True
2014101505,ナルハヤ,Cosmah,2,4x5,SSSD|DSDSD,9.375,0.390625,True
2014101505,ナルハヤ,Hail to Reason,2,4x5,SSSS|DSDSS,9.375,0.390625,True
2014101505,ナルハヤ,Halo,4,2x3x3x4,SSS|DS|DSD|DSDS,56.25,10.9375,True
2014101505,ナルハヤ,Northern Dancer,2,5x5,SDSSS|DSSSS,6.25,0.1953125,True
2015104610,リンディーホップ,Hail to Reason,2,4x5,SSSS|DSSSS,9.375,0.390625,True
2015104610,リンディーホップ,Northern Dancer,2,4x5,SDDSS|DDSS,9.375,0.390625,True
2015100713,リープフラウミルヒ,Northern Dancer,2,5x5,SDDSS|DDDSS,6.25,0.1953125,True
2015104159,パルクデラモール,Northern Dancer,2,5x5,SDSSS|DSDSS,6.25,0.1953125,True
2015104159,パルクデラモール,Sir Ivor,2,5x5,SDSDS|DSDDS,6.25,0.1953125,True
2016103346,サマーセント,Northern Dancer,3,4x5x5,SSSSS|SDDSS|DDSS,12.5,0.78125,True
2016104426,マルシュロレーヌ,Northern Dancer,3,5x5x5,SDDSS|DSSSS|DDSSS,9.375,0.390625,True
2016104426,マルシュロレーヌ,Northern Taste,2,4x5,SSDDS|SDDS,9.375,0.0,False
2015103627,バイオスパーク,Hail to Reason,2,5x5,SSSSS|DDSSS,6.25,0.1953125,True
2015103627,バイオスパーク,Northern Taste,2,4x5,SSDDS|SDDS,9.375,0.0,False
2016106518,トーラスジェミニ,Almahmoud,2,5x5,DDSDD|DDDDD,6.25,0.0,False
2016106518,トーラスジェミニ,Cosmah,2,4x5,DSSSD|DDDD,9.375,0.0,False
2016106518,トーラスジェミニ,Native Dancer,2,5x5,SSSSS|DDSDS,6.25,0.1953125,True
2016106518,トーラスジェミニ,Northern Dancer,2,3x5,SSDSS|DDS,15.625,0.78125,True
2016102929,ショウナンバルディ,Bletchingly,2,5x5,DSDSS|DDDSS,6.25,0.0,False
2016102929,ショウナンバルディ,Northern Dancer,2,5x5,SSDSS|DSSSS,6.25,0.1953125,True
2016105198,ランブリングアレー,Hail to Reason,2,4x5,SSSS|DSSSS,9.375,0.390625,True
2016105198,ランブリングアレー,Lyphard,2,4x5,SDSS|DDSDS,9.375,0.390625,True
2016105198,ランブリングアレー,Northern Dancer,2,5x5,SDSSS|DDDSS,6.25,0.1953125,True
2015102735,サンレイポケット,Nearctic,2,5x5,SDSSS|DSSSS,6.25,0.1953125,True
2015102735,サンレイポケット,Northern Dancer,2,4x5,SDSS|DDDSS,9.375,0.390625,True
2017102406,コトブキテティス,Northern Dancer,3,5x5x5,SSSSS|SDDSS|DDDSS,9.375,0.390625,True
2017105600,ラヴユーライヴ,Northern Dancer,3,4x5x5,SDSSS|DSSS|DDDSS,12.5,0.5859375,True
2017101147,ストリートピアノ,Never Bend,2,5x5,SDSDS|DDDSS,6.25,0.1953125,True
2017101147,ストリートピアノ,Northern Dancer,2,5x5,SSSSS|DDSSS,6.25,0.1953125,True
2017102936,ミスニューヨーク,Mr. Prospector,2,3x5,SSS|DDDSS,15.625,0.78125,True
2017106387,スマートリアン,Northern Dancer,2,5x5,SDSSS|DDSSS,6.25,0.1953125,True
2017106387,スマートリアン,Secretariat,2,5x5,SDSDS|DSSDS,6.25,0.1953125,True
2017105452,クロスセル,Mr. Prospector,2,4x5,SSSS|DDSSS,9.375,0.390625,True
2017105089,フェルマーテ,Hail to Reason,2,5x5,SSSSS|DSSSS,6.25,0.1953125,True
2017105089,フェルマーテ,Halo,2,4x5,SSSS|DDDSS,9.375,0.390625,True
2017105089,フェルマーテ,Northern Taste,2,5x5,SSDDS|DDDDS,6.25,0.1953125,True
2017105089,フェルマーテ,Sunday Silence,2,3x4,SSS|DDDS,18.75,1.5625,True
2017105089,フェルマーテ,Wishing Well,2,4x5,SSSD|DDDSD,9.375,0.390625,True
2017105366,シーズンズギフト,Habitat,2,5x5,SDDDS|DDSDS,6.25,0.1953125,True
2017105366,シーズンズギフト,Hail to Reason,2,5x5,SSSSS|DSSSS,6.25,0.1953125,True
2017105366,シーズンズギフト,Halo,2,4x5,SDSSS|DSSS,9.375,0.390625,True
2017105366,シーズンズギフト,Northern Dancer,2,5x5,SDDSS|DDSSS,6.25,0.1953125,True
2017105366,シーズンズギフト,Sunday Silence,2,3x4,SDSS|DSS,18.75,1.5625,True
2017105366,シーズンズギフト,Wishing Well,2,4x5,SDSSD|DSSD,9.375,0.390625,True
2017103441,パラスアテナ,Mr. Prospector,2,4x5,SSSS|DDSSS,9.375,0.390625,True
2017103441,パラスアテナ,Northern Dancer,2,5x5,SDDSS|DDDSS,6.25,0.1953125,True
2017101777,ヤマニンプティパ,Northern Dancer,3,4x5x5,SDSSS|DSSSS|DDSS,12.5,0.5859375,True
2017105105,セウラサーリ,Northern Dancer,2,4x5,SDDSS|DSSS,9.375,0.390625,True
2017105105,セウラサーリ,Northern Taste,2,4x5,SSDDS|SDDS,9.375,0.0,False
2017104963,オーマイダーリン,Northern Dancer,2,5x5,SDSSS|DDSSS,6.25,0.1953125,True
2017106203,アカイイト,Hail to Reason,2,5x5,SSSSS|DSSSS,6.25,0.1953125,True
2017106203,アカイイト,Halo,2,4x5,SSSS|DDSDS,9.375,0.390625,True
2017105126,チャイカ,Northern Dancer,2,5x5,SDSSS|DDSSS,6.25,0.1953125,True
2017104141,ムジカ,Fairy Bridge,2,4x5,SDDSD|DDSD,9.375,0.390625,True
2017104141,ムジカ,Hail to Reason,2,5x5,SSSSS|DSSSS,6.25,0.1953125,True
2017104141,ムジカ,Halo,2,4x5,SDSSS|DSSS,9.375,0.390625,True
2017104141,ムジカ,Northern Dancer,2,4x5,SDDSS|DDSS,9.375,0.390625,True
2017104141,ムジカ,Sadler's Wells,2,3x4,SDDS|DDS,18.75,1.5625,True
2017104141,ムジカ,Sunday Silence,2,3x4,SDSS|DSS,18.75,1.5625,True
2017104141,ムジカ,Wishing Well,2,4x5,SDSSD|DSSD,9.375,0.390625,True
2017104964,シャムロックヒル,Northern Dancer,2,5x5,SDSSS|DDSSS,6.25,0.1953125,True
2017103814,エレナアヴァンティ,Northern Dancer,3,4x5x5,SSDSS|DSSSS|DDSS,12.5,0.5859375,True
2017105067,ラインオブダンス,Northern Dancer,2,5x5,SDDSS|DSDSS,6.25,0.1953125,True
2017105495,ラインハイト,Lyphard,2,4x5,SDDS|DDSDS,9.375,0.390625,True
2017105495,ラインハイト,Northern Dancer,3,4x5x5,SDDSS|DSSS|DDDSS,12.5,0.5859375,True
2017101966,マイネルソラス,Halo,2,4x5,SSSS|DSSSS,9.375,0.390625,True
2017104819,ダノンファスト,Northern Dancer,4,4x5x5x5,SSDSS|SDSSS|DSSS|DDDSS,15.625,1.171875,True
2017104819,ダノンファスト,Special,2,5x5,SSDSD|DSSDD,6.25,0.1953125,True
2017103000,バビット,Cosmah,2,5x5,SSSSD|DSSSD,6.25,0.1953125,True
2017103000,バビット,Hail to Reason,2,5x5,SSSSS|DSSSS,6.25,0.1953125,True
2017103000,バビット,Halo,2,4x4,SSSS|DSSS,12.5,0.78125,True
2017100477,リスペクト,Hail to Reason,2,5x5,SSSSS|DSSSS,6.25,0.1953125,True
2017100477,リスペクト,Halo,2,4x5,SDSSS|DSSS,9.375,0.390625,True
2017100477,リスペクト,Sunday Silence,2,3x4,SDSS|DSS,18.75,1.5625,True
2017100477,リスペクト,Wishing Well,2,4x5,SDSSD|DSSD,9.375,0.390625,True
2017100477,リスペクト,マルゼンスキー,2,4x5,SDSDS|DDDS,9.375,0.390625,True
2017105508,ココロノトウダイ,Nureyev,2,3x5,SSSDS|DDS,15.625,0.78125,True
2017101707,ロバートソンキー,Northern Dancer,2,5x5,SDDSS|DDDSS,6.25,0.1953125,True
2017110029,ターキッシュパレス,Ahonoora,2,4x5,SSDS|DSDDS,9.375,0.390625,True
2017110029,ターキッシュパレス,Balidaress,2,4x5,SSDD|DSDDD,9.375,0.390625,True
2017110029,ターキッシュパレス,Northern Dancer,3,5x5x5,SSSSS|SDDSS|DSDSS,9.375,0.390625,True
2017110029,ターキッシュパレス,Park Appeal,2,3x4,SSD|DSDD,18.75,1.5625,True
2017110029,ターキッシュパレス,Roberto,2,5x5,DSSDS|DDDDS,6.25,0.0,False
2017104815,ディープキング,Goofed,2,5x5,SDSSD|DDSSD,6.25,0.1953125,True
2017104815,ディープキング,Lyphard,2,4x4,SDSS|DDSS,12.5,0.78125,True
2017104815,ディープキング,Northern Dancer,2,5x5,SDSSS|DDSSS,6.25,0.1953125,True
2017101695,シンボ,Never Bend,2,4x5,SDDSS|DDSS,9.375,0.390625,True
2016104611,カセドラルベル,Hail to Reason,2,4x5,SSSS|DSSSS,9.375,0.390625,True
2016104611,カセドラルベル,Northern Dancer,2,5x5,SDDSS|DDSSS,6.25,0.1953125,True
2017103862,ダンツエリーゼ,Gold Digger,2,5x5,DSSSD|DDSSD,6.25,0.0,False
2017103862,ダンツエリーゼ,Mr. Prospector,2,4x4,DSSS|DDSS,12.5,0.0,False
2017103862,ダンツエリーゼ,Raise a Native,2,5x5,DSSSS|DDSSS,6.25,0.0,False
2017106583,ソフトフルート,Mr. Prospector,2,3x5,DSS|DDDSS,15.625,0.0,False
2017106583,ソフトフルート,Northern Dancer,3,5x5x5,SDSSS|DSDSS|DDSSS,9.375,0.390625,True
2017105408,ダノングロワール,Seattle Slew,2,5x5,DSSSS|DDDSS,6.25,0.0,False
2017105525,アリストテレス,Fairy Bridge,2,5x5,SDDSD|DDDSD,6.25,0.1953125,True
2017105525,アリストテレス,Hail to Reason,2,5x5,SSSSS|DSSSS,6.25,0.1953125,True
2017105525,アリストテレス,Halo,2,4x5,SDSSS|DSSS,9.375,0.390625,True
2017105525,アリストテレス,Northern Dancer,2,5x5,SDDSS|DDDSS,6.25,0.1953125,True
2017105525,アリストテレス,Sadler's Wells,2,4x4,SDDS|DDDS,12.5,0.78125,True
2017105525,アリストテレス,Sunday Silence,2,3x4,SDSS|DSS,18.75,1.5625,True
2017105525,アリストテレス,Wishing Well,2,4x5,SDSSD|DSSD,9.375,0.390625,True
2015104408,ワセダインブルー,Northern Dancer,3,5x5x5,SSSSS|SDDSS|DDDDS,9.375,0.390625,True
2015101645,ソロフレーズ,Bustino,2,5x5,DSDDS|DDSDS,6.25,0.0,False
2015101645,ソロフレーズ,Northern Dancer,2,5x5,SDSSS|DSSSS,6.25,0.1953125,True
2016109023,サムシングジャスト,Cosmah,2,5x5,SSSSD|DSSSD,6.25,0.1953125,True
2016109023,サムシングジャスト,Hail to Reason,2,5x5,SSSSS|DSSSS,6.25,0.1953125,True
2016109023,サムシングジャスト,Halo,3,4x4x5,SSSS|SDSDS|DSSS,15.625,1.171875,True
2015104293,カーロバンビーナ,Northern Dancer,3,5x5x5,SDSSS|DDSSS|DDDSS,9.375,0.390625,True
2018106532,バスラットレオン,Ahonoora,2,4x5,DSDS|DDSDS,9.375,0.0,False
2018106532,バスラットレオン,Northern Dancer,2,5x5,SDSSS|DSSSS,6.25,0.1953125,True
2018102953,テリオスルイ,Cosmah,2,5x5,DSSSD|DDSSD,6.25,0.0,False
2018102953,テリオスルイ,Hail to Reason,2,5x5,DSSSS|DDSSS,6.25,0.0,False
2018102953,テリオスルイ,Halo,2,4x4,DSSS|DDSS,12.5,0.0,False
2018102953,テリオスルイ,Northern Dancer,3,4x5x5,SDSS|DSDSS|DDDSS,12.5,0.78125,True
2018103928,グラティトゥー,Hail to Reason,2,5x5,SSSSS|DSSSS,6.25,0.1953125,True
2018103928,グラティトゥー,Halo,2,4x5,SDSSS|DSSS,9.375,0.390625,True
2018103928,グラティトゥー,Sunday Silence,2,3x4,SDSS|DSS,18.75,1.5625,True
2018103928,グラティトゥー,Wishing Well,2,4x5,SDSSD|DSSD,9.375,0.390625,True
2018105251,グロリアムンディ,Northern Dancer,3,5x5x5,SSDSS|SDSSS|DSDSS,9.375,0.390625,True
2018105251,グロリアムンディ,Sex Appeal,2,4x5,SDSSD|DSDD,9.375,0.390625,True
2018105293,マカオンドール,Halo,2,4x5,SSSS|DDDDS,9.375,0.390625,True
2018104669,ダノンドリーマー,Lady Victoria,2,5x5,SDDSD|DDDSD,6.25,0.1953125,True
2018104669,ダノンドリーマー,Northern Dancer,2,5x5,SDDSS|DDDSS,6.25,0.1953125,True
2018104669,ダノンドリーマー,Northern Taste,2,4x4,SDDS|DDDS,12.5,0.78125,True
2018105060,ラーゴム,Danzig,2,4x5,DDSD|DDSDS,9.375,0.0,False
2018105060,ラーゴム,Fappiano,2,5x5,DSSSS|DDDSS,6.25,0.0,False
2018105060,ラーゴム,Northern Taste,2,4x5,SSDDS|SDDS,9.375,0.0,False
2018101970,タガノカイ,Literat,2,5x5,SSDSS|SDSDS,6.25,0.0,False
2018101970,タガノカイ,Nijinsky,2,4x5,SDSSS|DDDS,9.375,0.390625,True
2018101970,タガノカイ,Northern Dancer,3,5x5x5,SDDSS|DSSSS|DDDSS,9.375,0.390625,True
2013103671,ヨシオ,Gold Digger,2,5x5,SDDSD|DSSSD,6.25,0.1953125,True
2013103671,ヨシオ,Mr. Prospector,2,4x4,SDDS|DSSS,12.5,0.78125,True
2013103671,ヨシオ,Raise a Native,2,5x5,SDDSS|DSSSS,6.25,0.1953125,True
2013103671,ヨシオ,Secretariat,3,5x5x5,SSSDS|DSSDS|DDDSS,9.375,0.390625,True
2013102117,オーシャンビュー,Hail to Reason,2,4x5,SSSS|DSSSS,9.375,0.390625,True
2013102117,オーシャンビュー,Wild Risk,2,5x5,SDSDS|DSDSS,6.25,0.1953125,True
2016102201,ヒュミドール,Halo,2,4x5,SSSS|DDSSS,9.375,0.390625,True
2016102201,ヒュミドール,Lady Victoria,2,5x5,SDDSD|DDDSD,6.25,0.1953125,True
2016102201,ヒュミドール,Northern Dancer,3,5x5x5,SDDSS|DSDSS|DDDSS,9.375,0.390625,True
2016102201,ヒュミドール,Northern Taste,3,4x4x5,SSDDS|SDDS|DDDS,15.625,1.171875,True
2016102201,ヒュミドール,Sunday Silence,2,3x4,SSS|DDSS,18.75,1.5625,True
2016102201,ヒュミドール,Wishing Well,2,4x5,SSSD|DDSSD,9.375,0.390625,True
2017100464,エヒト,Northern Dancer,3,5x5x5,SDDSS|DDSSS|DDDSS,9.375,0.390625,True
2013100446,キングニミッツ,Gold Digger,2,4x5,SDSSD|DSSD,9.375,0.390625,True
2013100446,キングニミッツ,Mr. Prospector,2,3x4,SDSS|DSS,18.75,1.5625,True
2013100446,キングニミッツ,Raise a Native,2,4x5,SDSSS|DSSS,9.375,0.390625,True
2016104618,ボッケリーニ,Northern Dancer,3,5x5x5,SSDSS|SDSSS|DSDSS,9.375,0.390625,True
2015104444,ワイプティアーズ,Hail to Reason,2,4x4,SSSS|DDSS,12.5,0.78125,True
2015104444,ワイプティアーズ,Halo,2,3x5,SSS|DSDDS,15.625,0.78125,True
2015104444,ワイプティアーズ,Northern Dancer,2,4x5,SDSS|DSDSS,9.375,0.390625,True
2015104444,ワイプティアーズ,Nothirdchance,2,5x5,SSSSD|DDSSD,6.25,0.1953125,True
2015104444,ワイプティアーズ,Turn-to,2,5x5,SSSSS|DDSSS,6.25,0.1953125,True
2015104714,レッドヴェイロン,Northern Dancer,3,4x5x5,SSDSS|SDSSS|DSSS,12.5,0.78125,True
2018105280,オーソクレース,Hail to Reason,2,5x5,SSSSS|DSSSS,6.25,0.1953125,True
2018105280,オーソクレース,Halo,2,4x5,SDSSS|DSSS,9.375,0.390625,True
2018105280,オーソクレース,Sadler's Wells,2,4x5,SDDS|DDSDS,9.375,0.390625,True
2018105280,オーソクレース,Sunday Silence,2,3x4,SDSS|DSS,18.75,1.5625,True
2018105280,オーソクレース,Wishing Well,2,4x5,SDSSD|DSSD,9.375,0.390625,True
2018105012,ヨーホーレイク,Northern Dancer,3,5x5x5,SDSSS|DSSSS|DDSSS,9.375,0.390625,True
2018105088,テンカハル,Mr. Prospector,2,3x5,SSS|DSDDS,15.625,0.78125,True
2018105088,テンカハル,Northern Dancer,3,5x5x5,SSDSS|SDSSS|DSSSS,9.375,0.390625,True
2018100664,ホールシバン,Gold Digger,2,4x5,SSDSD|DDSD,9.375,0.390625,True
2018100664,ホールシバン,Mr. Prospector,2,3x4,SSDS|DDS,18.75,1.5625,True
2018100664,ホールシバン,Nearctic,2,5x5,SDSSS|DSSSS,6.25,0.1953125,True
2018100664,ホールシバン,Raise a Native,2,4x5,SSDSS|DDSS,9.375,0.390625,True
2018100664,ホールシバン,Seattle Slew,2,4x5,SSSS|DDDDS,9.375,0.390625,True
2018110086,バニシングポイント,Charedi,2,5x5,SDSDD|DSSDD,6.25,0.1953125,True
2018110086,バニシングポイント,Fappiano,2,4x4,SDSS|DSSS,12.5,0.78125,True
2018110086,バニシングポイント,Gana Facil,2,4x4,SDSD|DSSD,12.5,0.78125,True
2018110086,バニシングポイント,Killaloe,2,5x5,SDSSD|DSSSD,6.25,0.1953125,True
2018110086,バニシングポイント,Le Fabuleux,2,5x5,SDSDS|DSSDS,6.25,0.1953125,True
2018110086,バニシングポイント,Mr. Prospector,3,4x5x5,SSDS|SDSSS|DSSSS,12.5,0.5859375,True
2018110086,バニシングポイント,Unbridled,2,3x3,SDS|DSS,25.0,3.125,True
2018104963,ダノンザキッド,Lyphard,2,5x5,SSDDS|DDDSS,6.25,0.1953125,True
2018103559,タイトルホルダー,Mr. Prospector,2,4x5,SSSS|DSDSS,9.375,0.390625,True
2018103559,タイトルホルダー,Northern Dancer,2,5x5,DSSSS|DDDSS,6.25,0.0,False
2018104883,アドマイヤザーゲ,Gold Digger,2,5x5,SSSSD|DDSSD,6.25,0.1953125,True
2018104883,アドマイヤザーゲ,Halo,2,4x5,SDSS|DDSDS,9.375,0.390625,True
2018104883,アドマイヤザーゲ,Mr. Prospector,2,4x4,SSSS|DDSS,12.5,0.78125,True
2018104883,アドマイヤザーゲ,Northern Dancer,2,5x5,DSSSS|DDDSS,6.25,0.0,False
2018104883,アドマイヤザーゲ,Nureyev,2,4x5,SSSDS|DDDS,9.375,0.390625,True
2018104883,アドマイヤザーゲ,Raise a Native,2,5x5,SSSSS|DDSSS,6.25,0.1953125,True
2018104942,シュヴァリエローズ,Northern Dancer,2,5x5,SDSSS|DSSSS,6.25,0.1953125,True
2018102366,モリデンアロー,Hail to Reason,2,5x5,SSSSS|SDSSS,6.25,0.0,False
2018102366,モリデンアロー,Northern Dancer,2,4x5,SSDSS|DSSS,9.375,0.390625,True
2018104801,セイハロートゥユー,Northern Dancer,2,5x5,SSDSS|SDSSS,6.25,0.0,False
2016104877,ヒシイグアス,Halo,3,3x4x5,SSS|DDDS|DDDSS,21.875,2.34375,True
2016104877,ヒシイグアス,Northern Dancer,2,5x5,SDDSS|DSSSS,6.25,0.1953125,True
2016105802,ロザムール,Hail to Reason,2,5x5,SDSSS|DSDDS,6.25,0.1953125,True
2016104807,ドナウデルタ,Lyphard,2,5x5,DSDSS|DDDSS,6.25,0.0,False
2016104807,ドナウデルタ,Northern Dancer,2,5x5,SDSSS|DDSSS,6.25,0.1953125,True
2016104470,ディアンドル,Northern Dancer,2,5x5,SDDSS|DDSSS,6.25,0.1953125,True
2016104670,レッドアステル,Northern Dancer,2,5x5,SDSSS|DDSSS,6.25,0.1953125,True
2018100184,タイムトゥヘヴン,Northern Dancer,3,4x5x5,SDSSS|DSDDS|DDSS,12.5,0.5859375,True
2018102943,タイソウ,Halo,3,4x5x5,SSDSS|DSSS|DDDSD,12.5,0.5859375,True
2018102943,タイソウ,Northern Dancer,2,5x5,SDSSS|DSDSS,6.25,0.1953125,True
2018102943,タイソウ,Northern Taste,2,4x5,SSDDS|DSDS,9.375,0.390625,True
2018102943,タイソウ,Riverman,2,5x5,SDSDS|DDSDS,6.25,0.1953125,True
2018102943,タイソウ,Sunday Silence,2,3x4,SSDS|DSS,18.75,1.5625,True
2018102943,タイソウ,Wishing Well,2,4x5,SSDSD|DSSD,9.375,0.390625,True
2018105277,グラティアス,Northern Dancer,2,5x5,SDDSS|DDSSS,6.25,0.1953125,True
2018105054,ヴァイスメテオール,Halo,3,2x3x4,DS|DSD|DSDS,43.75,0.0,False
2018105054,ヴァイスメテオール,Northern Dancer,3,5x5x5,SSDSS|SDSSS|DSSSS,9.375,0.390625,True
2018105054,ヴァイスメテオール,Nureyev,2,4x5,SSDS|DDDDS,9.375,0.390625,True
2018105161,テンバガー,Halo,2,4x5,SSDSS|DSSS,9.375,0.390625,True
2018105161,テンバガー,Riverman,2,5x5,SDSDS|DDSDS,6.25,0.1953125,True
2018105161,テンバガー,Sunday Silence,2,3x4,SSDS|DSS,18.75,1.5625,True
2018105161,テンバガー,Wishing Well,2,4x5,SSDSD|DSSD,9.375,0.390625,True
2018105404,エイカイファントム,Northern Dancer,2,5x5,SDSSS|DDSSS,6.25,0.1953125,True
2018105404,エイカイファントム,Secretariat,2,4x5,SDSDS|DSDS,9.375,0.390625,True
2018106692,アクセル,Cosmah,2,5x5,SSSSD|DSSSD,6.25,0.1953125,True
2018106692,アクセル,Crimson Saint,2,4x5,SDSDD|DDSD,9.375,0.390625,True
2018106692,アクセル,Hail to Reason,2,5x5,SSSSS|DSSSS,6.25,0.1953125,True
2018106692,アクセル,Halo,2,4x4,SSSS|DSSS,12.5,0.78125,True
2018106692,アクセル,Nijinsky,2,4x5,DSDSS|DDSS,9.375,0.0,False
2018106692,アクセル,Northern Dancer,2,5x5,SDSSS|DDSSS,6.25,0.1953125,True
2018104261,プラチナトレジャー,Northern Dancer,2,5x5,SSDSS|SDSSS,6.25,0.0,False
2018104915,ディクテイター,Northern Dancer,3,5x5x5,SDDSS|DSSSS|DDDSS,9.375,0.390625,True
2014100235,ソッサスブレイ,Mr. Prospector,2,4x5,SSDSS|DDSS,9.375,0.390625,True
2014100235,ソッサスブレイ,Nijinsky,2,5x5,DSDSS|DDSDS,6.25,0.0,False
2014100235,ソッサスブレイ,Special,2,5x5,SDSDD|DDSDD,6.25,0.1953125,True
2014100537,ジャコマル,Cosmah,2,5x5,SSSSD|SDDSD,6.25,0.0,False
2014100537,ジャコマル,Hail to Reason,2,5x5,SSSSS|SDDSS,6.25,0.0,False
2014100537,ジャコマル,Halo,2,4x4,SSSS|SDDS,12.5,0.0,False
2014100537,ジャコマル,Northern Dancer,2,5x5,DDSDS|DDDSS,6.25,0.0,False
2018105005,ジャンカルド,Northern Dancer,3,5x5x5,SSSSS|SDDSS|DDDSS,9.375,0.390625,True
2018105257,ダノンジェネラル,Gold Digger,2,4x5,SSSSD|DDSD,9.375,0.390625,True
2018105257,ダノンジェネラル,Mr. Prospector,2,3x4,SSSS|DDS,18.75,1.5625,True
2018105257,ダノンジェネラル,Raise a Native,3,4x5x5,SSSSS|DDSS|DDDDS,12.5,0.5859375,True
2018105011,ショウナンアレス,Halo,2,4x5,SDSSS|DSSS,9.375,0.390625,True
2018105011,ショウナンアレス,Northern Dancer,2,4x5,SDDSS|DDSS,9.375,0.390625,True
2018105011,ショウナンアレス,Nureyev,2,3x5,SSSDS|DDS,15.625,0.78125,True
2018105011,ショウナンアレス,Sunday Silence,2,3x4,SDSS|DSS,18.75,1.5625,True
2018105011,ショウナンアレス,Wishing Well,2,4x5,SDSSD|DSSD,9.375,0.390625,True
2018105078,ドゥラモンド,Hail to Reason,2,5x5,SDSSS|DSDSS,6.25,0.1953125,True
2018105078,ドゥラモンド,Mr. Prospector,2,4x5,SSSS|DDSSS,9.375,0.390625,True
2018104994,アランデル,Arctic Tern,2,4x4,SDSS|DDSS,12.5,0.78125,True
2018104994,アランデル,Barbra,2,5x5,SDSDD|DDSDD,6.25,0.1953125,True
2018104994,アランデル,Beaune,2,4x4,SDSD|DDSD,12.5,0.78125,True
2018104994,アランデル,Bering,2,3x3,SDS|DDS,25.0,3.125,True
2018104994,アランデル,Bubbling Beauty,2,5x5,SDSSD|DDSSD,6.25,0.1953125,True
2018104994,アランデル,Lyphard,3,5x5x5,SDSDS|DDSDS|DDDSS,9.375,0.390625,True
2018104994,アランデル,Northern Dancer,2,5x5,SSSSS|SDDSS,6.25,0.0,False
2018104994,アランデル,Sea-Bird,2,5x5,SDSSS|DDSSS,6.25,0.1953125,True
2016105106,ダンスディライト,Northern Dancer,3,4x5x5,SSDSS|SDSSS|DDSS,12.5,0.78125,True
2016105106,ダンスディライト,Raise a Native,2,4x5,SSSS|DDDDS,9.375,0.390625,True
2015101077,ナムラドノヴァン,Hail to Reason,2,5x5,SSSSS|DDDSS,6.25,0.1953125,True
2015101077,ナムラドノヴァン,Northern Dancer,2,5x5,DSDSS|DDSSS,6.25,0.0,False
2015101077,ナムラドノヴァン,Nureyev,2,4x5,SDSDS|DSDS,9.375,0.390625,True
2016105084,ダノンテイオー,Hail to Reason,2,4x5,SSSS|DSSSS,9.375,0.390625,True
2016105084,ダノンテイオー,Lyphard,2,4x5,SDSS|DDSDS,9.375,0.390625,True
2017105460,ブラックマジック,Northern Dancer,2,4x5,SDSSS|DSSS,9.375,0.390625,True
2018110043,ゴールデンシロップ,Danzig,2,5x5,SSDSS|SDSSS,6.25,0.0,False
2018110043,ゴールデンシロップ,Northern Dancer,2,5x5,SSSSS|DDSSS,6.25,0.1953125,True
2018110043,ゴールデンシロップ,Raise a Native,2,5x5,DSSSS|DDDSS,6.25,0.0,False
2018105047,ホウオウサンデー,Northern Dancer,3,5x5x5,SSDSS|SDSSS|DDSSS,9.375,0.390625,True
2018105047,ホウオウサンデー,Nureyev,2,4x4,SSDS|DDSS,12.5,0.78125,True
2018105047,ホウオウサンデー,Raise a Native,2,4x5,SSSS|DDDSS,9.375,0.390625,True
2018105047,ホウオウサンデー,Special,2,5x5,SSDSD|DDSSD,6.25,0.1953125,True
2018105831,ワンデイモア,Northern Dancer,2,4x5,DSSS|DDSSS,9.375,0.0,False
2018104662,ソーヴァリアント,Hail to Reason,2,5x5,SSSSS|DSSSS,6.25,0.1953125,True
2018104662,ソーヴァリアント,Northern Dancer,2,4x5,SDDSS|DDSS,9.375,0.390625,True
2018104662,ソーヴァリアント,Northern Taste,2,4x5,SSDDS|SDDS,9.375,0.0,False
2018103730,タイセイドリーマー,Northern Dancer,2,5x5,SDDSS|DSSSS,6.25,0.1953125,True
2018110007,シュネルマイスター,Kris,2,4x5,SSDS|DSDSS,9.375,0.390625,True
2018110007,シュネルマイスター,Northern Dancer,2,5x5,SSSSS|DSSSS,6.25,0.1953125,True
2017105376,ポタジェ,Northern Dancer,2,5x5,SDSSS|DSSSS,6.25,0.1953125,True
2017105376,ポタジェ,Promised Land,2,5x5,SSDSS|DDDSS,6.25,0.1953125,True
2014105947,シロニイ,Northern Dancer,3,4x5x5,SSDSS|SDSSS|DDSS,12.5,0.78125,True
2016102045,ツーエムアロンソ,Northern Dancer,3,4x5x5,SSSS|SDSSS|DDSSS,12.5,0.5859375,True
2016104452,ゴースト,Blue Canoe,2,5x5,DSDDD|DDDDD,6.25,0.0,False
2016104532,グランアレグリア,Nijinsky,2,5x5,DSDDS|DDSSS,6.25,0.0,False
2018105092,アドマイヤハダル,Lyphard,2,4x5,DSDSS|DDSS,9.375,0.0,False
2018105092,アドマイヤハダル,Northern Dancer,2,5x5,SDSSS|DDSSS,6.25,0.1953125,True
2018104980,ステラヴェローチェ,Busted,2,5x5,SSDSS|DSDDS,6.25,0.1953125,True
2018104980,ステラヴェローチェ,Halo,2,4x5,SDDDS|DSSS,9.375,0.390625,True
2018104980,ステラヴェローチェ,Highclere,2,4x5,SSDD|DSDDD,9.375,0.390625,True
2018104980,ステラヴェローチェ,Mr. Prospector,2,4x5,SDDS|DDSSS,9.375,0.390625,True
2018105402,イルーシヴパンサー,Northern Dancer,2,5x5,SDDSS|DDSSS,6.25,0.1953125,True
2018104948,ヴィクティファルス,Hail to Reason,2,4x5,SSSS|DDSSS,9.375,0.390625,True
2018104948,ヴィクティファルス,Northern Dancer,2,4x5,SDDSS|DSSS,9.375,0.390625,True
2018105027,エフフォーリア,Hail to Reason,2,5x5,SSSSS|DSSSS,6.25,0.1953125,True
2018105027,エフフォーリア,Halo,2,4x5,SDSSS|DSSS,9.375,0.390625,True
2018105027,エフフォーリア,Sunday Silence,2,3x4,SDSS|DSS,18.75,1.5625,True
2018105027,エフフォーリア,Wishing Well,2,4x5,SDSSD|DSSD,9.375,0.390625,True
2018104475,ディープモンスター,Northern Dancer,2,4x5,SDSSS|DDSS,9.375,0.390625,True
2018100026,ワールドリバイバル,Hail to Reason,2,5x5,SSSSS|DSSSS,6.25,0.1953125,True
2018100026,ワールドリバイバル,Halo,2,4x5,SDSSS|DSSS,9.375,0.390625,True
2018100026,ワールドリバイバル,Sunday Silence,2,3x4,SDSS|DSS,18.75,1.5625,True
2018100026,ワールドリバイバル,Wishing Well,2,4x5,SDSSD|DSSD,9.375,0.390625,True
2018101071,アサマノイタズラ,Cosmah,2,5x5,SSSSD|DSDSD,6.25,0.1953125,True
2018101071,アサマノイタズラ,Hail to Reason,2,5x5,SSSSS|DSDSS,6.25,0.1953125,True
2018101071,アサマノイタズラ,Halo,5,2x3x4x4x5,SSSS|SDSDS|DS|DSD|DSDS,53.125,8.203125,True
2018101071,アサマノイタズラ,Mr. Prospector,2,4x5,SDSS|DDDSS,9.375,0.390625,True
2018101071,アサマノイタズラ,Northern Dancer,2,5x5,DSSSS|DDSSS,6.25,0.0,False
2018105366,レッドベルオーブ,Northern Dancer,2,5x5,SDSSS|DDSSS,6.25,0.1953125,True
2018101617,ウインアグライア,Hail to Reason,2,4x5,SSSS|DSSSS,9.375,0.390625,True
2018101617,ウインアグライア,Never Bend,2,5x5,SDDDS|DDDSS,6.25,0.1953125,True
2018101803,グローリアスサルム,Halo,2,4x5,SSSS|DDSSS,9.375,0.390625,True
2018101803,グローリアスサルム,Lyphard,2,5x5,SSDSS|DDDSS,6.25,0.1953125,True
2018101803,グローリアスサルム,Northern Dancer,2,5x5,SDSSS|DSDSS,6.25,0.1953125,True
2018101803,グローリアスサルム,Sunday Silence,2,3x4,SSS|DDSS,18.75,1.5625,True
2018101803,グローリアスサルム,Wishing Well,2,4x5,SSSD|DDSSD,9.375,0.390625,True
2018102167,ユーバーレーベン,Hail to Reason,2,5x5,SSSSS|DDSSS,6.25,0.1953125,True
2018102167,ユーバーレーベン,Halo,2,4x5,SSSS|DSSSS,9.375,0.390625,True
2018100188,レッジャードロ,Mr. Prospector,2,4x5,SSSS|DSDDS,9.375,0.390625,True
2018100188,レッジャードロ,Northern Dancer,2,5x5,DSSSS|DDSSS,6.25,0.0,False
2018100188,レッジャードロ,Secretariat,2,5x5,DSSDS|DDSDS,6.25,0.0,False
2018103615,ルース,Hail to Reason,2,5x5,SDSSS|DSSSS,6.25,0.1953125,True
2018105152,メイサウザンアワー,Literat,2,5x5,SSDSS|SDSDS,6.25,0.0,False
2018105152,メイサウザンアワー,Northern Dancer,2,5x5,SDDSS|DDDSS,6.25,0.1953125,True
2018105152,メイサウザンアワー,Nureyev,2,4x5,DSSDS|DDDS,9.375,0.0,False
2018104502,オヌール,Northern Dancer,2,5x5,SDSSS|DSSDS,6.25,0.1953125,True
2018103558,パープルレディー,Goofed,2,5x5,SDSSD|DSSSD,6.25,0.1953125,True
2018103558,パープルレディー,Lyphard,2,4x4,SDSS|DSSS,12.5,0.78125,True
2018103558,パープルレディー,Northern Dancer,3,5x5x5,SDSSS|DSSSS|DDDSS,9.375,0.390625,True
2018103709,ララサンスフル,Lyphard,2,4x5,SDDS|DDDDS,9.375,0.390625,True
2018103709,ララサンスフル,Mr. Prospector,2,5x5,DSDSS|DDSSS,6.25,0.0,False
2018103709,ララサンスフル,Northern Dancer,2,4x5,SDDSS|DSSS,9.375,0.390625,True
2018100487,スライリー,Cosmah,2,5x5,SSSSD|DSSSD,6.25,0.1953125,True
2018100487,スライリー,Hail to Reason,2,5x5,SSSSS|DSSSS,6.25,0.1953125,True
2018100487,スライリー,Halo,2,4x4,SSSS|DSSS,12.5,0.78125,True
2018100487,スライリー,Mountain Flower,2,5x5,SSSDD|DSSDD,6.25,0.1953125,True
2018100487,スライリー,Northern Taste,2,4x5,SSDDS|SDDS,9.375,0.0,False
2018100487,スライリー,Sunday Silence,2,3x3,SSS|DSS,25.0,3.125,True
2018100487,スライリー,Understanding,2,5x5,SSSDS|DSSDS,6.25,0.1953125,True
2018100487,スライリー,Wishing Well,2,4x4,SSSD|DSSD,12.5,0.78125,True
2018105123,ジェニーアムレット,Seattle Slew,2,5x5,DSSSS|DDDSS,6.25,0.0,False
2018104563,オメガロマンス,Northern Dancer,3,4x5x5,SDDSS|DSSS|DDSSS,12.5,0.5859375,True
2018105830,クールキャット,Cosmah,2,5x5,SDSSD|DSSSD,6.25,0.1953125,True
2018105830,クールキャット,Hail to Reason,3,5x5x5,SSSSS|SDSSS|DSSSS,9.375,0.390625,True
2018105830,クールキャット,Halo,2,4x4,SDSS|DSSS,12.5,0.78125,True
2018105830,クールキャット,Mountain Flower,2,5x5,SDSDD|DSSDD,6.25,0.1953125,True
2018105830,クールキャット,Northern Dancer,4,5x5x5x5,SSDSS|SDDSS|DSDSS|DDSSS,12.5,0.78125,True
2018105830,クールキャット,Sunday Silence,2,3x3,SDS|DSS,25.0,3.125,True
2018105830,クールキャット,Understanding,2,5x5,SDSDS|DSSDS,6.25,0.1953125,True
2018105830,クールキャット,Wishing Well,2,4x4,SDSD|DSSD,12.5,0.78125,True
2018100736,アンフィニドール,Halo,2,4x5,SSDSS|DSSS,9.375,0.390625,True
2018100736,アンフィニドール,Lyphard,2,5x5,SDDSS|DSDSS,6.25,0.1953125,True
2018100736,アンフィニドール,Northern Dancer,2,5x5,SDSSS|DDDSS,6.25,0.1953125,True
2018100736,アンフィニドール,Sunday Silence,2,3x4,SSDS|DSS,18.75,1.5625,True
2018100736,アンフィニドール,Wishing Well,2,4x5,SSDSD|DSSD,9.375,0.390625,True
2018102348,ノースブリッジ,Halo,2,5x5,SSDSS|DSDSS,6.25,0.1953125,True
2018102348,ノースブリッジ,Sunday Silence,2,4x4,SSDS|DSDS,12.5,0.78125,True
2018102348,ノースブリッジ,Wishing Well,2,5x5,SSDSD|DSDSD,6.25,0.1953125,True
2018110116,バーボンハイボール,Mr. Prospector,2,3x5,SSS|DDDSS,15.625,0.78125,True
2018110116,バーボンハイボール,Northern Dancer,2,4x5,SDSSS|DDSS,9.375,0.390625,True
2018105162,レッドヴェロシティ,Be My Guest,2,4x5,SDDS|DDDSS,9.375,0.390625,True
2018105162,レッドヴェロシティ,Hail to Reason,2,5x5,SSSSS|DSSSS,6.25,0.1953125,True
2018105146,マテンロウエール,Nijinsky,2,4x5,DSDSS|DDSS,9.375,0.0,False
2018105146,マテンロウエール,Northern Dancer,2,5x5,SDSSS|DDSSS,6.25,0.1953125,True
2018102657,キングストンボーイ,Gold Digger,2,4x5,SSSSD|DSSD,9.375,0.390625,True
2018102657,キングストンボーイ,Mr. Prospector,2,3x4,SSSS|DSS,18.75,1.5625,True
2018102657,キングストンボーイ,Raise a Native,2,4x5,SSSSS|DSSS,9.375,0.390625,True
2018106545,テーオーロイヤル,Hail to Reason,2,5x5,DSSSS|DDSSS,6.25,0.0,False
2018106545,テーオーロイヤル,Halo,2,4x5,SDSSS|DSSS,9.375,0.390625,True
2018106545,テーオーロイヤル,Mr. Prospector,2,4x5,SSSS|DDDSS,9.375,0.390625,True
2018106545,テーオーロイヤル,Sunday Silence,2,3x4,SDSS|DSS,18.75,1.5625,True
2018106545,テーオーロイヤル,Wishing Well,2,4x5,SDSSD|DSSD,9.375,0.390625,True
2018104877,スワーヴエルメ,Halo,2,4x5,SDSS|DDDSS,9.375,0.390625,True
2018104877,スワーヴエルメ,Kingmambo,2,3x4,SSS|DDSS,18.75,1.5625,True
2018104877,スワーヴエルメ,Miesque,2,4x5,SSSD|DDSSD,9.375,0.390625,True
2018104877,スワーヴエルメ,Mr. Prospector,2,4x5,SSSS|DDSSS,9.375,0.390625,True
2018104877,スワーヴエルメ,Northern Taste,2,5x5,SDDDS|DDDDS,6.25,0.1953125,True
2018104877,スワーヴエルメ,Sunday Silence,2,3x4,SDS|DDDS,18.75,1.5625,True
2018104877,スワーヴエルメ,Wishing Well,2,4x5,SDSD|DDDSD,9.375,0.390625,True
2018104877,スワーヴエルメ,シャダイフェザー,2,5x5,SDDDD|DDDDD,6.25,0.1953125,True
2018104877,スワーヴエルメ,ダイナカール,2,4x4,SDDD|DDDD,12.5,0.78125,True
2018101010,アウスヴァール,Literat,2,5x5,SSDSS|SDSDS,6.25,0.0,False
2018101010,アウスヴァール,Nijinsky,3,5x5x5,SDSSS|DSDSS|DDSSS,9.375,0.390625,True
2018105516,グレアリングアイ,Northern Dancer,2,5x5,SDDSS|DDSSS,6.25,0.1953125,True
2018105809,リーブルミノル,Halo,2,4x5,DSSS|DDDDS,9.375,0.0,False
2018105809,リーブルミノル,Northern Dancer,3,4x5x5,SSDSS|SDSSS|DDSS,12.5,0.78125,True
2018105809,リーブルミノル,Nureyev,2,3x4,SSDS|DDS,18.75,1.5625,True
2018105809,リーブルミノル,Special,2,4x5,SSDSD|DDSD,9.375,0.390625,True
2018105573,レインフロムヘヴン,Gold Digger,2,5x5,SSSSD|DDSSD,6.25,0.1953125,True
2018105573,レインフロムヘヴン,Hail to Reason,2,5x5,SDSSS|DSSSS,6.25,0.1953125,True
2018105573,レインフロムヘヴン,Mr. Prospector,2,4x4,SSSS|DDSS,12.5,0.78125,True
2018105573,レインフロムヘヴン,Northern Dancer,2,5x5,DSDSS|DDDSS,6.25,0.0,False
2018105573,レインフロムヘヴン,Nureyev,2,4x5,SSSDS|DSDS,9.375,0.390625,True
2018105573,レインフロムヘヴン,Raise a Native,2,5x5,SSSSS|DDSSS,6.25,0.1953125,True
2018101660,ワイドエンペラー,Northern Dancer,2,5x5,SDDSS|DDDSS,6.25,0.1953125,True
2018104114,ヴェローチェオロ,Cosmah,2,5x5,SSSSD|DSSSD,6.25,0.1953125,True
2018104114,ヴェローチェオロ,Hail to Reason,2,5x5,SSSSS|DSSSS,6.25,0.1953125,True
2018104114,ヴェローチェオロ,Halo,2,4x4,SSSS|DSSS,12.5,0.78125,True
2018101175,サイモンメガライズ,Mr. Prospector,2,4x5,SSDSS|DDSS,9.375,0.390625,True
2018105076,ルペルカーリア,Fairy Bridge,2,4x5,SDSSD|DDSD,9.375,0.390625,True
2018105076,ルペルカーリア,Halo,2,4x5,SSDSS|DSSS,9.375,0.390625,True
2018105076,ルペルカーリア,Northern Dancer,2,4x5,SDSSS|DDSS,9.375,0.390625,True
2018105076,ルペルカーリア,Sadler's Wells,2,3x4,SDSS|DDS,18.75,1.5625,True
2018105076,ルペルカーリア,Sunday Silence,2,3x4,SSDS|DSS,18.75,1.5625,True
2018105076,ルペルカーリア,Wishing Well,2,4x5,SSDSD|DSSD,9.375,0.390625,True
2018106273,ブレークアップ,Literat,2,5x5,SSDSS|SDSDS,6.25,0.0,False
2018106273,ブレークアップ,Northern Dancer,2,5x5,SDDSS|DDDSS,6.25,0.1953125,True
2018100545,トーホウバロン,Northern Dancer,3,5x5x5,SSDSS|SDSSS|DDSSS,9.375,0.390625,True
2018106154,エスコバル,Halo,2,5x5,SSDSS|DDSSS,6.25,0.1953125,True
2018106154,エスコバル,Sunday Silence,2,4x4,SSDS|DDSS,12.5,0.78125,True
2018106154,エスコバル,Wishing Well,2,5x5,SSDSD|DDSSD,6.25,0.1953125,True
2018104575,ゲヴィナー,Hail to Reason,2,5x5,SSSSS|DDSSS,6.25,0.1953125,True
2018104575,ゲヴィナー,Northern Taste,2,4x5,SSDDS|SDDS,9.375,0.0,False
2018105343,レッドジェネシス,Natalma,2,5x5,DSSSD|DDSSD,6.25,0.0,False
2018105343,レッドジェネシス,Nearctic,2,5x5,DSSSS|DDSSS,6.25,0.0,False
2018105343,レッドジェネシス,Northern Dancer,3,4x4x5,SDSSS|DSSS|DDSS,15.625,0.78125,True
2018104698,ハートオブアシティ,Northern Dancer,2,5x5,SDDSS|DSSSS,6.25,0.1953125,True
2014110074,バスカヴィル,Danzig,2,3x4,DSD|DSDS,18.75,0.0,False
2014110074,バスカヴィル,Mr. Prospector,2,4x5,SDSSS|DSSS,9.375,0.390625,True
2014110074,バスカヴィル,Northern Dancer,2,5x5,SDDDS|DSDSS,6.25,0.1953125,True
2016102692,ハッピーアワー,Lyphard,2,5x5,SDSDS|DSDSS,6.25,0.1953125,True
2016102692,ハッピーアワー,Northern Dancer,3,5x5x5,SSSSS|SDDSS|DDSSS,9.375,0.390625,True
2016104319,サトノエルドール,Highclere,2,4x5,SDDD|DDSDD,9.375,0.390625,True
2016104319,サトノエルドール,Natalma,2,5x5,DSSSD|DDSSD,6.25,0.0,False
2016104319,サトノエルドール,Nearctic,2,5x5,DSSSS|DDSSS,6.25,0.0,False
2016104319,サトノエルドール,Northern Dancer,3,4x4x5,SDSSS|DSSS|DDSS,15.625,0.78125,True
2018105008,ククナ,Lyphard,2,5x5,DSDSS|DDSDS,6.25,0.0,False
2018105008,ククナ,Northern Dancer,2,5x5,SSDSS|SDSSS,6.25,0.0,False
2018105269,スルーセブンシーズ,Northern Taste,2,4x5,SSDDS|SDDS,9.375,0.0,False
2018101943,タガノパッション,Hail to Reason,2,5x5,DSSSS|DDSSS,6.25,0.0,False
2018101943,タガノパッション,Northern Dancer,2,5x5,SSDSS|SDSSS,6.25,0.0,False
2018103369,ハギノピリナ,Halo,2,4x5,SSSS|DSDSS,9.375,0.390625,True
2018103369,ハギノピリナ,Mr. Prospector,2,5x5,DSSSS|DDSSS,6.25,0.0,False
2018103369,ハギノピリナ,Sunday Silence,2,3x4,SSS|DSDS,18.75,1.5625,True
2018103369,ハギノピリナ,Wishing Well,2,4x5,SSSD|DSDSD,9.375,0.390625,True
2018104659,エンスージアズム,Northern Dancer,2,4x5,SDSSS|DSSS,9.375,0.390625,True
2018105233,ソダシ,Northern Dancer,2,5x5,SSSSS|DDDSS,6.25,0.1953125,True
2018103849,ミヤビハイディ,Hail to Reason,2,5x5,SSSSS|DSSSS,6.25,0.1953125,True
2018103849,ミヤビハイディ,Halo,2,4x5,SDSSS|DSSS,9.375,0.390625,True
2018103849,ミヤビハイディ,Sunday Silence,2,3x4,SDSS|DSS,18.75,1.5625,True
2018103849,ミヤビハイディ,Wishing Well,2,4x5,SDSSD|DSSD,9.375,0.390625,True
2018105181,ファインルージュ,Halo,2,4x5,SSSS|DDSSS,9.375,0.390625,True
2018105181,ファインルージュ,Northern Dancer,2,5x5,SDSSS|DSDSS,6.25,0.1953125,True
2018105181,ファインルージュ,Sunday Silence,2,3x4,SSS|DDSS,18.75,1.5625,True
2018105181,ファインルージュ,Wishing Well,2,4x5,SSSD|DDSSD,9.375,0.390625,True
2018103418,ストライプ,Blakeney,2,5x5,SSDDS|DDDSS,6.25,0.1953125,True
2018103418,ストライプ,Lady Victoria,2,5x5,SDDSD|DSDSD,6.25,0.1953125,True
2018103418,ストライプ,Northern Dancer,3,5x5x5,SDDSS|DSDSS|DDSSS,9.375,0.390625,True
2018103418,ストライプ,Northern Taste,2,4x4,SDDS|DSDS,12.5,0.78125,True
2018104922,アールドヴィーヴル,Northern Dancer,2,5x5,SSDSS|SDSSS,6.25,0.0,False
2018100476,ニーナドレス,Northern Dancer,2,5x5,SDDSS|DDDSS,6.25,0.1953125,True
2018105554,ステラリア,Northern Dancer,3,5x5x5,SDSSS|DSSSS|DDSSS,9.375,0.390625,True
2018105554,ステラリア,South Ocean,2,5x5,SDSSD|DDSSD,6.25,0.1953125,True
2018105554,ステラリア,Storm Bird,2,4x4,SDSS|DDSS,12.5,0.78125,True
2018104756,バジオウ,Northern Dancer,2,5x5,SDDSS|DDDSS,6.25,0.1953125,True
2018105167,グレートマジシャン,Northern Dancer,2,4x5,SDSSS|DSSS,9.375,0.390625,True
2018105179,サトノレイナス,Lyphard,2,4x5,SDSS|DDSDS,9.375,0.390625,True
2016101207,アドマイヤポラリス,Mr. Prospector,2,4x5,DSSSS|DDDS,9.375,0.0,False
2017104936,ヒートオンビート,Mill Princess,2,4x5,SDSD|DDSSD,9.375,0.390625,True
2017104936,ヒートオンビート,Northern Dancer,2,5x5,SSDSS|SDSSS,6.25,0.0,False
2017104936,ヒートオンビート,トライマイベスト,2,4x5,SDSS|DDSSS,9.375,0.390625,True
2016102214,トップウイナー,Blushing Groom,2,3x4,SSS|DSDS,18.75,1.5625,True
2016102214,トップウイナー,Halo,3,3x4x5,SDDDS|DDS|DDSS,21.875,1.171875,True
2016102214,トップウイナー,Northern Dancer,2,4x5,SDSS|DSSSS,9.375,0.390625,True
2016102214,トップウイナー,Red God,2,4x5,SSSS|DSDSS,9.375,0.390625,True
2016102214,トップウイナー,Runaway Bride,2,4x5,SSSD|DSDSD,9.375,0.390625,True
2015103010,ペプチドオーキッド,Northern Dancer,2,4x5,SDSS|DDDSS,9.375,0.390625,True
2017102294,イズジョーノキセキ,Halo,2,5x5,SDSSS|DDSDS,6.25,0.1953125,True
2017102294,イズジョーノキセキ,Mr. Prospector,2,4x5,DSSS|DDDDS,9.375,0.0,False
2017102294,イズジョーノキセキ,Seattle Slew,2,5x5,SSDSS|DDDSS,6.25,0.1953125,True
2017104103,キングスタイル,Cosmah,2,4x5,SSSD|DSSSD,9.375,0.390625,True
2017104103,キングスタイル,Hail to Reason,2,4x5,SSSS|DSSSS,9.375,0.390625,True
2017104103,キングスタイル,Halo,2,3x4,SSS|DSSS,18.75,1.5625,True
2017104103,キングスタイル,Lyphard,2,4x5,SDSS|DDSSS,9.375,0.390625,True
2016104349,アンドラステ,Hail to Reason,2,4x5,SSSSS|DSSS,9.375,0.390625,True
2016104349,アンドラステ,Northern Taste,2,4x5,SSDDS|SDDS,9.375,0.0,False
2017105438,クラヴェル,Hail to Reason,2,5x5,SSSSS|DDSSS,6.25,0.1953125,True
2017105438,クラヴェル,Halo,2,4x5,SDSSS|DDSS,9.375,0.390625,True
2017105438,クラヴェル,Sunday Silence,2,3x4,SDSS|DDS,18.75,1.5625,True
2017105438,クラヴェル,Wishing Well,2,4x5,SDSSD|DDSD,9.375,0.390625,True
2016106255,アッシェンプッテル,Mr. Prospector,2,4x5,SSSSS|SDSS,9.375,0.0,False
2016106255,アッシェンプッテル,Northern Dancer,4,5x5x5x5,SSDSS|SDDSS|DSDSS|DDSSS,12.5,0.78125,True
2016106255,アッシェンプッテル,Raise a Native,2,5x5,SDSSS|DDDSS,6.25,0.1953125,True
2016105681,スカーフェイス,Northern Dancer,2,5x5,SDDSS|DDDSS,6.25,0.1953125,True
2017110151,カフェファラオ,Halo,2,3x4,DSS|DSSS,18.75,0.0,False
2017110151,カフェファラオ,Mr. Prospector,2,4x5,DSDSS|DDSS,9.375,0.0,False
2013103324,ハナズレジェンド,Star Kingdom,2,5x5,DDSSS|DDDSS,6.25,0.0,False
2017104093,ワールドウインズ,Mr. Prospector,2,4x5,SSSS|DDDSS,9.375,0.390625,True
2017104093,ワールドウインズ,Northern Dancer,2,5x5,SDDSS|DDSSS,6.25,0.1953125,True
2016104556,ジェットモーション,Hail to Reason,2,4x5,SSSS|DSSSS,9.375,0.390625,True
2016100752,マイネルウィルトス,Hail to Reason,2,5x5,SSSSS|SDSSS,6.25,0.0,False
2016100752,マイネルウィルトス,Halo,2,4x5,SDSS|DSSSS,9.375,0.390625,True
2016100752,マイネルウィルトス,Northern Dancer,2,5x5,SSDSS|SDDSS,6.25,0.0,False
2017105403,グランスピード,Hail to Reason,2,5x5,SSSSS|DDSSS,6.25,0.1953125,True
2017105403,グランスピード,Northern Dancer,2,5x5,SDSSS|DSSSS,6.25,0.1953125,True
2017106161,モズナガレボシ,Northern Dancer,2,5x5,SSDSS|DDDSS,6.25,0.1953125,True
2016110115,サトノセシル,Blushing Groom,2,4x5,SDDSS|DDDS,9.375,0.390625,True
2016110115,サトノセシル,Mr. Prospector,2,4x5,SSDSS|DSSS,9.375,0.390625,True
2016110115,サトノセシル,Northern Dancer,4,4x5x5x5,SSSS|SDSSS|DSDDS|DDSSS,15.625,1.171875,True
2016104660,パルティアーモ,Northern Dancer,3,4x5x5,SDSS|DSDDS|DDDSS,12.5,0.78125,True
2017101201,ヤシャマル,Lyphard,2,4x5,SSDSS|DDSS,9.375,0.390625,True
2017101201,ヤシャマル,Northern Dancer,2,5x5,SDSSS|DDSSS,6.25,0.1953125,True
2018104092,トウシンモンブラン,Mr. Prospector,2,4x5,SSSS|DSSSS,9.375,0.390625,True
2018104092,トウシンモンブラン,Northern Dancer,2,5x5,SDDSS|DSDSS,6.25,0.1953125,True
2018105345,エクランドール,Northern Dancer,2,5x5,SDSSS|DSSSS,6.25,0.1953125,True
2018106352,キヨラ,Northern Dancer,3,4x5x5,SDDSS|DSSS|DDDSS,12.5,0.5859375,True
2018104977,シャーレイポピー,Halo,2,4x5,SSSS|DDDSS,9.375,0.390625,True
2018104977,シャーレイポピー,Nureyev,3,4x5x5,SDDS|DSSDS|DDSDS,12.5,0.78125,True
2018104977,シャーレイポピー,Sunday Silence,2,3x4,SSS|DDDS,18.75,1.5625,True
2018104977,シャーレイポピー,Wishing Well,2,4x5,SSSD|DDDSD,9.375,0.390625,True
2018102090,アイリッシュムーン,Danzig,2,4x4,SDSS|DDSS,12.5,0.78125,True
2018102090,アイリッシュムーン,Fappiano,2,4x5,DSSS|DDDDS,9.375,0.0,False
2018102090,アイリッシュムーン,Mr. Prospector,2,5x5,SSSSS|DSSSS,6.25,0.1953125,True
2018102090,アイリッシュムーン,Northern Dancer,2,5x5,SDSSS|DDSSS,6.25,0.1953125,True
2018102090,アイリッシュムーン,Pas de Nom,2,5x5,SDSSD|DDSSD,6.25,0.1953125,True
2018105947,エイシンチラー,Blue Moon,2,5x5,SDSSD|DSDSD,6.25,0.1953125,True
2018105947,エイシンチラー,Hold Your Peace,2,4x4,SDSS|DSDS,12.5,0.78125,True
2018105947,エイシンチラー,Northern Dancer,2,5x5,DSSSS|DDDSS,6.25,0.0,False
2018105947,エイシンチラー,Speak John,2,5x5,SDSSS|DSDSS,6.25,0.1953125,True
2018100040,アビッグチア,Mr. Prospector,2,4x5,SSSS|DDSSS,9.375,0.390625,True
2018105824,ホウオウイクセル,Northern Taste,2,4x5,SDDS|DDSSS,9.375,0.390625,True
2018105090,クリーンスイープ,Gold Digger,2,5x5,SSSSD|DSSSD,6.25,0.1953125,True
2018105090,クリーンスイープ,Mr. Prospector,2,4x4,SSSS|DSSS,12.5,0.78125,True
2018105090,クリーンスイープ,Northern Dancer,2,5x5,DSDSS|DDSSS,6.25,0.0,False
2018105090,クリーンスイープ,Raise a Native,2,5x5,SSSSS|DSSSS,6.25,0.1953125,True
2018105299,プレミアエンブレム,Lady Victoria,2,5x5,SDDSD|DSDSD,6.25,0.1953125,True
2018105299,プレミアエンブレム,Northern Dancer,3,5x5x5,SDDSS|DSDSS|DDSSS,9.375,0.390625,True
2018105299,プレミアエンブレム,Northern Taste,2,4x4,SDDS|DSDS,12.5,0.78125,True
2018104240,アイコンテーラー,Gold Digger,2,5x5,SSSSD|DSSSD,6.25,0.1953125,True
2018104240,アイコンテーラー,Mr. Prospector,2,4x4,SSSS|DSSS,12.5,0.78125,True
2018104240,アイコンテーラー,Raise a Native,2,5x5,SSSSS|DSSSS,6.25,0.1953125,True
2018104875,スパークル,Danzig,3,3x4x5,DDD|DDDS|DDDSS,21.875,0.0,False
2018104875,スパークル,Hail to Reason,2,5x5,SSSSS|DSSSS,6.25,0.1953125,True
2018104875,スパークル,Halo,2,4x5,SDSSS|DSSS,9.375,0.390625,True
2018104875,スパークル,Sunday Silence,2,3x4,SDSS|DSS,18.75,1.5625,True
2018104875,スパークル,Wishing Well,2,4x5,SDSSD|DSSD,9.375,0.390625,True
2018106835,メイショウオニユリ,Halo,2,4x5,SSSS|DSSSS,9.375,0.390625,True
2018106835,メイショウオニユリ,Lyphard,2,5x5,SSDDS|DDDDS,6.25,0.1953125,True
2018106835,メイショウオニユリ,Northern Taste,2,5x5,DSDDS|DDSDS,6.25,0.0,False
2018106835,メイショウオニユリ,Sunday Silence,2,3x4,SSS|DSSS,18.75,1.5625,True
2018106835,メイショウオニユリ,Wishing Well,2,4x5,SSSD|DSSSD,9.375,0.390625,True
2018105347,ストゥーティ,Halo,3,4x5x5,SSDSS|DSSS|DDSDS,12.5,0.5859375,True
2018105347,ストゥーティ,Sadler's Wells,2,4x5,SDSS|DDSSS,9.375,0.390625,True
2018105347,ストゥーティ,Sunday Silence,2,3x4,SSDS|DSS,18.75,1.5625,True
2018105347,ストゥーティ,Wishing Well,2,4x5,SSDSD|DSSD,9.375,0.390625,True
2018100655,オータムヒロイン,Hail to Reason,2,5x5,SSSSS|SDSSS,6.25,0.0,False
2018100655,オータムヒロイン,Northern Dancer,4,4x5x5x5,SSDSS|SDDSS|DSDSS|DDSS,15.625,1.171875,True
2018100655,オータムヒロイン,Special,2,5x5,DSDSD|DDSDD,6.25,0.0,False
2018105909,エイシンヒテン,Cosmah,2,5x5,SSSSD|DDSSD,6.25,0.1953125,True
2018105909,エイシンヒテン,Hail to Reason,2,5x5,SSSSS|DDSSS,6.25,0.1953125,True
2018105909,エイシンヒテン,Halo,2,4x4,SSSS|DDSS,12.5,0.78125,True
2018105909,エイシンヒテン,Mountain Flower,2,5x5,SSSDD|DDSDD,6.25,0.1953125,True
2018105909,エイシンヒテン,Sunday Silence,2,3x3,SSS|DDS,25.0,3.125,True
2018105909,エイシンヒテン,Understanding,2,5x5,SSSDS|DDSDS,6.25,0.1953125,True
2018105909,エイシンヒテン,Wishing Well,2,4x4,SSSD|DDSD,12.5,0.78125,True
2018105020,アンドヴァラナウト,Northern Dancer,3,5x5x5,SSDSS|SDSSS|DDDSS,9.375,0.390625,True
2018105263,コーディアル,Hail to Reason,2,5x5,SSSSS|DSSSS,6.25,0.1953125,True
2018105263,コーディアル,Halo,2,4x5,SDSSS|DSSS,9.375,0.390625,True
2018105263,コーディアル,Northern Dancer,2,5x5,SDDSS|DDSSS,6.25,0.1953125,True
2018105263,コーディアル,Sadler's Wells,2,4x5,SDDS|DSDDS,9.375,0.390625,True
2018105263,コーディアル,Sunday Silence,2,3x4,SDSS|DSS,18.75,1.5625,True
2018105263,コーディアル,Wishing Well,2,4x5,SDSSD|DSSD,9.375,0.390625,True
2018101067,オパールムーン,Bramalea,2,5x5,DSSSD|DDSSD,6.25,0.0,False
2018101067,オパールムーン,Hail to Reason,3,5x5x5,SSSSS|DSSSS|DDSSS,9.375,0.390625,True
2018101067,オパールムーン,Halo,2,4x5,SSSS|SDSDS,9.375,0.0,False
2018101067,オパールムーン,Roberto,2,4x4,DSSS|DDSS,12.5,0.0,False
2018101945,タガノディアーナ,Hail to Reason,2,5x5,DSSSS|DDDDS,6.25,0.0,False
2018101945,タガノディアーナ,Halo,2,4x5,SDSSS|DSSS,9.375,0.390625,True
2018101945,タガノディアーナ,Mr. Prospector,3,4x5x5,SSSS|DDSSS|DDDSS,12.5,0.78125,True
2018101945,タガノディアーナ,Sunday Silence,2,3x4,SDSS|DSS,18.75,1.5625,True
2018101945,タガノディアーナ,Wishing Well,2,4x5,SDSSD|DSSD,9.375,0.390625,True
2018105382,レアシャンパーニュ,Hail to Reason,2,5x5,SSSSS|DSSSS,6.25,0.1953125,True
2018105382,レアシャンパーニュ,Halo,2,4x5,SDSSS|DSSS,9.375,0.390625,True
2018105382,レアシャンパーニュ,Roberto,2,4x5,SSSS|DDDSS,9.375,0.390625,True
2018105382,レアシャンパーニュ,Sunday Silence,2,3x4,SDSS|DSS,18.75,1.5625,True
2018105382,レアシャンパーニュ,Wishing Well,2,4x5,SDSSD|DSSD,9.375,0.390625,True
2018103085,ベルウッドエオ,Blakeney,2,5x5,SSDDS|DDDDS,6.25,0.1953125,True
2018103085,ベルウッドエオ,Northern Dancer,2,5x5,SDDSS|DDSSS,6.25,0.1953125,True
2018103085,ベルウッドエオ,Nureyev,2,4x5,SSSDS|DDSS,9.375,0.390625,True
2018104579,カレンルシェルブル,Lyphard,3,4x5x5,SDSDS|DSDDS|DDDS,12.5,0.5859375,True
2018104579,カレンルシェルブル,Northern Dancer,3,5x5x5,SSSSS|SDDSS|DDDSS,9.375,0.390625,True
2018105131,セファーラジエル,Damascus,2,4x4,SDDS|DSDS,12.5,0.78125,True
2018105131,セファーラジエル,Kerala,2,5x5,SDDSD|DSDSD,6.25,0.1953125,True
2018105131,セファーラジエル,Sword Dancer,2,5x5,SDDSS|DSDSS,6.25,0.1953125,True
2018100179,シゲルソウサイ,Northern Dancer,2,5x5,SDDSS|DDSSS,6.25,0.1953125,True
2018105215,イクスプロージョン,Cosmah,2,5x5,SSSSD|DDSSD,6.25,0.1953125,True
2018105215,イクスプロージョン,Hail to Reason,3,5x5x5,SSSSS|DSSSS|DDSSS,9.375,0.390625,True
2018105215,イクスプロージョン,Halo,2,4x4,SSSS|DDSS,12.5,0.78125,True
2018105215,イクスプロージョン,Mountain Flower,2,5x5,SSSDD|DDSDD,6.25,0.1953125,True
2018105215,イクスプロージョン,Northern Taste,2,4x5,SSDDS|SDDS,9.375,0.0,False
2018105215,イクスプロージョン,Sunday Silence,2,3x3,SSS|DDS,25.0,3.125,True
2018105215,イクスプロージョン,Understanding,2,5x5,SSSDS|DDSDS,6.25,0.1953125,True
2018105215,イクスプロージョン,Wishing Well,2,4x4,SSSD|DDSD,12.5,0.78125,True
2018104463,テイエムタツマキ,Northern Dancer,2,5x5,SDSSS|DDDSS,6.25,0.1953125,True
2017105269,ベレヌス,Northern Dancer,3,4x5x5,SSSS|DSDSS|DDDSS,12.5,0.78125,True
2018105285,サルファーコスモス,Mr. Prospector,2,3x5,SSS|DDSSS,15.625,0.78125,True
2018105285,サルファーコスモス,Northern Dancer,2,5x5,SSDSS|SDSSS,6.25,0.0,False
2018104914,アナザーリリック,Halo,2,4x5,SDSSS|DDSS,9.375,0.390625,True
2018104914,アナザーリリック,Northern Dancer,2,5x5,SDDSS|DSDSS,6.25,0.1953125,True
2018104914,アナザーリリック,Sunday Silence,2,3x4,SDSS|DDS,18.75,1.5625,True
2018104914,アナザーリリック,Wishing Well,2,4x5,SDSSD|DDSD,9.375,0.390625,True
2018103563,ロードトゥフェイム,Northern Dancer,2,5x5,DSSSS|DDSSS,6.25,0.0,False
2018110137,エアサージュ,Gold Digger,2,5x5,SDSSD|DDSSD,6.25,0.1953125,True
2018110137,エアサージュ,Hail to Reason,2,4x5,SSSS|DDDSS,9.375,0.390625,True
2018110137,エアサージュ,His Majesty,2,4x5,SSDS|SDDSS,9.375,0.0,False
2018110137,エアサージュ,Mr. Prospector,3,4x4x5,SDSS|DSSSS|DDSS,15.625,1.171875,True
2018110137,エアサージュ,Raise a Native,2,5x5,SDSSS|DDSSS,6.25,0.1953125,True
2018105155,ディヴァインラヴ,Hail to Reason,2,5x5,SSSSS|DSSSS,6.25,0.1953125,True
2018105155,ディヴァインラヴ,Halo,2,4x5,SDSSS|DSSS,9.375,0.390625,True
2018105155,ディヴァインラヴ,Sunday Silence,2,3x4,SDSS|DSS,18.75,1.5625,True
2018105155,ディヴァインラヴ,Wishing Well,2,4x5,SDSSD|DSSD,9.375,0.390625,True
2018100420,ノースザワールド,Northern Dancer,2,5x5,SDSSS|DSSSS,6.25,0.1953125,True
2018100420,ノースザワールド,Storm Bird,2,4x5,DSSS|DDSDS,9.375,0.0,False
2018104960,アリーヴォ,Halo,2,4x5,SDSS|DSSDS,9.375,0.390625,True
2016106232,カイザーミノル,Gold Digger,2,4x5,SSSSD|DSSD,9.375,0.390625,True
2016106232,カイザーミノル,Mr. Prospector,2,3x4,SSSS|DSS,18.75,1.5625,True
2016106232,カイザーミノル,Northern Dancer,2,4x5,SDSSS|DDSS,9.375,0.390625,True
2016106232,カイザーミノル,Raise a Native,2,4x5,SSSSS|DSSS,9.375,0.390625,True
2017105607,テルツェット,Northern Dancer,3,5x5x5,SDSSS|DSSSS|DDSSS,9.375,0.390625,True
2019105844,ディープレイヤー,Hail to Reason,2,5x5,SSSSS|SDSSS,6.25,0.0,False
2019105844,ディープレイヤー,Northern Dancer,2,5x5,SDDSS|DSDSS,6.25,0.1953125,True
2019105844,ディープレイヤー,ファバージ,2,5x5,DSDDS|DDDDS,6.25,0.0,False
2019105654,シホノスペランツァ,Hail to Reason,2,4x5,SSSS|DSSSS,9.375,0.390625,True
2019100628,トゥデイイズザデイ,Northern Dancer,3,5x5x5,SDSSS|DSSSS|DDSSS,9.375,0.390625,True
2019100628,トゥデイイズザデイ,Sir Ivor,2,5x5,SDSDS|DSSDS,6.25,0.1953125,True
2019103588,ライラック,Halo,2,4x5,SSSS|DDSSS,9.375,0.390625,True
2019103588,ライラック,Lady Victoria,2,5x5,SDDSD|DDDSD,6.25,0.1953125,True
2019103588,ライラック,Northern Dancer,2,5x5,SDDSS|DDDSS,6.25,0.1953125,True
2019103588,ライラック,Northern Taste,3,4x4x5,SSDDS|SDDS|DDDS,15.625,1.171875,True
2019103588,ライラック,Sunday Silence,2,3x4,SSS|DDSS,18.75,1.5625,True
2019103588,ライラック,Wishing Well,2,4x5,SSSD|DDSSD,9.375,0.390625,True
2019105498,フィデル,Northern Dancer,2,5x5,SDDSS|DSSSS,6.25,0.1953125,True
2019103662,ジャスティンロック,Halo,2,4x5,SDSSS|DSSS,9.375,0.390625,True
2019103662,ジャスティンロック,Northern Dancer,2,5x5,SDDSS|DDSSS,6.25,0.1953125,True
2019103662,ジャスティンロック,Sunday Silence,2,3x4,SDSS|DSS,18.75,1.5625,True
2019103662,ジャスティンロック,Wishing Well,2,4x5,SDSSD|DSSD,9.375,0.390625,True
2019104579,キャンデセント,Halo,2,3x5,SSS|DSSDS,15.625,0.78125,True
2019104579,キャンデセント,Northern Dancer,2,5x5,SDSSS|DDSSS,6.25,0.1953125,True
2019106852,グッドフェイス,Halo,2,4x5,SSSS|DDDDS,9.375,0.390625,True
2019106852,グッドフェイス,Lyphard,2,5x5,SSDSS|DDDSS,6.25,0.1953125,True
2017104570,ウインドジャマー,Gold Digger,2,4x5,SDSSD|DSSD,9.375,0.390625,True
2017104570,ウインドジャマー,Lyphard,2,5x5,SSDSS|SDSDS,6.25,0.0,False
2017104570,ウインドジャマー,Mr. Prospector,2,3x4,SDSS|DSS,18.75,1.5625,True
2017104570,ウインドジャマー,Northern Dancer,2,5x5,SDDSS|DDSSS,6.25,0.1953125,True
2017104570,ウインドジャマー,Raise a Native,2,4x5,SDSSS|DSSS,9.375,0.390625,True
2017104570,ウインドジャマー,Tom Fool,2,5x5,DSDSS|DDDSS,6.25,0.0,False
2016104998,アスティ,Lady Victoria,2,5x5,SDDSD|DDDSD,6.25,0.1953125,True
2016104998,アスティ,Northern Dancer,3,5x5x5,SDDSS|DSDSS|DDDSS,9.375,0.390625,True
2016104998,アスティ,Northern Taste,3,4x4x5,SSDDS|SDDS|DDDS,15.625,1.171875,True
2016104946,シルヴァーソニック,Northern Dancer,2,4x5,SDDSS|DDSS,9.375,0.390625,True
2016104946,シルヴァーソニック,Northern Taste,2,4x5,SSDDS|SDDS,9.375,0.0,False
2018105081,ジェラルディーナ,Danzig,2,4x5,SSSDS|DDSS,9.375,0.390625,True
2018105081,ジェラルディーナ,Halo,2,4x5,SSDSS|DSSS,9.375,0.390625,True
2018105081,ジェラルディーナ,Lyphard,3,5x5x5,SDDSS|DSDSS|DDDSS,9.375,0.390625,True
2018105081,ジェラルディーナ,Northern Dancer,2,5x5,SDSSS|DDSSS,6.25,0.1953125,True
2018105081,ジェラルディーナ,Sunday Silence,2,3x4,SSDS|DSS,18.75,1.5625,True
2018105081,ジェラルディーナ,Wishing Well,2,4x5,SSDSD|DSSD,9.375,0.390625,True
2015103616,メイショウオーパス,Cosmah,2,5x5,SSSSD|DSSSD,6.25,0.1953125,True
2015103616,メイショウオーパス,Hail to Reason,2,5x5,SSSSS|DSSSS,6.25,0.1953125,True
2015103616,メイショウオーパス,Halo,2,4x4,SSSS|DSSS,12.5,0.78125,True
2015103616,メイショウオーパス,Nijinsky,2,5x5,SSDSS|DDSDS,6.25,0.1953125,True
2016100733,マイネルフラップ,Ballade,2,5x5,DSSSD|DDSDD,6.25,0.0,False
2016100733,マイネルフラップ,Halo,4,4x5x5x5,SSSS|SDSDS|DSSSS|DDSDS,15.625,1.171875,True
2019102531,シェルビーズアイ,Northern Dancer,2,5x5,SSSSS|SDDSS,6.25,0.0,False
2019105792,アケルナルスター,Burghclere,2,4x4,SSDD|DDDD,12.5,0.78125,True
2019105792,アケルナルスター,Busted,2,5x5,SSDDS|DDDDS,6.25,0.1953125,True
2019105792,アケルナルスター,Cosmah,2,5x5,SSSSD|DSSSD,6.25,0.1953125,True
2019105792,アケルナルスター,Gold Digger,2,5x5,SDSSD|DDSSD,6.25,0.1953125,True
2019105792,アケルナルスター,Hail to Reason,2,5x5,SSSSS|DSSSS,6.25,0.1953125,True
2019105792,アケルナルスター,Halo,2,4x4,SSSS|DSSS,12.5,0.78125,True
2019105792,アケルナルスター,Highclere,2,5x5,SSDDD|DDDDD,6.25,0.1953125,True
2019105792,アケルナルスター,Lyphard,2,5x5,SSDSS|SDSDS,6.25,0.0,False
2019105792,アケルナルスター,Mr. Prospector,2,4x4,SDSS|DDSS,12.5,0.78125,True
2019105792,アケルナルスター,Northern Dancer,2,5x5,SDDSS|DDDSS,6.25,0.1953125,True
2019105792,アケルナルスター,Raise a Native,2,5x5,SDSSS|DDSSS,6.25,0.1953125,True
2019101782,ラーグルフ,Fairy Bridge,2,4x5,SDSSD|DSSD,9.375,0.390625,True
2019101782,ラーグルフ,Halo,2,5x5,SSDSS|DDDSS,6.25,0.1953125,True
2019101782,ラーグルフ,Northern Dancer,2,4x5,SDSSS|DSSS,9.375,0.390625,True
2019101782,ラーグルフ,Roberto,2,5x5,SSSSS|DDSSS,6.25,0.1953125,True
2019101782,ラーグルフ,Sunday Silence,2,4x4,SSDS|DDDS,12.5,0.78125,True
2019101782,ラーグルフ,Wishing Well,2,5x5,SSDSD|DDDSD,6.25,0.1953125,True
2019100861,グランドライン,His Majesty,2,5x5,DSSDS|DDDSS,6.25,0.0,False
2019105155,キラーアビリティ,Northern Dancer,3,5x5x5,SDSSS|DSSDS|DSDSS,9.375,0.390625,True
2019104666,サトノヘリオス,Hail to Reason,2,4x5,SSSSS|DSSS,9.375,0.390625,True
2019104666,サトノヘリオス,Halo,2,3x5,SDSSS|DSS,15.625,0.78125,True
2019104666,サトノヘリオス,Northern Dancer,2,4x5,SDDSS|DDSS,9.375,0.390625,True
2019104666,サトノヘリオス,Sunday Silence,2,2x4,SDSS|DS,31.25,3.125,True
2019104666,サトノヘリオス,Wishing Well,2,3x5,SDSSD|DSD,15.625,0.78125,True
2019105346,ジャスティンパレス,Hail to Reason,2,4x5,SSSS|DDSSS,9.375,0.390625,True
2019105346,ジャスティンパレス,Northern Dancer,2,5x5,SDSSS|DSSSS,6.25,0.1953125,True
2019102879,マテンロウレオ,Danzig,2,2x3,DD|DDS,37.5,0.0,False
2019102879,マテンロウレオ,Hail to Reason,2,4x4,SSSS|DSSS,12.5,0.78125,True
2019102879,マテンロウレオ,Northern Dancer,2,4x5,SDDSS|DDSS,9.375,0.390625,True
2019102879,マテンロウレオ,Nothirdchance,2,5x5,SSSSD|DSSSD,6.25,0.1953125,True
2019102879,マテンロウレオ,Turn-to,2,5x5,SSSSS|DSSSS,6.25,0.1953125,True
2019101846,クラウンドマジック,Halo,2,5x5,SDSSS|DSSSS,6.25,0.1953125,True
2019101846,クラウンドマジック,Mr. Prospector,2,4x5,DSDSS|DDSS,9.375,0.0,False
2019101846,クラウンドマジック,Northern Dancer,2,5x5,SDDSS|DDDSS,6.25,0.1953125,True
2019101846,クラウンドマジック,Sunday Silence,2,4x4,SDSS|DSSS,12.5,0.78125,True
2019101846,クラウンドマジック,Wishing Well,2,5x5,SDSSD|DSSSD,6.25,0.1953125,True
2019104756,オニャンコポン,Gold Digger,2,5x5,SSSSD|DDSSD,6.25,0.1953125,True
2019104756,オニャンコポン,Kris,2,5x5,SDDSS|DSSDS,6.25,0.1953125,True
2019104756,オニャンコポン,Mr. Prospector,3,4x4x5,SSSS|DSDSS|DDSS,15.625,1.171875,True
2019104756,オニャンコポン,Raise a Native,2,5x5,SSSSS|DDSSS,6.25,0.1953125,True
2019102384,タイラーテソーロ,Coup de Folie,2,4x4,DSSD|DDSD,12.5,0.0,False
2019102384,タイラーテソーロ,Halo,3,4x5x5,SSSS|DSSDS|DDSDS,12.5,0.78125,True
2019102384,タイラーテソーロ,Raise the Standard,2,5x5,DSSDD|DDSDD,6.25,0.0,False
2019104937,アスクワイルドモア,Cosmah,2,5x5,SSSSD|DSSSD,6.25,0.1953125,True
2019104937,アスクワイルドモア,Hail to Reason,2,5x5,SSSSS|DSSSS,6.25,0.1953125,True
2019104937,アスクワイルドモア,Halo,2,4x4,SSSS|DSSS,12.5,0.78125,True
2019104937,アスクワイルドモア,Lyphard,2,5x5,SSDSS|DDSDS,6.25,0.1953125,True
2019104937,アスクワイルドモア,Mountain Flower,2,5x5,SSSDD|DSSDD,6.25,0.1953125,True
2019104937,アスクワイルドモア,Sunday Silence,2,3x3,SSS|DSS,25.0,3.125,True
2019104937,アスクワイルドモア,Understanding,2,5x5,SSSDS|DSSDS,6.25,0.1953125,True
2019104937,アスクワイルドモア,Wishing Well,2,4x4,SSSD|DSSD,12.5,0.78125,True
2017105582,ルビーカサブランカ,Northern Dancer,3,5x5x5,SSDSS|SDSSS|DSDSS,9.375,0.390625,True
2017104771,ラルナブリラーレ,Halo,2,3x5,SSS|DSSDS,15.625,0.78125,True
2017104771,ラルナブリラーレ,Northern Dancer,2,4x5,SDDSS|DDSS,9.375,0.390625,True
2019103096,ニシノムネヲウツ,Cosmah,2,5x5,SDSSD|DSSSD,6.25,0.1953125,True
2019103096,ニシノムネヲウツ,Hail to Reason,2,5x5,SDSSS|DSSSS,6.25,0.1953125,True
2019103096,ニシノムネヲウツ,Halo,2,4x4,SDSS|DSSS,12.5,0.78125,True
2019103096,ニシノムネヲウツ,Mountain Flower,2,5x5,SDSDD|DSSDD,6.25,0.1953125,True
2019103096,ニシノムネヲウツ,Northern Taste,2,4x5,SDDDS|DSDS,9.375,0.390625,True
2019103096,ニシノムネヲウツ,Sunday Silence,2,3x3,SDS|DSS,25.0,3.125,True
2019103096,ニシノムネヲウツ,Understanding,2,5x5,SDSDS|DSSDS,6.25,0.1953125,True
2019103096,ニシノムネヲウツ,Wishing Well,2,4x4,SDSD|DSSD,12.5,0.78125,True
2019105976,トゥーサン,Halo,3,4x4x5,SSSS|DDSS|DDSSS,15.625,1.171875,True
2019105976,トゥーサン,Lyphard,2,5x5,SSDSS|SDDDS,6.25,0.0,False
2019105976,トゥーサン,Secretariat,2,5x5,DSSDS|DDSDS,6.25,0.0,False
2019104569,フジマサフリーダム,Northern Dancer,2,5x5,SDSSS|DSDSS,6.25,0.1953125,True
2019104569,フジマサフリーダム,Sir Ivor,2,5x5,SDSDS|DSDDS,6.25,0.1953125,True
2019104767,ヴェールランス,Halo,2,4x5,SSSS|DSSSS,9.375,0.390625,True
2019104767,ヴェールランス,Lyphard,2,5x5,SSDSS|SDDDS,6.25,0.0,False
2019104767,ヴェールランス,Sunday Silence,2,3x4,SSS|DSSS,18.75,1.5625,True
2019104767,ヴェールランス,Wishing Well,2,4x5,SSSD|DSSSD,9.375,0.390625,True
2019105169,アライバル,Lyphard,3,5x5x5,SDSDS|DSDSS|DDSDS,9.375,0.390625,True
2019105169,アライバル,Northern Dancer,2,5x5,SSSSS|SDDSS,6.25,0.0,False
2019105807,ルークスヘリオス,Northern Dancer,2,5x5,DSDSS|DDDSS,6.25,0.0,False
2019105807,ルークスヘリオス,Nureyev,2,4x5,SSSDS|DSDS,9.375,0.390625,True
2019101642,タイセイディバイン,Northern Dancer,3,5x5x5,SDDSS|DSDSS|DDDSS,9.375,0.390625,True
2019100126,ヴェローナシチー,Hail to Reason,2,5x5,SSSSS|DSSSS,6.25,0.1953125,True
2019100126,ヴェローナシチー,Halo,2,4x5,SDSSS|DSSS,9.375,0.390625,True
2019100126,ヴェローナシチー,Sunday Silence,2,3x4,SDSS|DSS,18.75,1.5625,True
2019100126,ヴェローナシチー,Wishing Well,2,4x5,SDSSD|DSSD,9.375,0.390625,True
2019102490,オディロン,Bustino,2,5x5,DSDDS|DDSDS,6.25,0.0,False
2019102490,オディロン,Highclere,2,5x5,SSDDD|DDSDD,6.25,0.1953125,True
2019102490,オディロン,Lyphard,2,5x5,SSDSS|SDDDS,6.25,0.0,False
2019101422,サンストックトン,Northern Dancer,2,5x5,SDDSS|DDDSS,6.25,0.1953125,True
2019104409,トーセンヴァンノ,Halo,2,4x5,SSSS|DSSDS,9.375,0.390625,True
2019104409,トーセンヴァンノ,Northern Dancer,2,5x5,SDSSS|DSDSS,6.25,0.1953125,True
2019101002,ロジハービン,Northern Dancer,3,5x5x5,SSSSS|SDDSS|DSDSS,9.375,0.390625,True
2019100841,テラフォーミング,Halo,2,5x5,SDSSS|DDSSS,6.25,0.1953125,True
2019100841,テラフォーミング,Sunday Silence,2,4x4,SDSS|DDSS,12.5,0.78125,True
2019100841,テラフォーミング,Wishing Well,2,5x5,SDSSD|DDSSD,6.25,0.1953125,True
2018103898,キャッスルトップ,Blushing Groom,2,4x4,SDSS|DSDS,12.5,0.78125,True
2018103898,キャッスルトップ,Red God,2,5x5,SDSSS|DSDSS,6.25,0.1953125,True
2018103898,キャッスルトップ,Runaway Bride,2,5x5,SDSSD|DSDSD,6.25,0.1953125,True
2019110096,エアアネモイ,Gold Digger,2,5x5,SDSSD|DDSSD,6.25,0.1953125,True
2019110096,エアアネモイ,Hail to Reason,2,4x5,SSSS|DDDSS,9.375,0.390625,True
2019110096,エアアネモイ,His Majesty,2,4x5,SSDS|SDDSS,9.375,0.0,False
2019110096,エアアネモイ,Mr. Prospector,3,4x4x5,SDSS|DSSSS|DDSS,15.625,1.171875,True
2019110096,エアアネモイ,Raise a Native,2,5x5,SDSSS|DDSSS,6.25,0.1953125,True
2019106933,ダンテスヴュー,Northern Dancer,4,5x5x5x5,SSDSS|SDSSS|DSSSS|DDSSS,12.5,0.78125,True
2019104998,ショウナンマグマ,Nearctic,2,5x5,SSSSS|SDDSS,6.25,0.0,False
2019104998,ショウナンマグマ,リマンド,2,5x5,DDSDS|DDDDS,6.25,0.0,False
2019103358,ストロングウィル,Cosmah,2,5x5,SSSSD|DSSSD,6.25,0.1953125,True
2019103358,ストロングウィル,Hail to Reason,3,5x5x5,SSSSS|SDSSS|DSSSS,9.375,0.390625,True
2019103358,ストロングウィル,Halo,3,2x4x4,SSSS|DS|DSSS,37.5,3.90625,True
2019103358,ストロングウィル,Mountain Flower,2,5x5,SSSDD|DSSDD,6.25,0.1953125,True
2019103358,ストロングウィル,Northern Dancer,2,5x5,DSDDS|DDSSS,6.25,0.0,False
2019103358,ストロングウィル,Sunday Silence,2,3x3,SSS|DSS,25.0,3.125,True
2019103358,ストロングウィル,Understanding,2,5x5,SSSDS|DSSDS,6.25,0.1953125,True
2019103358,ストロングウィル,Wishing Well,2,4x4,SSSD|DSSD,12.5,0.78125,True
2019105299,フォースクエア,Halo,2,5x5,SDSSS|DDSSS,6.25,0.1953125,True
2019105299,フォースクエア,Seattle Slew,2,5x5,SSDSS|DDDSS,6.25,0.1953125,True
2019105299,フォースクエア,Sunday Silence,2,4x4,SDSS|DDSS,12.5,0.78125,True
2019105299,フォースクエア,Wishing Well,2,5x5,SDSSD|DDSSD,6.25,0.1953125,True
2019104092,メイショウゲキリン,Halo,2,4x5,SSSS|DDSDS,9.375,0.390625,True
2015104707,グレンガリー,Northern Dancer,3,4x5x5,SSSSS|SDDSS|DDSS,12.5,0.78125,True
2016105285,セントレオナード,Northern Dancer,2,4x5,SDSSS|DSSS,9.375,0.390625,True
2019105483,リューベック,Halo,2,4x5,DSSS|DDSDS,9.375,0.0,False
2019105483,リューベック,Northern Dancer,3,5x5x5,SSSSS|SDDSS|DDDSS,9.375,0.390625,True
2019105283,ドウデュース,Goofed,2,5x5,SDDSD|DDDSD,6.25,0.1953125,True
2019105283,ドウデュース,Hail to Reason,2,4x5,SSSS|DSDDS,9.375,0.390625,True
2019105283,ドウデュース,Lyphard,2,4x4,SDDS|DDDS,12.5,0.78125,True
2019105283,ドウデュース,Northern Dancer,2,5x5,SDDSS|DDDSS,6.25,0.1953125,True
2019105074,インダストリア,Halo,2,4x5,SDSSS|DSSS,9.375,0.390625,True
2019105074,インダストリア,Sunday Silence,2,3x4,SDSS|DSS,18.75,1.5625,True
2019105074,インダストリア,Wishing Well,2,4x5,SDSSD|DSSD,9.375,0.390625,True
2019104706,アスクビクターモア,Hail to Reason,2,4x5,SSSS|DDDSS,9.375,0.390625,True
2019104706,アスクビクターモア,Northern Dancer,2,4x5,SDSSS|DDSS,9.375,0.390625,True
2018100274,ジャックドール,Mr. Prospector,2,4x5,DSSSS|DDDS,9.375,0.0,False
2018100274,ジャックドール,Northern Dancer,2,5x5,SDSSS|DDSSS,6.25,0.1953125,True
2016104624,ハヤヤッコ,Northern Dancer,3,5x5x5,SSDSS|SDSSS|DDDSS,9.375,0.390625,True
2015105868,サクラアリュール,Forli,2,5x5,SDSDS|DDSDS,6.25,0.1953125,True
2015105868,サクラアリュール,Natalma,2,5x5,SDSSD|DDSSD,6.25,0.1953125,True
2015105868,サクラアリュール,Nearctic,2,5x5,SDSSS|DDSSS,6.25,0.1953125,True
2015105868,サクラアリュール,Northern Dancer,2,4x4,SDSS|DDSS,12.5,0.78125,True
2015105868,サクラアリュール,Nureyev,2,3x3,SDS|DDS,25.0,3.125,True
2015105868,サクラアリュール,Special,2,4x4,SDSD|DDSD,12.5,0.78125,True
2015105868,サクラアリュール,Thong,2,5x5,SDSDD|DDSDD,6.25,0.1953125,True
2019105056,ジオグリフ,Mr. Prospector,2,4x5,SSSDS|DSSS,9.375,0.390625,True
2019105056,ジオグリフ,Raise a Native,2,5x5,SSDSS|DSSSS,6.25,0.1953125,True
2019105039,デシエルト,Mr. Prospector,2,4x5,SSSDS|DSSS,9.375,0.390625,True
2019105039,デシエルト,Raise a Native,2,5x5,SSDSS|DSSSS,6.25,0.1953125,True
2019105219,イクイノックス,Cosmah,2,5x5,SSSSD|DSDSD,6.25,0.1953125,True
2019105219,イクイノックス,Hail to Reason,2,5x5,SSSSS|DSDSS,6.25,0.1953125,True
2019105219,イクイノックス,Halo,4,2x3x4x4,SSSS|DS|DSD|DSDS,50.0,5.46875,True
2019105219,イクイノックス,Lyphard,3,4x5x5,SSDSS|SDDDS|DSSS,12.5,0.78125,True
2019104831,ルージュエヴァイユ,Danzig,2,5x5,DSDSS|DDDSS,6.25,0.0,False
2019104831,ルージュエヴァイユ,Razyana,2,5x5,DSDSD|DDDSD,6.25,0.0,False
2019104831,ルージュエヴァイユ,デインヒル,2,4x4,DSDS|DDDS,12.5,0.0,False
2019105448,エリカヴィータ,Northern Dancer,3,5x5x5,SSDSS|SDSSS|DDDSS,9.375,0.390625,True
2019104483,パーソナルハイ,Mr. Prospector,2,4x5,DSSS|DDDSS,9.375,0.0,False
2019104483,パーソナルハイ,Relaunch,2,4x5,DSDS|DDSSS,9.375,0.0,False
2019104550,ストキャスティーク,Halo,2,4x5,SSSS|DDSSS,9.375,0.390625,True
2019104550,ストキャスティーク,Sunday Silence,2,3x4,SSS|DDSS,18.75,1.5625,True
2019104550,ストキャスティーク,Wishing Well,2,4x5,SSSD|DDSSD,9.375,0.390625,True
2019104674,エバーハンティング,Danzig,2,4x4,SSSS|DDSS,12.5,0.78125,True
2019104674,エバーハンティング,His Majesty,2,5x5,SSSDS|DDSDS,6.25,0.1953125,True
2019104674,エバーハンティング,Lyphard,2,5x5,SDSDS|DSDSS,6.25,0.1953125,True
2019104674,エバーハンティング,Northern Dancer,3,5x5x5,SSSSS|SDDSS|DDSSS,9.375,0.390625,True
2019104674,エバーハンティング,Pas de Nom,2,5x5,SSSSD|DDSSD,6.25,0.1953125,True
2019104674,エバーハンティング,Razyana,2,4x4,SSSD|DDSD,12.5,0.78125,True
2019104674,エバーハンティング,Spring Adieu,2,5x5,SSSDD|DDSDD,6.25,0.1953125,True
2019104674,エバーハンティング,デインヒル Danehill,2,3x3,SSS|DDS,25.0,3.125,True
2019105298,マイシンフォニー,Northern Dancer,2,5x5,SDSSS|DSSSS,6.25,0.1953125,True
2019103211,ゴールデンアワー,Habitat,2,5x5,SDDDS|DDSSS,6.25,0.1953125,True
2019103211,ゴールデンアワー,Northern Dancer,2,5x5,SDDSS|DDDSS,6.25,0.1953125,True
2019105515,キタサンシュガー,Lyphard,2,5x5,SSDSS|SDDDS,6.25,0.0,False
2019105205,ラスール,Cosmah,2,5x5,SSSSD|DSDSD,6.25,0.1953125,True
2019105205,ラスール,Hail to Reason,2,5x5,SSSSS|DSDSS,6.25,0.1953125,True
2019105205,ラスール,Halo,2,4x4,SSSS|DSDS,12.5,0.78125,True
2019105205,ラスール,Lyphard,2,5x5,SSDSS|SDDDS,6.25,0.0,False
2019105205,ラスール,Northern Dancer,2,5x5,DSSSS|DDDSS,6.25,0.0,False
2019103280,モチベーション,Alleged,2,5x5,SSDSS|DSDDS,6.25,0.1953125,True
2019103280,モチベーション,Cosmah,2,5x5,SSSSD|DDSSD,6.25,0.1953125,True
2019103280,モチベーション,Hail to Reason,2,5x5,SSSSS|DDSSS,6.25,0.1953125,True
2019103280,モチベーション,Halo,2,4x4,SSSS|DDSS,12.5,0.78125,True
2019103280,モチベーション,Mountain Flower,2,5x5,SSSDD|DDSDD,6.25,0.1953125,True
2019103280,モチベーション,Sunday Silence,2,3x3,SSS|DDS,25.0,3.125,True
2019103280,モチベーション,Understanding,2,5x5,SSSDS|DDSDS,6.25,0.1953125,True
2019103280,モチベーション,Wishing Well,2,4x4,SSSD|DDSD,12.5,0.78125,True
2019104982,ルージュスティリア,Highclere,2,4x5,SDDD|DDSDD,9.375,0.390625,True
2019104982,ルージュスティリア,Northern Dancer,3,4x5x5,SDSSS|DSSS|DDDSS,12.5,0.5859375,True
2019100637,シンシアウィッシュ,Halo,2,4x5,SSSS|DDSDS,9.375,0.390625,True
2019100637,シンシアウィッシュ,Mr. Prospector,2,4x5,DSDSS|DDSS,9.375,0.0,False
2019100637,シンシアウィッシュ,Northern Dancer,2,4x5,SDSSS|DSSS,9.375,0.390625,True
2019105141,ヴァンルーラー,Northern Dancer,3,5x5x5,SDDSS|DSSSS|DDSSS,9.375,0.390625,True
2019105078,クワイエットホーク,Nijinsky,2,4x5,DSDDS|DDSS,9.375,0.0,False
2019105078,クワイエットホーク,Northern Dancer,2,5x5,SDDSS|DDSSS,6.25,0.1953125,True
2019105078,クワイエットホーク,Val de Loir,2,5x5,DSDSS|DDSDS,6.25,0.0,False
2019103907,サンライズエース,Gold Digger,2,4x5,SSSSD|DSSD,9.375,0.390625,True
2019103907,サンライズエース,Hail to Reason,2,5x5,SDSSS|DDDSS,6.25,0.1953125,True
2019103907,サンライズエース,Mr. Prospector,2,3x4,SSSS|DSS,18.75,1.5625,True
2019103907,サンライズエース,Raise a Native,3,4x5x5,SSSSS|DSSS|DDDDS,12.5,0.5859375,True
2019104112,メイショウウネビ,Mr. Prospector,2,4x5,DSSS|DDDDS,9.375,0.0,False
2019104112,メイショウウネビ,Northern Dancer,2,4x5,SSSS|SDSSS,9.375,0.0,False
2019105414,ダノンギャラクシー,Northern Dancer,2,4x5,SDSSS|DDSS,9.375,0.390625,True
2019105414,ダノンギャラクシー,Nureyev,2,3x5,DSSDS|DDS,15.625,0.0,False
2019104879,ロンギングエーオ,Hail to Reason,2,5x5,SSSSS|SDSSS,6.25,0.0,False
2019104879,ロンギングエーオ,Halo,2,4x5,SDSS|DDSSS,9.375,0.390625,True
2019104879,ロンギングエーオ,Northern Dancer,4,5x5x5x5,SSDSS|SDDSS|DSSSS|DDDSS,12.5,0.78125,True
2019104879,ロンギングエーオ,Sunday Silence,2,3x4,SDS|DDSS,18.75,1.5625,True
2019104879,ロンギングエーオ,Wishing Well,2,4x5,SDSD|DDSSD,9.375,0.390625,True
2019103827,オウケンボルト,Nureyev,2,5x5,DSSDS|DDSDS,6.25,0.0,False
2019101611,ディライトバローズ,Gold Digger,2,5x5,SSSSD|DSSSD,6.25,0.1953125,True
2019101611,ディライトバローズ,Mr. Prospector,2,4x4,SSSS|DSSS,12.5,0.78125,True
2019101611,ディライトバローズ,Northern Dancer,2,5x5,DSDSS|DDSSS,6.25,0.0,False
2019101611,ディライトバローズ,Nureyev,2,4x5,SSSDS|DDSS,9.375,0.390625,True
2019101611,ディライトバローズ,Raise a Native,2,5x5,SSSSS|DSSSS,6.25,0.1953125,True
2019105949,エターナルビクトリ,Gold Digger,2,5x5,SSSSD|DDDSD,6.25,0.1953125,True
2019105949,エターナルビクトリ,Mr. Prospector,2,4x4,SSSS|DDDS,12.5,0.78125,True
2019105949,エターナルビクトリ,Northern Dancer,2,4x5,SDDSS|DDSS,9.375,0.390625,True
2019105949,エターナルビクトリ,Raise a Native,2,5x5,SSSSS|DDDSS,6.25,0.1953125,True
2019105512,ジャスティンスカイ,Lyphard,3,5x5x5,SSDSS|SDDDS|DDSDS,9.375,0.390625,True
2019105512,ジャスティンスカイ,Northern Dancer,2,5x5,DSDSS|DDDSS,6.25,0.0,False
2019105512,ジャスティンスカイ,Special,2,4x5,DSDD|DDDSD,9.375,0.0,False
2019104459,グランシエロ,Coup de Folie,2,4x5,DSDSD|DDSD,9.375,0.0,False
2019104459,グランシエロ,Halo,2,3x5,SSS|DDSDS,15.625,0.78125,True
2016104887,ハーツイストワール,Hail to Reason,2,4x5,SSSS|DDSSS,9.375,0.390625,True
2016104887,ハーツイストワール,Northern Dancer,2,5x5,SDDSS|DSDSS,6.25,0.1953125,True
2019102820,メイショウラナキラ,Nureyev,2,3x5,SSSDS|DSS,15.625,0.78125,True
2019102820,メイショウラナキラ,Raise a Native,2,5x5,SSSSS|DSDSS,6.25,0.1953125,True
2019103823,リカンカブール,Hail to Reason,2,5x5,SSSSS|SDSSS,6.25,0.0,False
2019103823,リカンカブール,Nijinsky,2,5x5,SDDSS|DDDSS,6.25,0.1953125,True
2019101873,ストップザタイム,Hail to Reason,2,4x5,SSSS|DDSSS,9.375,0.390625,True
2019101664,ミスターホワイト,Halo,3,3x4x5,SSS|DDDD|DDDDS,21.875,2.34375,True
2019101716,アップデート,Hail to Reason,2,5x5,SSSSS|DSSSS,6.25,0.1953125,True
2019101716,アップデート,Halo,2,4x5,SDSSS|DSSS,9.375,0.390625,True
2019101716,アップデート,Sunday Silence,2,3x4,SDSS|DSS,18.75,1.5625,True
2019101716,アップデート,Wishing Well,2,4x5,SDSSD|DSSD,9.375,0.390625,True
2019101716,アップデート,マルゼンスキー,2,4x5,SDSDS|DDDS,9.375,0.390625,True
2019105277,リアド,Buckpasser,2,5x5,DDSDS|DDDDS,6.25,0.0,False
2019105277,リアド,Lyphard,2,4x5,SDSS|DSSDS,9.375,0.390625,True
2019105277,リアド,Northern Dancer,2,5x5,SDSSS|DDDSS,6.25,0.1953125,True
2019105239,ショウナンアデイブ,Mr. Prospector,2,4x5,DSDS|DDSSS,9.375,0.0,False
2019104909,ボルドグフーシュ,Cosmah,2,5x5,SDSSD|DSSSD,6.25,0.1953125,True
2019104909,ボルドグフーシュ,Hail to Reason,3,5x5x5,SSSSS|SDSSS|DSSSS,9.375,0.390625,True
2019104909,ボルドグフーシュ,Halo,2,4x4,SDSS|DSSS,12.5,0.78125,True
2019104909,ボルドグフーシュ,Mountain Flower,2,5x5,SDSDD|DSSDD,6.25,0.1953125,True
2019104909,ボルドグフーシュ,Northern Dancer,3,5x5x5,SSDSS|SDDSS|DSDSS,9.375,0.390625,True
2019104909,ボルドグフーシュ,Sunday Silence,2,3x3,SDS|DSS,25.0,3.125,True
2019104909,ボルドグフーシュ,Understanding,2,5x5,SDSDS|DSSDS,6.25,0.1953125,True
2019104909,ボルドグフーシュ,Wishing Well,2,4x4,SDSD|DSSD,12.5,0.78125,True
2019104600,ブラックブロッサム,Halo,2,4x5,SSSS|DSDSS,9.375,0.390625,True
2019104600,ブラックブロッサム,Lyphard,2,5x5,SSDSS|SDDDS,6.25,0.0,False
2017106606,アルサトワ,Lady Victoria,2,5x5,SDDSD|DSDSD,6.25,0.1953125,True
2017106606,アルサトワ,Northern Dancer,2,5x5,SDDSS|DSDSS,6.25,0.1953125,True
2017106606,アルサトワ,Northern Taste,2,4x4,SDDS|DSDS,12.5,0.78125,True
2018100401,カイザーバローズ,Lyphard,2,4x5,SDSS|DDSDS,9.375,0.390625,True
2018100401,カイザーバローズ,Northern Dancer,2,4x5,SDSSS|DSSS,9.375,0.390625,True
2016103815,トーセングラン,Northern Dancer,2,4x5,SDSSS|DSSS,9.375,0.390625,True
2019102788,ウォーターナビレラ,Cosmah,2,5x5,SSSSD|DSDSD,6.25,0.1953125,True
2019102788,ウォーターナビレラ,Hail to Reason,3,5x5x5,SSSSS|SDSSS|DSDSS,9.375,0.390625,True
2019102788,ウォーターナビレラ,Halo,4,2x3x4x4,SSSS|DS|DSD|DSDS,50.0,5.46875,True
2019102788,ウォーターナビレラ,Lyphard,2,4x5,SSDSS|DSSS,9.375,0.390625,True
2019102788,ウォーターナビレラ,Roberto,2,4x5,SDSS|DDSSS,9.375,0.390625,True
2019105565,スタニングローズ,Mill Reef,2,5x5,SDSDS|DDDSS,6.25,0.1953125,True
2019105565,スタニングローズ,Northern Dancer,2,5x5,SSDSS|SDSSS,6.25,0.0,False
2019104074,アートハウス,Hail to Reason,2,5x5,SSSSS|SDSSS,6.25,0.0,False
2019104074,アートハウス,Halo,2,4x5,SDSS|DSSSS,9.375,0.390625,True
2019104074,アートハウス,Northern Dancer,2,5x5,SSDSS|SDDSS,6.25,0.0,False
2019104074,アートハウス,Sunday Silence,2,3x4,SDS|DSSS,18.75,1.5625,True
2019104074,アートハウス,Wishing Well,2,4x5,SDSD|DSSSD,9.375,0.390625,True
2019106342,サークルオブライフ,Caerleon,2,4x5,DSDS|DDSDS,9.375,0.0,False
2019106342,サークルオブライフ,Hail to Reason,2,5x5,SSSSS|DSSSS,6.25,0.1953125,True
2019106342,サークルオブライフ,Halo,3,4x5x5,SDSSS|DSSS|DDSSS,12.5,0.5859375,True
2019106342,サークルオブライフ,Sunday Silence,2,3x4,SDSS|DSS,18.75,1.5625,True
2019106342,サークルオブライフ,Wishing Well,2,4x5,SDSSD|DSSD,9.375,0.390625,True
2019105213,ナミュール,Lyphard,2,5x5,SDSDS|DDDSS,6.25,0.1953125,True
2019105213,ナミュール,Northern Dancer,3,5x5x5,SSSSS|SDDSS|DSDSS,9.375,0.390625,True
2019107033,ラブパイロー,Gold Digger,2,5x5,SSDSD|DDSSD,6.25,0.1953125,True
2019107033,ラブパイロー,Halo,2,4x4,DSSS|DDDD,12.5,0.0,False
2019107033,ラブパイロー,Mr. Prospector,2,4x4,SSDS|DDSS,12.5,0.78125,True
2019107033,ラブパイロー,Raise a Native,2,5x5,SSDSS|DDSSS,6.25,0.1953125,True
2019105415,ベルクレスタ,Gold Digger,2,4x5,SSSSD|DSSD,9.375,0.390625,True
2019105415,ベルクレスタ,Mr. Prospector,2,3x4,SSSS|DSS,18.75,1.5625,True
2019105415,ベルクレスタ,Raise a Native,2,4x5,SSSSS|DSSS,9.375,0.390625,True
2019100796,シーグラス,Halo,2,4x5,SSSS|DDDSS,9.375,0.390625,True
2019100796,シーグラス,Northern Taste,2,5x5,SSDDS|DDDDS,6.25,0.1953125,True
2019100796,シーグラス,Sunday Silence,2,3x4,SSS|DDDS,18.75,1.5625,True
2019100796,シーグラス,Wishing Well,2,4x5,SSSD|DDDSD,9.375,0.390625,True
2019102772,ピンハイ,Alydar,2,4x5,SDDDS|DDDS,9.375,0.390625,True
2019102772,ピンハイ,Halo,2,4x5,SSSS|DDSSS,9.375,0.390625,True
2019102772,ピンハイ,Northern Dancer,2,5x5,SDDSS|DSDSS,6.25,0.1953125,True
2019102772,ピンハイ,Nureyev,2,4x4,SDDS|DSDS,12.5,0.78125,True
2019102772,ピンハイ,Special,2,5x5,SDDSD|DSDSD,6.25,0.1953125,True
2019102772,ピンハイ,Sunday Silence,2,3x4,SSS|DDSS,18.75,1.5625,True
2019102772,ピンハイ,Wishing Well,2,4x5,SSSD|DDSSD,9.375,0.390625,True
2019105226,プレサージュリフト,Lyphard,2,5x5,SDSDS|DSDSS,6.25,0.1953125,True
2019105226,プレサージュリフト,Northern Dancer,2,5x5,SSSSS|SDDSS,6.25,0.0,False
2019100935,ニシノラブウインク,Hail to Reason,2,5x5,SSSSS|DSSSS,6.25,0.1953125,True
2019100935,ニシノラブウインク,Halo,2,4x5,SDSSS|DSSS,9.375,0.390625,True
2019100935,ニシノラブウインク,Nijinsky,2,4x5,DSDSD|DDSS,9.375,0.0,False
2019100935,ニシノラブウインク,Northern Dancer,2,5x5,SDDSS|DDSSS,6.25,0.1953125,True
2019100935,ニシノラブウインク,Sunday Silence,2,3x4,SDSS|DSS,18.75,1.5625,True
2019100935,ニシノラブウインク,Wishing Well,2,4x5,SDSSD|DSSD,9.375,0.390625,True
2019104740,スターズオンアース,Gold Digger,2,4x5,SSSSD|DSSD,9.375,0.390625,True
2019104740,スターズオンアース,Mr. Prospector,2,3x4,SSSS|DSS,18.75,1.5625,True
2019104740,スターズオンアース,Raise a Native,2,4x5,SSSSS|DSSS,9.375,0.390625,True
2019102632,セイウンハーデス,Cosmah,2,5x5,SSSSD|DSSSD,6.25,0.1953125,True
2019102632,セイウンハーデス,Hail to Reason,3,5x5x5,SSSSS|SDSSS|DSSSS,9.375,0.390625,True
2019102632,セイウンハーデス,Halo,2,4x4,SSSS|DSSS,12.5,0.78125,True
2019102632,セイウンハーデス,Mountain Flower,2,5x5,SSSDD|DSSDD,6.25,0.1953125,True
2019102632,セイウンハーデス,Nijinsky,2,5x5,SDDSS|DDDSS,6.25,0.1953125,True
2019102632,セイウンハーデス,Sunday Silence,2,3x3,SSS|DSS,25.0,3.125,True
2019102632,セイウンハーデス,Understanding,2,5x5,SSSDS|DSSDS,6.25,0.1953125,True
2019102632,セイウンハーデス,Wishing Well,2,4x4,SSSD|DSSD,12.5,0.78125,True
2019105318,ピースオブエイト,Danzig,2,4x4,SSDS|DSSS,12.5,0.78125,True
2019105318,ピースオブエイト,Hail to Reason,2,5x5,SSSSS|SDSSS,6.25,0.0,False
2019105318,ピースオブエイト,Northern Dancer,4,4x5x5x5,SSDSS|SDDSS|DSSSS|DDSS,15.625,1.171875,True
2019105318,ピースオブエイト,Pas de Nom,2,5x5,SSDSD|DSSSD,6.25,0.1953125,True
2017105590,ベスビアナイト,Gold Digger,2,5x5,SSSSD|DSSSD,6.25,0.1953125,True
2017105590,ベスビアナイト,Mr. Prospector,2,4x4,SSSS|DSSS,12.5,0.78125,True
2017105590,ベスビアナイト,Raise a Native,2,5x5,SSSSS|DSSSS,6.25,0.1953125,True
2016102175,ダンディズム,Cosmah,2,4x5,SSSD|DSDSD,9.375,0.390625,True
2016102175,ダンディズム,Hail to Reason,2,4x5,SSSS|DSDSS,9.375,0.390625,True
2016102175,ダンディズム,Halo,2,3x4,SSS|DSDS,18.75,1.5625,True
2016102175,ダンディズム,Northern Dancer,2,5x5,DSSSS|DDSSS,6.25,0.0,False
2016104364,パラダイスリーフ,Hail to Reason,2,4x4,SSSS|DSSS,12.5,0.78125,True
2016104364,パラダイスリーフ,Northern Dancer,2,5x5,SDSSS|DDSSS,6.25,0.1953125,True
2016104364,パラダイスリーフ,Nothirdchance,2,5x5,SSSSD|DSSSD,6.25,0.1953125,True
2016104364,パラダイスリーフ,Turn-to,2,5x5,SSSSS|DSSSS,6.25,0.1953125,True
2017105307,ゴルトベルク,Northern Dancer,3,5x5x5,SSDSS|SDSSS|DDDSS,9.375,0.390625,True
2018104366,ステイブルアスク,Cosmah,2,5x5,SSSSD|DSSSD,6.25,0.1953125,True
2018104366,ステイブルアスク,Hail to Reason,2,5x5,SSSSS|DSSSS,6.25,0.1953125,True
2018104366,ステイブルアスク,Halo,2,4x4,SSSS|DSSS,12.5,0.78125,True
2018104366,ステイブルアスク,Northern Taste,2,4x5,SSDDS|SDDS,9.375,0.0,False
2018102608,ヴェルトハイム,Konigsstuhl,2,4x5,DSSS|DDDSS,9.375,0.0,False
2018102608,ヴェルトハイム,Northern Dancer,2,5x5,SDSSS|DSDSS,6.25,0.1953125,True
2017101449,エヴァーガーデン,Danzig,3,4x5x5,SSSD|SSSDS|SDSDS,12.5,0.0,False
2017101449,エヴァーガーデン,Halo,2,2x4,DS|DSSS,31.25,0.0,False
2017101449,エヴァーガーデン,Mr. Prospector,3,5x5x5,SSSSS|SSDSS|DSDSS,9.375,0.390625,True
2016104926,フォルコメン,Gold Digger,2,4x5,SDSSD|DDSD,9.375,0.390625,True
2016104926,フォルコメン,Halo,2,4x5,SSSS|SDSDS,9.375,0.0,False
2016104926,フォルコメン,Mr. Prospector,2,3x4,SDSS|DDS,18.75,1.5625,True
2016104926,フォルコメン,Northern Dancer,2,4x5,DSSS|DDDSS,9.375,0.0,False
2016104926,フォルコメン,Raise a Native,2,4x5,SDSSS|DDSS,9.375,0.390625,True
2018102009,ヤマニンデンファレ,Cosmah,2,5x5,SSDSD|DSSSD,6.25,0.1953125,True
2018102009,ヤマニンデンファレ,Hail to Reason,2,5x5,SSDSS|DSSSS,6.25,0.1953125,True
2018102009,ヤマニンデンファレ,Halo,2,4x4,SSDS|DSSS,12.5,0.78125,True
2018102009,ヤマニンデンファレ,Northern Dancer,2,5x5,SSSSS|DSDSS,6.25,0.1953125,True
2017104961,タイセイモンストル,Northern Dancer,2,5x5,SDDSS|DSDSS,6.25,0.1953125,True
2017101183,レッドライデン,Gold Digger,2,5x5,SSSSD|DDSSD,6.25,0.1953125,True
2017101183,レッドライデン,Mr. Prospector,2,4x4,SSSS|DDSS,12.5,0.78125,True
2017101183,レッドライデン,Raise a Native,2,5x5,SSSSS|DDSSS,6.25,0.1953125,True
2016106606,カラテ,Northern Dancer,2,5x5,SDDSS|DSSSS,6.25,0.1953125,True
2016106606,カラテ,Nureyev,2,4x5,SSSDS|SDDS,9.375,0.0,False
2014102163,ゴールドスミス,Northern Dancer,3,5x5x5,SDDSS|DSSSS|DDSSS,9.375,0.390625,True
2017102537,フォワードアゲン,Hail to Reason,2,5x5,SDSSS|DSSSS,6.25,0.1953125,True
2017102537,フォワードアゲン,Northern Dancer,2,5x5,DSDSS|DDDSS,6.25,0.0,False
2018100428,カナリキケン,Hail to Reason,2,4x5,SSSSS|DDSS,9.375,0.390625,True
2018100428,カナリキケン,Nearctic,2,5x5,SDSSS|DDDSS,6.25,0.1953125,True
2019105366,フェーングロッテン,Cosmah,2,4x5,SSSD|DSDSD,9.375,0.390625,True
2019105366,フェーングロッテン,Goofed,2,5x5,SDSSD|DSSSD,6.25,0.1953125,True
2019105366,フェーングロッテン,Hail to Reason,2,4x5,SSSS|DSDSS,9.375,0.390625,True
2019105366,フェーングロッテン,Halo,4,2x3x3x4,SSS|DS|DSD|DSDS,56.25,10.9375,True
2019105366,フェーングロッテン,Lyphard,2,4x4,SDSS|DSSS,12.5,0.78125,True
2019105366,フェーングロッテン,Northern Dancer,2,5x5,SDSSS|DSSSS,6.25,0.1953125,True
2019105366,フェーングロッテン,Sir Ivor,2,5x5,SDSDS|DSDDS,6.25,0.1953125,True
2019105558,ロジレット,Hail to Reason,2,5x5,SSSSS|DSSSS,6.25,0.1953125,True
2019105558,ロジレット,Mr. Prospector,2,5x5,SDDSS|DDDSS,6.25,0.1953125,True
2019104929,エコルフリューゲル,Hail to Reason,2,4x5,SSSS|DDSSS,9.375,0.390625,True
2019104929,エコルフリューゲル,Northern Dancer,2,4x5,SDSS|DSSSS,9.375,0.390625,True
2019104929,エコルフリューゲル,Roberto,2,4x5,DSDSS|DDSS,9.375,0.0,False
2019104159,カヨウネンカ,Nijinsky,2,4x5,DSSS|DDDSS,9.375,0.0,False
2019104159,カヨウネンカ,Northern Dancer,2,5x5,DSSSS|DDSSS,6.25,0.0,False
2019104607,コルベイユ,Caerleon,2,4x4,DSDS|DDDS,12.5,0.0,False
2019104607,コルベイユ,Cosmah,3,5x5x5,SSSSD|DSSSD|DDSSD,9.375,0.390625,True
2019104607,コルベイユ,Foreseer,2,5x5,DSDSD|DDDSD,6.25,0.0,False
2019104607,コルベイユ,Hail to Reason,3,5x5x5,SSSSS|DSSSS|DDSSS,9.375,0.390625,True
2019104607,コルベイユ,Halo,3,4x4x4,SSSS|DSSS|DDSS,18.75,1.5625,True
2019104607,コルベイユ,Mountain Flower,2,5x5,SSSDD|DDSDD,6.25,0.1953125,True
2019104607,コルベイユ,Nijinsky,3,5x5x5,SSDSS|DSDSS|DDDSS,9.375,0.390625,True
2019104607,コルベイユ,Sunday Silence,2,3x3,SSS|DDS,25.0,3.125,True
2019104607,コルベイユ,Understanding,2,5x5,SSSDS|DDSDS,6.25,0.1953125,True
2019104607,コルベイユ,Wishing Well,2,4x4,SSSD|DDSD,12.5,0.78125,True
2019105329,サンカルパ,Gold Digger,2,5x5,SSSSD|DSSSD,6.25,0.1953125,True
2019105329,サンカルパ,Mr. Prospector,2,4x4,SSSS|DSSS,12.5,0.78125,True
2019105329,サンカルパ,Northern Dancer,2,5x5,DSDSS|DDSSS,6.25,0.0,False
2019105329,サンカルパ,Nureyev,2,4x5,SSSDS|DDSS,9.375,0.390625,True
2019105329,サンカルパ,Raise a Native,2,5x5,SSSSS|DSSSS,6.25,0.1953125,True
2019105040,セントカメリア,Northern Dancer,2,4x5,DSSS|DDDSS,9.375,0.0,False
2019104868,ブルトンクール,Bramalea,2,5x5,SSSSD|DSSSD,6.25,0.1953125,True
2019104868,ブルトンクール,Hail to Reason,3,5x5x5,SSSSS|DSSSS|DDSSS,9.375,0.390625,True
2019104868,ブルトンクール,Halo,2,4x5,SDSSS|DDSS,9.375,0.390625,True
2019104868,ブルトンクール,Northern Dancer,2,5x5,SDDSS|DSDSS,6.25,0.1953125,True
2019104868,ブルトンクール,Roberto,2,4x4,SSSS|DSSS,12.5,0.78125,True
2019104868,ブルトンクール,Sunday Silence,2,3x4,SDSS|DDS,18.75,1.5625,True
2019104868,ブルトンクール,Wishing Well,2,4x5,SDSSD|DDSD,9.375,0.390625,True
2019106877,ミナモトフェイス,Lyphard,2,5x5,SSDSS|SDDDS,6.25,0.0,False
2019106877,ミナモトフェイス,Mr. Prospector,2,4x5,DSSSS|DDSS,9.375,0.0,False
2019104700,ラリュエル,Hail to Reason,2,4x5,SSSS|DDSSS,9.375,0.390625,True
2019104700,ラリュエル,Pocahontas,2,5x5,SDSDD|DDDSD,6.25,0.1953125,True
2019105207,サリエラ,Northern Dancer,2,5x5,SDSSS|DSSSS,6.25,0.1953125,True
2019101670,メモリーレゾン,Northern Dancer,2,5x5,SDDSS|DDDSS,6.25,0.1953125,True
2019101670,メモリーレゾン,Northern Taste,2,4x5,SSDDS|SDDS,9.375,0.0,False
2019100664,エグランタイン,Danzig,2,3x4,DSD|DSDS,18.75,0.0,False
2019100664,エグランタイン,Mr. Prospector,2,4x5,DSSS|DDSDS,9.375,0.0,False
2019100664,エグランタイン,Northern Dancer,2,5x5,SDSSS|DSDSS,6.25,0.1953125,True
2019100664,エグランタイン,Raise a Native,2,5x5,DSSSS|DDDSS,6.25,0.0,False
2019100464,ヒヅルジョウ,Danzig,2,4x4,SSSS|DSDS,12.5,0.78125,True
2019100464,ヒヅルジョウ,Hail to Reason,2,5x5,DSSSS|DDSSS,6.25,0.0,False
2019100464,ヒヅルジョウ,His Majesty,2,5x5,SSSDS|DSDDS,6.25,0.1953125,True
2019100464,ヒヅルジョウ,Northern Dancer,3,5x5x5,SSSSS|SDDSS|DSDSS,9.375,0.390625,True
2019100464,ヒヅルジョウ,Pas de Nom,2,5x5,SSSSD|DSDSD,6.25,0.1953125,True
2019103430,ベリーヴィーナス,Northern Dancer,3,5x5x5,SDSSS|DSSSS|DDSSS,9.375,0.390625,True
2019103430,ベリーヴィーナス,Sadler's Wells,2,4x5,DSSS|DDDDS,9.375,0.0,False
2019103973,ルージュリナージュ,Halo,2,4x5,SSSS|DDDSS,9.375,0.390625,True
2019103973,ルージュリナージュ,Lyphard,2,5x5,SSDSS|SDSDS,6.25,0.0,False
2019103973,ルージュリナージュ,Mr. Prospector,2,4x5,SDSS|DSSSS,9.375,0.390625,True
2019103973,ルージュリナージュ,Sunday Silence,2,3x4,SSS|DDDS,18.75,1.5625,True
2019103973,ルージュリナージュ,Wishing Well,2,4x5,SSSD|DDDSD,9.375,0.390625,True
2019105552,ローシャムパーク,Northern Dancer,2,5x5,SSSSS|SDDSS,6.25,0.0,False
2019105546,マテンロウスカイ,Halo,2,4x5,SSDSS|DSSS,9.375,0.390625,True
2019105546,マテンロウスカイ,Northern Dancer,2,5x5,SDSSS|DDDSS,6.25,0.1953125,True
2019105546,マテンロウスカイ,Sunday Silence,2,3x4,SSDS|DSS,18.75,1.5625,True
2019105546,マテンロウスカイ,Wishing Well,2,4x5,SSDSD|DSSD,9.375,0.390625,True
2019104476,ガイアフォース,Halo,2,4x5,SSSS|DDSSS,9.375,0.390625,True
2019104476,ガイアフォース,Lyphard,2,5x5,SSDSS|SDDDS,6.25,0.0,False
2019104476,ガイアフォース,Northern Taste,2,4x5,SDSDS|DDDS,9.375,0.390625,True
2019104476,ガイアフォース,Sunday Silence,2,3x4,SSS|DDSS,18.75,1.5625,True
2019104476,ガイアフォース,Wishing Well,2,4x5,SSSD|DDSSD,9.375,0.390625,True
2019103826,ベジャール,Northern Dancer,2,5x5,SDSSS|DDSSS,6.25,0.1953125,True
2019104828,キングズパレス,Green Dancer,2,4x5,SDDDS|DDSS,9.375,0.390625,True
2019104828,キングズパレス,Mr. Prospector,2,3x5,SSS|DSSSS,15.625,0.78125,True
2019104828,キングズパレス,Northern Dancer,2,5x5,SSDSS|SDSSS,6.25,0.0,False
2019101288,サイモンバロン,Hail to Reason,2,5x5,DSSSS|DDSSS,6.25,0.0,False
2019101288,サイモンバロン,Northern Dancer,3,5x5x5,SSSSS|SDDSS|DDDSS,9.375,0.390625,True
2019104520,コントゥラット,Hail to Reason,2,5x5,SSSSS|DDSSS,6.25,0.1953125,True
2019104520,コントゥラット,Halo,2,4x5,SDSSS|DDSS,9.375,0.390625,True
2019104520,コントゥラット,Northern Dancer,2,5x5,SDDSS|DSSSS,6.25,0.1953125,True
2019104520,コントゥラット,Sunday Silence,2,3x4,SDSS|DDS,18.75,1.5625,True
2019104520,コントゥラット,Wishing Well,2,4x5,SDSSD|DDSD,9.375,0.390625,True
2019100603,ヤマニンゼスト,Hail to Reason,2,4x5,SSSS|DSSSS,9.375,0.390625,True
2019105065,パラレルヴィジョン,Hail to Reason,2,5x5,SSSSS|DDSSS,6.25,0.1953125,True
2019105065,パラレルヴィジョン,Northern Dancer,2,5x5,SDSSS|DDDSS,6.25,0.1953125,True
2019100668,サンセットクラウド,Fappiano,2,4x5,DSSS|DDDDS,9.375,0.0,False
2019100215,ウインエクレール,Nijinsky,2,5x5,DDSDS|DDDSS,6.25,0.0,False
2019100215,ウインエクレール,Northern Dancer,2,5x5,SDSSS|DSDSS,6.25,0.1953125,True
2019100547,タガノフィナーレ,Hail to Reason,2,5x5,SSSSS|DSSSS,6.25,0.1953125,True
2019100547,タガノフィナーレ,Halo,2,4x5,SDSSS|DSSS,9.375,0.390625,True
2019100547,タガノフィナーレ,Northern Dancer,2,5x5,SDDSS|DDSSS,6.25,0.1953125,True
2019100547,タガノフィナーレ,Sunday Silence,2,3x4,SDSS|DSS,18.75,1.5625,True
2019100547,タガノフィナーレ,Wishing Well,2,4x5,SDSSD|DSSD,9.375,0.390625,True
2019104124,ストーリア,Mr. Prospector,2,4x5,SSSS|DDSSS,9.375,0.390625,True
2019104124,ストーリア,Northern Dancer,2,5x5,SDDSS|DSDSS,6.25,0.1953125,True
2019104124,ストーリア,Nureyev,2,4x5,SSSDS|DSDS,9.375,0.390625,True
2019105846,ブライトオンベイス,Lyphard,2,5x5,SSDSS|SDDDS,6.25,0.0,False
2019100790,マイネルトルファン,Hail to Reason,2,5x5,SSSSS|DDSSS,6.25,0.1953125,True
2019100790,マイネルトルファン,Halo,2,4x5,SSSS|DSSSS,9.375,0.390625,True
2019100790,マイネルトルファン,Northern Taste,2,4x5,SSDDS|SDDS,9.375,0.0,False
2019105556,ドゥラドーレス,Halo,2,4x5,SDSS|DDSSS,9.375,0.390625,True
2019105556,ドゥラドーレス,Sunday Silence,2,3x4,SDS|DDSS,18.75,1.5625,True
2019105556,ドゥラドーレス,Wishing Well,2,4x5,SDSD|DDSSD,9.375,0.390625,True
2019101507,ディナースタ,Gold Digger,2,5x5,SSSSD|DDDSD,6.25,0.1953125,True
2019101507,ディナースタ,Mr. Prospector,3,4x4x5,SSSS|DSSSS|DDDS,15.625,1.171875,True
2019101507,ディナースタ,Raise a Native,2,5x5,SSSSS|DDDSS,6.25,0.1953125,True
2019105168,セレシオン,Goofed,2,5x5,SDDSD|DSDSD,6.25,0.1953125,True
2019105168,セレシオン,Lyphard,2,4x4,SDDS|DSDS,12.5,0.78125,True
2019105168,セレシオン,Northern Dancer,2,5x5,SDDSS|DSDSS,6.25,0.1953125,True
2017105620,レインカルナティオ,Northern Dancer,2,4x5,SDDSS|DSSS,9.375,0.390625,True
2017105620,レインカルナティオ,Seattle Slew,2,4x5,DSDSS|DDDS,9.375,0.0,False
2017103201,クリノプレミアム,Northern Dancer,3,5x5x5,SDDSS|DSSSS|DDDSS,9.375,0.390625,True
2017103201,クリノプレミアム,Northern Taste,2,4x5,SSDDS|SDDS,9.375,0.0,False
2017103201,クリノプレミアム,Secretariat,2,5x5,DSSDS|DDSDS,6.25,0.0,False
2016103084,ローザノワール,Northern Dancer,2,4x5,DSSSS|DDSS,9.375,0.0,False
2020100189,アレクサ,Halo,2,4x5,SSSS|DDDSS,9.375,0.390625,True
2020100189,アレクサ,Miesque,2,4x5,SDDD|DDSSD,9.375,0.390625,True
2020100189,アレクサ,Mr. Prospector,2,4x5,SDDS|DDSSS,9.375,0.390625,True
2020100189,アレクサ,Sunday Silence,2,3x4,SSS|DDDS,18.75,1.5625,True
2020100189,アレクサ,Wishing Well,2,4x5,SSSD|DDDSD,9.375,0.390625,True
2020103061,シュタールヴィント,Mill Princess,2,5x5,SSDSD|DDSSD,6.25,0.1953125,True
2020103061,シュタールヴィント,トライマイベスト,2,5x5,SSDSS|DDSSS,6.25,0.1953125,True
2020103061,シュタールヴィント,ラストタイクーン,2,4x4,SSDS|DDSS,12.5,0.78125,True
2020110095,サイブレーカー,Mr. Prospector,2,4x5,DSDS|DDSSS,9.375,0.0,False
2020106402,トップナイフ,Blushing Groom,2,4x4,SDSS|DDDS,12.5,0.78125,True
2020106402,トップナイフ,Forli,2,5x5,SSDDS|DSSDS,6.25,0.1953125,True
2020106402,トップナイフ,Natalma,2,5x5,SSSSD|DSSSD,6.25,0.1953125,True
2020106402,トップナイフ,Nearctic,2,5x5,SSSSS|DSSSS,6.25,0.1953125,True
2020106402,トップナイフ,Northern Dancer,2,4x4,SSSS|DSSS,12.5,0.78125,True
2020106402,トップナイフ,Red God,2,5x5,SDSSS|DDDSS,6.25,0.1953125,True
2020106402,トップナイフ,Runaway Bride,2,5x5,SDSSD|DDDSD,6.25,0.1953125,True
2020103794,エゾダイモン,Lyphard,2,4x5,SDDS|DDDSS,9.375,0.390625,True
2020103522,グランヴィノス,Cosmah,2,5x5,SSSSD|DSDSD,6.25,0.1953125,True
2020103522,グランヴィノス,Hail to Reason,2,5x5,SSSSS|DSDSS,6.25,0.1953125,True
2020103522,グランヴィノス,Halo,3,4x4x5,SSSS|DSDS|DDDDS,15.625,1.171875,True
2020103522,グランヴィノス,Lyphard,2,5x5,SSDSS|SDDDS,6.25,0.0,False
2020103522,グランヴィノス,Natalma,2,5x5,DSDDD|DDSSD,6.25,0.0,False
2020102194,グリューネグリーン,Halo,2,4x5,SDSSS|DSSS,9.375,0.390625,True
2020102194,グリューネグリーン,Nijinsky,2,5x5,SDSDS|DSDSS,6.25,0.1953125,True
2020102194,グリューネグリーン,Sunday Silence,2,3x4,SDSS|DSS,18.75,1.5625,True
2020102194,グリューネグリーン,Wishing Well,2,4x5,SDSSD|DSSD,9.375,0.390625,True
2020102798,スマラグドス,Northern Dancer,2,5x5,SDDSS|DDSSS,6.25,0.1953125,True
2020103060,ヴェルテンベルク,Cosmah,2,5x5,SSSSD|DDSSD,6.25,0.1953125,True
2020103060,ヴェルテンベルク,Hail to Reason,2,5x5,SSSSS|DDSSS,6.25,0.1953125,True
2020103060,ヴェルテンベルク,Halo,2,4x4,SSSS|DDSS,12.5,0.78125,True
2020103060,ヴェルテンベルク,Lyphard,2,5x5,SSDSS|SDDDS,6.25,0.0,False
2020103060,ヴェルテンベルク,Mountain Flower,2,5x5,SSSDD|DDSDD,6.25,0.1953125,True
2020103060,ヴェルテンベルク,Sunday Silence,2,3x3,SSS|DDS,25.0,3.125,True
2020103060,ヴェルテンベルク,Understanding,2,5x5,SSSDS|DDSDS,6.25,0.1953125,True
2020103060,ヴェルテンベルク,Wishing Well,2,4x4,SSSD|DDSD,12.5,0.78125,True
2020103881,コスモサガルマータ,Cosmah,2,5x5,SSSSD|DSSSD,6.25,0.1953125,True
2020103881,コスモサガルマータ,Hail to Reason,2,5x5,SSSSS|DSSSS,6.25,0.1953125,True
2020103881,コスモサガルマータ,Halo,4,3x4x4x5,SSSS|SDSDS|DSS|DSSS,28.125,3.515625,True
2020103881,コスモサガルマータ,Mr. Prospector,2,4x5,SDSS|DSDSS,9.375,0.390625,True
2020103881,コスモサガルマータ,Northern Dancer,2,5x5,DSSDS|DDSSS,6.25,0.0,False
2020104520,アイルシャイン,Bustino,2,4x5,SDDS|DDSDS,9.375,0.390625,True
2020104520,アイルシャイン,Hail to Reason,2,4x5,SSSSS|DSSS,9.375,0.390625,True
2020104520,アイルシャイン,Halo,2,4x5,SSSS|SDSDS,9.375,0.0,False
2020103048,ティムール,Fappiano,2,5x5,DSDSS|DDDSS,6.25,0.0,False
2020103048,ティムール,Northern Dancer,2,5x5,SDSSS|DDSSS,6.25,0.1953125,True
2020102655,ナイトキャッスル,Hail to Reason,3,5x5x5,SSSSS|SDSSS|DDDSS,9.375,0.390625,True
2020101199,ロードプレイヤー,Hail to Reason,2,5x5,SSSSS|DSSSS,6.25,0.1953125,True
2020101199,ロードプレイヤー,Northern Dancer,2,5x5,SDDSS|DDDSS,6.25,0.1953125,True
2020104426,ビキニボーイ,Hail to Reason,2,5x5,DSSSS|DDSSS,6.25,0.0,False
2020104426,ビキニボーイ,Mr. Prospector,2,4x5,SSSS|SDSSS,9.375,0.0,False
2016190001,グランドグローリー,Goofed,2,5x5,SDSSD|DDDSD,6.25,0.1953125,True
2016190001,グランドグローリー,Lady Rebecca,2,4x4,SDSD|DDDD,12.5,0.78125,True
2016190001,グランドグローリー,Lyphard,2,4x4,SDSS|DDDS,12.5,0.78125,True
2016190001,グランドグローリー,Mill Reef,2,4x5,SDDSS|DSSS,9.375,0.390625,True
2016190001,グランドグローリー,Mr. Prospector,2,4x5,DSDSS|DDSS,9.375,0.0,False
2016190001,グランドグローリー,Northern Dancer,2,5x5,SDSSS|DDDSS,6.25,0.1953125,True
2016190001,グランドグローリー,Pocahontas,2,5x5,SDSDD|DDDDD,6.25,0.1953125,True
2016190001,グランドグローリー,Sir Ivor,2,5x5,SDSDS|DDDDS,6.25,0.1953125,True
2017100084,ナムラカミカゼ,Northern Dancer,3,4x5x5,SDSSS|DSDSS|DDSS,12.5,0.5859375,True
2017104060,エドノフェリーチェ,Hail to Reason,2,4x5,SSSSS|DSSS,9.375,0.390625,True
2017104060,エドノフェリーチェ,Sanctus,2,5x5,SSDSS|DDDSS,6.25,0.1953125,True
2017110138,エアファンディタ,Cosmah,2,4x5,SSSD|DDDSD,9.375,0.390625,True
2017110138,エアファンディタ,Hail to Reason,2,4x5,SSSS|DDDSS,9.375,0.390625,True
2017110138,エアファンディタ,Halo,2,3x4,SSS|DDDS,18.75,1.5625,True
2017110138,エアファンディタ,Mr. Prospector,2,4x5,DSSSS|DDSS,9.375,0.0,False
2017103890,ニホンピロスクーロ,Northern Dancer,2,5x5,SSSSS|DSSSS,6.25,0.1953125,True
2018104541,プログノーシス,Hail to Reason,2,4x5,SSSS|DSDSS,9.375,0.390625,True
2018104541,プログノーシス,Northern Dancer,2,5x5,SDSSS|DSDDS,6.25,0.1953125,True
2018104788,トゥーフェイス,Halo,2,4x5,SSDSS|DSSS,9.375,0.390625,True
2018104788,トゥーフェイス,Lyphard,3,5x5x5,SDDSS|DSDSS|DDSSS,9.375,0.390625,True
2018104788,トゥーフェイス,Sunday Silence,2,3x4,SSDS|DSS,18.75,1.5625,True
2018104788,トゥーフェイス,Wishing Well,2,4x5,SSDSD|DSSD,9.375,0.390625,True
2020106582,ファントムシーフ,Danzig,2,4x4,SSSS|DDSS,12.5,0.78125,True
2020106582,ファントムシーフ,High Line,2,5x5,SSDDS|DDDDS,6.25,0.1953125,True
2020106582,ファントムシーフ,His Majesty,2,5x5,SSSDS|DDSDS,6.25,0.1953125,True
2020106582,ファントムシーフ,Kadissya,2,5x5,SSDSD|DDDSD,6.25,0.1953125,True
2020106582,ファントムシーフ,Kahyasi,2,4x4,SSDS|DDDS,12.5,0.78125,True
2020106582,ファントムシーフ,Kerali,2,4x4,SSDD|DDDD,12.5,0.78125,True
2020106582,ファントムシーフ,Northern Dancer,4,5x5x5x5,SSSSS|SDDSS|DSSSS|DDSSS,12.5,0.78125,True
2020106582,ファントムシーフ,Pas de Nom,2,5x5,SSSSD|DDSSD,6.25,0.1953125,True
2020106582,ファントムシーフ,Razyana,2,4x4,SSSD|DDSD,12.5,0.78125,True
2020106582,ファントムシーフ,Sookera,2,5x5,SSDDD|DDDDD,6.25,0.1953125,True
2020106582,ファントムシーフ,Spring Adieu,2,5x5,SSSDD|DDSDD,6.25,0.1953125,True
2020106582,ファントムシーフ,イルドブルボン,2,5x5,SSDSS|DDDSS,6.25,0.1953125,True
2020106582,ファントムシーフ,デインヒル Danehill,2,3x3,SSS|DDS,25.0,3.125,True
2020105681,ハーツコンチェルト,Fappiano,2,4x5,DSSS|DDDDS,9.375,0.0,False
2020105681,ハーツコンチェルト,Halo,2,3x5,SSS|DDSDS,15.625,0.78125,True
2020105681,ハーツコンチェルト,Northern Dancer,2,5x5,SDDSS|DDSSS,6.25,0.1953125,True
2020101695,シーウィザード,Gold Digger,2,5x5,SSSSD|DDSSD,6.25,0.1953125,True
2020101695,シーウィザード,Mr. Prospector,3,4x4x5,SSSS|SDSSS|DDSS,15.625,1.171875,True
2020101695,シーウィザード,Nureyev,2,4x5,SSSDS|DDDS,9.375,0.390625,True
2020101695,シーウィザード,Raise a Native,2,5x5,SSSSS|DDSSS,6.25,0.1953125,True
2020103420,セレンディピティ,Cosmah,2,5x5,SDSSD|DDSSD,6.25,0.1953125,True
2020103420,セレンディピティ,Hail to Reason,2,5x5,SDSSS|DDSSS,6.25,0.1953125,True
2020103420,セレンディピティ,Halo,2,4x4,SDSS|DDSS,12.5,0.78125,True
2020103420,セレンディピティ,Mountain Flower,2,5x5,SDSDD|DDSDD,6.25,0.1953125,True
2020103420,セレンディピティ,Severn Bridge,2,5x5,SDDSD|DDDSD,6.25,0.1953125,True
2020103420,セレンディピティ,Sunday Silence,2,3x3,SDS|DDS,25.0,3.125,True
2020103420,セレンディピティ,Tony Bin,2,4x4,SDDS|DDDS,12.5,0.78125,True
2020103420,セレンディピティ,Understanding,2,5x5,SDSDS|DDSDS,6.25,0.1953125,True
2020103420,セレンディピティ,Wishing Well,2,4x4,SDSD|DDSD,12.5,0.78125,True
2020103420,セレンディピティ,カンパラ,2,5x5,SDDSS|DDDSS,6.25,0.1953125,True
2020103388,フェイト,Alzao,2,4x4,SSDS|DSSS,12.5,0.78125,True
2020103388,フェイト,Lady Rebecca,2,5x5,SSDSD|DSSSD,6.25,0.1953125,True
2020103388,フェイト,Lyphard,2,5x5,SSDSS|DSSSS,6.25,0.1953125,True
2020106439,ボーンイングランデ,Northern Dancer,2,5x5,SSSSS|DDSSS,6.25,0.1953125,True
2020103521,セブンマジシャン,Halo,2,4x5,SSSS|DDDSS,9.375,0.390625,True
2020103521,セブンマジシャン,Lyphard,2,5x5,SSDDS|DSDSS,6.25,0.1953125,True
2020103521,セブンマジシャン,Sunday Silence,2,3x4,SSS|DDDS,18.75,1.5625,True
2020103521,セブンマジシャン,Wishing Well,2,4x5,SSSD|DDDSD,9.375,0.390625,True
2020103626,ドゥラエレーデ,Halo,4,4x4x5x5,SDSS|DSSSS|DDDS|DDDSS,18.75,1.5625,True
2020103626,ドゥラエレーデ,Northern Taste,2,5x5,SDDDS|DSDDS,6.25,0.1953125,True
2020103626,ドゥラエレーデ,Sunday Silence,2,3x4,SDS|DSSS,18.75,1.5625,True
2020103626,ドゥラエレーデ,Wishing Well,2,4x5,SDSD|DSSSD,9.375,0.390625,True
2020103876,モンドプリューム,Halo,3,4x4x5,SSSS|SDDS|SDDSS,15.625,0.0,False
2020103331,ジェイパームス,Northern Dancer,2,5x5,DSSDS|DSDSS,6.25,0.0,False
2020103331,ジェイパームス,Wild Again,2,3x5,SDS|DDDDS,15.625,0.78125,True
2020103466,キングズレイン,Northern Dancer,2,4x5,SDDSS|DDSS,9.375,0.390625,True
2020103466,キングズレイン,Raise a Native,2,5x5,SSSSS|DDDDS,6.25,0.1953125,True
2020105730,スカパラダイス,Amerigo,2,5x5,SDSDS|DSSDS,6.25,0.1953125,True
2020105730,スカパラダイス,Bramalea,2,5x5,SDSSD|DSSSD,6.25,0.1953125,True
2020105730,スカパラダイス,Gris Vitesse,2,4x4,SDSD|DSSD,12.5,0.78125,True
2020105730,スカパラダイス,Hail to Reason,3,5x5x5,SSSSS|SDSSS|DSSSS,9.375,0.390625,True
2020105730,スカパラダイス,Lyphard,2,4x5,SSDSS|DDSS,9.375,0.390625,True
2020105730,スカパラダイス,Matchiche,2,5x5,SDSDD|DSSDD,6.25,0.1953125,True
2020105730,スカパラダイス,Northern Dancer,2,5x5,DSDSS|DDSSS,6.25,0.0,False
2020105730,スカパラダイス,Roberto,2,4x4,SDSS|DSSS,12.5,0.78125,True
2020105730,スカパラダイス,Silver Hawk,2,3x3,SDS|DSS,25.0,3.125,True
2020103208,ジュンツバメガエシ,Nearctic,2,5x5,SDSSS|DSSSS,6.25,0.1953125,True
2020103208,ジュンツバメガエシ,Northern Dancer,2,4x5,DSSS|DDDSS,9.375,0.0,False
2020104484,ミッキーカプチーノ,Bramalea,2,5x5,SSSSD|DDSSD,6.25,0.1953125,True
2020104484,ミッキーカプチーノ,Hail to Reason,3,5x5x5,SSSSS|DSSSS|DDSSS,9.375,0.390625,True
2020104484,ミッキーカプチーノ,Halo,2,4x5,SDSSS|DSSS,9.375,0.390625,True
2020104484,ミッキーカプチーノ,Roberto,2,4x4,SSSS|DDSS,12.5,0.78125,True
2020104484,ミッキーカプチーノ,Sunday Silence,2,3x4,SDSS|DSS,18.75,1.5625,True
2020104484,ミッキーカプチーノ,Wishing Well,2,4x5,SDSSD|DSSD,9.375,0.390625,True
