horse_id,horse_name,source_url,qc_status,sire,dam,broodmare_sire,sire_sire,sire_dam_sire,dam_dam,female_tail_5gen,sire_line,sire_broad_line,broodmare_sire_line,broodmare_sire_broad_line,sire_x_bms_line,sire_broad_x_bms_broad,sire_line_x_female_tail,repeated_ancestor_count,cross_summary,wright_F_approx_pct,blood_sunday_silence_pct,blood_northern_dancer_pct,blood_mr_prospector_pct,blood_kingmambo_pct,blood_roberto_pct,blood_sadler_s_wells_pct,blood_danzig_pct,blood_halo_pct,blood_hail_to_reason_pct,blood_seattle_slew_pct,blood_a_p_indy_pct,blood_nijinsky_pct,blood_nureyev_pct,blood_storm_cat_pct,blood_deputy_minister_pct,blood_tony_bin_pct,blood_lyphard_pct,blood_raise_a_native_pct,blood_native_dancer_pct
2010105964,マイネルミラノ,https://db.netkeiba.com/horse/ped/2010105964/,PASS,Stay Gold,パールバーリー Pearl Barley,Polish Precedent,Sunday Silence,ディクタス Dictus,Pearl Kite,Fairness,Stay Gold,Hail to Reason,Danzig,Northern Dancer,Stay Gold__X__Danzig,Hail to Reason__X__Northern Dancer,Stay Gold__X__Fairness,2,Hail to Reason:4x5;Northern Dancer:4x5x5,0.9765625,25.0,12.5,0.0,0.0,6.25,0.0,12.5,12.5,9.375,0.0,0.0,0.0,0.0,0.0,0.0,0.0,0.0,0.0,0.0
2010104298,ラブリーデイ,https://db.netkeiba.com/horse/ped/2010104298/,PASS,King Kamehameha,ポップコーンジャズ,ダンスインザダーク,Kingmambo,ラストタイクーン Last Tycoon,グレイスルーマー,ペルースポート,King Kamehameha,Native Dancer,Sunday Silence,Hail to Reason,King Kamehameha__X__Sunday Silence,Native Dancer__X__Hail to Reason,King Kamehameha__X__ペルースポート,1,Northern Dancer:5x5x5,0.390625,12.5,9.375,12.5,25.0,3.125,0.0,0.0,6.25,3.125,0.0,0.0,6.25,6.25,0.0,0.0,12.5,0.0,6.25,3.125
2008105362,ナカヤマナイト,https://db.netkeiba.com/horse/ped/2008105362/,PASS,Stay Gold,フィジーガール,カコイーシーズ Cacoethes,Sunday Silence,ディクタス Dictus,ツバキヒメ,Rose's Jewel,Stay Gold,Hail to Reason,Raise a Native,Native Dancer,Stay Gold__X__Raise a Native,Hail to Reason__X__Native Dancer,Stay Gold__X__Rose's Jewel,1,Northern Dancer:5x5,0.1953125,25.0,6.25,0.0,0.0,0.0,0.0,0.0,12.5,6.25,0.0,0.0,6.25,0.0,0.0,0.0,0.0,0.0,6.25,3.125
2010103783,ロゴタイプ,https://db.netkeiba.com/horse/ped/2010103783/,PASS,ローエングリン,ステレオタイプ,Sunday Silence,Singspiel,Garde Royale,スターバレリーナ,Eleven Keys,Sadler's Wells,Northern Dancer,Sunday Silence,Hail to Reason,Sadler's Wells__X__Sunday Silence,Northern Dancer__X__Hail to Reason,Sadler's Wells__X__Eleven Keys,4,Cosmah:4x5;Hail to Reason:4x5;Halo:3x4;Northern Dancer:5x5,2.5390625,25.0,6.25,0.0,0.0,0.0,6.25,0.0,18.75,9.375,0.0,0.0,0.0,6.25,0.0,0.0,0.0,0.0,0.0,0.0
2008103265,デウスウルト,https://db.netkeiba.com/horse/ped/2008103265/,PASS,King Kamehameha,バプティスタ,Sunday Silence,Kingmambo,ラストタイクーン Last Tycoon,ビーバップ,Eilan Aigas,King Kamehameha,Native Dancer,Sunday Silence,Hail to Reason,King Kamehameha__X__Sunday Silence,Native Dancer__X__Hail to Reason,King Kamehameha__X__Eilan Aigas,2,Northern Dancer:5x5x5;Raise a Native:4x5,0.78125,25.0,9.375,12.5,25.0,0.0,0.0,0.0,12.5,6.25,0.0,0.0,0.0,6.25,0.0,0.0,0.0,0.0,9.375,3.125
2010110107,ヒュウマ,https://db.netkeiba.com/horse/ped/2010110107/,PASS,Any Given Saturday,Moravia,A.P. Indy,Distorted Humor,A.P. Indy,Gold Canyon,Turn to Joy,Mr. Prospector,Native Dancer,A.P. Indy,Seattle Slew,Mr. Prospector__X__A.P. Indy,Native Dancer__X__Seattle Slew,Mr. Prospector__X__Turn to Joy,11,A.P. Indy:2x3;Bold Reasoning:4x5;Danzig:3x4;Gold Digger:4x5;Lassie Dear:4x5;Mr. Prospector:3x4;My Charmer:4x5;Raise a Native:4x5;Seattle Slew:3x4;Secretariat:4x5;Weekend Surprise:3x4,13.28125,0.0,3.125,18.75,0.0,0.0,0.0,18.75,0.0,0.0,18.75,37.5,0.0,3.125,0.0,0.0,0.0,0.0,9.375,3.125
2008101384,メイショウナルト,https://db.netkeiba.com/horse/ped/2008101384/,PASS,Heart's Cry,スターペスミツコ,カーネギー Carnegie,Sunday Silence,Tony Bin,マーチンミユキ,コランディア,Heart's Cry,Hail to Reason,Sadler's Wells,Northern Dancer,Heart's Cry__X__Sadler's Wells,Hail to Reason__X__Northern Dancer,Heart's Cry__X__コランディア,1,Northern Dancer:4x5x5,0.5859375,25.0,12.5,0.0,0.0,0.0,12.5,0.0,12.5,6.25,0.0,0.0,6.25,0.0,0.0,0.0,12.5,6.25,0.0,0.0
2009106558,アイスフォーリス,https://db.netkeiba.com/horse/ped/2009106558/,PASS,Stay Gold,リリウム,クロフネ,Sunday Silence,ディクタス Dictus,ベゴニア Begonia,Adorada,Stay Gold,Hail to Reason,Deputy Minister,Northern Dancer,Stay Gold__X__Deputy Minister,Hail to Reason__X__Northern Dancer,Stay Gold__X__Adorada,0,,0.0,25.0,3.125,0.0,0.0,0.0,0.0,0.0,12.5,6.25,0.0,0.0,0.0,0.0,0.0,6.25,0.0,0.0,0.0,0.0
2010103776,ユールシンギング,https://db.netkeiba.com/horse/ped/2010103776/,PASS,シンボリクリスエス,ジョリーノエル,スペシャルウィーク,Kris S.,Gold Meridian,クリスマスツリー,サワーオレンジ,Roberto,Hail to Reason,Sunday Silence,Hail to Reason,Roberto__X__Sunday Silence,Hail to Reason__X__Hail to Reason,Roberto__X__サワーオレンジ,2,Hail to Reason:4x5;Roberto:3x5,1.171875,12.5,0.0,0.0,0.0,15.625,0.0,0.0,6.25,9.375,6.25,0.0,3.125,0.0,0.0,0.0,12.5,0.0,0.0,0.0
2011106350,マイネルフロスト,https://db.netkeiba.com/horse/ped/2011106350/,PASS,ブラックタイド,スリースノーグラス,グラスワンダー,Sunday Silence,Alzao,ダイヤモンドスノー,Radiopye,Sunday Silence,Hail to Reason,Roberto,Hail to Reason,Sunday Silence__X__Roberto,Hail to Reason__X__Hail to Reason,Sunday Silence__X__Radiopye,4,Danzig:4x4;Hail to Reason:4x5;Northern Dancer:5x5x5;Pas de Nom:5x5,0.78125,25.0,9.375,3.125,0.0,6.25,0.0,12.5,12.5,9.375,0.0,0.0,0.0,0.0,0.0,0.0,0.0,6.25,0.0,0.0
2007102705,ペルーサ,https://db.netkeiba.com/horse/ped/2007102705/,PASS,ゼンノロブロイ,アルゼンチンスター,Candy Stripes,Sunday Silence,マイニング Mining,ディフェレンテ Diferente,Desafiada,Sunday Silence,Hail to Reason,Nasrullah,Nasrullah,Sunday Silence__X__Nasrullah,Hail to Reason__X__Nasrullah,Sunday Silence__X__Desafiada,0,,0.0,25.0,3.125,6.25,0.0,0.0,0.0,0.0,12.5,6.25,0.0,0.0,0.0,0.0,0.0,0.0,0.0,6.25,3.125,0.0
2009105738,クランモンタナ,https://db.netkeiba.com/horse/ped/2009105738/,PASS,Deep Impact,エアトゥーレ,Tony Bin,Sunday Silence,Alzao,スキーパラダイス Ski Paradise,Cable Censor,Deep Impact,Hail to Reason,Tony Bin,Tony Bin,Deep Impact__X__Tony Bin,Hail to Reason__X__Tony Bin,Deep Impact__X__Cable Censor,3,Goofed:4x5;Lyphard:3x4;Northern Dancer:4x5,2.34375,25.0,9.375,0.0,0.0,0.0,0.0,0.0,12.5,6.25,0.0,0.0,3.125,0.0,0.0,0.0,25.0,18.75,0.0,0.0
2009104264,ケイアイエレガント,https://db.netkeiba.com/horse/ped/2009104264/,PASS,King Kamehameha,Post Parade,A.P. Indy,Kingmambo,ラストタイクーン Last Tycoon,Spanish Parade,Garvey Girl,King Kamehameha,Native Dancer,A.P. Indy,Seattle Slew,King Kamehameha__X__A.P. Indy,Native Dancer__X__Seattle Slew,King Kamehameha__X__Garvey Girl,2,Nashua:5x5;Northern Dancer:5x5x5,0.5859375,0.0,9.375,12.5,25.0,12.5,0.0,0.0,0.0,6.25,12.5,25.0,6.25,6.25,0.0,0.0,0.0,0.0,6.25,3.125
2009101075,ラブイズブーシェ,https://db.netkeiba.com/horse/ped/2009101075/,PASS,マンハッタンカフェ,ローリエ,メジロマックイーン,Sunday Silence,Law Society,ナカミシュンラン,シスターサリー,Sunday Silence,Hail to Reason,メジロマックイーン,メジロマックイーン,Sunday Silence__X__メジロマックイーン,Hail to Reason__X__メジロマックイーン,Sunday Silence__X__シスターサリー,0,,0.0,25.0,3.125,0.0,0.0,0.0,0.0,0.0,12.5,6.25,0.0,0.0,0.0,0.0,0.0,0.0,0.0,6.25,0.0,0.0
2010104993,バッドボーイ,https://db.netkeiba.com/horse/ped/2010104993/,PASS,マンハッタンカフェ,ミスキ Miski,Miswaki,Sunday Silence,Law Society,Alvernia,Miss Molly,Sunday Silence,Hail to Reason,Mr. Prospector,Native Dancer,Sunday Silence__X__Mr. Prospector,Hail to Reason__X__Native Dancer,Sunday Silence__X__Miss Molly,3,Native Dancer:5x5;Raise You:5x5;Raise a Native:4x4,0.0,25.0,0.0,12.5,0.0,0.0,0.0,0.0,12.5,6.25,0.0,0.0,0.0,0.0,0.0,0.0,0.0,0.0,12.5,6.25
2009110101,アンコイルド,https://db.netkeiba.com/horse/ped/2009110101/,PASS,Giant's Causeway,Tanzania,Alzao,Storm Cat,Rahy,Triple Couronne,Russ-Marie,Storm Cat,Northern Dancer,Lyphard,Northern Dancer,Storm Cat__X__Lyphard,Northern Dancer__X__Northern Dancer,Storm Cat__X__Russ-Marie,4,Hail to Reason:4x5;Natalma:5x5;Nearctic:5x5;Northern Dancer:4x4,1.5625,0.0,12.5,0.0,0.0,6.25,0.0,0.0,3.125,9.375,0.0,0.0,0.0,0.0,25.0,0.0,0.0,12.5,0.0,0.0
2008103125,パッションダンス,https://db.netkeiba.com/horse/ped/2008103125/,PASS,Deep Impact,キッスパシオン,ジェイドロバリー Jade Robbery,Sunday Silence,Alzao,レツツキツス Letkiss,Mashallah,Deep Impact,Hail to Reason,Mr. Prospector,Native Dancer,Deep Impact__X__Mr. Prospector,Hail to Reason__X__Native Dancer,Deep Impact__X__Mashallah,3,Goofed:4x5;Lyphard:3x4;Northern Dancer:4x5x5,2.5390625,25.0,12.5,12.5,0.0,0.0,0.0,0.0,12.5,6.25,0.0,0.0,6.25,0.0,0.0,0.0,0.0,18.75,6.25,3.125
2012102487,クラージュシチー,https://db.netkeiba.com/horse/ped/2012102487/,PASS,ハービンジャー Harbinger,リボンシチー,Sunday Silence,Dansili,Bering,リボーンガーネット,ガーネツト,Danzig,Northern Dancer,Sunday Silence,Hail to Reason,Danzig__X__Sunday Silence,Northern Dancer__X__Hail to Reason,Danzig__X__ガーネツト,1,Northern Dancer:5x5x5,0.390625,25.0,9.375,0.0,0.0,0.0,0.0,6.25,12.5,6.25,0.0,0.0,6.25,0.0,0.0,0.0,0.0,3.125,0.0,0.0
2012104665,ブライトバローズ,https://db.netkeiba.com/horse/ped/2012104665/,PASS,King Kamehameha,ジェダイト,Sunday Silence,Kingmambo,ラストタイクーン Last Tycoon,グリーンポーラ Green Pola,Sly Pola,King Kamehameha,Native Dancer,Sunday Silence,Hail to Reason,King Kamehameha__X__Sunday Silence,Native Dancer__X__Hail to Reason,King Kamehameha__X__Sly Pola,1,Northern Dancer:4x5x5,0.78125,25.0,12.5,12.5,25.0,0.0,0.0,0.0,12.5,6.25,0.0,0.0,12.5,6.25,0.0,0.0,0.0,0.0,6.25,3.125
2012103195,オトコギイッポン,https://db.netkeiba.com/horse/ped/2012103195/,PASS,Halo,ビクトリーステップ,オジジアン Ogygian,ダンシングブレーヴ Dancing Brave,Halo,ミセスビクトリア,オーハヤブサ,Halo,Hail to Reason,オジジアン Ogygian,オジジアン Ogygian,Halo__X__オジジアン Ogygian,Hail to Reason__X__オジジアン Ogygian,Halo__X__オーハヤブサ,2,Halo:1x2x3;Sir Gaylord:5x5,0.0,0.0,6.25,0.0,0.0,0.0,0.0,0.0,87.5,6.25,0.0,0.0,0.0,0.0,0.0,0.0,12.5,12.5,0.0,0.0
2012104672,ダノンリバティ,https://db.netkeiba.com/horse/ped/2012104672/,PASS,King Kamehameha,スカーレットベル,エリシオ Helissio,Kingmambo,ラストタイクーン Last Tycoon,スカーレットレディ,Consentida,King Kamehameha,Native Dancer,Northern Dancer,Northern Dancer,King Kamehameha__X__Northern Dancer,Native Dancer__X__Northern Dancer,King Kamehameha__X__Consentida,2,Northern Dancer:4x5x5x5;Special:5x5,1.3671875,12.5,15.625,12.5,25.0,0.0,0.0,0.0,6.25,3.125,3.125,0.0,0.0,6.25,0.0,0.0,0.0,0.0,6.25,3.125
2012104508,クルーガー,https://db.netkeiba.com/horse/ped/2012104508/,PASS,King Kamehameha,アディクティド Addicted,ディクタット Diktat,Kingmambo,ラストタイクーン Last Tycoon,Astica,Ara,King Kamehameha,Native Dancer,ディクタット Diktat,ディクタット Diktat,King Kamehameha__X__ディクタット Diktat,Native Dancer__X__ディクタット Diktat,King Kamehameha__X__Ara,1,Northern Dancer:5x5x5,0.390625,0.0,9.375,12.5,25.0,3.125,6.25,0.0,0.0,0.0,0.0,0.0,0.0,6.25,0.0,0.0,0.0,0.0,6.25,3.125
2012103997,イーデンホール,https://db.netkeiba.com/horse/ped/2012103997/,PASS,ゴールドアリュール,シーリーコート,Distorted Humor,Sunday Silence,Nureyev,シーリール Sea Reel,Bellevarde,Sunday Silence,Hail to Reason,Mr. Prospector,Native Dancer,Sunday Silence__X__Mr. Prospector,Hail to Reason__X__Native Dancer,Sunday Silence__X__Bellevarde,3,Danzig:3x4x5;Nijinsky:5x5;Northern Dancer:4x5,0.5859375,25.0,9.375,6.25,0.0,0.0,0.0,21.875,12.5,6.25,0.0,0.0,6.25,12.5,0.0,0.0,0.0,0.0,3.125,0.0
2012104678,ブラックバゴ,https://db.netkeiba.com/horse/ped/2012104678/,PASS,バゴ Bago,ステイウィズユー,Stay Gold,Nashwan,Nureyev,アイアンレディ,ルーブルクイン,Nasrullah,Nasrullah,Stay Gold,Hail to Reason,Nasrullah__X__Stay Gold,Nasrullah__X__Hail to Reason,Nasrullah__X__ルーブルクイン,1,Halo:4x5,0.390625,12.5,6.25,6.25,0.0,0.0,0.0,0.0,9.375,3.125,0.0,0.0,3.125,12.5,0.0,0.0,0.0,0.0,3.125,0.0
2012106012,タケルラムセス,https://db.netkeiba.com/horse/ped/2012106012/,PASS,King Kamehameha,ヒシピナクル,Theatrical,Kingmambo,ラストタイクーン Last Tycoon,Katies,Porthaven,King Kamehameha,Native Dancer,Nureyev,Northern Dancer,King Kamehameha__X__Nureyev,Native Dancer__X__Northern Dancer,King Kamehameha__X__Porthaven,4,Nearctic:4x5;Northern Dancer:4x5x5;Nureyev:3x4;Special:4x5,2.734375,0.0,12.5,12.5,25.0,0.0,0.0,0.0,0.0,3.125,0.0,0.0,0.0,18.75,0.0,0.0,0.0,0.0,6.25,3.125
2012100734,マイネルシュバリエ,https://db.netkeiba.com/horse/ped/2012100734/,PASS,バトルプラン Battle Plan,マイネポリーヌ,スペシャルウィーク,エンパイアメーカー Empire Maker,Seeking the Gold,マイネミレー,サンマリノ,Mr. Prospector,Native Dancer,Sunday Silence,Hail to Reason,Mr. Prospector__X__Sunday Silence,Native Dancer__X__Hail to Reason,Mr. Prospector__X__サンマリノ,6,Buckpasser:5x5;Mr. Prospector:4x5;Nijinsky:4x5;Northern Dancer:5x5x5;シル:4x5;マルゼンスキー:3x4,0.5859375,12.5,9.375,9.375,0.0,0.0,0.0,0.0,6.25,3.125,0.0,0.0,9.375,0.0,0.0,0.0,0.0,0.0,3.125,0.0
2012103796,フォワードカフェ,https://db.netkeiba.com/horse/ped/2012103796/,PASS,マンハッタンカフェ,ベストブート Best Boot,Storm Boot,Sunday Silence,Law Society,Bright Tiara,Exclusive,Sunday Silence,Hail to Reason,Storm Cat,Northern Dancer,Sunday Silence__X__Storm Cat,Hail to Reason__X__Northern Dancer,Sunday Silence__X__Exclusive,2,Northern Dancer:5x5;Secretariat:5x5,0.0,25.0,6.25,6.25,0.0,0.0,0.0,6.25,12.5,6.25,0.0,0.0,0.0,0.0,12.5,0.0,0.0,0.0,3.125,3.125
2012103387,ディアコンチェルト,https://db.netkeiba.com/horse/ped/2012103387/,PASS,サムライハート,サイレントベッド,ソウルオブザマター Soul of the Matter,Sunday Silence,Tony Bin,ビストロドゥパリ,Continue,Sunday Silence,Hail to Reason,ソウルオブザマター Soul of the Matter,ソウルオブザマター Soul of the Matter,Sunday Silence__X__ソウルオブザマター Soul of the Matter,Hail to Reason__X__ソウルオブザマター Soul of the Matter,Sunday Silence__X__Continue,1,Northern Dancer:5x5,0.1953125,25.0,6.25,6.25,0.0,0.0,6.25,0.0,12.5,6.25,0.0,0.0,0.0,0.0,0.0,0.0,12.5,0.0,3.125,0.0
2012103017,バルビエール,https://db.netkeiba.com/horse/ped/2012103017/,PASS,ゼンノロブロイ,グランドアメリフローラ Grand Ameriflora,Grand Slam,Sunday Silence,マイニング Mining,Lady Ameriflora,Pi Phi Gal,Sunday Silence,Hail to Reason,Mr. Prospector,Native Dancer,Sunday Silence__X__Mr. Prospector,Hail to Reason__X__Native Dancer,Sunday Silence__X__Pi Phi Gal,4,Gold Digger:5x5;Mr. Prospector:4x4;Northern Dancer:5x5;Raise a Native:5x5,1.171875,25.0,6.25,12.5,0.0,0.0,0.0,6.25,12.5,6.25,0.0,0.0,0.0,0.0,0.0,0.0,0.0,0.0,6.25,0.0
2012103988,ソールインパクト,https://db.netkeiba.com/horse/ped/2012103988/,PASS,Deep Impact,クリームオンリー Cream Only,Exchange Rate,Sunday Silence,Alzao,Raspberry Eggcream,Streak of Luck,Deep Impact,Hail to Reason,Danzig,Northern Dancer,Deep Impact__X__Danzig,Hail to Reason__X__Northern Dancer,Deep Impact__X__Streak of Luck,1,Northern Dancer:4x5,0.390625,25.0,9.375,3.125,0.0,0.0,0.0,12.5,12.5,6.25,0.0,0.0,0.0,0.0,0.0,0.0,0.0,6.25,0.0,0.0
2012109092,ナスノセイカン,https://db.netkeiba.com/horse/ped/2012109092/,PASS,Heart's Cry,ナスノフィオナ,ホワイトマズル White Muzzle,Sunday Silence,Tony Bin,ナスノフローラ,ナスノホシ,Heart's Cry,Hail to Reason,Lyphard,Northern Dancer,Heart's Cry__X__Lyphard,Hail to Reason__X__Northern Dancer,Heart's Cry__X__ナスノホシ,3,Goofed:5x5;Lyphard:4x4x5;Northern Dancer:5x5,1.5625,25.0,6.25,0.0,0.0,0.0,0.0,0.0,12.5,6.25,0.0,0.0,0.0,0.0,0.0,0.0,12.5,15.625,0.0,0.0
2012103129,コスモナインボール,https://db.netkeiba.com/horse/ped/2012103129/,PASS,ハイアーゲーム,シックスポケット,カリズマティック Charismatic,Sunday Silence,Law Society,ビトウィーンダンシーズ Between Dances,Filipina,Sunday Silence,Hail to Reason,Northern Dancer,Northern Dancer,Sunday Silence__X__Northern Dancer,Hail to Reason__X__Northern Dancer,Sunday Silence__X__Filipina,1,Northern Dancer:5x5x5,0.390625,25.0,9.375,6.25,0.0,0.0,0.0,0.0,12.5,6.25,0.0,0.0,0.0,0.0,0.0,0.0,0.0,0.0,3.125,0.0
2012104648,ザイディックメア,https://db.netkeiba.com/horse/ped/2012104648/,PASS,ゼンノロブロイ,シルキーラグーン,ブライアンズタイム Brian's Time,Sunday Silence,マイニング Mining,シーヴィーナス,Fiji,Sunday Silence,Hail to Reason,Roberto,Hail to Reason,Sunday Silence__X__Roberto,Hail to Reason__X__Hail to Reason,Sunday Silence__X__Fiji,4,Hail to Reason:4x4;Mr. Prospector:4x5;Nothirdchance:5x5;Turn-to:5x5,1.5625,25.0,3.125,9.375,0.0,12.5,0.0,6.25,12.5,12.5,0.0,0.0,0.0,0.0,0.0,0.0,0.0,0.0,3.125,0.0
2012104084,ベルーフ,https://db.netkeiba.com/horse/ped/2012104084/,PASS,ハービンジャー Harbinger,レクレドール,Sunday Silence,Dansili,Bering,ゴールデンサッシュ,Sash of Honour,Danzig,Northern Dancer,Sunday Silence,Hail to Reason,Danzig__X__Sunday Silence,Northern Dancer__X__Hail to Reason,Danzig__X__Sash of Honour,1,Northern Dancer:5x5x5,0.390625,25.0,9.375,0.0,0.0,0.0,0.0,6.25,12.5,6.25,0.0,0.0,0.0,0.0,0.0,0.0,0.0,3.125,0.0,0.0
2008103293,ゼンノルジェロ,https://db.netkeiba.com/horse/ped/2008103293/,PASS,シンボリクリスエス,フサイチエアデール,Sunday Silence,Kris S.,Gold Meridian,ラスティックベル Rustic Belle,Doll Ina,Roberto,Hail to Reason,Sunday Silence,Hail to Reason,Roberto__X__Sunday Silence,Hail to Reason__X__Hail to Reason,Roberto__X__Doll Ina,6,Francis S.:4x5;Hail to Reason:4x4;Nashua:5x5;Nothirdchance:5x5;Raise a Native:4x5;Turn-to:5x5,1.7578125,25.0,0.0,12.5,0.0,12.5,0.0,0.0,12.5,12.5,6.25,0.0,0.0,0.0,0.0,0.0,0.0,0.0,9.375,3.125
2011104344,ハギノハイブリッド,https://db.netkeiba.com/horse/ped/2011104344/,PASS,タニノギムレット,ハッピーペインター,Tony Bin,ブライアンズタイム Brian's Time,クリスタルパレス Crystal Palace,サイレントハピネス,Minnetonka,Roberto,Hail to Reason,Tony Bin,Tony Bin,Roberto__X__Tony Bin,Hail to Reason__X__Tony Bin,Roberto__X__Minnetonka,2,Graustark:4x5;Hail to Reason:4x5,0.390625,12.5,0.0,0.0,0.0,12.5,0.0,0.0,6.25,9.375,0.0,0.0,0.0,0.0,0.0,0.0,25.0,0.0,0.0,0.0
2009106388,ホーカーテンペスト,https://db.netkeiba.com/horse/ped/2009106388/,PASS,Hawk Wing,リッチダンサー Rich Dancer,Halling,Woodman,Val de l'Orne,Fairy Flight,Invermore,Mr. Prospector,Native Dancer,Halling,Halling,Mr. Prospector__X__Halling,Native Dancer__X__Halling,Mr. Prospector__X__Invermore,2,Nijinsky:4x5;Northern Dancer:4x5,0.78125,0.0,9.375,12.5,0.0,0.0,0.0,0.0,0.0,0.0,0.0,0.0,9.375,0.0,0.0,0.0,0.0,0.0,6.25,3.125
2011105911,アドマイヤデウス,https://db.netkeiba.com/horse/ped/2011105911/,PASS,アドマイヤドン,ロイヤルカード,Sunday Silence,ティンバーカントリー Timber Country,Tony Bin,アドマイヤラピス,Sunland,Mr. Prospector,Native Dancer,Sunday Silence,Hail to Reason,Mr. Prospector__X__Sunday Silence,Native Dancer__X__Hail to Reason,Mr. Prospector__X__Sunland,3,Natalma:5x5;Nearctic:5x5;Northern Dancer:4x4,1.171875,25.0,12.5,6.25,0.0,0.0,0.0,0.0,12.5,6.25,0.0,0.0,0.0,0.0,0.0,0.0,12.5,0.0,3.125,0.0
2009105546,フーラブライド,https://db.netkeiba.com/horse/ped/2009105546/,PASS,ゴールドアリュール,ヒカルカリーナ,メジロマックイーン,Sunday Silence,Nureyev,ヒカルパッション,テサロニアン,Sunday Silence,Hail to Reason,メジロマックイーン,メジロマックイーン,Sunday Silence__X__メジロマックイーン,Hail to Reason__X__メジロマックイーン,Sunday Silence__X__テサロニアン,2,Nijinsky:4x5;Northern Dancer:4x5,0.78125,25.0,9.375,0.0,0.0,0.0,0.0,0.0,12.5,6.25,0.0,0.0,9.375,12.5,0.0,0.0,0.0,0.0,0.0,0.0
2009100570,アドマイヤフライト,https://db.netkeiba.com/horse/ped/2009100570/,PASS,マンハッタンカフェ,アドマイヤキセキ,Tony Bin,Sunday Silence,Law Society,オトメゴコロ,Noris,Sunday Silence,Hail to Reason,Tony Bin,Tony Bin,Sunday Silence__X__Tony Bin,Hail to Reason__X__Tony Bin,Sunday Silence__X__Noris,0,,0.0,25.0,3.125,0.0,0.0,0.0,0.0,0.0,12.5,6.25,0.0,0.0,0.0,0.0,0.0,0.0,25.0,6.25,0.0,0.0
2010104866,タマモベストプレイ,https://db.netkeiba.com/horse/ped/2010104866/,PASS,フジキセキ,ホットプレイ,Northern Taste,Sunday Silence,Le Fabuleux,ダイナホット,Sylko,Sunday Silence,Hail to Reason,Northern Dancer,Northern Dancer,Sunday Silence__X__Northern Dancer,Hail to Reason__X__Northern Dancer,Sunday Silence__X__Sylko,2,Almahmoud:5x5;Lady Angela:4x5,0.1953125,25.0,12.5,0.0,0.0,0.0,0.0,0.0,12.5,6.25,0.0,0.0,0.0,0.0,0.0,0.0,0.0,0.0,0.0,3.125
2007101798,メイショウカンパク,https://db.netkeiba.com/horse/ped/2007101798/,PASS,グラスワンダー,ダンシングハピネス,ダンスインザダーク,Silver Hawk,Danzig,メイショウサチカゼ,Windsail,Roberto,Hail to Reason,Sunday Silence,Hail to Reason,Roberto__X__Sunday Silence,Hail to Reason__X__Hail to Reason,Roberto__X__Windsail,2,Hail to Reason:4x5;Northern Dancer:4x5x5,1.171875,12.5,12.5,0.0,0.0,12.5,0.0,12.5,6.25,9.375,0.0,0.0,6.25,0.0,0.0,0.0,0.0,0.0,3.125,0.0
2010103602,サトノノブレス,https://db.netkeiba.com/horse/ped/2010103602/,PASS,Deep Impact,クライウィズジョイ,Tony Bin,Sunday Silence,Alzao,クライングフォーモア Cryingformore,Moonscape,Deep Impact,Hail to Reason,Tony Bin,Tony Bin,Deep Impact__X__Tony Bin,Hail to Reason__X__Tony Bin,Deep Impact__X__Moonscape,1,Northern Dancer:5x5,0.1953125,25.0,6.25,0.0,0.0,0.0,0.0,0.0,12.5,6.25,0.0,0.0,0.0,0.0,0.0,0.0,25.0,6.25,0.0,0.0
2008104252,コウエイオトメ,https://db.netkeiba.com/horse/ped/2008104252/,PASS,Heart's Cry,ホットマンボ Hot Mambo,Kingmambo,Sunday Silence,Tony Bin,A. O. L. Hayes,House of Cards,Heart's Cry,Hail to Reason,Kingmambo,Native Dancer,Heart's Cry__X__Kingmambo,Hail to Reason__X__Native Dancer,Heart's Cry__X__House of Cards,1,Northern Dancer:5x5,0.1953125,25.0,6.25,12.5,25.0,0.0,0.0,0.0,12.5,6.25,6.25,12.5,0.0,6.25,0.0,0.0,12.5,6.25,6.25,3.125
2010104698,ビービートレイター,https://db.netkeiba.com/horse/ped/2010104698/,PASS,チーフベアハート Chief Bearhart,カタズオノンデ,サンデーウェル,Chief's Crown,Bold Hour,オグラトウショウ,マイラブ,Danzig,Northern Dancer,Sunday Silence,Hail to Reason,Danzig__X__Sunday Silence,Northern Dancer__X__Hail to Reason,Danzig__X__マイラブ,1,Bold Ruler:4x5,0.0,12.5,6.25,0.0,0.0,0.0,0.0,12.5,6.25,3.125,0.0,0.0,0.0,0.0,0.0,0.0,0.0,0.0,0.0,0.0
2010104510,アクションスター,https://db.netkeiba.com/horse/ped/2010104510/,PASS,アグネスタキオン,レディオブヴェニス Lady of Venice,Loup Solitaire,Sunday Silence,ロイヤルスキー,Lacewings,Marie d'Anjou,Sunday Silence,Hail to Reason,Roberto,Hail to Reason,Sunday Silence__X__Roberto,Hail to Reason__X__Hail to Reason,Sunday Silence__X__Marie d'Anjou,2,Hail to Reason:4x5;Northern Dancer:5x5,0.390625,25.0,6.25,6.25,0.0,6.25,0.0,0.0,12.5,9.375,0.0,0.0,6.25,6.25,0.0,0.0,0.0,6.25,3.125,0.0
2008102584,ヴィクトリースター,https://db.netkeiba.com/horse/ped/2008102584/,PASS,Deep Impact,ヴィクトリークライ Victory Cry,Caerleon,Sunday Silence,Alzao,Verveine,Vale,Deep Impact,Hail to Reason,Nijinsky,Northern Dancer,Deep Impact__X__Nijinsky,Hail to Reason__X__Northern Dancer,Deep Impact__X__Vale,2,Hail to Reason:4x5x5;Northern Dancer:4x5x5,1.3671875,25.0,12.5,0.0,0.0,6.25,0.0,0.0,12.5,12.5,0.0,0.0,12.5,6.25,0.0,0.0,0.0,6.25,0.0,0.0
2008104798,ダコール,https://db.netkeiba.com/horse/ped/2008104798/,PASS,Deep Impact,アジアンミーティア,Unbridled,Sunday Silence,Alzao,Trolley Song,Magic Spell,Deep Impact,Hail to Reason,Mr. Prospector,Native Dancer,Deep Impact__X__Mr. Prospector,Hail to Reason__X__Native Dancer,Deep Impact__X__Magic Spell,0,,0.0,25.0,3.125,6.25,0.0,0.0,0.0,0.0,12.5,6.25,0.0,0.0,0.0,0.0,0.0,0.0,0.0,6.25,3.125,0.0
2008101165,コスモロビン,https://db.netkeiba.com/horse/ped/2008101165/,PASS,ゼンノロブロイ,ティーアイディップ,ジェイドロバリー Jade Robbery,Sunday Silence,マイニング Mining,シェーマ Shema,La Fuerza,Sunday Silence,Hail to Reason,Mr. Prospector,Native Dancer,Sunday Silence__X__Mr. Prospector,Hail to Reason__X__Native Dancer,Sunday Silence__X__La Fuerza,4,Gold Digger:4x5;Hail to Reason:4x5;Mr. Prospector:3x4;Raise a Native:4x5,2.734375,25.0,3.125,18.75,0.0,6.25,0.0,0.0,12.5,9.375,0.0,0.0,6.25,0.0,0.0,0.0,0.0,0.0,9.375,3.125
2006105845,メイショウサミット,https://db.netkeiba.com/horse/ped/2006105845/,PASS,シンボリクリスエス,マルビウム Marrubium,Dixieland Band,Kris S.,Gold Meridian,Marillete,Shining Sun,Roberto,Hail to Reason,Northern Dancer,Northern Dancer,Roberto__X__Northern Dancer,Hail to Reason__X__Northern Dancer,Roberto__X__Shining Sun,0,,0.0,0.0,12.5,0.0,0.0,12.5,0.0,0.0,0.0,6.25,6.25,0.0,0.0,0.0,0.0,0.0,0.0,0.0,0.0,3.125
2008103350,ムーンリットレイク,https://db.netkeiba.com/horse/ped/2008103350/,PASS,Deep Impact,ムーンライトダンス Moonlight Dance,Sinndar,Sunday Silence,Alzao,Style of Life,Stolen Hour,Deep Impact,Hail to Reason,Danzig,Northern Dancer,Deep Impact__X__Danzig,Hail to Reason__X__Northern Dancer,Deep Impact__X__Stolen Hour,1,Northern Dancer:4x5,0.390625,25.0,9.375,0.0,0.0,0.0,0.0,3.125,12.5,6.25,0.0,0.0,0.0,0.0,0.0,0.0,0.0,6.25,0.0,0.0
2010104256,トウシンモンステラ,https://db.netkeiba.com/horse/ped/2010104256/,PASS,King Kamehameha,ピンクパピヨン,Sunday Silence,Kingmambo,ラストタイクーン Last Tycoon,マリスターII Malli Star,Pink Pigeon,King Kamehameha,Native Dancer,Sunday Silence,Hail to Reason,King Kamehameha__X__Sunday Silence,Native Dancer__X__Hail to Reason,King Kamehameha__X__Pink Pigeon,1,Northern Dancer:5x5x5,0.390625,25.0,9.375,12.5,25.0,0.0,0.0,0.0,12.5,6.25,0.0,0.0,6.25,6.25,0.0,0.0,0.0,0.0,6.25,3.125
2007102929,ダークシャドウ,https://db.netkeiba.com/horse/ped/2007102929/,PASS,ダンスインザダーク,マチカネハツシマダ,Private Account,Sunday Silence,Nijinsky,Yousefia,Tulle,Sunday Silence,Hail to Reason,Private Account,Private Account,Sunday Silence__X__Private Account,Hail to Reason__X__Private Account,Sunday Silence__X__Tulle,3,Natalma:5x5;Nearctic:5x5;Northern Dancer:4x4,1.171875,25.0,12.5,0.0,0.0,0.0,0.0,12.5,12.5,6.25,0.0,0.0,12.5,0.0,0.0,0.0,0.0,0.0,3.125,0.0
2009104977,マイネルディーン,https://db.netkeiba.com/horse/ped/2009104977/,PASS,ダンスインザダーク,ムービースクリーン,Tony Bin,Sunday Silence,Nijinsky,ネクストムービー,Panalady,Sunday Silence,Hail to Reason,Tony Bin,Tony Bin,Sunday Silence__X__Tony Bin,Hail to Reason__X__Tony Bin,Sunday Silence__X__Panalady,2,Hornbeam:4x5;Northern Dancer:4x5,0.390625,25.0,9.375,0.0,0.0,0.0,0.0,0.0,12.5,6.25,0.0,0.0,12.5,0.0,0.0,0.0,25.0,0.0,3.125,0.0
2007103033,フラガラッハ,https://db.netkeiba.com/horse/ped/2007103033/,PASS,デュランダル,スキッフル,Tony Bin,Sunday Silence,Northern Taste,ザスキート The Skeat,Luminant,Sunday Silence,Hail to Reason,Tony Bin,Tony Bin,Sunday Silence__X__Tony Bin,Hail to Reason__X__Tony Bin,Sunday Silence__X__Luminant,3,Natalma:5x5;Nearctic:5x5;Northern Dancer:4x4,1.171875,25.0,12.5,0.0,0.0,0.0,0.0,0.0,12.5,6.25,0.0,0.0,0.0,12.5,0.0,0.0,25.0,0.0,0.0,0.0
2009102678,ディサイファ,https://db.netkeiba.com/horse/ped/2009102678/,PASS,Deep Impact,ミズナ Mizna,Dubai Millennium,Sunday Silence,Alzao,Tribulation,Soaring,Deep Impact,Hail to Reason,Mr. Prospector,Native Dancer,Deep Impact__X__Mr. Prospector,Hail to Reason__X__Native Dancer,Deep Impact__X__Soaring,2,Northern Dancer:4x5x5;Raise a Native:5x5,0.5859375,25.0,12.5,6.25,0.0,0.0,0.0,12.5,12.5,6.25,0.0,0.0,0.0,0.0,0.0,0.0,0.0,6.25,6.25,0.0
2008104739,マイネルメダリスト,https://db.netkeiba.com/horse/ped/2008104739/,PASS,Stay Gold,ツクバノーブル,アサティス Assatis,Sunday Silence,ディクタス Dictus,ハンキダイヤ,クリススム,Stay Gold,Hail to Reason,Northern Dancer,Northern Dancer,Stay Gold__X__Northern Dancer,Hail to Reason__X__Northern Dancer,Stay Gold__X__クリススム,1,Northern Dancer:4x5,0.390625,25.0,9.375,0.0,0.0,0.0,0.0,0.0,12.5,6.25,0.0,0.0,0.0,0.0,0.0,0.0,0.0,0.0,0.0,0.0
2009102739,ゴールドシップ,https://db.netkeiba.com/horse/ped/2009102739/,PASS,Stay Gold,ポイントフラッグ,メジロマックイーン,Sunday Silence,ディクタス Dictus,パストラリズム,É÷Îè,Stay Gold,Hail to Reason,メジロマックイーン,メジロマックイーン,Stay Gold__X__メジロマックイーン,Hail to Reason__X__メジロマックイーン,Stay Gold__X__É÷Îè,2,Northern Dancer:5x5;Princely Gift:5x5,0.390625,25.0,6.25,0.0,0.0,3.125,0.0,0.0,12.5,6.25,0.0,0.0,0.0,0.0,0.0,0.0,0.0,0.0,0.0,0.0
2009105742,エアソミュール,https://db.netkeiba.com/horse/ped/2009105742/,PASS,ジャングルポケット,エアラグーン,Sunday Silence,Tony Bin,Nureyev,アイドリームドアドリーム I Dreamed a Dream,On the Trail,Tony Bin,Tony Bin,Sunday Silence,Hail to Reason,Tony Bin__X__Sunday Silence,Tony Bin__X__Hail to Reason,Tony Bin__X__On the Trail,0,,0.0,25.0,6.25,0.0,0.0,0.0,0.0,0.0,12.5,6.25,0.0,0.0,0.0,12.5,0.0,0.0,25.0,0.0,0.0,0.0
2010104296,フェイムゲーム,https://db.netkeiba.com/horse/ped/2010104296/,PASS,Heart's Cry,ホールオブフェーム,アレミロード Allez Milord,Sunday Silence,Tony Bin,ベルベットサッシュ,Sash of Honour,Heart's Cry,Hail to Reason,アレミロード Allez Milord,アレミロード Allez Milord,Heart's Cry__X__アレミロード Allez Milord,Hail to Reason__X__アレミロード Allez Milord,Heart's Cry__X__Sash of Honour,1,Northern Dancer:5x5,0.1953125,25.0,6.25,0.0,0.0,0.0,0.0,0.0,12.5,6.25,0.0,0.0,0.0,0.0,0.0,0.0,12.5,6.25,0.0,0.0
2008103095,ユニバーサルバンク,https://db.netkeiba.com/horse/ped/2008103095/,PASS,ネオユニヴァース,ヴィクトリーバンク,ドクターデヴィアス Dr Devious,Sunday Silence,Kris,ライトバンク Right Bank,Miss Blue Jay,Sunday Silence,Hail to Reason,ドクターデヴィアス Dr Devious,ドクターデヴィアス Dr Devious,Sunday Silence__X__ドクターデヴィアス Dr Devious,Hail to Reason__X__ドクターデヴィアス Dr Devious,Sunday Silence__X__Miss Blue Jay,1,Klairon:4x5,0.0,25.0,3.125,0.0,0.0,0.0,0.0,0.0,12.5,6.25,0.0,0.0,0.0,0.0,0.0,0.0,0.0,0.0,0.0,0.0
2009103847,クリールカイザー,https://db.netkeiba.com/horse/ped/2009103847/,PASS,Halo,スマイルコンテスト,サッカーボーイ,ダンシングブレーヴ Dancing Brave,Halo,コクトビューティー,チハヤエンゼル,Halo,Hail to Reason,サッカーボーイ,サッカーボーイ,Halo__X__サッカーボーイ,Hail to Reason__X__サッカーボーイ,Halo__X__チハヤエンゼル,3,Halo:1x2x3;Northern Dancer:4x5;Sir Gaylord:5x5,0.390625,0.0,9.375,0.0,0.0,0.0,0.0,0.0,87.5,6.25,0.0,0.0,0.0,0.0,0.0,0.0,0.0,12.5,0.0,0.0
2008102978,オーシャンブルー,https://db.netkeiba.com/horse/ped/2008102978/,PASS,Stay Gold,プアプー Peu a Peu,Dashing Blade,Sunday Silence,ディクタス Dictus,Plains Indian,Prairie Bunny,Stay Gold,Hail to Reason,Dashing Blade,Dashing Blade,Stay Gold__X__Dashing Blade,Hail to Reason__X__Dashing Blade,Stay Gold__X__Prairie Bunny,1,Northern Dancer:5x5,0.1953125,25.0,6.25,0.0,0.0,0.0,0.0,0.0,12.5,6.25,0.0,0.0,0.0,0.0,0.0,0.0,0.0,6.25,0.0,0.0
2008103100,ミトラ,https://db.netkeiba.com/horse/ped/2008103100/,PASS,シンボリクリスエス,エイグレット,Sunday Silence,Kris S.,Gold Meridian,ノーザンプリンセス,ガーネツト,Roberto,Hail to Reason,Sunday Silence,Hail to Reason,Roberto__X__Sunday Silence,Hail to Reason__X__Hail to Reason,Roberto__X__ガーネツト,3,Hail to Reason:4x4;Nothirdchance:5x5;Turn-to:5x5,1.171875,25.0,6.25,0.0,0.0,12.5,0.0,0.0,12.5,12.5,6.25,0.0,0.0,0.0,0.0,0.0,0.0,0.0,0.0,0.0
2006103368,セイクリッドバレー,https://db.netkeiba.com/horse/ped/2006103368/,PASS,タニノギムレット,ホーリーブラウン,フジキセキ,ブライアンズタイム Brian's Time,クリスタルパレス Crystal Palace,アニーブラウン,Shy,Roberto,Hail to Reason,Sunday Silence,Hail to Reason,Roberto__X__Sunday Silence,Hail to Reason__X__Hail to Reason,Roberto__X__Shy,2,Graustark:4x5;Hail to Reason:4x5,0.390625,12.5,6.25,0.0,0.0,12.5,0.0,0.0,6.25,9.375,0.0,0.0,0.0,0.0,0.0,0.0,0.0,0.0,0.0,0.0
2006109274,ラインブラッド,https://db.netkeiba.com/horse/ped/2006109274/,PASS,タイキシャトル,フォーミド Formide,Trempolino,Devil's Bag,Caerleon,Arisen,Rosy Fingered,Halo,Hail to Reason,Native Dancer,Native Dancer,Halo__X__Native Dancer,Hail to Reason__X__Native Dancer,Halo__X__Rosy Fingered,2,Native Dancer:5x5;Northern Dancer:5x5,0.1953125,0.0,6.25,12.5,0.0,0.0,0.0,0.0,12.5,6.25,0.0,0.0,6.25,0.0,0.0,0.0,0.0,0.0,6.25,6.25
2011102893,ショウナンラグーン,https://db.netkeiba.com/horse/ped/2011102893/,PASS,シンボリクリスエス,メジロシャレード,マンハッタンカフェ,Kris S.,Gold Meridian,メジロドーベル,メジロボサツ,Roberto,Hail to Reason,Sunday Silence,Hail to Reason,Roberto__X__Sunday Silence,Hail to Reason__X__Hail to Reason,Roberto__X__メジロボサツ,1,Hail to Reason:4x5,0.390625,12.5,0.0,0.0,0.0,12.5,0.0,0.0,6.25,9.375,6.25,0.0,0.0,0.0,0.0,0.0,0.0,0.0,0.0,0.0
2008103349,ノーステア,https://db.netkeiba.com/horse/ped/2008103349/,PASS,ゼンノロブロイ,ムガール,Silver Hawk,Sunday Silence,マイニング Mining,ムガメール Mughamerr,Stepping Stone,Sunday Silence,Hail to Reason,Roberto,Hail to Reason,Sunday Silence__X__Roberto,Hail to Reason__X__Hail to Reason,Sunday Silence__X__Stepping Stone,7,Gold Digger:4x5;Hail to Reason:4x4;Mr. Prospector:3x4;Nashua:5x5;Nothirdchance:5x5;Raise a Native:4x5;Turn-to:5x5,3.515625,25.0,3.125,18.75,0.0,12.5,6.25,0.0,12.5,12.5,0.0,0.0,0.0,0.0,0.0,0.0,0.0,0.0,9.375,3.125
2008103235,レッドデイヴィス,https://db.netkeiba.com/horse/ped/2008103235/,PASS,アグネスタキオン,ディクシージャズ,Tony Bin,Sunday Silence,ロイヤルスキー,ディクシースプラッシュ Dixie Splash,Bonnie Google,Sunday Silence,Hail to Reason,Tony Bin,Tony Bin,Sunday Silence__X__Tony Bin,Hail to Reason__X__Tony Bin,Sunday Silence__X__Bonnie Google,0,,0.0,25.0,6.25,0.0,0.0,0.0,0.0,0.0,12.5,6.25,0.0,0.0,6.25,0.0,0.0,0.0,25.0,0.0,0.0,0.0
2010105827,キズナ,https://db.netkeiba.com/horse/ped/2010105827/,PASS,Deep Impact,キャットクイル Catequil,Storm Cat,Sunday Silence,Alzao,Pacific Princess,Khanum,Deep Impact,Hail to Reason,Storm Cat,Northern Dancer,Deep Impact__X__Storm Cat,Hail to Reason__X__Northern Dancer,Deep Impact__X__Khanum,1,Northern Dancer:4x5,0.390625,25.0,9.375,0.0,0.0,0.0,0.0,0.0,12.5,6.25,0.0,0.0,0.0,0.0,25.0,0.0,0.0,6.25,0.0,0.0
2010100460,ヒラボクディープ,https://db.netkeiba.com/horse/ped/2010100460/,PASS,Deep Impact,キャットアリ Cat Ali,Storm Cat,Sunday Silence,Alzao,Careless Kitten,Flynet,Deep Impact,Hail to Reason,Storm Cat,Northern Dancer,Deep Impact__X__Storm Cat,Hail to Reason__X__Northern Dancer,Deep Impact__X__Flynet,1,Northern Dancer:4x5,0.390625,25.0,9.375,0.0,0.0,0.0,0.0,0.0,12.5,6.25,0.0,0.0,0.0,0.0,25.0,0.0,0.0,6.25,0.0,0.0
2011104000,ハープスター,https://db.netkeiba.com/horse/ped/2011104000/,PASS,Deep Impact,ヒストリックスター,ファルブラヴ Falbrav,Sunday Silence,Alzao,ベガ,Brazen,Deep Impact,Hail to Reason,Northern Dancer,Northern Dancer,Deep Impact__X__Northern Dancer,Hail to Reason__X__Northern Dancer,Deep Impact__X__Brazen,3,Natalma:5x5;Nearctic:5x5;Northern Dancer:4x4x5,0.78125,25.0,15.625,0.0,0.0,0.0,0.0,0.0,12.5,6.25,3.125,0.0,0.0,0.0,0.0,0.0,12.5,6.25,0.0,0.0
2011105898,スズカデヴィアス,https://db.netkeiba.com/horse/ped/2011105898/,PASS,King Kamehameha,スズカローラン,Sunday Silence,Kingmambo,ラストタイクーン Last Tycoon,ローマンスズカII,Rose Red,King Kamehameha,Native Dancer,Sunday Silence,Hail to Reason,King Kamehameha__X__Sunday Silence,Native Dancer__X__Hail to Reason,King Kamehameha__X__Rose Red,1,Northern Dancer:5x5x5,0.390625,25.0,9.375,12.5,25.0,0.0,0.0,0.0,12.5,6.25,12.5,0.0,0.0,6.25,0.0,0.0,0.0,0.0,6.25,3.125
2010104087,メジャープレゼンス,https://db.netkeiba.com/horse/ped/2010104087/,PASS,ダイワメジャー,キャッチータイトル,オペラハウス Opera House,Sunday Silence,Northern Taste,タイトルド Titled,Bright Landing,Sunday Silence,Hail to Reason,Sadler's Wells,Northern Dancer,Sunday Silence__X__Sadler's Wells,Hail to Reason__X__Northern Dancer,Sunday Silence__X__Bright Landing,3,Natalma:5x5;Nearctic:5x5;Northern Dancer:4x4,1.171875,25.0,12.5,0.0,0.0,0.0,12.5,3.125,12.5,6.25,0.0,0.0,0.0,0.0,0.0,0.0,0.0,0.0,0.0,0.0
2009100374,ステラウインド,https://db.netkeiba.com/horse/ped/2009100374/,PASS,ゼンノロブロイ,ビーウインド,スピニングワールド Spinning World,Sunday Silence,マイニング Mining,ビクトリーマッハ,River Guide,Sunday Silence,Hail to Reason,Nureyev,Northern Dancer,Sunday Silence__X__Nureyev,Hail to Reason__X__Northern Dancer,Sunday Silence__X__River Guide,0,,0.0,25.0,6.25,6.25,0.0,0.0,0.0,0.0,12.5,6.25,0.0,0.0,0.0,12.5,0.0,0.0,0.0,0.0,3.125,0.0
2008102638,ネオブラックダイヤ,https://db.netkeiba.com/horse/ped/2008102638/,PASS,ゼンノロブロイ,オレンジパラダイス,エリシオ Helissio,Sunday Silence,マイニング Mining,オレンジシェード,Lady Attica,Sunday Silence,Hail to Reason,Northern Dancer,Northern Dancer,Sunday Silence__X__Northern Dancer,Hail to Reason__X__Northern Dancer,Sunday Silence__X__Lady Attica,1,Northern Dancer:4x5,0.0,25.0,9.375,6.25,0.0,0.0,0.0,0.0,12.5,6.25,3.125,0.0,0.0,0.0,0.0,0.0,12.5,0.0,3.125,0.0
2007100206,タニノエポレット,https://db.netkeiba.com/horse/ped/2007100206/,PASS,ダンスインザダーク,タニノカリス,ジェネラス Generous,Sunday Silence,Nijinsky,タニノクリスタル,Flavia,Sunday Silence,Hail to Reason,Nijinsky,Northern Dancer,Sunday Silence__X__Nijinsky,Hail to Reason__X__Northern Dancer,Sunday Silence__X__Flavia,4,Flaming Page:4x5;Graustark:5x5;Nijinsky:3x4;Northern Dancer:4x5,2.5390625,25.0,9.375,0.0,0.0,0.0,0.0,0.0,12.5,6.25,0.0,0.0,18.75,0.0,0.0,0.0,0.0,0.0,3.125,0.0
2006106754,サイモントルナーレ,https://db.netkeiba.com/horse/ped/2006106754/,PASS,ゴールドアリュール,ユーモレスク,アフリート Afleet,Sunday Silence,Nureyev,アリーウイン Alywin,Honor Bound,Sunday Silence,Hail to Reason,Mr. Prospector,Native Dancer,Sunday Silence__X__Mr. Prospector,Hail to Reason__X__Native Dancer,Sunday Silence__X__Honor Bound,3,Native Dancer:5x5;Raise You:5x5;Raise a Native:4x4,0.0,25.0,6.25,12.5,0.0,0.0,0.0,0.0,12.5,6.25,0.0,0.0,3.125,12.5,0.0,0.0,0.0,0.0,12.5,6.25
2008103361,カルドブレッサ,https://db.netkeiba.com/horse/ped/2008103361/,PASS,ジャングルポケット,ラフィカ,Sunday Silence,Tony Bin,Nureyev,オーピーキャット O. P. Cat,Thelma Berger,Tony Bin,Tony Bin,Sunday Silence,Hail to Reason,Tony Bin__X__Sunday Silence,Tony Bin__X__Hail to Reason,Tony Bin__X__Thelma Berger,1,Northern Dancer:4x5,0.390625,25.0,9.375,0.0,0.0,0.0,0.0,0.0,12.5,6.25,0.0,0.0,0.0,12.5,12.5,0.0,25.0,0.0,0.0,0.0
2009104380,カムフィー,https://db.netkeiba.com/horse/ped/2009104380/,PASS,ダンスインザダーク,ナイトクルーズ,Northern Taste,Sunday Silence,Nijinsky,ナイトスパーク,ソーホワツツニュー,Sunday Silence,Hail to Reason,Northern Dancer,Northern Dancer,Sunday Silence__X__Northern Dancer,Hail to Reason__X__Northern Dancer,Sunday Silence__X__ソーホワツツニュー,7,Almahmoud:5x5;Hail to Reason:4x5;Lady Angela:4x5;Natalma:4x5;Nearctic:4x5;Northern Dancer:3x4;Promised Land:5x5,3.125,25.0,18.75,0.0,0.0,6.25,0.0,0.0,12.5,9.375,0.0,0.0,12.5,0.0,0.0,0.0,0.0,0.0,3.125,3.125
2009106492,ニューダイナスティ,https://db.netkeiba.com/horse/ped/2009106492/,PASS,Deep Impact,ダイナズクラブ Dyna's Club,Dynaformer,Sunday Silence,Alzao,Dancey Kate,Kingsworthy,Deep Impact,Hail to Reason,Roberto,Hail to Reason,Deep Impact__X__Roberto,Hail to Reason__X__Hail to Reason,Deep Impact__X__Kingsworthy,4,Hail to Reason:4x4;Northern Dancer:4x5;Nothirdchance:5x5;Turn-to:5x5x5,1.7578125,25.0,9.375,0.0,0.0,12.5,0.0,12.5,12.5,12.5,0.0,0.0,0.0,0.0,0.0,0.0,0.0,6.25,0.0,0.0
2009104946,タガノグーフォ,https://db.netkeiba.com/horse/ped/2009104946/,PASS,ネオユニヴァース,タガノサファイヤ,ダンシングブレーヴ Dancing Brave,Sunday Silence,Kris,イージームービング Easy Moving,Dryad,Sunday Silence,Hail to Reason,Lyphard,Northern Dancer,Sunday Silence__X__Lyphard,Hail to Reason__X__Northern Dancer,Sunday Silence__X__Dryad,1,Northern Dancer:4x5,0.0,25.0,9.375,0.0,0.0,0.0,0.0,0.0,12.5,6.25,0.0,0.0,6.25,0.0,0.0,0.0,0.0,12.5,0.0,0.0
2011104477,シャンパーニュ,https://db.netkeiba.com/horse/ped/2011104477/,PASS,チチカステナンゴ Chichicastenango,ラブリネスオブパリ,Sunday Silence,Smadoun,Antheus,ファビラスラフイン,Deesse des Mers,チチカステナンゴ Chichicastenango,チチカステナンゴ Chichicastenango,Sunday Silence,Hail to Reason,チチカステナンゴ Chichicastenango__X__Sunday Silence,チチカステナンゴ Chichicastenango__X__Hail to Reason,チチカステナンゴ Chichicastenango__X__Deesse des Mers,8,Caro:4x5;Fabulous Dancer:3x4;Kaldoun:3x4;Katana:4x5;Last of the Line:4x5;Natalma:5x5;Nearctic:5x5;Northern Dancer:4x4x5,5.859375,25.0,15.625,0.0,0.0,0.0,0.0,0.0,12.5,6.25,0.0,0.0,0.0,0.0,0.0,0.0,0.0,0.0,0.0,0.0
2010101607,リキサンステルス,https://db.netkeiba.com/horse/ped/2010101607/,PASS,マンハッタンカフェ,リキサンピュアティ,Tony Bin,Sunday Silence,Law Society,プリンセスリーベ,Sovereign,Sunday Silence,Hail to Reason,Tony Bin,Tony Bin,Sunday Silence__X__Tony Bin,Hail to Reason__X__Tony Bin,Sunday Silence__X__Sovereign,0,,0.0,25.0,6.25,0.0,0.0,0.0,0.0,0.0,12.5,6.25,0.0,0.0,0.0,0.0,0.0,0.0,25.0,0.0,0.0,0.0
2010103013,タイセイドリーム,https://db.netkeiba.com/horse/ped/2010103013/,PASS,Deep Impact,モアザンベスト,Giant's Causeway,Sunday Silence,Alzao,ラグナセカ Laguna Seca,Gurkhas Band,Deep Impact,Hail to Reason,Storm Cat,Northern Dancer,Deep Impact__X__Storm Cat,Hail to Reason__X__Northern Dancer,Deep Impact__X__Gurkhas Band,1,Northern Dancer:5x5,0.1953125,25.0,6.25,0.0,0.0,3.125,0.0,0.0,12.5,6.25,12.5,0.0,0.0,0.0,12.5,0.0,0.0,6.25,0.0,0.0
2008104467,ファタモルガーナ,https://db.netkeiba.com/horse/ped/2008104467/,PASS,Deep Impact,タニノミラージュ,エリシオ Helissio,Sunday Silence,Alzao,デンコウセッカ,Belle Histoire,Deep Impact,Hail to Reason,Northern Dancer,Northern Dancer,Deep Impact__X__Northern Dancer,Hail to Reason__X__Northern Dancer,Deep Impact__X__Belle Histoire,1,Northern Dancer:4x5,0.390625,25.0,9.375,0.0,0.0,0.0,0.0,0.0,12.5,6.25,3.125,0.0,0.0,0.0,0.0,0.0,0.0,6.25,0.0,0.0
2012104823,ベルラップ,https://db.netkeiba.com/horse/ped/2012104823/,PASS,Heart's Cry,ベルスリーブ,シンボリクリスエス,Sunday Silence,Tony Bin,バーシャ Basha,Marshua,Heart's Cry,Hail to Reason,Roberto,Hail to Reason,Heart's Cry__X__Roberto,Hail to Reason__X__Hail to Reason,Heart's Cry__X__Marshua,2,Hail to Reason:4x5;Northern Dancer:5x5,0.5859375,25.0,6.25,0.0,0.0,6.25,0.0,6.25,12.5,9.375,3.125,0.0,0.0,0.0,0.0,0.0,12.5,6.25,3.125,0.0
2012100517,タガノエスプレッソ,https://db.netkeiba.com/horse/ped/2012100517/,PASS,ブラックタイド,タガノレヴェントン,King Kamehameha,Sunday Silence,Alzao,フィバリッシュ,Likely Swap,Sunday Silence,Hail to Reason,King Kamehameha,Native Dancer,Sunday Silence__X__King Kamehameha,Hail to Reason__X__Native Dancer,Sunday Silence__X__Likely Swap,2,Northern Dancer:5x5;Nureyev:4x5,0.1953125,25.0,6.25,6.25,12.5,0.0,0.0,0.0,12.5,6.25,0.0,0.0,0.0,9.375,0.0,0.0,12.5,6.25,3.125,0.0
2012104638,シャイニングレイ,https://db.netkeiba.com/horse/ped/2012104638/,PASS,Deep Impact,シェルズレイ,クロフネ,Sunday Silence,Alzao,オイスターチケット,モンテホープ,Deep Impact,Hail to Reason,Deputy Minister,Northern Dancer,Deep Impact__X__Deputy Minister,Hail to Reason__X__Northern Dancer,Deep Impact__X__モンテホープ,0,,0.0,25.0,3.125,0.0,0.0,0.0,0.0,0.0,12.5,6.25,0.0,0.0,0.0,0.0,0.0,6.25,6.25,6.25,0.0,0.0
2012104668,サトノクラウン,https://db.netkeiba.com/horse/ped/2012104668/,PASS,Marju,ジョコンダII Jioconda,Rossini,ラストタイクーン Last Tycoon,アーテイアス Artaius,La Joconde,Patosky,Northern Dancer,Northern Dancer,Mr. Prospector,Native Dancer,Northern Dancer__X__Mr. Prospector,Northern Dancer__X__Native Dancer,Northern Dancer__X__Patosky,4,Buckpasser:5x5;Mr. Prospector:4x5;Northern Dancer:4x5;Sir Ivor:5x5,0.5859375,0.0,9.375,9.375,0.0,0.0,0.0,0.0,0.0,0.0,0.0,0.0,0.0,0.0,0.0,0.0,0.0,0.0,3.125,0.0
2012104799,ブライトエンブレム,https://db.netkeiba.com/horse/ped/2012104799/,PASS,ネオユニヴァース,ブラックエンブレム,ウォーエンブレム War Emblem,Sunday Silence,Kris,ヴァンドノワール,Sovereign,Sunday Silence,Hail to Reason,Mr. Prospector,Native Dancer,Sunday Silence__X__Mr. Prospector,Hail to Reason__X__Native Dancer,Sunday Silence__X__Sovereign,1,Mr. Prospector:4x5,0.0,25.0,0.0,9.375,0.0,0.0,0.0,0.0,12.5,6.25,0.0,0.0,0.0,0.0,0.0,0.0,0.0,0.0,3.125,0.0
2012100407,グァンチャーレ,https://db.netkeiba.com/horse/ped/2012100407/,PASS,スクリーンヒーロー,チュウオーサーヤ,ディアブロ Diablo,グラスワンダー,Sunday Silence,サンライトブルボン,キタノスガタ,Roberto,Hail to Reason,Halo,Hail to Reason,Roberto__X__Halo,Hail to Reason__X__Hail to Reason,Roberto__X__キタノスガタ,4,Cosmah:5x5;Hail to Reason:5x5x5;Halo:4x4;Northern Dancer:5x5x5,1.7578125,12.5,9.375,0.0,0.0,6.25,0.0,6.25,12.5,9.375,0.0,0.0,6.25,0.0,0.0,0.0,0.0,0.0,0.0,0.0
2012103656,ジャストフォーユー,https://db.netkeiba.com/horse/ped/2012103656/,PASS,スペシャルウィーク,トーセンフォーユー,Tony Bin,Sunday Silence,マルゼンスキー,オールドスタッフ Old Stuff,Brazen,Sunday Silence,Hail to Reason,Tony Bin,Tony Bin,Sunday Silence__X__Tony Bin,Hail to Reason__X__Tony Bin,Sunday Silence__X__Brazen,1,Northern Dancer:4x5,0.390625,25.0,9.375,0.0,0.0,0.0,0.0,0.0,12.5,6.25,0.0,0.0,6.25,0.0,0.0,0.0,25.0,0.0,0.0,0.0
2012104614,トーセンバジル,https://db.netkeiba.com/horse/ped/2012104614/,PASS,ハービンジャー Harbinger,ケアレスウィスパー,フジキセキ,Dansili,Bering,エヴリウィスパー,Political Payoff,Danzig,Northern Dancer,Sunday Silence,Hail to Reason,Danzig__X__Sunday Silence,Northern Dancer__X__Hail to Reason,Danzig__X__Political Payoff,1,Northern Dancer:4x5x5,0.78125,12.5,12.5,3.125,0.0,0.0,0.0,6.25,6.25,3.125,0.0,0.0,0.0,0.0,0.0,0.0,0.0,3.125,0.0,0.0
2012106160,クラリティスカイ,https://db.netkeiba.com/horse/ped/2012106160/,PASS,クロフネ,タイキクラリティ,スペシャルウィーク,フレンチデピュティ French Deputy,Classic Go Go,タイキダイヤ,Tamerett,Deputy Minister,Northern Dancer,Sunday Silence,Hail to Reason,Deputy Minister__X__Sunday Silence,Northern Dancer__X__Hail to Reason,Deputy Minister__X__Tamerett,0,,0.0,12.5,3.125,3.125,0.0,3.125,0.0,0.0,6.25,3.125,0.0,0.0,3.125,0.0,0.0,12.5,0.0,0.0,0.0,0.0
2012103165,コメート,https://db.netkeiba.com/horse/ped/2012103165/,PASS,ブラックタイド,ジューンブライド,アフリート Afleet,Sunday Silence,Alzao,Lyphard,Barra,Sunday Silence,Hail to Reason,Mr. Prospector,Native Dancer,Sunday Silence__X__Mr. Prospector,Hail to Reason__X__Native Dancer,Sunday Silence__X__Barra,2,Goofed:4x5;Lyphard:2x4,3.515625,25.0,3.125,12.5,0.0,0.0,0.0,0.0,12.5,6.25,0.0,0.0,3.125,0.0,0.0,0.0,0.0,31.25,6.25,3.125
2011104004,サングレアル,https://db.netkeiba.com/horse/ped/2011104004/,PASS,ゼンノロブロイ,ビワハイジ,Caerleon,Sunday Silence,マイニング Mining,アグサン Aghsan,Schwarzblaurot,Sunday Silence,Hail to Reason,Nijinsky,Northern Dancer,Sunday Silence__X__Nijinsky,Hail to Reason__X__Northern Dancer,Sunday Silence__X__Schwarzblaurot,2,Hail to Reason:4x5;Turn-to:5x5,0.5859375,25.0,6.25,6.25,0.0,0.0,0.0,0.0,12.5,9.375,0.0,0.0,12.5,0.0,0.0,0.0,0.0,0.0,3.125,0.0
2009106332,ダノンジェラート,https://db.netkeiba.com/horse/ped/2009106332/,PASS,Deep Impact,ペンカナプリンセス Penkenna Princess,Pivotal,Sunday Silence,Alzao,Tiriana,Noble Treasure,Deep Impact,Hail to Reason,Nureyev,Northern Dancer,Deep Impact__X__Nureyev,Hail to Reason__X__Northern Dancer,Deep Impact__X__Noble Treasure,2,Lyphard:4x5;Northern Dancer:5x5x5,0.78125,25.0,9.375,0.0,0.0,0.0,0.0,0.0,12.5,6.25,0.0,0.0,0.0,6.25,0.0,0.0,0.0,9.375,0.0,0.0
2011104272,キングズオブザサン,https://db.netkeiba.com/horse/ped/2011104272/,PASS,チチカステナンゴ Chichicastenango,スティンガー,Sunday Silence,Smadoun,Antheus,レガシーオブストレングス Legacy of Strength,Heliolight,チチカステナンゴ Chichicastenango,チチカステナンゴ Chichicastenango,Sunday Silence,Hail to Reason,チチカステナンゴ Chichicastenango__X__Sunday Silence,チチカステナンゴ Chichicastenango__X__Hail to Reason,チチカステナンゴ Chichicastenango__X__Heliolight,1,Northern Dancer:4x5,0.0,25.0,9.375,0.0,0.0,0.0,0.0,0.0,12.5,6.25,0.0,0.0,0.0,0.0,0.0,0.0,0.0,0.0,3.125,0.0
2009102413,フレージャパン,https://db.netkeiba.com/horse/ped/2009102413/,PASS,ブライアンズタイム Brian's Time,ジョウノビクトリア,Sunday Silence,Roberto,Graustark,ミヤビサクラコ,セイフティー,Roberto,Hail to Reason,Sunday Silence,Hail to Reason,Roberto__X__Sunday Silence,Hail to Reason__X__Hail to Reason,Roberto__X__セイフティー,3,Hail to Reason:3x4;Nothirdchance:4x5;Turn-to:4x5,2.34375,25.0,6.25,0.0,0.0,25.0,0.0,0.0,12.5,18.75,0.0,0.0,0.0,0.0,0.0,0.0,0.0,0.0,0.0,0.0
2007104975,ゲシュタルト,https://db.netkeiba.com/horse/ped/2007104975/,PASS,マンハッタンカフェ,エンドレスウェルズ,エンドスウィープ End Sweep,Sunday Silence,Law Society,フサイチカツラ,Floradora,Sunday Silence,Hail to Reason,Mr. Prospector,Native Dancer,Sunday Silence__X__Mr. Prospector,Hail to Reason__X__Native Dancer,Sunday Silence__X__Floradora,1,Northern Dancer:4x5,0.0,25.0,9.375,6.25,0.0,0.0,12.5,0.0,12.5,6.25,0.0,0.0,0.0,0.0,0.0,0.0,0.0,0.0,3.125,0.0
2008104835,ヒットザターゲット,https://db.netkeiba.com/horse/ped/2008104835/,PASS,King Kamehameha,ラティール,タマモクロス,Kingmambo,ラストタイクーン Last Tycoon,ソルティーレディー,Tammy Twist,King Kamehameha,Native Dancer,タマモクロス,タマモクロス,King Kamehameha__X__タマモクロス,Native Dancer__X__タマモクロス,King Kamehameha__X__Tammy Twist,1,Northern Dancer:5x5x5,0.390625,0.0,9.375,12.5,25.0,0.0,0.0,0.0,0.0,0.0,0.0,0.0,0.0,6.25,0.0,0.0,0.0,0.0,6.25,3.125
2009103402,サンレイレーザー,https://db.netkeiba.com/horse/ped/2009103402/,PASS,ラスカルスズカ,サンレイククイン,Cozzene,コマンダーインチーフ Commander in Chief,Miswaki,レイクワース Lake Worth,Pange,Lyphard,Northern Dancer,Cozzene,Cozzene,Lyphard__X__Cozzene,Northern Dancer__X__Cozzene,Lyphard__X__Pange,2,Hail to Reason:5x5x5;Raise a Native:5x5,0.390625,0.0,3.125,6.25,0.0,6.25,0.0,0.0,0.0,9.375,0.0,0.0,3.125,0.0,0.0,0.0,0.0,6.25,6.25,0.0
2009105185,コスモオオゾラ,https://db.netkeiba.com/horse/ped/2009105185/,PASS,ロージズインメイ Roses in May,マイネシャローナ,コマンダーインチーフ Commander in Chief,Devil His Due,Speak John,ザナック The Knack,Exbury Grace,Halo,Hail to Reason,Lyphard,Northern Dancer,Halo__X__Lyphard,Hail to Reason__X__Northern Dancer,Halo__X__Exbury Grace,4,Hail to Reason:5x5;Halo:4x5;Northern Dancer:5x5;Raise a Native:5x5x5,0.9765625,0.0,6.25,6.25,0.0,6.25,0.0,0.0,9.375,6.25,0.0,0.0,0.0,0.0,0.0,0.0,0.0,6.25,9.375,0.0
2010104439,ラストインパクト,https://db.netkeiba.com/horse/ped/2010104439/,PASS,Deep Impact,スペリオルパール,ティンバーカントリー Timber Country,Sunday Silence,Alzao,パシフィカス Pacificus,Rififi,Deep Impact,Hail to Reason,Mr. Prospector,Native Dancer,Deep Impact__X__Mr. Prospector,Hail to Reason__X__Native Dancer,Deep Impact__X__Rififi,2,Almahmoud:5x5;Northern Dancer:3x5,0.9765625,25.0,15.625,6.25,0.0,0.0,0.0,0.0,12.5,6.25,0.0,0.0,0.0,0.0,0.0,0.0,0.0,6.25,3.125,3.125
2010104287,デニムアンドルビー,https://db.netkeiba.com/horse/ped/2010104287/,PASS,Deep Impact,ベネンシアドール,King Kamehameha,Sunday Silence,Alzao,フェアリードール Fairy Doll,Likely Swap,Deep Impact,Hail to Reason,King Kamehameha,Native Dancer,Deep Impact__X__King Kamehameha,Hail to Reason__X__Native Dancer,Deep Impact__X__Likely Swap,2,Northern Dancer:4x5;Nureyev:3x5,0.390625,25.0,9.375,6.25,12.5,0.0,0.0,0.0,12.5,6.25,0.0,0.0,0.0,15.625,0.0,0.0,0.0,6.25,3.125,0.0
2009102644,スノードン,https://db.netkeiba.com/horse/ped/2009102644/,PASS,アドマイヤムーン,スノーリンクス Snow Lynx,Lemon Drop Kid,エンドスウィープ End Sweep,Sunday Silence,Snow Forest,Regal Answer,Mr. Prospector,Native Dancer,Kingmambo,Native Dancer,Mr. Prospector__X__Kingmambo,Native Dancer__X__Native Dancer,Mr. Prospector__X__Regal Answer,4,Buckpasser:5x5;Gold Digger:5x5x5;Mr. Prospector:4x4x4;Raise a Native:5x5x5,2.34375,12.5,3.125,18.75,12.5,0.0,0.0,0.0,6.25,3.125,6.25,0.0,0.0,3.125,0.0,0.0,0.0,0.0,9.375,0.0
2008103192,カレンミロティック,https://db.netkeiba.com/horse/ped/2008103192/,PASS,Heart's Cry,スターミー,A.P. Indy,Sunday Silence,Tony Bin,Caerlina,Cherry,Heart's Cry,Hail to Reason,A.P. Indy,Seattle Slew,Heart's Cry__X__A.P. Indy,Hail to Reason__X__Seattle Slew,Heart's Cry__X__Cherry,1,Northern Dancer:5x5,0.1953125,25.0,6.25,0.0,0.0,0.0,0.0,0.0,12.5,6.25,12.5,25.0,6.25,0.0,0.0,0.0,12.5,6.25,0.0,0.0
2009100777,メイショウカドマツ,https://db.netkeiba.com/horse/ped/2009100777/,PASS,ダイワメジャー,アルペンローズ Alpine Rose,Kris S.,Sunday Silence,Northern Taste,Amizette,Judy-Rae,Sunday Silence,Hail to Reason,Roberto,Hail to Reason,Sunday Silence__X__Roberto,Hail to Reason__X__Hail to Reason,Sunday Silence__X__Judy-Rae,3,Hail to Reason:4x4;Nothirdchance:5x5;Turn-to:5x5,1.171875,25.0,6.25,6.25,0.0,12.5,0.0,0.0,12.5,12.5,0.0,0.0,0.0,0.0,0.0,0.0,0.0,0.0,3.125,0.0
2008103206,ウインバリアシオン,https://db.netkeiba.com/horse/ped/2008103206/,PASS,Heart's Cry,スーパーバレリーナ,Storm Bird,Sunday Silence,Tony Bin,カウントオンアチェンジ Count On a Change,Jungle War,Heart's Cry,Hail to Reason,Northern Dancer,Northern Dancer,Heart's Cry__X__Northern Dancer,Hail to Reason__X__Northern Dancer,Heart's Cry__X__Jungle War,2,Almahmoud:5x5;Northern Dancer:3x5x5,1.171875,25.0,18.75,0.0,0.0,0.0,0.0,0.0,12.5,6.25,0.0,0.0,0.0,0.0,0.0,0.0,12.5,6.25,0.0,3.125
2008102064,ホッコーブレーヴ,https://db.netkeiba.com/horse/ped/2008102064/,PASS,マーベラスサンデー,ホッコーメモリー,ダンシングブレーヴ Dancing Brave,Sunday Silence,ヴァイスリーガル,ヤサカショウリ,É÷Îè,Sunday Silence,Hail to Reason,Lyphard,Northern Dancer,Sunday Silence__X__Lyphard,Hail to Reason__X__Northern Dancer,Sunday Silence__X__É÷Îè,3,Natalma:5x5;Nearctic:5x5;Northern Dancer:4x4,1.171875,25.0,12.5,0.0,0.0,0.0,0.0,0.0,12.5,6.25,0.0,0.0,0.0,0.0,0.0,0.0,0.0,12.5,0.0,3.125
2009106599,フェノーメノ,https://db.netkeiba.com/horse/ped/2009106599/,PASS,Stay Gold,ディラローシェ De Laroche,デインヒル Danehill,Sunday Silence,ディクタス Dictus,Sea Port,Kyak,Stay Gold,Hail to Reason,Danzig,Northern Dancer,Stay Gold__X__Danzig,Hail to Reason__X__Northern Dancer,Stay Gold__X__Kyak,3,Natalma:5x5;Northern Dancer:4x5;Ribot:5x5,0.390625,25.0,9.375,0.0,0.0,0.0,0.0,12.5,12.5,6.25,0.0,0.0,0.0,0.0,0.0,0.0,0.0,0.0,0.0,0.0
2011104377,サウンズオブアース,https://db.netkeiba.com/horse/ped/2011104377/,PASS,ネオユニヴァース,ファーストバイオリン First Violin,Dixieland Band,Sunday Silence,Kris,Sunrise Symphony,Miss Carmie,Sunday Silence,Hail to Reason,Northern Dancer,Northern Dancer,Sunday Silence__X__Northern Dancer,Hail to Reason__X__Northern Dancer,Sunday Silence__X__Miss Carmie,1,Almahmoud:5x5,0.1953125,25.0,12.5,0.0,0.0,0.0,0.0,0.0,12.5,6.25,0.0,0.0,0.0,0.0,0.0,0.0,0.0,0.0,0.0,3.125
2010100233,トーセンアルニカ,https://db.netkeiba.com/horse/ped/2010100233/,PASS,メイショウサムソン,セシルブルース,エルコンドルパサー,オペラハウス Opera House,ダンシングブレーヴ Dancing Brave,セシルカット,パロクサイド,Sadler's Wells,Northern Dancer,Kingmambo,Native Dancer,Sadler's Wells__X__Kingmambo,Northern Dancer__X__Native Dancer,Sadler's Wells__X__パロクサイド,3,Fairy Bridge:4x5;Northern Dancer:4x5x5x5;Sadler's Wells:3x4,3.125,12.5,15.625,6.25,12.5,0.0,18.75,0.0,6.25,3.125,3.125,0.0,0.0,3.125,0.0,0.0,0.0,6.25,3.125,0.0
2008102279,トラストワン,https://db.netkeiba.com/horse/ped/2008102279/,PASS,マイネルラヴ,イソノスワロー,デヒア Dehere,Seeking the Gold,リィフォー Lypheor,イソノルーブル,モウテイ,Mr. Prospector,Native Dancer,Deputy Minister,Northern Dancer,Mr. Prospector__X__Deputy Minister,Native Dancer__X__Northern Dancer,Mr. Prospector__X__モウテイ,5,Bold Ruler:5x5;Buckpasser:4x5;Northern Dancer:5x5x5;Secretariat:4x4;Somethingroyal:5x5,1.953125,0.0,9.375,12.5,0.0,0.0,0.0,0.0,0.0,0.0,0.0,0.0,6.25,0.0,0.0,12.5,0.0,6.25,6.25,3.125
2006103340,ダノンヨーヨー,https://db.netkeiba.com/horse/ped/2006103340/,PASS,ダンスインザダーク,フローラルグリーン,フォーティナイナー Forty Niner,Sunday Silence,Nijinsky,フローラルマジック Floral Magic,Conniver,Sunday Silence,Hail to Reason,Mr. Prospector,Native Dancer,Sunday Silence__X__Mr. Prospector,Hail to Reason__X__Native Dancer,Sunday Silence__X__Conniver,2,Double Jay:5x5;Raise a Native:4x5x5,0.5859375,25.0,6.25,12.5,0.0,0.0,0.0,0.0,12.5,6.25,0.0,0.0,12.5,0.0,0.0,0.0,0.0,0.0,12.5,3.125
2010104304,ラキシス,https://db.netkeiba.com/horse/ped/2010104304/,PASS,Deep Impact,マジックストーム Magic Storm,Storm Cat,Sunday Silence,Alzao,Foppy Dancer,Banquet Bell,Deep Impact,Hail to Reason,Storm Cat,Northern Dancer,Deep Impact__X__Storm Cat,Hail to Reason__X__Northern Dancer,Deep Impact__X__Banquet Bell,1,Northern Dancer:4x5x5,0.5859375,25.0,12.5,6.25,0.0,0.0,0.0,0.0,12.5,6.25,0.0,0.0,6.25,0.0,25.0,0.0,0.0,6.25,3.125,0.0
2009102372,ゼロス,https://db.netkeiba.com/horse/ped/2009102372/,PASS,King Kamehameha,サムソンフェアリー,Sunday Silence,Kingmambo,ラストタイクーン Last Tycoon,ティスワ Tiswa,Round Eye,King Kamehameha,Native Dancer,Sunday Silence,Hail to Reason,King Kamehameha__X__Sunday Silence,Native Dancer__X__Hail to Reason,King Kamehameha__X__Round Eye,1,Northern Dancer:4x5x5,0.78125,25.0,12.5,12.5,25.0,0.0,0.0,0.0,12.5,6.25,0.0,0.0,0.0,6.25,0.0,0.0,0.0,12.5,6.25,3.125
2009106230,カレンブラックヒル,https://db.netkeiba.com/horse/ped/2009106230/,PASS,ダイワメジャー,チャールストンハーバー Charleston Harbor,Grindstone,Sunday Silence,Northern Taste,Penny's Valentine,Ten Double,Sunday Silence,Hail to Reason,Mr. Prospector,Native Dancer,Sunday Silence__X__Mr. Prospector,Hail to Reason__X__Native Dancer,Sunday Silence__X__Ten Double,2,Le Fabuleux:5x5;Northern Dancer:4x5,0.390625,25.0,9.375,3.125,0.0,0.0,0.0,0.0,12.5,6.25,0.0,0.0,0.0,0.0,12.5,0.0,0.0,0.0,0.0,0.0
2008103165,ムスカテール,https://db.netkeiba.com/horse/ped/2008103165/,PASS,マヤノトップガン,シェリール,Sunday Silence,ブライアンズタイム Brian's Time,Blushing Groom,ジェドゥーザムール J'ai Deux Amours,Parabola,Roberto,Hail to Reason,Sunday Silence,Hail to Reason,Roberto__X__Sunday Silence,Hail to Reason__X__Hail to Reason,Roberto__X__Parabola,3,Hail to Reason:4x4;Nothirdchance:5x5;Turn-to:5x5,1.171875,25.0,0.0,0.0,0.0,12.5,0.0,0.0,12.5,12.5,0.0,0.0,0.0,0.0,0.0,0.0,0.0,0.0,0.0,0.0
2011103584,ショウナンパンドラ,https://db.netkeiba.com/horse/ped/2011103584/,PASS,Deep Impact,キューティゴールド,フレンチデピュティ French Deputy,Sunday Silence,Alzao,ゴールデンサッシュ,Sash of Honour,Deep Impact,Hail to Reason,Deputy Minister,Northern Dancer,Deep Impact__X__Deputy Minister,Hail to Reason__X__Northern Dancer,Deep Impact__X__Sash of Honour,1,Northern Dancer:5x5x5,0.390625,25.0,9.375,0.0,0.0,0.0,0.0,0.0,12.5,6.25,0.0,0.0,0.0,0.0,0.0,12.5,0.0,6.25,0.0,0.0
2009105961,スピルバーグ,https://db.netkeiba.com/horse/ped/2009105961/,PASS,Deep Impact,プリンセスオリビア Princess Olivia,Lycius,Sunday Silence,Alzao,Dance Image,Goofed,Deep Impact,Hail to Reason,Mr. Prospector,Native Dancer,Deep Impact__X__Mr. Prospector,Hail to Reason__X__Native Dancer,Deep Impact__X__Goofed,3,Goofed:5x5x5;Lyphard:4x4;Northern Dancer:4x5x5,1.7578125,25.0,12.5,12.5,0.0,0.0,12.5,0.0,12.5,6.25,0.0,0.0,0.0,0.0,0.0,0.0,0.0,12.5,6.25,3.125
2011105005,タガノグランパ,https://db.netkeiba.com/horse/ped/2011105005/,PASS,King Kamehameha,タガノグラマラス,スペシャルウィーク,Kingmambo,ラストタイクーン Last Tycoon,タガノターキン,Place d'Etoile,King Kamehameha,Native Dancer,Sunday Silence,Hail to Reason,King Kamehameha__X__Sunday Silence,Native Dancer__X__Hail to Reason,King Kamehameha__X__Place d'Etoile,2,Mill Reef:5x5;Northern Dancer:5x5x5,0.5859375,12.5,9.375,12.5,25.0,0.0,0.0,6.25,6.25,3.125,0.0,0.0,3.125,6.25,0.0,0.0,0.0,3.125,6.25,3.125
2012104511,ドゥラメンテ,https://db.netkeiba.com/horse/ped/2012104511/,PASS,King Kamehameha,アドマイヤグルーヴ,Sunday Silence,Kingmambo,ラストタイクーン Last Tycoon,エアグルーヴ,パロクサイド,King Kamehameha,Native Dancer,Sunday Silence,Hail to Reason,King Kamehameha__X__Sunday Silence,Native Dancer__X__Hail to Reason,King Kamehameha__X__パロクサイド,1,Northern Dancer:5x5x5,0.390625,25.0,9.375,12.5,25.0,0.0,0.0,0.0,12.5,6.25,0.0,0.0,0.0,6.25,0.0,0.0,12.5,0.0,6.25,3.125
2012103484,スピリッツミノル,https://db.netkeiba.com/horse/ped/2012103484/,PASS,ディープスカイ,バアゼルクローバー,ラムタラ Lammtarra,アグネスタキオン,Chief's Crown,ストームザミント Storm the Mint,Towson Miss,Sunday Silence,Hail to Reason,Nijinsky,Northern Dancer,Sunday Silence__X__Nijinsky,Hail to Reason__X__Northern Dancer,Sunday Silence__X__Towson Miss,6,Graustark:5x5;Key Bridge:5x5;Key to the Mint:4x4;Nijinsky:3x5;Northern Dancer:4x5x5;Secretariat:5x5,2.734375,12.5,12.5,0.0,0.0,0.0,0.0,6.25,6.25,3.125,0.0,0.0,15.625,0.0,12.5,0.0,0.0,0.0,0.0,0.0
2012106019,ワンダーアツレッタ,https://db.netkeiba.com/horse/ped/2012106019/,PASS,エンパイアメーカー Empire Maker,ワンダーマッスル,キンググローリアス King Glorious,Unbridled,El Gran Senor,ワンダーヒロイン,Versification,Mr. Prospector,Native Dancer,Mr. Prospector,Native Dancer,Mr. Prospector__X__Mr. Prospector,Native Dancer__X__Native Dancer,Mr. Prospector__X__Versification,4,Gold Digger:5x5;In Reality:4x5;Mr. Prospector:4x4;Raise a Native:5x5,1.171875,0.0,6.25,12.5,0.0,0.0,0.0,0.0,0.0,0.0,0.0,0.0,0.0,0.0,0.0,0.0,0.0,0.0,6.25,0.0
2012104889,リアルスティール,https://db.netkeiba.com/horse/ped/2012104889/,PASS,Deep Impact,ラヴズオンリーミー Loves Only Me,Storm Cat,Sunday Silence,Alzao,Monevassia,Santa Quilla,Deep Impact,Hail to Reason,Storm Cat,Northern Dancer,Deep Impact__X__Storm Cat,Hail to Reason__X__Northern Dancer,Deep Impact__X__Santa Quilla,1,Northern Dancer:4x5x5,0.5859375,25.0,12.5,12.5,0.0,0.0,0.0,0.0,12.5,6.25,0.0,0.0,0.0,6.25,25.0,0.0,0.0,6.25,6.25,3.125
2012102013,キタサンブラック,https://db.netkeiba.com/horse/ped/2012102013/,PASS,ブラックタイド,シュガーハート,サクラバクシンオー,Sunday Silence,Alzao,オトメゴコロ,Noris,Sunday Silence,Hail to Reason,サクラバクシンオー,サクラバクシンオー,Sunday Silence__X__サクラバクシンオー,Hail to Reason__X__サクラバクシンオー,Sunday Silence__X__Noris,3,Goofed:5x5;Lyphard:4x4;Northern Dancer:5x5x5,1.3671875,25.0,9.375,0.0,0.0,0.0,0.0,0.0,12.5,6.25,0.0,0.0,0.0,0.0,0.0,0.0,0.0,12.5,0.0,0.0
2012104164,ミュゼエイリアン,https://db.netkeiba.com/horse/ped/2012104164/,PASS,スクリーンヒーロー,エールスタンス,エルコンドルパサー,グラスワンダー,Sunday Silence,エリンバード Erin Bird,Sunny Valley,Roberto,Hail to Reason,Kingmambo,Native Dancer,Roberto__X__Kingmambo,Hail to Reason__X__Native Dancer,Roberto__X__Sunny Valley,2,Hail to Reason:5x5;Northern Dancer:5x5x5x5,0.78125,12.5,12.5,6.25,12.5,6.25,6.25,6.25,6.25,6.25,3.125,0.0,0.0,3.125,0.0,0.0,0.0,0.0,3.125,0.0
2012103193,ダノンプラチナ,https://db.netkeiba.com/horse/ped/2012103193/,PASS,Deep Impact,バディーラ Badeelah,Unbridled's Song,Sunday Silence,Alzao,Magical Allure,Conniver,Deep Impact,Hail to Reason,Mr. Prospector,Native Dancer,Deep Impact__X__Mr. Prospector,Hail to Reason__X__Native Dancer,Deep Impact__X__Conniver,0,,0.0,25.0,3.125,3.125,0.0,0.0,0.0,0.0,12.5,6.25,6.25,0.0,0.0,0.0,0.0,0.0,0.0,6.25,0.0,0.0
2012104407,マキシマムドパリ,https://db.netkeiba.com/horse/ped/2012104407/,PASS,King Kamehameha,マドモアゼルドパリ,Sunday Silence,Kingmambo,ラストタイクーン Last Tycoon,アドマイス Admise,Paracelle,King Kamehameha,Native Dancer,Sunday Silence,Hail to Reason,King Kamehameha__X__Sunday Silence,Native Dancer__X__Hail to Reason,King Kamehameha__X__Paracelle,1,Northern Dancer:5x5,0.0,25.0,6.25,12.5,25.0,0.0,0.0,0.0,12.5,6.25,0.0,0.0,0.0,6.25,0.0,0.0,0.0,0.0,6.25,3.125
2012100229,ウインアキレア,https://db.netkeiba.com/horse/ped/2012100229/,PASS,コンデュイット Conduit,コスモヴァレンチ,マイネルラヴ,Dalakhani,Sadler's Wells,イブキローマン,レデーラスタム,コンデュイット Conduit,コンデュイット Conduit,Mr. Prospector,Native Dancer,コンデュイット Conduit__X__Mr. Prospector,コンデュイット Conduit__X__Native Dancer,コンデュイット Conduit__X__レデーラスタム,1,Mr. Prospector:4x5,0.390625,0.0,6.25,9.375,0.0,0.0,12.5,0.0,0.0,0.0,0.0,0.0,0.0,0.0,0.0,0.0,0.0,3.125,3.125,0.0
2012103543,タマモボレロ,https://db.netkeiba.com/horse/ped/2012103543/,PASS,Heart's Cry,チャームダンス,アフリート Afleet,Sunday Silence,Tony Bin,ダンシングゴッデス Dancing Goddess,Magda,Heart's Cry,Hail to Reason,Mr. Prospector,Native Dancer,Heart's Cry__X__Mr. Prospector,Hail to Reason__X__Native Dancer,Heart's Cry__X__Magda,2,Nashua:4x5;Northern Dancer:4x5,0.390625,25.0,9.375,12.5,0.0,0.0,0.0,0.0,12.5,6.25,0.0,0.0,12.5,0.0,0.0,0.0,12.5,6.25,6.25,3.125
2012100277,ロックキャンディ,https://db.netkeiba.com/horse/ped/2012100277/,PASS,Heart's Cry,ガッビア,Montjeu,Sunday Silence,Tony Bin,ガバーナ Gabana,Uncommitted,Heart's Cry,Hail to Reason,Sadler's Wells,Northern Dancer,Heart's Cry__X__Sadler's Wells,Hail to Reason__X__Northern Dancer,Heart's Cry__X__Uncommitted,1,Northern Dancer:4x5x5,0.5859375,25.0,12.5,3.125,0.0,0.0,12.5,6.25,12.5,6.25,0.0,0.0,0.0,0.0,0.0,0.0,12.5,6.25,0.0,0.0
2012104241,シングウィズジョイ,https://db.netkeiba.com/horse/ped/2012104241/,PASS,マンハッタンカフェ,シングライクバード,シンボリクリスエス,Sunday Silence,Law Society,シングライクトーク,ロイヤルレジナ,Sunday Silence,Hail to Reason,Roberto,Hail to Reason,Sunday Silence__X__Roberto,Hail to Reason__X__Hail to Reason,Sunday Silence__X__ロイヤルレジナ,2,Hail to Reason:4x5;Roberto:4x5,0.390625,25.0,6.25,0.0,0.0,9.375,0.0,0.0,12.5,9.375,3.125,0.0,0.0,0.0,0.0,0.0,0.0,0.0,0.0,0.0
2012103979,ディアマイダーリン,https://db.netkeiba.com/horse/ped/2012103979/,PASS,Heart's Cry,オネストリーダーリン Honestly Darling,Kingmambo,Sunday Silence,Tony Bin,Reluctant Guest,Cherokee Rose,Heart's Cry,Hail to Reason,Kingmambo,Native Dancer,Heart's Cry__X__Kingmambo,Hail to Reason__X__Native Dancer,Heart's Cry__X__Cherokee Rose,1,Northern Dancer:5x5x5,0.390625,25.0,9.375,12.5,25.0,0.0,0.0,0.0,12.5,6.25,0.0,0.0,6.25,6.25,0.0,0.0,12.5,6.25,6.25,3.125
2012105832,アスカビレン,https://db.netkeiba.com/horse/ped/2012105832/,PASS,ブラックタイド,スウェプトレジーナ,スウェプトオーヴァーボード Swept Overboard,Sunday Silence,Alzao,ヴィヴァットレジーナ Vivat Regina,Arctic Melody,Sunday Silence,Hail to Reason,Mr. Prospector,Native Dancer,Sunday Silence__X__Mr. Prospector,Hail to Reason__X__Native Dancer,Sunday Silence__X__Arctic Melody,1,Highclere:4x5,0.390625,25.0,3.125,3.125,0.0,0.0,0.0,0.0,12.5,6.25,0.0,0.0,3.125,0.0,0.0,0.0,0.0,6.25,0.0,0.0
2012104680,アドマイヤピンク,https://db.netkeiba.com/horse/ped/2012104680/,PASS,King Kamehameha,ストゥデンテッサ Studentessa,High Yield,Kingmambo,ラストタイクーン Last Tycoon,Student Body Pres,Sunset,King Kamehameha,Native Dancer,Storm Cat,Northern Dancer,King Kamehameha__X__Storm Cat,Native Dancer__X__Northern Dancer,King Kamehameha__X__Sunset,2,Mr. Prospector:3x5;Northern Dancer:5x5x5,1.171875,0.0,9.375,15.625,25.0,0.0,0.0,0.0,0.0,6.25,0.0,0.0,3.125,6.25,12.5,0.0,0.0,0.0,6.25,3.125
2012101146,リアンドジュエリー,https://db.netkeiba.com/horse/ped/2012101146/,PASS,クロフネ,アーネストデザイア,Sunday Silence,フレンチデピュティ French Deputy,Classic Go Go,リストレーション,Musical Chairs,Deputy Minister,Northern Dancer,Sunday Silence,Hail to Reason,Deputy Minister__X__Sunday Silence,Northern Dancer__X__Hail to Reason,Deputy Minister__X__Musical Chairs,3,Hail to Reason:4x5;Nearctic:5x5;Northern Dancer:4x5,0.5859375,25.0,9.375,0.0,0.0,3.125,0.0,0.0,12.5,9.375,0.0,0.0,0.0,0.0,0.0,12.5,0.0,0.0,0.0,0.0
2012104891,エバーシャルマン,https://db.netkeiba.com/horse/ped/2012104891/,PASS,Heart's Cry,ラシャルマンテ La Charmante,Indygo Shiner,Sunday Silence,Tony Bin,La Magie,Mado,Heart's Cry,Hail to Reason,A.P. Indy,Seattle Slew,Heart's Cry__X__A.P. Indy,Hail to Reason__X__Seattle Slew,Heart's Cry__X__Mado,1,Northern Dancer:5x5,0.1953125,25.0,6.25,3.125,0.0,0.0,0.0,0.0,12.5,6.25,6.25,12.5,0.0,0.0,0.0,0.0,12.5,6.25,0.0,0.0
2012104938,バンゴール,https://db.netkeiba.com/horse/ped/2012104938/,PASS,King Kamehameha,ローザブランカ,クロフネ,Kingmambo,ラストタイクーン Last Tycoon,ローズバド,Riviere Doree,King Kamehameha,Native Dancer,Deputy Minister,Northern Dancer,King Kamehameha__X__Deputy Minister,Native Dancer__X__Northern Dancer,King Kamehameha__X__Riviere Doree,2,Mill Reef:5x5;Northern Dancer:5x5,0.1953125,12.5,6.25,12.5,25.0,0.0,0.0,0.0,6.25,3.125,0.0,0.0,0.0,6.25,0.0,6.25,0.0,3.125,6.25,3.125
2012104369,フロレットアレー,https://db.netkeiba.com/horse/ped/2012104369/,PASS,Deep Impact,ブルーミングアレー,シンボリクリスエス,Sunday Silence,Alzao,プリンセスオリビア Princess Olivia,Dumfries,Deep Impact,Hail to Reason,Roberto,Hail to Reason,Deep Impact__X__Roberto,Hail to Reason__X__Hail to Reason,Deep Impact__X__Dumfries,3,Hail to Reason:4x5;Lyphard:4x5;Northern Dancer:5x5,0.9765625,25.0,6.25,6.25,0.0,6.25,6.25,0.0,12.5,9.375,3.125,0.0,0.0,0.0,0.0,0.0,0.0,9.375,3.125,0.0
2012103146,ゴージャスガール,https://db.netkeiba.com/horse/ped/2012103146/,PASS,ジャングルポケット,オッドアイビーナス,クロフネ,Tony Bin,Nureyev,ピースオブワールド,Contrail,Tony Bin,Tony Bin,Deputy Minister,Northern Dancer,Tony Bin__X__Deputy Minister,Tony Bin__X__Northern Dancer,Tony Bin__X__Contrail,0,,0.0,12.5,6.25,0.0,0.0,0.0,0.0,0.0,6.25,3.125,0.0,0.0,3.125,12.5,0.0,6.25,25.0,0.0,0.0,0.0
2012105831,サダムブルーハワイ,https://db.netkeiba.com/horse/ped/2012105831/,PASS,ハービンジャー Harbinger,ショウナンタレント,アグネスタキオン,Dansili,Bering,シャンラン Xianlang,Death Ray,Danzig,Northern Dancer,Sunday Silence,Hail to Reason,Danzig__X__Sunday Silence,Northern Dancer__X__Hail to Reason,Danzig__X__Death Ray,1,Northern Dancer:5x5x5,0.390625,12.5,9.375,0.0,0.0,0.0,0.0,6.25,6.25,3.125,0.0,0.0,3.125,6.25,0.0,0.0,0.0,3.125,0.0,0.0
2012105206,グリシーヌシチー,https://db.netkeiba.com/horse/ped/2012105206/,PASS,Heart's Cry,シェナンドアリバー,ホワイトマズル White Muzzle,Sunday Silence,Tony Bin,アリシーナ Alyshena,Levee,Heart's Cry,Hail to Reason,Lyphard,Northern Dancer,Heart's Cry__X__Lyphard,Hail to Reason__X__Northern Dancer,Heart's Cry__X__Levee,3,Goofed:5x5;Lyphard:4x4;Northern Dancer:5x5,1.171875,25.0,6.25,0.0,0.0,0.0,0.0,0.0,12.5,6.25,0.0,0.0,0.0,0.0,0.0,0.0,12.5,12.5,3.125,0.0
2012105774,ナガラフラワー,https://db.netkeiba.com/horse/ped/2012105774/,PASS,ダンスインザダーク,ガリカローズ,ロックオブジブラルタル,Sunday Silence,Nijinsky,カイロローズ Cairo Rose,Lost Virtue,Sunday Silence,Hail to Reason,Danzig,Northern Dancer,Sunday Silence__X__Danzig,Hail to Reason__X__Northern Dancer,Sunday Silence__X__Lost Virtue,4,Natalma:5x5;Nearctic:5x5;Northern Dancer:4x4x5x5;Raise a Native:5x5,2.1484375,25.0,18.75,6.25,0.0,0.0,12.5,6.25,12.5,6.25,0.0,0.0,12.5,0.0,0.0,0.0,0.0,0.0,6.25,0.0
2012104243,レッドカーラ,https://db.netkeiba.com/horse/ped/2012104243/,PASS,マンハッタンカフェ,シンデレラロマンス,Elusive Quality,Sunday Silence,Law Society,シンディ Sindy,Areola,Sunday Silence,Hail to Reason,Mr. Prospector,Native Dancer,Sunday Silence__X__Mr. Prospector,Hail to Reason__X__Native Dancer,Sunday Silence__X__Areola,2,Northern Dancer:5x5;Secretariat:5x5,0.0,25.0,6.25,6.25,0.0,0.0,6.25,0.0,12.5,6.25,6.25,12.5,0.0,0.0,0.0,0.0,0.0,0.0,3.125,0.0
2012100608,ティルナノーグ,https://db.netkeiba.com/horse/ped/2012100608/,PASS,Deep Impact,バイコースタル Bicoastal,Gone West,Sunday Silence,Alzao,Ocean Queen,Tsessebe,Deep Impact,Hail to Reason,Mr. Prospector,Native Dancer,Deep Impact__X__Mr. Prospector,Hail to Reason__X__Native Dancer,Deep Impact__X__Tsessebe,1,Northern Dancer:5x5,0.1953125,25.0,6.25,12.5,0.0,0.0,0.0,0.0,12.5,6.25,0.0,0.0,3.125,6.25,0.0,0.0,0.0,6.25,6.25,3.125
2012104008,タンタアレグリア,https://db.netkeiba.com/horse/ped/2012104008/,PASS,ゼンノロブロイ,タンタスエルテ Tanta Suerte,Stuka,Sunday Silence,マイニング Mining,Trapial,Sembrada,Sunday Silence,Hail to Reason,Mr. Prospector,Native Dancer,Sunday Silence__X__Mr. Prospector,Hail to Reason__X__Native Dancer,Sunday Silence__X__Sembrada,3,Gold Digger:5x5;Mr. Prospector:4x4;Raise a Native:5x5,1.171875,25.0,3.125,12.5,0.0,0.0,6.25,0.0,12.5,6.25,0.0,0.0,3.125,0.0,0.0,0.0,0.0,0.0,6.25,0.0
2012104625,レッドライジェル,https://db.netkeiba.com/horse/ped/2012104625/,PASS,Deep Impact,サセッティ Sasetti,Selkirk,Sunday Silence,Alzao,My Potters,Miss Muffet,Deep Impact,Hail to Reason,Native Dancer,Native Dancer,Deep Impact__X__Native Dancer,Hail to Reason__X__Native Dancer,Deep Impact__X__Miss Muffet,0,,0.0,25.0,3.125,0.0,0.0,0.0,0.0,0.0,12.5,6.25,0.0,0.0,0.0,0.0,0.0,0.0,0.0,6.25,0.0,3.125
2012101801,レトロロック,https://db.netkeiba.com/horse/ped/2012101801/,PASS,Deep Impact,サムワントゥラブ,シンボリクリスエス,Sunday Silence,Alzao,シンコウラブリイ,Madelon,Deep Impact,Hail to Reason,Roberto,Hail to Reason,Deep Impact__X__Roberto,Hail to Reason__X__Hail to Reason,Deep Impact__X__Madelon,2,Hail to Reason:4x5;Northern Dancer:5x5,0.5859375,25.0,6.25,0.0,0.0,6.25,0.0,0.0,12.5,9.375,3.125,0.0,6.25,0.0,0.0,0.0,0.0,6.25,0.0,0.0
2012104925,ヴェラヴァルスター,https://db.netkeiba.com/horse/ped/2012104925/,PASS,Heart's Cry,レツィーナ,キャプテンスティーヴ Captain Steve,Sunday Silence,Tony Bin,タニウインドタイム,Barbs Dancer,Heart's Cry,Hail to Reason,キャプテンスティーヴ Captain Steve,キャプテンスティーヴ Captain Steve,Heart's Cry__X__キャプテンスティーヴ Captain Steve,Hail to Reason__X__キャプテンスティーヴ Captain Steve,Heart's Cry__X__Barbs Dancer,2,Hail to Reason:4x5;Northern Dancer:5x5,0.5859375,25.0,6.25,3.125,0.0,6.25,0.0,0.0,12.5,9.375,0.0,0.0,0.0,0.0,0.0,0.0,12.5,6.25,0.0,0.0
2012104129,ミュゼダルタニアン,https://db.netkeiba.com/horse/ped/2012104129/,PASS,ハービンジャー Harbinger,アルテシア,Sunday Silence,Dansili,Bering,バルドネキア Bardonecchia,Pomme Rose,Danzig,Northern Dancer,Sunday Silence,Hail to Reason,Danzig__X__Sunday Silence,Northern Dancer__X__Hail to Reason,Danzig__X__Pomme Rose,1,Northern Dancer:5x5,0.0,25.0,6.25,0.0,0.0,0.0,0.0,6.25,12.5,6.25,0.0,0.0,3.125,0.0,0.0,0.0,0.0,3.125,0.0,0.0
2012104929,レーヴミストラル,https://db.netkeiba.com/horse/ped/2012104929/,PASS,King Kamehameha,レーヴドスカー Reve d'Oscar,Highest Honor,Kingmambo,ラストタイクーン Last Tycoon,Numidie,Sunda,King Kamehameha,Native Dancer,Highest Honor,Highest Honor,King Kamehameha__X__Highest Honor,Native Dancer__X__Highest Honor,King Kamehameha__X__Sunda,3,Green Dancer:4x5;Northern Dancer:5x5;Sir Gaylord:5x5,0.390625,0.0,6.25,12.5,25.0,0.0,0.0,0.0,0.0,0.0,0.0,0.0,3.125,6.25,0.0,0.0,0.0,0.0,6.25,3.125
2012100724,マイネルサクセサー,https://db.netkeiba.com/horse/ped/2012100724/,PASS,ブライアンズタイム Brian's Time,マイネジャーダ,ジェイドロバリー Jade Robbery,Roberto,Graustark,テクラヤティ Thekrayati,Alibhai Rose,Roberto,Hail to Reason,Mr. Prospector,Native Dancer,Roberto__X__Mr. Prospector,Hail to Reason__X__Native Dancer,Roberto__X__Alibhai Rose,2,Nashua:4x5;Northern Dancer:4x5,0.390625,0.0,9.375,12.5,0.0,25.0,0.0,0.0,0.0,12.5,0.0,0.0,6.25,0.0,0.0,0.0,0.0,12.5,6.25,3.125
2012101117,トーセンアーネスト,https://db.netkeiba.com/horse/ped/2012101117/,PASS,シンボリクリスエス,ビーチフェスタ,フジキセキ,Kris S.,Gold Meridian,ビーチフラッグ,Sue La Con,Roberto,Hail to Reason,Sunday Silence,Hail to Reason,Roberto__X__Sunday Silence,Hail to Reason__X__Hail to Reason,Roberto__X__Sue La Con,1,Hail to Reason:4x5,0.390625,12.5,3.125,3.125,0.0,12.5,0.0,6.25,6.25,9.375,6.25,0.0,0.0,0.0,0.0,0.0,0.0,0.0,0.0,0.0
2012104882,ウェスタールンド,https://db.netkeiba.com/horse/ped/2012104882/,PASS,ネオユニヴァース,ユーアンミー Uanme,Marquetry,Sunday Silence,Kris,Archimillionnaire,Alaris,Sunday Silence,Hail to Reason,Mr. Prospector,Native Dancer,Sunday Silence__X__Mr. Prospector,Hail to Reason__X__Native Dancer,Sunday Silence__X__Alaris,1,Northern Dancer:5x5,0.0,25.0,6.25,6.25,0.0,0.0,0.0,0.0,12.5,6.25,0.0,0.0,0.0,0.0,0.0,0.0,0.0,0.0,3.125,0.0
2012104268,スモークフリー,https://db.netkeiba.com/horse/ped/2012104268/,PASS,Deep Impact,スモークンフローリック Smok'n Frolic,Smoke Glacken,Sunday Silence,Alzao,Cherokyfrolicflash,Boda,Deep Impact,Hail to Reason,Mr. Prospector,Native Dancer,Deep Impact__X__Mr. Prospector,Hail to Reason__X__Native Dancer,Deep Impact__X__Boda,1,Northern Dancer:5x5x5,0.390625,25.0,9.375,6.25,0.0,0.0,0.0,0.0,12.5,6.25,0.0,0.0,6.25,0.0,0.0,0.0,0.0,6.25,3.125,0.0
2012102840,カカドゥ,https://db.netkeiba.com/horse/ped/2012102840/,PASS,スズカマンボ,アイライクユー,ダンシングブレーヴ Dancing Brave,Sunday Silence,Kingmambo,ケイジーイグザーベランス Cagey Exuberance,Kaygeebe,Sunday Silence,Hail to Reason,Lyphard,Northern Dancer,Sunday Silence__X__Lyphard,Hail to Reason__X__Northern Dancer,Sunday Silence__X__Kaygeebe,1,Northern Dancer:4x5,0.390625,25.0,9.375,6.25,12.5,0.0,0.0,0.0,12.5,6.25,0.0,0.0,6.25,3.125,0.0,0.0,0.0,12.5,3.125,0.0
2012103493,ビクトリーミノル,https://db.netkeiba.com/horse/ped/2012103493/,PASS,ディープスカイ,プロフェシーライツ,アフリート Afleet,アグネスタキオン,Chief's Crown,ストームザミント Storm the Mint,Towson Miss,Sunday Silence,Hail to Reason,Mr. Prospector,Native Dancer,Sunday Silence__X__Mr. Prospector,Hail to Reason__X__Native Dancer,Sunday Silence__X__Towson Miss,5,Graustark:5x5;Key Bridge:5x5;Key to the Mint:4x4;Northern Dancer:5x5;Secretariat:5x5,1.5625,12.5,6.25,12.5,0.0,0.0,0.0,6.25,6.25,3.125,0.0,0.0,3.125,0.0,12.5,0.0,0.0,0.0,6.25,3.125
2012104019,センチュリオン,https://db.netkeiba.com/horse/ped/2012104019/,PASS,King Kamehameha,ハンドレッドスコア,ホワイトマズル White Muzzle,Kingmambo,ラストタイクーン Last Tycoon,サンデーエイコーン,ライバリュウ,King Kamehameha,Native Dancer,Lyphard,Northern Dancer,King Kamehameha__X__Lyphard,Native Dancer__X__Northern Dancer,King Kamehameha__X__ライバリュウ,1,Northern Dancer:5x5x5x5,0.78125,12.5,12.5,12.5,25.0,0.0,0.0,0.0,6.25,3.125,0.0,0.0,0.0,6.25,0.0,0.0,0.0,6.25,6.25,3.125
2012104463,マサハヤドリーム,https://db.netkeiba.com/horse/ped/2012104463/,PASS,メイショウサムソン,ランペイア,アグネスタキオン,オペラハウス Opera House,ダンシングブレーヴ Dancing Brave,スマラ Smala,Selerina,Sadler's Wells,Northern Dancer,Sunday Silence,Hail to Reason,Sadler's Wells__X__Sunday Silence,Northern Dancer__X__Hail to Reason,Sadler's Wells__X__Selerina,3,Natalma:5x5;Nearctic:5x5;Northern Dancer:4x4x5x5,2.1484375,12.5,18.75,0.0,0.0,0.0,12.5,0.0,6.25,3.125,0.0,0.0,3.125,0.0,0.0,0.0,0.0,6.25,0.0,0.0
2012104785,ストレンジクォーク,https://db.netkeiba.com/horse/ped/2012104785/,PASS,メイショウサムソン,フェルミオン,アグネスタキオン,オペラハウス Opera House,ダンシングブレーヴ Dancing Brave,パテントリークリア Patently Clear,Mixed Marriage,Sadler's Wells,Northern Dancer,Sunday Silence,Hail to Reason,Sadler's Wells__X__Sunday Silence,Northern Dancer__X__Hail to Reason,Sadler's Wells__X__Mixed Marriage,2,Northern Dancer:4x5;Raja Baba:5x5,0.0,12.5,9.375,6.25,0.0,0.0,12.5,0.0,6.25,3.125,0.0,0.0,3.125,0.0,0.0,0.0,0.0,6.25,3.125,0.0
2012104331,トーセンスパンキー,https://db.netkeiba.com/horse/ped/2012104331/,PASS,スペシャルウィーク,バースデイローズ,Tony Bin,Sunday Silence,マルゼンスキー,エリザベスローズ,Killaloe,Sunday Silence,Hail to Reason,Tony Bin,Tony Bin,Sunday Silence__X__Tony Bin,Hail to Reason__X__Tony Bin,Sunday Silence__X__Killaloe,1,Northern Dancer:4x5,0.390625,25.0,9.375,0.0,0.0,0.0,0.0,0.0,12.5,6.25,0.0,0.0,6.25,0.0,0.0,0.0,25.0,0.0,0.0,0.0
2012104833,ポルトドートウィユ,https://db.netkeiba.com/horse/ped/2012104833/,PASS,Deep Impact,ポルトフィーノ,クロフネ,Sunday Silence,Alzao,エアグルーヴ,パロクサイド,Deep Impact,Hail to Reason,Deputy Minister,Northern Dancer,Deep Impact__X__Deputy Minister,Hail to Reason__X__Northern Dancer,Deep Impact__X__パロクサイド,1,Northern Dancer:5x5,0.1953125,25.0,6.25,0.0,0.0,0.0,0.0,0.0,12.5,6.25,0.0,0.0,0.0,0.0,0.0,6.25,12.5,6.25,0.0,0.0
2012104735,サトノラーゼン,https://db.netkeiba.com/horse/ped/2012104735/,PASS,Deep Impact,トゥーピー Toupie,Intikhab,Sunday Silence,Alzao,Turpitude,Charming Friend,Deep Impact,Hail to Reason,Roberto,Hail to Reason,Deep Impact__X__Roberto,Hail to Reason__X__Hail to Reason,Deep Impact__X__Charming Friend,2,Hail to Reason:4x5;Northern Dancer:5x5,0.5859375,25.0,6.25,3.125,0.0,6.25,0.0,3.125,12.5,9.375,0.0,0.0,6.25,0.0,0.0,0.0,0.0,6.25,0.0,0.0
2012110050,ネオアトラクション,https://db.netkeiba.com/horse/ped/2012110050/,PASS,Montjeu,Attraction,Efisio,Sadler's Wells,Top Ville,Flirtation,Lucasland,Sadler's Wells,Northern Dancer,Efisio,Efisio,Sadler's Wells__X__Efisio,Northern Dancer__X__Efisio,Sadler's Wells__X__Lucasland,4,Camenae:5x5;Derring-Do:5x5;Forli:4x5;High Top:4x4,1.5625,0.0,12.5,0.0,0.0,0.0,25.0,0.0,0.0,3.125,0.0,0.0,0.0,0.0,0.0,0.0,0.0,0.0,3.125,3.125
2012102411,シャッターチャンス,https://db.netkeiba.com/horse/ped/2012102411/,PASS,ネオユニヴァース,コンゴウアンゲルス,カーネギー Carnegie,Sunday Silence,Kris,ズーナクア Zoonaqua,Quick Touch,Sunday Silence,Hail to Reason,Sadler's Wells,Northern Dancer,Sunday Silence__X__Sadler's Wells,Hail to Reason__X__Northern Dancer,Sunday Silence__X__Quick Touch,2,Hail to Reason:4x5;Nearctic:5x5,0.390625,25.0,6.25,0.0,0.0,6.25,12.5,0.0,12.5,9.375,0.0,0.0,0.0,0.0,0.0,0.0,0.0,0.0,0.0,0.0
2012104001,リベレーター,https://db.netkeiba.com/horse/ped/2012104001/,PASS,ハービンジャー Harbinger,スタンドオンエンド,エンドスウィープ End Sweep,Dansili,Bering,Delaware Country,Crevasse,Danzig,Northern Dancer,Mr. Prospector,Native Dancer,Danzig__X__Mr. Prospector,Northern Dancer__X__Native Dancer,Danzig__X__Crevasse,1,Northern Dancer:5x5x5,0.390625,0.0,9.375,6.25,0.0,0.0,0.0,6.25,0.0,0.0,0.0,0.0,0.0,0.0,0.0,0.0,0.0,3.125,3.125,0.0
2012101673,タイセイアプローズ,https://db.netkeiba.com/horse/ped/2012101673/,PASS,Heart's Cry,スターフェスタ,エリシオ Helissio,Sunday Silence,Tony Bin,パラダイスムーン,Baby La,Heart's Cry,Hail to Reason,Northern Dancer,Northern Dancer,Heart's Cry__X__Northern Dancer,Hail to Reason__X__Northern Dancer,Heart's Cry__X__Baby La,2,Northern Dancer:4x5;Raise a Native:4x5,0.390625,25.0,9.375,12.5,0.0,0.0,0.0,0.0,12.5,6.25,3.125,0.0,0.0,0.0,0.0,0.0,12.5,6.25,9.375,3.125
2012104595,スワーヴジョージ,https://db.netkeiba.com/horse/ped/2012104595/,PASS,ハービンジャー Harbinger,ギーニョ,Sunday Silence,Dansili,Bering,フェアリードール Fairy Doll,Likely Swap,Danzig,Northern Dancer,Sunday Silence,Hail to Reason,Danzig__X__Sunday Silence,Northern Dancer__X__Hail to Reason,Danzig__X__Likely Swap,1,Northern Dancer:4x5x5,0.78125,25.0,12.5,0.0,0.0,0.0,0.0,6.25,12.5,6.25,0.0,0.0,0.0,12.5,0.0,0.0,0.0,3.125,0.0,0.0
2012104761,レントラー,https://db.netkeiba.com/horse/ped/2012104761/,PASS,Heart's Cry,ハートビートワルツ,ブライアンズタイム Brian's Time,Sunday Silence,Tony Bin,バウンドトゥダンス Bound to Dance,Natasha,Heart's Cry,Hail to Reason,Roberto,Hail to Reason,Heart's Cry__X__Roberto,Hail to Reason__X__Hail to Reason,Heart's Cry__X__Natasha,5,Almahmoud:5x5;Hail to Reason:4x4;Northern Dancer:3x5;Nothirdchance:5x5;Turn-to:5x5,2.1484375,25.0,15.625,0.0,0.0,12.5,0.0,0.0,12.5,12.5,0.0,0.0,0.0,0.0,0.0,0.0,12.5,6.25,0.0,3.125
2012104759,シュヴァルグラン,https://db.netkeiba.com/horse/ped/2012104759/,PASS,Heart's Cry,ハルーワスウィート,Machiavellian,Sunday Silence,Tony Bin,ハルーワソング Halwa Song,Ballade,Heart's Cry,Hail to Reason,Mr. Prospector,Native Dancer,Heart's Cry__X__Mr. Prospector,Hail to Reason__X__Native Dancer,Heart's Cry__X__Ballade,5,Cosmah:4x5;Hail to Reason:4x5;Halo:3x4x5;Natalma:5x5;Northern Dancer:4x5,3.515625,25.0,9.375,12.5,0.0,0.0,0.0,0.0,21.875,9.375,0.0,0.0,0.0,12.5,0.0,0.0,12.5,6.25,6.25,3.125
2012100825,ゼンノブレーメン,https://db.netkeiba.com/horse/ped/2012100825/,PASS,ハービンジャー Harbinger,ウインシンシア,ダンスインザダーク,Dansili,Bering,ラッキーダイアリー,Reject,Danzig,Northern Dancer,Sunday Silence,Hail to Reason,Danzig__X__Sunday Silence,Northern Dancer__X__Hail to Reason,Danzig__X__Reject,1,Northern Dancer:5x5x5x5,0.78125,12.5,12.5,0.0,0.0,0.0,0.0,6.25,6.25,3.125,0.0,0.0,6.25,0.0,0.0,0.0,0.0,3.125,0.0,0.0
2012104220,ジェネラルゴジップ,https://db.netkeiba.com/horse/ped/2012104220/,PASS,Deep Impact,ゴジップガール Gozzip Girl,Dynaformer,Sunday Silence,Alzao,Temperence Gift,Hold Hands,Deep Impact,Hail to Reason,Roberto,Hail to Reason,Deep Impact__X__Roberto,Hail to Reason__X__Hail to Reason,Deep Impact__X__Hold Hands,3,Hail to Reason:4x4;Nothirdchance:5x5;Turn-to:5x5,1.171875,25.0,3.125,6.25,12.5,12.5,0.0,0.0,12.5,12.5,0.0,0.0,0.0,3.125,0.0,0.0,0.0,6.25,3.125,0.0
2012104069,アルバートドック,https://db.netkeiba.com/horse/ped/2012104069/,PASS,Deep Impact,ゴールデンドックエー Golden Doc A,Unusual Heat,Sunday Silence,Alzao,Penpont,Kathleigh,Deep Impact,Hail to Reason,Nureyev,Northern Dancer,Deep Impact__X__Nureyev,Hail to Reason__X__Northern Dancer,Deep Impact__X__Kathleigh,1,Northern Dancer:4x5,0.390625,25.0,9.375,0.0,0.0,0.0,0.0,0.0,12.5,6.25,0.0,0.0,0.0,12.5,0.0,0.0,0.0,6.25,0.0,0.0
2012110007,ロードクロムウェル,https://db.netkeiba.com/horse/ped/2012110007/,PASS,High Chaparral,Suisun,Monsun,Sadler's Wells,Darshaan,Suivez,Schonbrunn,Sadler's Wells,Northern Dancer,Monsun,Monsun,Sadler's Wells__X__Monsun,Northern Dancer__X__Monsun,Sadler's Wells__X__Schonbrunn,3,Natalma:4x5;Nearctic:4x5;Northern Dancer:3x4,2.34375,0.0,18.75,0.0,0.0,0.0,25.0,0.0,0.0,3.125,0.0,0.0,0.0,0.0,0.0,0.0,0.0,0.0,0.0,3.125
2011104097,ラングレー,https://db.netkeiba.com/horse/ped/2011104097/,PASS,Deep Impact,ラヴズオンリーミー Loves Only Me,Storm Cat,Sunday Silence,Alzao,Monevassia,Santa Quilla,Deep Impact,Hail to Reason,Storm Cat,Northern Dancer,Deep Impact__X__Storm Cat,Hail to Reason__X__Northern Dancer,Deep Impact__X__Santa Quilla,1,Northern Dancer:4x5x5,0.5859375,25.0,12.5,12.5,0.0,0.0,0.0,0.0,12.5,6.25,0.0,0.0,0.0,6.25,25.0,0.0,0.0,6.25,6.25,3.125
2009106321,アルフレード,https://db.netkeiba.com/horse/ped/2009106321/,PASS,シンボリクリスエス,プリンセスカメリア,Sunday Silence,Kris S.,Gold Meridian,ラトラヴィアータ,One Clear Call,Roberto,Hail to Reason,Sunday Silence,Hail to Reason,Roberto__X__Sunday Silence,Hail to Reason__X__Hail to Reason,Roberto__X__One Clear Call,3,Hail to Reason:4x4;Nothirdchance:5x5;Turn-to:5x5,1.171875,25.0,3.125,0.0,0.0,12.5,0.0,0.0,12.5,12.5,6.25,0.0,0.0,0.0,0.0,0.0,0.0,0.0,0.0,0.0
2011101188,マテンロウボス,https://db.netkeiba.com/horse/ped/2011101188/,PASS,King Kamehameha,アンダンテ,Sunday Silence,Kingmambo,ラストタイクーン Last Tycoon,ダイナプレリュード,ニアーリーズン,King Kamehameha,Native Dancer,Sunday Silence,Hail to Reason,King Kamehameha__X__Sunday Silence,Native Dancer__X__Hail to Reason,King Kamehameha__X__ニアーリーズン,1,Northern Dancer:4x5x5,0.78125,25.0,12.5,12.5,25.0,0.0,0.0,0.0,12.5,6.25,0.0,0.0,0.0,6.25,0.0,0.0,0.0,0.0,6.25,3.125
2009106449,アーデント,https://db.netkeiba.com/horse/ped/2009106449/,PASS,Deep Impact,グレイトフィーヴァー Great Fever,Kaldoun,Sunday Silence,Alzao,My Great Hope,Sunset,Deep Impact,Hail to Reason,Kaldoun,Kaldoun,Deep Impact__X__Kaldoun,Hail to Reason__X__Kaldoun,Deep Impact__X__Sunset,0,,0.0,25.0,3.125,0.0,0.0,0.0,0.0,0.0,12.5,6.25,0.0,0.0,0.0,0.0,0.0,0.0,0.0,6.25,0.0,0.0
2011100370,アズマシャトル,https://db.netkeiba.com/horse/ped/2011100370/,PASS,ゼンノロブロイ,ブレッシング,マルゼンスキー,Sunday Silence,マイニング Mining,ブラダマンテ Bradamante,Dodge Me,Sunday Silence,Hail to Reason,Nijinsky,Northern Dancer,Sunday Silence__X__Nijinsky,Hail to Reason__X__Northern Dancer,Sunday Silence__X__Dodge Me,7,Buckpasser:4x5;Hail to Reason:4x4;Natalma:5x5;Nearctic:5x5;Northern Dancer:4x4;Nothirdchance:5x5;Turn-to:5x5,1.5625,25.0,12.5,6.25,0.0,12.5,0.0,0.0,12.5,12.5,0.0,0.0,12.5,0.0,0.0,0.0,0.0,0.0,3.125,0.0
2012102095,レッツゴードンキ,https://db.netkeiba.com/horse/ped/2012102095/,PASS,King Kamehameha,マルトク,マーベラスサンデー,Kingmambo,ラストタイクーン Last Tycoon,エリットビーナス,レディフランダーズ,King Kamehameha,Native Dancer,Sunday Silence,Hail to Reason,King Kamehameha__X__Sunday Silence,Native Dancer__X__Hail to Reason,King Kamehameha__X__レディフランダーズ,5,Gold Digger:4x5;Mr. Prospector:3x4;Northern Dancer:5x5x5;Raise a Native:4x5;Special:5x5,2.9296875,12.5,9.375,18.75,25.0,3.125,0.0,0.0,6.25,3.125,0.0,0.0,3.125,6.25,0.0,0.0,0.0,0.0,9.375,3.125
2012101083,トーセンナチュラル,https://db.netkeiba.com/horse/ped/2012101083/,PASS,メイショウサムソン,ガールズトーク,Stay Gold,オペラハウス Opera House,ダンシングブレーヴ Dancing Brave,ワーキングガール,ナイトアンドデイ,Sadler's Wells,Northern Dancer,Stay Gold,Hail to Reason,Sadler's Wells__X__Stay Gold,Northern Dancer__X__Hail to Reason,Sadler's Wells__X__ナイトアンドデイ,2,Northern Dancer:4x5x5;Northern Taste:4x5,0.5859375,12.5,12.5,0.0,0.0,0.0,12.5,0.0,6.25,3.125,0.0,0.0,0.0,0.0,0.0,0.0,0.0,6.25,0.0,0.0
2012105256,ココロノアイ,https://db.netkeiba.com/horse/ped/2012105256/,PASS,Stay Gold,ビューティソング,デインヒル Danehill,Sunday Silence,ディクタス Dictus,マックスジョリー,フジタカジョウ,Stay Gold,Hail to Reason,Danzig,Northern Dancer,Stay Gold__X__Danzig,Hail to Reason__X__Northern Dancer,Stay Gold__X__フジタカジョウ,3,Hail to Reason:4x5;Natalma:5x5;Northern Dancer:4x5,0.78125,25.0,9.375,0.0,0.0,6.25,0.0,12.5,12.5,9.375,0.0,0.0,0.0,0.0,0.0,0.0,0.0,0.0,0.0,0.0
2012104105,クイーンズリング,https://db.netkeiba.com/horse/ped/2012104105/,PASS,マンハッタンカフェ,アクアリング,Anabaa,Sunday Silence,Law Society,シーリング Sea Ring,Azorelle,Sunday Silence,Hail to Reason,Danzig,Northern Dancer,Sunday Silence__X__Danzig,Hail to Reason__X__Northern Dancer,Sunday Silence__X__Azorelle,1,Riverman:4x5,0.0,25.0,6.25,0.0,0.0,0.0,0.0,12.5,12.5,6.25,0.0,0.0,0.0,0.0,0.0,0.0,0.0,3.125,0.0,0.0
2012104074,キャットコイン,https://db.netkeiba.com/horse/ped/2012104074/,PASS,Stay Gold,ストレイキャット,Storm Cat,Sunday Silence,ディクタス Dictus,ローミンレイチェル Roamin Rachel,Plucky Roman,Stay Gold,Hail to Reason,Storm Cat,Northern Dancer,Stay Gold__X__Storm Cat,Hail to Reason__X__Northern Dancer,Stay Gold__X__Plucky Roman,1,Northern Dancer:4x5,0.390625,25.0,9.375,6.25,0.0,0.0,0.0,0.0,12.5,6.25,0.0,0.0,0.0,0.0,25.0,0.0,0.0,0.0,3.125,0.0
2012105924,ローデッド,https://db.netkeiba.com/horse/ped/2012105924/,PASS,Deep Impact,ホッコーオウカ,リンドシェーバー,Sunday Silence,Alzao,ランズプロント,スターリングモア,Deep Impact,Hail to Reason,Raise a Native,Native Dancer,Deep Impact__X__Raise a Native,Hail to Reason__X__Native Dancer,Deep Impact__X__スターリングモア,0,,0.0,25.0,3.125,0.0,0.0,0.0,0.0,0.0,12.5,6.25,0.0,0.0,0.0,0.0,0.0,0.0,0.0,6.25,6.25,3.125
2012104153,コンテッサトゥーレ,https://db.netkeiba.com/horse/ped/2012104153/,PASS,Deep Impact,エアトゥーレ,Tony Bin,Sunday Silence,Alzao,スキーパラダイス Ski Paradise,Cable Censor,Deep Impact,Hail to Reason,Tony Bin,Tony Bin,Deep Impact__X__Tony Bin,Hail to Reason__X__Tony Bin,Deep Impact__X__Cable Censor,3,Goofed:4x5;Lyphard:3x4;Northern Dancer:4x5,2.34375,25.0,9.375,0.0,0.0,0.0,0.0,0.0,12.5,6.25,0.0,0.0,3.125,0.0,0.0,0.0,25.0,18.75,0.0,0.0
2012104870,ミッキークイーン,https://db.netkeiba.com/horse/ped/2012104870/,PASS,Deep Impact,ミュージカルウェイ Musical Way,Gold Away,Sunday Silence,Alzao,Mulika,Jambo,Deep Impact,Hail to Reason,Nureyev,Northern Dancer,Deep Impact__X__Nureyev,Hail to Reason__X__Northern Dancer,Deep Impact__X__Jambo,1,Northern Dancer:5x5,0.1953125,25.0,6.25,6.25,0.0,0.0,0.0,0.0,12.5,6.25,0.0,0.0,0.0,6.25,0.0,0.0,0.0,6.25,3.125,0.0
2012100599,ペルフィカ,https://db.netkeiba.com/horse/ped/2012100599/,PASS,ゼンノロブロイ,スティーリンキッシーズ Stealin' Kisses,Sky Mesa,Sunday Silence,マイニング Mining,Seewillo,Ruwenzori,Sunday Silence,Hail to Reason,A.P. Indy,Seattle Slew,Sunday Silence__X__A.P. Indy,Hail to Reason__X__Seattle Slew,Sunday Silence__X__Ruwenzori,1,Mr. Prospector:4x5,0.390625,25.0,0.0,9.375,0.0,0.0,0.0,0.0,12.5,6.25,3.125,6.25,0.0,0.0,6.25,0.0,0.0,0.0,3.125,0.0
2012104884,アースライズ,https://db.netkeiba.com/horse/ped/2012104884/,PASS,マンハッタンカフェ,ライジングクロス Rising Cross,Cape Cross,Sunday Silence,Law Society,Woodrising,Windmill Girl,Sunday Silence,Hail to Reason,Danzig,Northern Dancer,Sunday Silence__X__Danzig,Hail to Reason__X__Northern Dancer,Sunday Silence__X__Windmill Girl,0,,0.0,25.0,3.125,0.0,0.0,0.0,0.0,6.25,12.5,6.25,0.0,0.0,0.0,0.0,0.0,0.0,0.0,0.0,0.0,0.0
2012101989,アンドリエッテ,https://db.netkeiba.com/horse/ped/2012101989/,PASS,Deep Impact,アナバシュドチャーム Unabashed Charm,Silver Deputy,Sunday Silence,Alzao,Unbridled Hope,Len's Determined,Deep Impact,Hail to Reason,Deputy Minister,Northern Dancer,Deep Impact__X__Deputy Minister,Hail to Reason__X__Northern Dancer,Deep Impact__X__Len's Determined,2,Mr. Prospector:4x5;Northern Dancer:5x5,0.1953125,25.0,6.25,9.375,0.0,0.0,0.0,0.0,12.5,6.25,0.0,0.0,0.0,0.0,0.0,12.5,0.0,6.25,3.125,0.0
2012104669,ルージュバック,https://db.netkeiba.com/horse/ped/2012104669/,PASS,マンハッタンカフェ,ジンジャーパンチ Ginger Punch,Awesome Again,Sunday Silence,Law Society,Nappelon,Angelines Choice,Sunday Silence,Hail to Reason,Deputy Minister,Northern Dancer,Sunday Silence__X__Deputy Minister,Hail to Reason__X__Northern Dancer,Sunday Silence__X__Angelines Choice,2,Boldnesian:5x5;Promised Land:5x5,0.390625,25.0,3.125,3.125,0.0,0.0,0.0,0.0,12.5,6.25,0.0,0.0,0.0,0.0,0.0,12.5,0.0,0.0,0.0,0.0
2012105999,トーセンラーク,https://db.netkeiba.com/horse/ped/2012105999/,PASS,アルデバランII Aldebaran,タケイチゼット,タバスコキャット Tabasco Cat,Mr. Prospector,Private Account,タケイチイチホース,Believe Me,Mr. Prospector,Native Dancer,Storm Cat,Northern Dancer,Mr. Prospector__X__Storm Cat,Native Dancer__X__Northern Dancer,Mr. Prospector__X__Believe Me,1,Northern Dancer:5x5x5,0.390625,6.25,9.375,25.0,0.0,0.0,0.0,0.0,3.125,0.0,0.0,0.0,0.0,0.0,12.5,0.0,0.0,0.0,12.5,6.25
2012103224,ノットフォーマル,https://db.netkeiba.com/horse/ped/2012103224/,PASS,ヴァーミリアン,リミッターブレイク,マンハッタンカフェ,エルコンドルパサー,Sunday Silence,トロフィーポイント Trophy Point,Broadway,Kingmambo,Native Dancer,Sunday Silence,Hail to Reason,Kingmambo__X__Sunday Silence,Native Dancer__X__Hail to Reason,Kingmambo__X__Broadway,8,Cosmah:5x5;Hail to Reason:5x5;Halo:4x4;Mountain Flower:5x5;Northern Dancer:5x5;Sunday Silence:3x3;Understanding:5x5;Wishing Well:4x4,5.46875,25.0,6.25,6.25,12.5,0.0,6.25,0.0,12.5,6.25,3.125,0.0,0.0,3.125,0.0,0.0,0.0,0.0,3.125,0.0
2012104599,クルミナル,https://db.netkeiba.com/horse/ped/2012104599/,PASS,Deep Impact,クルソラ Cursora,Candy Stripes,Sunday Silence,Alzao,Calorica,Casandra Real,Deep Impact,Hail to Reason,Nasrullah,Nasrullah,Deep Impact__X__Nasrullah,Hail to Reason__X__Nasrullah,Deep Impact__X__Casandra Real,3,Goofed:5x5;Lyphard:4x4;Northern Dancer:5x5,1.171875,25.0,6.25,0.0,0.0,0.0,0.0,0.0,12.5,6.25,0.0,0.0,0.0,0.0,0.0,0.0,0.0,12.5,0.0,0.0
2012104551,ダノンメジャー,https://db.netkeiba.com/horse/ped/2012104551/,PASS,ダイワメジャー,ヴィヤダーナ Viyadana,Azamour,Sunday Silence,Northern Taste,Visor,Continue,Sunday Silence,Hail to Reason,Northern Dancer,Northern Dancer,Sunday Silence__X__Northern Dancer,Hail to Reason__X__Northern Dancer,Sunday Silence__X__Continue,3,Natalma:5x5;Nearctic:5x5;Northern Dancer:4x4,1.171875,25.0,12.5,12.5,0.0,3.125,0.0,0.0,12.5,6.25,0.0,0.0,0.0,0.0,0.0,0.0,0.0,0.0,6.25,3.125
2012104652,アダムスブリッジ,https://db.netkeiba.com/horse/ped/2012104652/,PASS,ゼンノロブロイ,シンハリーズ Singhalese,Singspiel,Sunday Silence,マイニング Mining,Baize,Treasure Island,Sunday Silence,Hail to Reason,Sadler's Wells,Northern Dancer,Sunday Silence__X__Sadler's Wells,Hail to Reason__X__Northern Dancer,Sunday Silence__X__Treasure Island,3,Cosmah:4x5;Hail to Reason:4x5;Halo:3x4,2.34375,25.0,3.125,6.25,0.0,0.0,6.25,0.0,18.75,9.375,0.0,0.0,0.0,0.0,0.0,0.0,0.0,0.0,3.125,0.0
2012104118,ミュゼスルタン,https://db.netkeiba.com/horse/ped/2012104118/,PASS,King Kamehameha,アスクデピュティ,フレンチデピュティ French Deputy,Kingmambo,ラストタイクーン Last Tycoon,マルカコマチ,ハニードリーマー,King Kamehameha,Native Dancer,Deputy Minister,Northern Dancer,King Kamehameha__X__Deputy Minister,Native Dancer__X__Northern Dancer,King Kamehameha__X__ハニードリーマー,1,Northern Dancer:5x5x5,0.390625,12.5,9.375,12.5,25.0,0.0,0.0,0.0,6.25,3.125,0.0,0.0,0.0,6.25,0.0,12.5,0.0,0.0,6.25,3.125
2010103963,レコンダイト,https://db.netkeiba.com/horse/ped/2010103963/,PASS,Heart's Cry,モテック Moteck,ラストタイクーン Last Tycoon,Sunday Silence,Tony Bin,Sudaka,Patricienne,Heart's Cry,Hail to Reason,Northern Dancer,Northern Dancer,Heart's Cry__X__Northern Dancer,Hail to Reason__X__Northern Dancer,Heart's Cry__X__Patricienne,4,Milan Mill:5x5;Mill Reef:4x4;Never Bend:5x5;Northern Dancer:4x5,0.390625,25.0,9.375,0.0,0.0,0.0,0.0,0.0,12.5,6.25,0.0,0.0,0.0,0.0,0.0,0.0,12.5,6.25,0.0,0.0
2010104059,アドマイヤスピカ,https://db.netkeiba.com/horse/ped/2010104059/,PASS,King Kamehameha,エルダンジュ,Sunday Silence,Kingmambo,ラストタイクーン Last Tycoon,ガゼルロワイヤル Gazelle Royale,Be True,King Kamehameha,Native Dancer,Sunday Silence,Hail to Reason,King Kamehameha__X__Sunday Silence,Native Dancer__X__Hail to Reason,King Kamehameha__X__Be True,2,Mill Reef:4x5;Northern Dancer:5x5,0.390625,25.0,6.25,12.5,25.0,0.0,0.0,0.0,12.5,6.25,0.0,0.0,0.0,6.25,0.0,0.0,0.0,0.0,6.25,3.125
2008102828,ヴァーゲンザイル,https://db.netkeiba.com/horse/ped/2008102828/,PASS,ネオユニヴァース,クイーンソネット,Northern Taste,Sunday Silence,Kris,エイプリルソネット April Sonnett,Kiasku,Sunday Silence,Hail to Reason,Northern Dancer,Northern Dancer,Sunday Silence__X__Northern Dancer,Hail to Reason__X__Northern Dancer,Sunday Silence__X__Kiasku,2,Almahmoud:5x5;Lady Angela:4x5,0.1953125,25.0,12.5,0.0,0.0,0.0,0.0,0.0,12.5,6.25,0.0,0.0,0.0,0.0,0.0,0.0,0.0,0.0,0.0,3.125
2010103940,ダービーフィズ,https://db.netkeiba.com/horse/ped/2010103940/,PASS,ジャングルポケット,マンハッタンフィズ,Sunday Silence,Tony Bin,Nureyev,サトルチェンジ Subtle Change,Schwarzblaurot,Tony Bin,Tony Bin,Sunday Silence,Hail to Reason,Tony Bin__X__Sunday Silence,Tony Bin__X__Hail to Reason,Tony Bin__X__Schwarzblaurot,0,,0.0,25.0,6.25,0.0,0.0,0.0,0.0,0.0,12.5,6.25,0.0,0.0,0.0,12.5,0.0,0.0,25.0,0.0,0.0,0.0
2008101228,グランデスバル,https://db.netkeiba.com/horse/ped/2008101228/,PASS,アドマイヤジャパン,ミルフォードスバル,ホークアタック Hawk Attack,Sunday Silence,Caerleon,グリーンサムナー,Versification,Sunday Silence,Hail to Reason,Roberto,Hail to Reason,Sunday Silence__X__Roberto,Hail to Reason__X__Hail to Reason,Sunday Silence__X__Versification,2,Hail to Reason:4x5;Northern Dancer:5x5,0.5859375,25.0,6.25,0.0,0.0,6.25,0.0,6.25,12.5,9.375,0.0,0.0,6.25,0.0,0.0,0.0,0.0,0.0,0.0,0.0
2009105989,グランデッツァ,https://db.netkeiba.com/horse/ped/2009105989/,PASS,アグネスタキオン,マルバイユ Marbye,Marju,Sunday Silence,ロイヤルスキー,Hambye,Goosie-Gantlet,Sunday Silence,Hail to Reason,Northern Dancer,Northern Dancer,Sunday Silence__X__Northern Dancer,Hail to Reason__X__Northern Dancer,Sunday Silence__X__Goosie-Gantlet,0,,0.0,25.0,3.125,0.0,0.0,0.0,0.0,0.0,12.5,6.25,0.0,0.0,6.25,0.0,0.0,0.0,0.0,0.0,0.0,0.0
2009101682,トウケイヘイロー,https://db.netkeiba.com/horse/ped/2009101682/,PASS,Halo,ダンスクィーン,ミルジョージ,Sunday Silence,Seeking the Gold,ハイネスポート,Hianne,Halo,Hail to Reason,Nasrullah,Nasrullah,Halo__X__Nasrullah,Hail to Reason__X__Nasrullah,Halo__X__Hianne,4,Halo:1x3;Natalma:5x5;Nearctic:5x5;Northern Dancer:4x4,1.171875,25.0,12.5,6.25,0.0,0.0,0.0,0.0,62.5,6.25,0.0,0.0,0.0,0.0,0.0,0.0,0.0,0.0,3.125,0.0
2010103287,マジェスティハーツ,https://db.netkeiba.com/horse/ped/2010103287/,PASS,Heart's Cry,エアラホーヤ,ボストンハーバー Boston Harbor,Sunday Silence,Tony Bin,テンザンストーム,Natashka,Heart's Cry,Hail to Reason,Seattle Slew,Seattle Slew,Heart's Cry__X__Seattle Slew,Hail to Reason__X__Seattle Slew,Heart's Cry__X__Natashka,1,Northern Dancer:5x5x5,0.390625,25.0,9.375,3.125,0.0,0.0,0.0,0.0,12.5,6.25,6.25,0.0,0.0,0.0,12.5,0.0,12.5,6.25,0.0,0.0
2010103543,エーティータラント,https://db.netkeiba.com/horse/ped/2010103543/,PASS,デュランダル,ヒカルカリーナ,メジロマックイーン,Sunday Silence,Northern Taste,ヒカルパッション,テサロニアン,Sunday Silence,Hail to Reason,メジロマックイーン,メジロマックイーン,Sunday Silence__X__メジロマックイーン,Hail to Reason__X__メジロマックイーン,Sunday Silence__X__テサロニアン,1,Northern Dancer:4x5,0.390625,25.0,9.375,0.0,0.0,0.0,0.0,0.0,12.5,6.25,0.0,0.0,6.25,0.0,0.0,0.0,0.0,0.0,0.0,0.0
2007100107,マックスドリーム,https://db.netkeiba.com/horse/ped/2007100107/,PASS,アドマイヤマックス,ドリーミングレイナ,パラダイスクリーク Paradise Creek,Sunday Silence,Northern Taste,エルレイナ,Schooner,Sunday Silence,Hail to Reason,パラダイスクリーク Paradise Creek,パラダイスクリーク Paradise Creek,Sunday Silence__X__パラダイスクリーク Paradise Creek,Hail to Reason__X__パラダイスクリーク Paradise Creek,Sunday Silence__X__Schooner,1,Northern Dancer:4x5,0.390625,25.0,9.375,0.0,0.0,0.0,0.0,0.0,12.5,6.25,6.25,0.0,0.0,0.0,0.0,0.0,0.0,0.0,0.0,0.0
2010104429,イリュミナンス,https://db.netkeiba.com/horse/ped/2010104429/,PASS,マンハッタンカフェ,スキッフル,Tony Bin,Sunday Silence,Law Society,ザスキート The Skeat,Luminant,Sunday Silence,Hail to Reason,Tony Bin,Tony Bin,Sunday Silence__X__Tony Bin,Hail to Reason__X__Tony Bin,Sunday Silence__X__Luminant,0,,0.0,25.0,6.25,0.0,0.0,0.0,0.0,0.0,12.5,6.25,0.0,0.0,0.0,12.5,0.0,0.0,25.0,0.0,0.0,0.0
2010104274,シャトーブランシュ,https://db.netkeiba.com/horse/ped/2010104274/,PASS,Halo,ブランシェリー,Tony Bin,ダンシングブレーヴ Dancing Brave,Halo,メゾンブランシュ,Belle de Retz,Halo,Hail to Reason,Tony Bin,Tony Bin,Halo__X__Tony Bin,Hail to Reason__X__Tony Bin,Halo__X__Belle de Retz,3,Halo:1x2x3;Northern Dancer:4x5;Sir Gaylord:5x5,0.390625,0.0,9.375,0.0,0.0,0.0,0.0,0.0,87.5,6.25,0.0,0.0,0.0,6.25,0.0,0.0,25.0,12.5,0.0,0.0
2011104105,バウンスシャッセ,https://db.netkeiba.com/horse/ped/2011104105/,PASS,ゼンノロブロイ,リッチダンサー Rich Dancer,Halling,Sunday Silence,マイニング Mining,Fairy Flight,Invermore,Sunday Silence,Hail to Reason,Halling,Halling,Sunday Silence__X__Halling,Hail to Reason__X__Halling,Sunday Silence__X__Invermore,0,,0.0,25.0,6.25,6.25,0.0,0.0,0.0,0.0,12.5,6.25,0.0,0.0,3.125,0.0,0.0,0.0,0.0,0.0,3.125,0.0
2008101162,ベリーフィールズ,https://db.netkeiba.com/horse/ped/2008101162/,PASS,オペラハウス Opera House,レディストロベリー,Caerleon,Sadler's Wells,High Top,Juniper Berry,Queensberry,Sadler's Wells,Northern Dancer,Nijinsky,Northern Dancer,Sadler's Wells__X__Nijinsky,Northern Dancer__X__Northern Dancer,Sadler's Wells__X__Queensberry,4,Hail to Reason:5x5;Natalma:4x5;Nearctic:4x5;Northern Dancer:3x4x5,3.3203125,0.0,21.875,0.0,0.0,0.0,25.0,0.0,0.0,6.25,0.0,0.0,12.5,0.0,0.0,0.0,0.0,0.0,0.0,3.125
2009100977,フィロパトール,https://db.netkeiba.com/horse/ped/2009100977/,PASS,ジャングルポケット,ワイルドリリー,Wild Again,Tony Bin,Nureyev,クリヨン,Running Account,Tony Bin,Tony Bin,Nearco,Nearco,Tony Bin__X__Nearco,Tony Bin__X__Nearco,Tony Bin__X__Running Account,3,Hyperion:5x5;Nearctic:4x5;Northern Dancer:4x5,0.9765625,0.0,9.375,0.0,0.0,0.0,0.0,0.0,0.0,0.0,0.0,0.0,6.25,12.5,0.0,0.0,25.0,0.0,0.0,3.125
2010104124,レッドセシリア,https://db.netkeiba.com/horse/ped/2010104124/,PASS,Heart's Cry,サセッティ Sasetti,Selkirk,Sunday Silence,Tony Bin,My Potters,Miss Muffet,Heart's Cry,Hail to Reason,Native Dancer,Native Dancer,Heart's Cry__X__Native Dancer,Hail to Reason__X__Native Dancer,Heart's Cry__X__Miss Muffet,3,Bupers:4x5;My Bupers:3x4;Princess Revoked:4x5,2.34375,25.0,3.125,0.0,0.0,0.0,0.0,0.0,12.5,6.25,0.0,0.0,0.0,0.0,0.0,0.0,12.5,6.25,0.0,3.125
2011103890,リラヴァティ,https://db.netkeiba.com/horse/ped/2011103890/,PASS,ゼンノロブロイ,シンハリーズ Singhalese,Singspiel,Sunday Silence,マイニング Mining,Baize,Treasure Island,Sunday Silence,Hail to Reason,Sadler's Wells,Northern Dancer,Sunday Silence__X__Sadler's Wells,Hail to Reason__X__Northern Dancer,Sunday Silence__X__Treasure Island,3,Cosmah:4x5;Hail to Reason:4x5;Halo:3x4,2.34375,25.0,3.125,6.25,0.0,0.0,6.25,0.0,18.75,9.375,0.0,0.0,0.0,0.0,0.0,0.0,0.0,0.0,3.125,0.0
2009106185,グレイスフラワー,https://db.netkeiba.com/horse/ped/2009106185/,PASS,ダイワメジャー,ジャッキーテースト,カーネギー Carnegie,Sunday Silence,Northern Taste,ジャッキーマックス Jacky Max,Summerhill,Sunday Silence,Hail to Reason,Sadler's Wells,Northern Dancer,Sunday Silence__X__Sadler's Wells,Hail to Reason__X__Northern Dancer,Sunday Silence__X__Summerhill,3,Natalma:5x5;Nearctic:5x5;Northern Dancer:4x4,1.171875,25.0,12.5,0.0,0.0,0.0,12.5,0.0,12.5,6.25,0.0,0.0,0.0,0.0,0.0,0.0,0.0,0.0,0.0,0.0
2010103821,フェリーチェレガロ,https://db.netkeiba.com/horse/ped/2010103821/,PASS,マンハッタンカフェ,チャッターリップス,Lyphard,Sunday Silence,Law Society,チャッターボックス,グレートターフ,Sunday Silence,Hail to Reason,Lyphard,Northern Dancer,Sunday Silence__X__Lyphard,Hail to Reason__X__Northern Dancer,Sunday Silence__X__グレートターフ,2,Lyphard:2x3;Northern Dancer:4x5,0.0,25.0,9.375,0.0,0.0,0.0,0.0,0.0,12.5,6.25,0.0,0.0,0.0,0.0,0.0,0.0,0.0,37.5,0.0,0.0
2009105230,メイショウスザンナ,https://db.netkeiba.com/horse/ped/2009105230/,PASS,アグネスデジタル,グリーンオリーヴ,Sunday Silence,Crafty Prospector,Chief's Crown,メイショウスキー,Royale,Mr. Prospector,Native Dancer,Sunday Silence,Hail to Reason,Mr. Prospector__X__Sunday Silence,Native Dancer__X__Hail to Reason,Mr. Prospector__X__Royale,1,Northern Dancer:5x5,0.1953125,25.0,6.25,12.5,0.0,0.0,0.0,6.25,12.5,6.25,0.0,0.0,6.25,0.0,0.0,0.0,0.0,0.0,6.25,3.125
2011103832,マリアライト,https://db.netkeiba.com/horse/ped/2011103832/,PASS,Deep Impact,クリソプレーズ,エルコンドルパサー,Sunday Silence,Alzao,キャサリーンパー Catherine Parr,Royal Arrival,Deep Impact,Hail to Reason,Kingmambo,Native Dancer,Deep Impact__X__Kingmambo,Hail to Reason__X__Native Dancer,Deep Impact__X__Royal Arrival,1,Northern Dancer:5x5,0.1953125,25.0,6.25,6.25,12.5,0.0,6.25,0.0,12.5,6.25,3.125,0.0,0.0,3.125,0.0,0.0,0.0,6.25,3.125,0.0
2008100266,パワースポット,https://db.netkeiba.com/horse/ped/2008100266/,PASS,スズカマンボ,セクシーシューズ,パラダイスクリーク Paradise Creek,Sunday Silence,Kingmambo,ベルパローレ,Vive La Reine,Sunday Silence,Hail to Reason,パラダイスクリーク Paradise Creek,パラダイスクリーク Paradise Creek,Sunday Silence__X__パラダイスクリーク Paradise Creek,Hail to Reason__X__パラダイスクリーク Paradise Creek,Sunday Silence__X__Vive La Reine,2,Northern Dancer:5x5x5;Nureyev:4x5,0.78125,25.0,9.375,6.25,12.5,0.0,0.0,0.0,12.5,6.25,0.0,0.0,6.25,9.375,0.0,0.0,0.0,3.125,3.125,0.0
2010102263,カノン,https://db.netkeiba.com/horse/ped/2010102263/,PASS,フォーティナイナーズサン Fourty Niners Son,ピアノレッスン,メジロティターン,Distorted Humor,Alleged,サングリーン,ナンゲツ,Mr. Prospector,Native Dancer,メジロティターン,メジロティターン,Mr. Prospector__X__メジロティターン,Native Dancer__X__メジロティターン,Mr. Prospector__X__ナンゲツ,3,Danzig:3x4;Mr. Prospector:4x5;Tom Rolfe:5x5,0.0,0.0,3.125,9.375,0.0,0.0,0.0,18.75,0.0,0.0,0.0,0.0,0.0,0.0,0.0,0.0,0.0,0.0,3.125,0.0
2009101057,アドマイヤギャラン,https://db.netkeiba.com/horse/ped/2009101057/,PASS,Heart's Cry,マイダイナマイト,ダイナマイトダディ,Sunday Silence,Tony Bin,ミロク,ミスオンワード,Heart's Cry,Hail to Reason,ダイナマイトダディ,ダイナマイトダディ,Heart's Cry__X__ダイナマイトダディ,Hail to Reason__X__ダイナマイトダディ,Heart's Cry__X__ミスオンワード,1,Northern Dancer:5x5,0.1953125,25.0,6.25,0.0,0.0,0.0,0.0,0.0,12.5,6.25,0.0,0.0,0.0,0.0,0.0,0.0,12.5,6.25,0.0,0.0
2010105925,ウインプリメーラ,https://db.netkeiba.com/horse/ped/2010105925/,PASS,Stay Gold,エリモプリティー,フォーティナイナー Forty Niner,Sunday Silence,ディクタス Dictus,ストックスアップ Stocks Up,Las Olas,Stay Gold,Hail to Reason,Mr. Prospector,Native Dancer,Stay Gold__X__Mr. Prospector,Hail to Reason__X__Native Dancer,Stay Gold__X__Las Olas,2,Hail to Reason:4x5;Raise a Native:4x5,0.390625,25.0,3.125,12.5,0.0,6.25,0.0,0.0,12.5,9.375,0.0,0.0,0.0,0.0,0.0,0.0,0.0,0.0,9.375,3.125
2011103748,トーセンスターダム,https://db.netkeiba.com/horse/ped/2011103748/,PASS,Deep Impact,アドマイヤキラメキ,エンドスウィープ End Sweep,Sunday Silence,Alzao,エヴリウィスパー,Political Payoff,Deep Impact,Hail to Reason,Mr. Prospector,Native Dancer,Deep Impact__X__Mr. Prospector,Hail to Reason__X__Native Dancer,Deep Impact__X__Political Payoff,2,Mr. Prospector:4x5;Northern Dancer:4x5x5,0.5859375,25.0,12.5,9.375,0.0,0.0,0.0,0.0,12.5,6.25,0.0,0.0,0.0,0.0,0.0,0.0,0.0,6.25,3.125,0.0
2011105072,ワンアンドオンリー,https://db.netkeiba.com/horse/ped/2011105072/,PASS,Heart's Cry,ヴァーチュ,タイキシャトル,Sunday Silence,Tony Bin,サンタムール,Courtly Dee,Heart's Cry,Hail to Reason,Halo,Hail to Reason,Heart's Cry__X__Halo,Hail to Reason__X__Hail to Reason,Heart's Cry__X__Courtly Dee,4,Cosmah:4x5;Hail to Reason:4x5;Halo:3x4;Northern Dancer:4x5,2.734375,25.0,9.375,6.25,0.0,0.0,0.0,12.5,18.75,9.375,0.0,0.0,3.125,0.0,0.0,0.0,12.5,6.25,3.125,0.0
2010104211,ディアデラマドレ,https://db.netkeiba.com/horse/ped/2010104211/,PASS,King Kamehameha,ディアデラノビア,Sunday Silence,Kingmambo,ラストタイクーン Last Tycoon,ポトリザリス Potrizaris,Zaris,King Kamehameha,Native Dancer,Sunday Silence,Hail to Reason,King Kamehameha__X__Sunday Silence,Native Dancer__X__Hail to Reason,King Kamehameha__X__Zaris,2,Northern Dancer:5x5;Raise a Native:4x5,0.390625,25.0,6.25,12.5,25.0,0.0,0.0,0.0,12.5,6.25,0.0,0.0,0.0,6.25,0.0,0.0,0.0,0.0,9.375,3.125
2011104201,ヌーヴォレコルト,https://db.netkeiba.com/horse/ped/2011104201/,PASS,Heart's Cry,オメガスピリット,スピニングワールド Spinning World,Sunday Silence,Tony Bin,ファーガーズプロスペクト Fager's Prospect,Native Street,Heart's Cry,Hail to Reason,Nureyev,Northern Dancer,Heart's Cry__X__Nureyev,Hail to Reason__X__Northern Dancer,Heart's Cry__X__Native Street,1,Northern Dancer:4x5x5,0.5859375,25.0,12.5,6.25,0.0,0.0,0.0,6.25,12.5,6.25,0.0,0.0,0.0,12.5,0.0,0.0,12.5,6.25,3.125,0.0
2011100482,トーホウジャッカル,https://db.netkeiba.com/horse/ped/2011100482/,PASS,スペシャルウィーク,トーホウガイア,Unbridled's Song,Sunday Silence,マルゼンスキー,Agami,Cequillo,Sunday Silence,Hail to Reason,Mr. Prospector,Native Dancer,Sunday Silence__X__Mr. Prospector,Hail to Reason__X__Native Dancer,Sunday Silence__X__Cequillo,2,Nearctic:5x5;Northern Dancer:4x5,0.390625,25.0,9.375,3.125,0.0,0.0,0.0,0.0,12.5,6.25,0.0,0.0,6.25,12.5,0.0,0.0,0.0,0.0,3.125,0.0
2008103120,フラアンジェリコ,https://db.netkeiba.com/horse/ped/2008103120/,PASS,ネオユニヴァース,カーリーエンジェル,ジャッジアンジェルーチ Judge Angelucci,Sunday Silence,Kris,ダイナカール,Feather Ball,Sunday Silence,Hail to Reason,ジャッジアンジェルーチ Judge Angelucci,ジャッジアンジェルーチ Judge Angelucci,Sunday Silence__X__ジャッジアンジェルーチ Judge Angelucci,Hail to Reason__X__ジャッジアンジェルーチ Judge Angelucci,Sunday Silence__X__Feather Ball,1,Victoria Park:4x5,0.0,25.0,6.25,0.0,0.0,0.0,0.0,0.0,12.5,6.25,0.0,0.0,0.0,0.0,0.0,0.0,0.0,0.0,0.0,0.0
2009106344,マデイラ,https://db.netkeiba.com/horse/ped/2009106344/,PASS,クロフネ,マチカネエンジイロ,Sunday Silence,フレンチデピュティ French Deputy,Classic Go Go,マチカネササメユキ,Best in Show,Deputy Minister,Northern Dancer,Sunday Silence,Hail to Reason,Deputy Minister__X__Sunday Silence,Northern Dancer__X__Hail to Reason,Deputy Minister__X__Best in Show,2,Buckpasser:5x5;Northern Dancer:5x5,0.1953125,25.0,6.25,6.25,0.0,3.125,0.0,0.0,12.5,6.25,0.0,0.0,6.25,0.0,0.0,12.5,0.0,0.0,3.125,0.0
2012102774,ヤマカツエース,https://db.netkeiba.com/horse/ped/2012102774/,PASS,King Kamehameha,ヤマカツマリリン,グラスワンダー,Kingmambo,ラストタイクーン Last Tycoon,イクセプトフォーワンダ Except for Wanda,Vice and Virtue,King Kamehameha,Native Dancer,Roberto,Hail to Reason,King Kamehameha__X__Roberto,Native Dancer__X__Hail to Reason,King Kamehameha__X__Vice and Virtue,1,Northern Dancer:5x5x5,0.390625,0.0,9.375,12.5,25.0,6.25,0.0,6.25,0.0,3.125,0.0,0.0,0.0,6.25,0.0,6.25,0.0,0.0,6.25,3.125
2009106171,エックスマーク,https://db.netkeiba.com/horse/ped/2009106171/,PASS,Deep Impact,ショアー Shoah,Acatenango,Sunday Silence,Alzao,So Sedulous,Rosemarin,Deep Impact,Hail to Reason,Acatenango,Acatenango,Deep Impact__X__Acatenango,Hail to Reason__X__Acatenango,Deep Impact__X__Rosemarin,1,Northern Dancer:4x5,0.390625,25.0,9.375,0.0,0.0,0.0,0.0,0.0,12.5,6.25,0.0,0.0,0.0,0.0,0.0,0.0,0.0,6.25,0.0,0.0
2009105739,サトノプライマシー,https://db.netkeiba.com/horse/ped/2009105739/,PASS,ネオユニヴァース,エアピース,ティンバーカントリー Timber Country,Sunday Silence,Kris,ジョイアスピルエット Joyous Pirouette,Plum Cake,Sunday Silence,Hail to Reason,Mr. Prospector,Native Dancer,Sunday Silence__X__Mr. Prospector,Hail to Reason__X__Native Dancer,Sunday Silence__X__Plum Cake,0,,0.0,25.0,6.25,6.25,0.0,0.0,0.0,0.0,12.5,6.25,0.0,0.0,0.0,12.5,0.0,0.0,0.0,0.0,3.125,0.0
2008102819,リベルタス,https://db.netkeiba.com/horse/ped/2008102819/,PASS,Deep Impact,カーリング Carling,Garde Royale,Sunday Silence,Alzao,Corraleja,Comfort,Deep Impact,Hail to Reason,Nasrullah,Nasrullah,Deep Impact__X__Nasrullah,Hail to Reason__X__Nasrullah,Deep Impact__X__Comfort,0,,0.0,25.0,3.125,0.0,0.0,0.0,0.0,0.0,12.5,6.25,0.0,0.0,0.0,0.0,0.0,0.0,0.0,6.25,0.0,0.0
2010110014,レッドレイヴン,https://db.netkeiba.com/horse/ped/2010110014/,PASS,Smart Strike,Wonder Again,Silver Hawk,Mr. Prospector,Smarten,Ameriflora,Soaring,Mr. Prospector,Native Dancer,Roberto,Hail to Reason,Mr. Prospector__X__Roberto,Native Dancer__X__Hail to Reason,Mr. Prospector__X__Soaring,3,Nashua:4x5;Raise a Native:3x5;Turn-to:5x5,1.3671875,0.0,6.25,25.0,0.0,12.5,0.0,12.5,0.0,6.25,0.0,0.0,0.0,0.0,0.0,0.0,0.0,0.0,15.625,6.25
2008102865,ツクバコガネオー,https://db.netkeiba.com/horse/ped/2008102865/,PASS,King Kamehameha,シンディ Sindy,A.P. Indy,Kingmambo,ラストタイクーン Last Tycoon,Dance Design,Alive Alivo,King Kamehameha,Native Dancer,A.P. Indy,Seattle Slew,King Kamehameha__X__A.P. Indy,Native Dancer__X__Seattle Slew,King Kamehameha__X__Alive Alivo,2,Northern Dancer:4x5x5;Special:5x5,0.9765625,0.0,12.5,12.5,25.0,0.0,12.5,0.0,0.0,0.0,12.5,25.0,0.0,6.25,0.0,0.0,0.0,0.0,6.25,3.125
2009106545,ナリタスーパーワン,https://db.netkeiba.com/horse/ped/2009106545/,PASS,ウォーエンブレム War Emblem,マルセイユキャット,フレンチデピュティ French Deputy,Our Emblem,Lord at War,ストレイキャット,Pia's Lady,Mr. Prospector,Native Dancer,Deputy Minister,Northern Dancer,Mr. Prospector__X__Deputy Minister,Native Dancer__X__Northern Dancer,Mr. Prospector__X__Pia's Lady,2,Mr. Prospector:3x5;Northern Dancer:5x5,0.78125,0.0,6.25,15.625,0.0,0.0,0.0,0.0,0.0,0.0,0.0,0.0,0.0,0.0,12.5,12.5,0.0,0.0,6.25,3.125
2011100796,マローブルー,https://db.netkeiba.com/horse/ped/2011100796/,PASS,Deep Impact,リラックススマイル,Dubai Destination,Sunday Silence,Alzao,ヴェルヴェットクイーン Velvet Queen,Balilla,Deep Impact,Hail to Reason,Kingmambo,Native Dancer,Deep Impact__X__Kingmambo,Hail to Reason__X__Native Dancer,Deep Impact__X__Balilla,1,Halo:3x5,0.78125,25.0,3.125,6.25,12.5,0.0,3.125,3.125,15.625,6.25,3.125,0.0,0.0,3.125,0.0,0.0,0.0,6.25,3.125,0.0
2010103780,ノボリディアーナ,https://db.netkeiba.com/horse/ped/2010103780/,PASS,フレンチデピュティ French Deputy,スターリーロマンス,Sunday Silence,Deputy Minister,Hold Your Peace,ミルレーサー Millracer,Milan Mill,Deputy Minister,Northern Dancer,Sunday Silence,Hail to Reason,Deputy Minister__X__Sunday Silence,Northern Dancer__X__Hail to Reason,Deputy Minister__X__Milan Mill,0,,0.0,25.0,6.25,0.0,0.0,0.0,0.0,0.0,12.5,6.25,0.0,0.0,0.0,0.0,0.0,25.0,0.0,0.0,0.0,0.0
2010104344,ジャイアントリープ,https://db.netkeiba.com/horse/ped/2010104344/,PASS,ネオユニヴァース,ラフィントレイル,エルコンドルパサー,Sunday Silence,Kris,ファビラスラフイン,Deesse des Mers,Sunday Silence,Hail to Reason,Kingmambo,Native Dancer,Sunday Silence__X__Kingmambo,Hail to Reason__X__Native Dancer,Sunday Silence__X__Deesse des Mers,1,Northern Dancer:4x5,0.0,25.0,9.375,6.25,12.5,0.0,6.25,0.0,12.5,6.25,3.125,0.0,0.0,3.125,0.0,0.0,0.0,0.0,3.125,0.0
2010101988,スワンボート,https://db.netkeiba.com/horse/ped/2010101988/,PASS,Halo,オンワードスワン,ティッカネン Tikkanen,ダンシングブレーヴ Dancing Brave,Halo,オンワードシェーン,Sylvan Wood,Halo,Hail to Reason,ティッカネン Tikkanen,ティッカネン Tikkanen,Halo__X__ティッカネン Tikkanen,Hail to Reason__X__ティッカネン Tikkanen,Halo__X__Sylvan Wood,3,Halo:1x2x3;Northern Dancer:4x5;Sir Gaylord:5x5,0.390625,0.0,9.375,0.0,0.0,0.0,0.0,0.0,87.5,6.25,0.0,0.0,0.0,0.0,0.0,0.0,0.0,12.5,0.0,0.0
2011104628,ハナズリベンジ,https://db.netkeiba.com/horse/ped/2011104628/,PASS,Heart's Cry,トロピカルフラワー,サクラバクシンオー,Sunday Silence,Tony Bin,クリスタルトロフィ,ミスオーハヤブサ,Heart's Cry,Hail to Reason,サクラバクシンオー,サクラバクシンオー,Heart's Cry__X__サクラバクシンオー,Hail to Reason__X__サクラバクシンオー,Heart's Cry__X__ミスオーハヤブサ,2,Northern Dancer:5x5;Princely Gift:5x5,0.1953125,25.0,6.25,0.0,0.0,0.0,0.0,0.0,12.5,6.25,0.0,0.0,0.0,0.0,0.0,0.0,12.5,6.25,0.0,0.0
2008100500,サクラアルディート,https://db.netkeiba.com/horse/ped/2008100500/,PASS,Deep Impact,セダンフォーエバー,マルゼンスキー,Sunday Silence,Alzao,サクラセダン,Fille de Salut,Deep Impact,Hail to Reason,Nijinsky,Northern Dancer,Deep Impact__X__Nijinsky,Hail to Reason__X__Northern Dancer,Deep Impact__X__Fille de Salut,1,Northern Dancer:4x5,0.390625,25.0,9.375,0.0,0.0,0.0,0.0,0.0,12.5,6.25,0.0,0.0,12.5,0.0,0.0,0.0,0.0,6.25,0.0,0.0
2009100295,ユキノサムライ,https://db.netkeiba.com/horse/ped/2009100295/,PASS,バゴ Bago,ヒメ,ダンスインザダーク,Nashwan,Nureyev,プレミアムショール,Magic,Nasrullah,Nasrullah,Sunday Silence,Hail to Reason,Nasrullah__X__Sunday Silence,Nasrullah__X__Hail to Reason,Nasrullah__X__Magic,4,Halo:4x5;Natalma:5x5;Nearctic:5x5;Northern Dancer:4x4x5,1.953125,12.5,15.625,6.25,0.0,0.0,0.0,0.0,9.375,3.125,0.0,0.0,6.25,12.5,0.0,0.0,0.0,0.0,3.125,0.0
2009106351,ファントムライト,https://db.netkeiba.com/horse/ped/2009106351/,PASS,オペラハウス Opera House,マリーシャンタル,Sunday Silence,Sadler's Wells,High Top,ダイナカール,Feather Ball,Sadler's Wells,Northern Dancer,Sunday Silence,Hail to Reason,Sadler's Wells__X__Sunday Silence,Northern Dancer__X__Hail to Reason,Sadler's Wells__X__Feather Ball,6,Almahmoud:5x5;Hail to Reason:4x5;Lady Angela:5x5;Natalma:4x5;Nearctic:4x5;Northern Dancer:3x4,3.125,25.0,18.75,0.0,0.0,0.0,25.0,0.0,12.5,9.375,0.0,0.0,0.0,0.0,0.0,0.0,0.0,0.0,0.0,3.125
2009105855,ロンギングダンサー,https://db.netkeiba.com/horse/ped/2009105855/,PASS,シンボリクリスエス,ダンスパートナー,Sunday Silence,Kris S.,Gold Meridian,ダンシングキイ,Dinner Partner,Roberto,Hail to Reason,Sunday Silence,Hail to Reason,Roberto__X__Sunday Silence,Hail to Reason__X__Hail to Reason,Roberto__X__Dinner Partner,3,Hail to Reason:4x4;Nothirdchance:5x5;Turn-to:5x5,1.171875,25.0,6.25,0.0,0.0,12.5,0.0,0.0,12.5,12.5,6.25,0.0,12.5,0.0,0.0,0.0,0.0,0.0,3.125,0.0
2010109147,スイートサルサ,https://db.netkeiba.com/horse/ped/2010109147/,PASS,デュランダル,スイートハビタット,Grand Lodge,Sunday Silence,Northern Taste,Lindesberg,Principia,Sunday Silence,Hail to Reason,Danzig,Northern Dancer,Sunday Silence__X__Danzig,Hail to Reason__X__Northern Dancer,Sunday Silence__X__Principia,2,Habitat:4x5;Northern Dancer:4x5,0.390625,25.0,9.375,0.0,0.0,0.0,0.0,6.25,12.5,6.25,0.0,0.0,0.0,0.0,0.0,0.0,0.0,0.0,0.0,0.0
2011103741,メドウラーク,https://db.netkeiba.com/horse/ped/2011103741/,PASS,タニノギムレット,アゲヒバリ,クロフネ,ブライアンズタイム Brian's Time,クリスタルパレス Crystal Palace,トゥザヴィクトリー,Likely Exchange,Roberto,Hail to Reason,Deputy Minister,Northern Dancer,Roberto__X__Deputy Minister,Hail to Reason__X__Northern Dancer,Roberto__X__Likely Exchange,2,Graustark:4x5;Hail to Reason:4x5,0.390625,12.5,3.125,0.0,0.0,12.5,0.0,0.0,6.25,9.375,0.0,0.0,0.0,6.25,0.0,6.25,0.0,0.0,0.0,0.0
2012104552,アヴニールマルシェ,https://db.netkeiba.com/horse/ped/2012104552/,PASS,Deep Impact,ヴィートマルシェ,フレンチデピュティ French Deputy,Sunday Silence,Alzao,キョウエイマーチ,トミニシキ,Deep Impact,Hail to Reason,Deputy Minister,Northern Dancer,Deep Impact__X__Deputy Minister,Hail to Reason__X__Northern Dancer,Deep Impact__X__トミニシキ,3,Goofed:5x5;Lyphard:4x4;Northern Dancer:5x5x5,1.3671875,25.0,9.375,0.0,0.0,0.0,0.0,0.0,12.5,6.25,0.0,0.0,0.0,0.0,0.0,12.5,0.0,12.5,0.0,0.0
2012104139,ウイングチップ,https://db.netkeiba.com/horse/ped/2012104139/,PASS,シンボリクリスエス,ウイングレット,タイキシャトル,Kris S.,Gold Meridian,エアウイングス,Prodana Neviesta,Roberto,Hail to Reason,Halo,Hail to Reason,Roberto__X__Halo,Hail to Reason__X__Hail to Reason,Roberto__X__Prodana Neviesta,4,Cosmah:5x5;Hail to Reason:4x5x5;Halo:4x4;Nijinsky:5x5,0.78125,12.5,0.0,0.0,0.0,12.5,0.0,0.0,12.5,12.5,6.25,0.0,6.25,0.0,0.0,0.0,0.0,0.0,0.0,0.0
2012104777,ジュンツバサ,https://db.netkeiba.com/horse/ped/2012104777/,PASS,Stay Gold,ピンクガーター,アフリート Afleet,Sunday Silence,ディクタス Dictus,オーピーキャット O. P. Cat,Thelma Berger,Stay Gold,Hail to Reason,Mr. Prospector,Native Dancer,Stay Gold__X__Mr. Prospector,Hail to Reason__X__Native Dancer,Stay Gold__X__Thelma Berger,1,Northern Dancer:5x5,0.1953125,25.0,6.25,12.5,0.0,0.0,0.0,0.0,12.5,6.25,0.0,0.0,0.0,0.0,12.5,0.0,0.0,0.0,6.25,3.125
2012104475,ロッカフェスタ,https://db.netkeiba.com/horse/ped/2012104475/,PASS,マンハッタンカフェ,ルンバロッカ Rumba Loca,Sri Pekan,Sunday Silence,Law Society,Rumba Azul,Grey Fleck,Sunday Silence,Hail to Reason,Roberto,Hail to Reason,Sunday Silence__X__Roberto,Hail to Reason__X__Hail to Reason,Sunday Silence__X__Grey Fleck,1,Hail to Reason:4x5,0.390625,25.0,6.25,0.0,0.0,6.25,0.0,0.0,12.5,9.375,0.0,0.0,0.0,0.0,0.0,0.0,0.0,0.0,3.125,0.0
2012102361,ミュゼゴースト,https://db.netkeiba.com/horse/ped/2012102361/,PASS,バゴ Bago,トリプルタイム,リアルシャダイ Real Shadai,Nashwan,Nureyev,シェナンドアワルツ,マルセイユ,Nasrullah,Nasrullah,Roberto,Hail to Reason,Nasrullah__X__Roberto,Nasrullah__X__Hail to Reason,Nasrullah__X__マルセイユ,1,Northern Dancer:4x5,0.390625,0.0,9.375,6.25,0.0,12.5,0.0,0.0,3.125,6.25,0.0,0.0,6.25,12.5,0.0,0.0,0.0,0.0,3.125,0.0
2012104541,グリュイエール,https://db.netkeiba.com/horse/ped/2012104541/,PASS,Deep Impact,ウィンターコスモス,King Kamehameha,Sunday Silence,Alzao,ミスパスカリ,コレラ,Deep Impact,Hail to Reason,King Kamehameha,Native Dancer,Deep Impact__X__King Kamehameha,Hail to Reason__X__Native Dancer,Deep Impact__X__コレラ,1,Mr. Prospector:4x5,0.0,25.0,3.125,9.375,12.5,0.0,0.0,0.0,12.5,6.25,0.0,0.0,0.0,3.125,0.0,0.0,0.0,6.25,3.125,0.0
2012104142,ブランドベルグ,https://db.netkeiba.com/horse/ped/2012104142/,PASS,ネオユニヴァース,ウィンドハック Windhuk,Platini,Sunday Silence,Kris,Waconda,Ponte Vecchio,Sunday Silence,Hail to Reason,Platini,Platini,Sunday Silence__X__Platini,Hail to Reason__X__Platini,Sunday Silence__X__Ponte Vecchio,1,Reliance:5x5,0.1953125,25.0,0.0,0.0,0.0,0.0,0.0,0.0,12.5,6.25,0.0,0.0,0.0,0.0,0.0,0.0,0.0,0.0,0.0,0.0
2010104294,セキショウ,https://db.netkeiba.com/horse/ped/2010104294/,PASS,シンボリクリスエス,ホーネットピアス,Sunday Silence,Kris S.,Gold Meridian,ダイナシュート,Fanciful Miss,Roberto,Hail to Reason,Sunday Silence,Hail to Reason,Roberto__X__Sunday Silence,Hail to Reason__X__Hail to Reason,Roberto__X__Fanciful Miss,3,Hail to Reason:4x4;Nothirdchance:5x5;Turn-to:5x5,1.171875,25.0,6.25,0.0,0.0,12.5,0.0,0.0,12.5,12.5,6.25,0.0,0.0,0.0,0.0,0.0,0.0,0.0,0.0,0.0
2012104491,サンライズセンス,https://db.netkeiba.com/horse/ped/2012104491/,PASS,グラスワンダー,レミニセンス,Sunday Silence,Silver Hawk,Danzig,グレイエミネンス,Twill,Roberto,Hail to Reason,Sunday Silence,Hail to Reason,Roberto__X__Sunday Silence,Hail to Reason__X__Hail to Reason,Roberto__X__Twill,3,Hail to Reason:4x4;Nothirdchance:5x5;Turn-to:5x5,1.171875,25.0,6.25,0.0,0.0,12.5,0.0,12.5,12.5,12.5,0.0,0.0,0.0,0.0,0.0,0.0,12.5,0.0,3.125,0.0
2012104519,レッドソロモン,https://db.netkeiba.com/horse/ped/2012104519/,PASS,メイショウサムソン,アドマイヤリッチ,Sunday Silence,オペラハウス Opera House,ダンシングブレーヴ Dancing Brave,レース Lace,Native Partner,Sadler's Wells,Northern Dancer,Sunday Silence,Hail to Reason,Sadler's Wells__X__Sunday Silence,Northern Dancer__X__Hail to Reason,Sadler's Wells__X__Native Partner,1,Northern Dancer:4x5x5,0.5859375,25.0,12.5,6.25,0.0,0.0,12.5,0.0,12.5,6.25,0.0,0.0,6.25,0.0,0.0,0.0,0.0,6.25,3.125,0.0
2012104792,ジュンスパーヒカル,https://db.netkeiba.com/horse/ped/2012104792/,PASS,ファルブラヴ Falbrav,フラッシュウェーブ,Sunday Silence,Fairy King,Slewpy,プラチナウェーブ Platinum Wave,Capelet,Northern Dancer,Northern Dancer,Sunday Silence,Hail to Reason,Northern Dancer__X__Sunday Silence,Northern Dancer__X__Hail to Reason,Northern Dancer__X__Capelet,4,Almahmoud:5x5;Hail to Reason:4x5;Native Dancer:5x5;Turn-to:5x5,0.78125,25.0,12.5,12.5,0.0,0.0,0.0,0.0,12.5,9.375,6.25,0.0,0.0,0.0,0.0,0.0,0.0,0.0,6.25,6.25
2012104675,レッドアルティスタ,https://db.netkeiba.com/horse/ped/2012104675/,PASS,Stay Gold,スタイルリスティック,Storm Cat,Sunday Silence,ディクタス Dictus,Magnificient Style,Delta,Stay Gold,Hail to Reason,Storm Cat,Northern Dancer,Stay Gold__X__Storm Cat,Hail to Reason__X__Northern Dancer,Stay Gold__X__Delta,3,Hail to Reason:4x5;Nearctic:5x5;Northern Dancer:4x5,0.78125,25.0,9.375,0.0,0.0,6.25,0.0,0.0,12.5,9.375,0.0,0.0,0.0,0.0,25.0,0.0,0.0,0.0,0.0,0.0
2012104598,リアファル,https://db.netkeiba.com/horse/ped/2012104598/,PASS,ゼンノロブロイ,クリソプレーズ,エルコンドルパサー,Sunday Silence,マイニング Mining,キャサリーンパー Catherine Parr,Royal Arrival,Sunday Silence,Hail to Reason,Kingmambo,Native Dancer,Sunday Silence__X__Kingmambo,Hail to Reason__X__Native Dancer,Sunday Silence__X__Royal Arrival,3,Gold Digger:5x5;Mr. Prospector:4x4;Raise a Native:5x5,1.171875,25.0,3.125,12.5,12.5,0.0,6.25,0.0,12.5,6.25,3.125,0.0,0.0,3.125,0.0,0.0,0.0,0.0,6.25,0.0
2012104319,キロハナ,https://db.netkeiba.com/horse/ped/2012104319/,PASS,Deep Impact,ハウオリ,King Kamehameha,Sunday Silence,Alzao,ノースフライト,Bashful Girl,Deep Impact,Hail to Reason,King Kamehameha,Native Dancer,Deep Impact__X__King Kamehameha,Hail to Reason__X__Native Dancer,Deep Impact__X__Bashful Girl,0,,0.0,25.0,3.125,6.25,12.5,0.0,0.0,0.0,12.5,6.25,0.0,0.0,0.0,3.125,0.0,0.0,12.5,6.25,3.125,0.0
2012106023,バイガエシ,https://db.netkeiba.com/horse/ped/2012106023/,PASS,ジャングルポケット,ナイストップクイン,ダンスインザダーク,Tony Bin,Nureyev,ゼルマジョーンズ Zelma Jones,Tobacco Trail,Tony Bin,Tony Bin,Sunday Silence,Hail to Reason,Tony Bin__X__Sunday Silence,Tony Bin__X__Hail to Reason,Tony Bin__X__Tobacco Trail,2,Nearctic:5x5;Northern Dancer:4x5,0.5859375,12.5,9.375,0.0,0.0,0.0,0.0,0.0,6.25,3.125,0.0,0.0,6.25,12.5,0.0,0.0,25.0,0.0,0.0,0.0
2012101422,サラトガスピリット,https://db.netkeiba.com/horse/ped/2012101422/,PASS,Heart's Cry,サラトガ,クロフネ,Sunday Silence,Tony Bin,スイングバイ,マイシュンレイ,Heart's Cry,Hail to Reason,Deputy Minister,Northern Dancer,Heart's Cry__X__Deputy Minister,Hail to Reason__X__Northern Dancer,Heart's Cry__X__マイシュンレイ,1,Northern Dancer:5x5,0.1953125,25.0,6.25,0.0,0.0,0.0,0.0,0.0,12.5,6.25,0.0,0.0,0.0,0.0,0.0,6.25,12.5,6.25,0.0,0.0
2012103949,マッサビエル,https://db.netkeiba.com/horse/ped/2012103949/,PASS,ハービンジャー Harbinger,メジロルルド,Sunday Silence,Dansili,Bering,メジロドーベル,メジロボサツ,Danzig,Northern Dancer,Sunday Silence,Hail to Reason,Danzig__X__Sunday Silence,Northern Dancer__X__Hail to Reason,Danzig__X__メジロボサツ,1,Northern Dancer:5x5,0.0,25.0,6.25,0.0,0.0,0.0,0.0,6.25,12.5,6.25,0.0,0.0,0.0,0.0,0.0,0.0,0.0,3.125,0.0,0.0
2009106403,フォントルロイ,https://db.netkeiba.com/horse/ped/2009106403/,PASS,ゼンノロブロイ,レーゲンボーゲン,フレンチデピュティ French Deputy,Sunday Silence,マイニング Mining,レインボーファスト,Turkhan Law,Sunday Silence,Hail to Reason,Deputy Minister,Northern Dancer,Sunday Silence__X__Deputy Minister,Hail to Reason__X__Northern Dancer,Sunday Silence__X__Turkhan Law,0,,0.0,25.0,3.125,6.25,0.0,0.0,0.0,0.0,12.5,6.25,0.0,0.0,0.0,0.0,0.0,12.5,0.0,0.0,3.125,0.0
2012105433,クインズミラーグロ,https://db.netkeiba.com/horse/ped/2012105433/,PASS,マンハッタンカフェ,ジャストトゥートゥー,In Excess,Sunday Silence,Law Society,Marsh Grass,Pia's Lady,Sunday Silence,Hail to Reason,In Excess,In Excess,Sunday Silence__X__In Excess,Hail to Reason__X__In Excess,Sunday Silence__X__Pia's Lady,1,Hoist the Flag:5x5,0.1953125,25.0,0.0,0.0,0.0,0.0,0.0,0.0,12.5,6.25,6.25,0.0,0.0,0.0,0.0,0.0,0.0,0.0,0.0,0.0
2012104666,ディープジュエリー,https://db.netkeiba.com/horse/ped/2012104666/,PASS,Deep Impact,ジュエルオブザナイト,Giant's Causeway,Sunday Silence,Alzao,Jeweled Lady,Sea Saga,Deep Impact,Hail to Reason,Storm Cat,Northern Dancer,Deep Impact__X__Storm Cat,Hail to Reason__X__Northern Dancer,Deep Impact__X__Sea Saga,1,Northern Dancer:5x5x5,0.390625,25.0,9.375,0.0,0.0,3.125,0.0,0.0,12.5,6.25,6.25,0.0,0.0,0.0,12.5,0.0,0.0,6.25,0.0,0.0
2012104733,トーセンビクトリー,https://db.netkeiba.com/horse/ped/2012104733/,PASS,King Kamehameha,トゥザヴィクトリー,Sunday Silence,Kingmambo,ラストタイクーン Last Tycoon,フェアリードール Fairy Doll,Likely Swap,King Kamehameha,Native Dancer,Sunday Silence,Hail to Reason,King Kamehameha__X__Sunday Silence,Native Dancer__X__Hail to Reason,King Kamehameha__X__Likely Swap,3,Northern Dancer:4x5x5;Nureyev:3x4;Special:4x5,2.734375,25.0,12.5,12.5,25.0,0.0,0.0,0.0,12.5,6.25,0.0,0.0,0.0,18.75,0.0,0.0,0.0,0.0,6.25,3.125
2012103409,ホワイトエレガンス,https://db.netkeiba.com/horse/ped/2012103409/,PASS,クロフネ,レディベローナ,Sunday Silence,フレンチデピュティ French Deputy,Classic Go Go,シンコウラブリイ,Madelon,Deputy Minister,Northern Dancer,Sunday Silence,Hail to Reason,Deputy Minister__X__Sunday Silence,Northern Dancer__X__Hail to Reason,Deputy Minister__X__Madelon,1,Northern Dancer:5x5,0.1953125,25.0,6.25,0.0,0.0,3.125,0.0,0.0,12.5,6.25,0.0,0.0,6.25,0.0,0.0,12.5,0.0,0.0,0.0,0.0
2012104906,タッチングスピーチ,https://db.netkeiba.com/horse/ped/2012104906/,PASS,Deep Impact,リッスン Listen,Sadler's Wells,Sunday Silence,Alzao,Brigid,Prayer Bell,Deep Impact,Hail to Reason,Sadler's Wells,Northern Dancer,Deep Impact__X__Sadler's Wells,Hail to Reason__X__Northern Dancer,Deep Impact__X__Prayer Bell,4,Almahmoud:5x5;Hail to Reason:4x5;Native Dancer:5x5;Northern Dancer:3x5,1.3671875,25.0,15.625,0.0,0.0,0.0,25.0,0.0,12.5,9.375,0.0,0.0,0.0,0.0,0.0,0.0,0.0,6.25,6.25,6.25
2012104864,テンダリーヴォイス,https://db.netkeiba.com/horse/ped/2012104864/,PASS,Deep Impact,ミスアンコール,King Kamehameha,Sunday Silence,Alzao,ブロードアピール,Water Cress,Deep Impact,Hail to Reason,King Kamehameha,Native Dancer,Deep Impact__X__King Kamehameha,Hail to Reason__X__Native Dancer,Deep Impact__X__Water Cress,0,,0.0,25.0,3.125,6.25,12.5,0.0,0.0,0.0,12.5,6.25,0.0,0.0,0.0,3.125,0.0,0.0,0.0,6.25,3.125,0.0
2012104771,ミコラソン,https://db.netkeiba.com/horse/ped/2012104771/,PASS,ダイワメジャー,ビワビーナス,Tony Bin,Sunday Silence,Northern Taste,パシフィカス Pacificus,Rififi,Sunday Silence,Hail to Reason,Tony Bin,Tony Bin,Sunday Silence__X__Tony Bin,Hail to Reason__X__Tony Bin,Sunday Silence__X__Rififi,5,Almahmoud:5x5;Lady Angela:5x5;Natalma:4x5;Nearctic:4x5;Northern Dancer:3x4,2.734375,25.0,18.75,0.0,0.0,0.0,0.0,0.0,12.5,6.25,0.0,0.0,0.0,0.0,0.0,0.0,25.0,0.0,0.0,3.125
2012104632,スティーグリッツ,https://db.netkeiba.com/horse/ped/2012104632/,PASS,ハービンジャー Harbinger,サンタフェソレイユ,アグネスタキオン,Dansili,Bering,サンタフェトレイル,Madelon,Danzig,Northern Dancer,Sunday Silence,Hail to Reason,Danzig__X__Sunday Silence,Northern Dancer__X__Hail to Reason,Danzig__X__Madelon,1,Northern Dancer:4x5x5,0.78125,12.5,12.5,0.0,0.0,0.0,0.0,6.25,6.25,3.125,0.0,0.0,3.125,0.0,0.0,0.0,0.0,3.125,0.0,0.0
2012105400,アンビシャス,https://db.netkeiba.com/horse/ped/2012105400/,PASS,Deep Impact,カーニバルソング,エルコンドルパサー,Sunday Silence,Alzao,カルニオラ Carniola,Antigua,Deep Impact,Hail to Reason,Kingmambo,Native Dancer,Deep Impact__X__Kingmambo,Hail to Reason__X__Native Dancer,Deep Impact__X__Antigua,1,Northern Dancer:5x5,0.1953125,25.0,6.25,6.25,12.5,0.0,6.25,0.0,12.5,6.25,3.125,0.0,0.0,3.125,0.0,0.0,0.0,6.25,3.125,0.0
2009105009,クラレント,https://db.netkeiba.com/horse/ped/2009105009/,PASS,ダンスインザダーク,エリモピクシー,ダンシングブレーヴ Dancing Brave,Sunday Silence,Nijinsky,エリモシューテング,Batteur,Sunday Silence,Hail to Reason,Lyphard,Northern Dancer,Sunday Silence__X__Lyphard,Hail to Reason__X__Northern Dancer,Sunday Silence__X__Batteur,3,Natalma:5x5;Nearctic:5x5;Northern Dancer:4x4,1.171875,25.0,12.5,0.0,0.0,0.0,0.0,0.0,12.5,6.25,0.0,0.0,12.5,0.0,0.0,0.0,0.0,12.5,3.125,0.0
2011101273,エイシンヒカリ,https://db.netkeiba.com/horse/ped/2011101273/,PASS,Deep Impact,キャタリナ,Storm Cat,Sunday Silence,Alzao,Carolina Saga,Shama,Deep Impact,Hail to Reason,Storm Cat,Northern Dancer,Deep Impact__X__Storm Cat,Hail to Reason__X__Northern Dancer,Deep Impact__X__Shama,1,Northern Dancer:4x5,0.390625,25.0,9.375,0.0,0.0,0.0,0.0,0.0,12.5,6.25,0.0,0.0,0.0,0.0,25.0,0.0,0.0,6.25,0.0,0.0
2009106525,ヴァンセンヌ,https://db.netkeiba.com/horse/ped/2009106525/,PASS,Deep Impact,フラワーパーク,ニホンピロウイナー,Sunday Silence,Alzao,ノーザンフラワー,Easter Gala,Deep Impact,Hail to Reason,ニホンピロウイナー,ニホンピロウイナー,Deep Impact__X__ニホンピロウイナー,Hail to Reason__X__ニホンピロウイナー,Deep Impact__X__Easter Gala,1,Northern Dancer:4x5,0.390625,25.0,9.375,0.0,0.0,0.0,0.0,0.0,12.5,6.25,0.0,0.0,0.0,0.0,0.0,0.0,0.0,6.25,0.0,0.0
2011103854,ステファノス,https://db.netkeiba.com/horse/ped/2011103854/,PASS,Deep Impact,ココシュニック,クロフネ,Sunday Silence,Alzao,ゴールドティアラ,Exclusive Dancer,Deep Impact,Hail to Reason,Deputy Minister,Northern Dancer,Deep Impact__X__Deputy Minister,Hail to Reason__X__Northern Dancer,Deep Impact__X__Exclusive Dancer,0,,0.0,25.0,3.125,6.25,0.0,0.0,0.0,3.125,12.5,6.25,0.0,0.0,0.0,0.0,0.0,6.25,0.0,6.25,3.125,0.0
2011103565,イスラボニータ,https://db.netkeiba.com/horse/ped/2011103565/,PASS,フジキセキ,イスラコジーン Isla Cozzene,Cozzene,Sunday Silence,Le Fabuleux,Isla Mujeres,Gorgeous Gay,Sunday Silence,Hail to Reason,Cozzene,Cozzene,Sunday Silence__X__Cozzene,Hail to Reason__X__Cozzene,Sunday Silence__X__Gorgeous Gay,1,In Reality:4x5,0.390625,25.0,3.125,6.25,0.0,0.0,0.0,0.0,12.5,6.25,0.0,0.0,0.0,0.0,0.0,0.0,0.0,0.0,3.125,0.0
2009105928,スーパームーン,https://db.netkeiba.com/horse/ped/2009105928/,PASS,ブライアンズタイム Brian's Time,フェアリーバラード,Sadler's Wells,Roberto,Graustark,Angelic Song,Soaring,Roberto,Hail to Reason,Sadler's Wells,Northern Dancer,Roberto__X__Sadler's Wells,Hail to Reason__X__Northern Dancer,Roberto__X__Soaring,4,Almahmoud:5x5;Hail to Reason:3x4x5;Nothirdchance:4x5;Turn-to:4x5,3.125,0.0,12.5,0.0,0.0,25.0,25.0,0.0,12.5,21.875,0.0,0.0,0.0,0.0,0.0,0.0,0.0,0.0,0.0,3.125
2010105143,プランスペスカ,https://db.netkeiba.com/horse/ped/2010105143/,PASS,ブラックタイド,ダンシングドミニア,ブライアンズタイム Brian's Time,Sunday Silence,Alzao,ダナグルーム Danagroom,Charming Alibi,Sunday Silence,Hail to Reason,Roberto,Hail to Reason,Sunday Silence__X__Roberto,Hail to Reason__X__Hail to Reason,Sunday Silence__X__Charming Alibi,4,Hail to Reason:4x4;Lyphard:4x5x5;Nothirdchance:5x5;Turn-to:5x5,1.953125,25.0,3.125,0.0,0.0,12.5,0.0,0.0,12.5,12.5,0.0,0.0,0.0,0.0,0.0,0.0,0.0,12.5,0.0,0.0
2010100791,プロモントーリオ,https://db.netkeiba.com/horse/ped/2010100791/,PASS,Halo,モエレプロミネンス,フレンチデピュティ French Deputy,Sunday Silence,Seeking the Gold,トコピジャ Tocopilla,Siena,Halo,Hail to Reason,Deputy Minister,Northern Dancer,Halo__X__Deputy Minister,Hail to Reason__X__Northern Dancer,Halo__X__Siena,2,Halo:1x3;Northern Dancer:4x5,0.390625,25.0,9.375,6.25,0.0,0.0,0.0,0.0,62.5,6.25,0.0,0.0,3.125,0.0,0.0,12.5,0.0,0.0,3.125,0.0
2011105266,ゴールドアクター,https://db.netkeiba.com/horse/ped/2011105266/,PASS,スクリーンヒーロー,ヘイロンシン,キョウワアリシバ,グラスワンダー,Sunday Silence,ハッピーヒエン,ミアンダー,Roberto,Hail to Reason,Raise a Native,Native Dancer,Roberto__X__Raise a Native,Hail to Reason__X__Native Dancer,Roberto__X__ミアンダー,2,Hail to Reason:5x5;Northern Dancer:4x5x5,0.78125,12.5,12.5,0.0,0.0,6.25,0.0,6.25,6.25,6.25,0.0,0.0,0.0,0.0,0.0,0.0,0.0,0.0,3.125,0.0
2010100035,シャイニープリンス,https://db.netkeiba.com/horse/ped/2010100035/,PASS,Halo,ダイタクピア,リンドシェーバー,ダンシングブレーヴ Dancing Brave,Halo,スイートラブ,スタイルパツチ,Halo,Hail to Reason,Raise a Native,Native Dancer,Halo__X__Raise a Native,Hail to Reason__X__Native Dancer,Halo__X__スタイルパツチ,3,Halo:1x2x3;Nearctic:5x5;Sir Gaylord:5x5,0.1953125,0.0,6.25,0.0,0.0,0.0,0.0,0.0,87.5,6.25,0.0,0.0,0.0,0.0,0.0,0.0,0.0,12.5,6.25,3.125
2009105355,フレイムコード,https://db.netkeiba.com/horse/ped/2009105355/,PASS,タヤスツヨシ,シマノラピス,オペラハウス Opera House,Sunday Silence,Caro,シマノエメラルド,Star Dancer,Sunday Silence,Hail to Reason,Sadler's Wells,Northern Dancer,Sunday Silence__X__Sadler's Wells,Hail to Reason__X__Northern Dancer,Sunday Silence__X__Star Dancer,1,Northern Dancer:4x5,0.0,25.0,9.375,0.0,0.0,0.0,12.5,0.0,12.5,6.25,0.0,0.0,0.0,0.0,0.0,0.0,0.0,0.0,0.0,0.0
2010104343,バロンドゥフォール,https://db.netkeiba.com/horse/ped/2010104343/,PASS,Deep Impact,ラトラヴィアータ,サクラユタカオー,Sunday Silence,Alzao,サクラハゴロモ,Europa,Deep Impact,Hail to Reason,Nasrullah,Nasrullah,Deep Impact__X__Nasrullah,Hail to Reason__X__Nasrullah,Deep Impact__X__Europa,1,Northern Dancer:4x5,0.390625,25.0,9.375,0.0,0.0,0.0,0.0,0.0,12.5,6.25,0.0,0.0,0.0,0.0,0.0,0.0,0.0,6.25,0.0,0.0
2011103610,タガノエトワール,https://db.netkeiba.com/horse/ped/2011103610/,PASS,King Kamehameha,シーサイドブリーズ,Sunday Silence,Kingmambo,ラストタイクーン Last Tycoon,サマーベイブ,ファンシミン,King Kamehameha,Native Dancer,Sunday Silence,Hail to Reason,King Kamehameha__X__Sunday Silence,Native Dancer__X__Hail to Reason,King Kamehameha__X__ファンシミン,1,Northern Dancer:5x5x5,0.390625,25.0,9.375,12.5,25.0,0.0,0.0,0.0,12.5,6.25,0.0,0.0,0.0,6.25,0.0,0.0,12.5,0.0,6.25,3.125
2010103747,リメインサイレント,https://db.netkeiba.com/horse/ped/2010103747/,PASS,ホワイトマズル White Muzzle,サイレントアスク,Sunday Silence,ダンシングブレーヴ Dancing Brave,Ela-Mana-Mou,フサイチエイブル Fusaichi Able,Tropic Star,Lyphard,Northern Dancer,Sunday Silence,Hail to Reason,Lyphard__X__Sunday Silence,Northern Dancer__X__Hail to Reason,Lyphard__X__Tropic Star,1,Northern Dancer:4x5,0.390625,25.0,9.375,0.0,0.0,0.0,0.0,0.0,12.5,6.25,0.0,0.0,0.0,0.0,0.0,12.5,0.0,12.5,0.0,0.0
2011104724,ウインリバティ,https://db.netkeiba.com/horse/ped/2011104724/,PASS,ダンスインザダーク,フリーヴァケイション Free Vacation,Fly So Free,Sunday Silence,Nijinsky,Miami Vacation,Merry Marlboro,Sunday Silence,Hail to Reason,Fly So Free,Fly So Free,Sunday Silence__X__Fly So Free,Hail to Reason__X__Fly So Free,Sunday Silence__X__Merry Marlboro,4,Flaming Page:4x5;Natalma:5x5;Nearctic:5x5;Northern Dancer:4x4,1.5625,25.0,12.5,0.0,0.0,0.0,0.0,0.0,12.5,6.25,0.0,0.0,12.5,0.0,0.0,0.0,0.0,0.0,3.125,3.125
2010102094,メイショウマンボ,https://db.netkeiba.com/horse/ped/2010102094/,PASS,スズカマンボ,メイショウモモカ,グラスワンダー,Sunday Silence,Kingmambo,メイショウアヤメ,マルイチジョウオー,Sunday Silence,Hail to Reason,Roberto,Hail to Reason,Sunday Silence__X__Roberto,Hail to Reason__X__Hail to Reason,Sunday Silence__X__マルイチジョウオー,6,Gold Digger:5x5;Hail to Reason:4x5;Mr. Prospector:4x4;Nijinsky:4x5;Northern Dancer:5x5;Raise a Native:5x5,2.1484375,25.0,6.25,12.5,12.5,6.25,0.0,6.25,12.5,9.375,0.0,0.0,9.375,3.125,0.0,0.0,0.0,0.0,6.25,0.0
2010102459,スマートレイアー,https://db.netkeiba.com/horse/ped/2010102459/,PASS,Deep Impact,スノースタイル,ホワイトマズル White Muzzle,Sunday Silence,Alzao,シャルムダンサー,Bamesian,Deep Impact,Hail to Reason,Lyphard,Northern Dancer,Deep Impact__X__Lyphard,Hail to Reason__X__Northern Dancer,Deep Impact__X__Bamesian,3,Goofed:5x5;Lyphard:4x4x5;Northern Dancer:5x5,1.5625,25.0,6.25,0.0,0.0,0.0,0.0,0.0,12.5,6.25,0.0,0.0,0.0,0.0,0.0,0.0,0.0,15.625,0.0,0.0
2011100352,シュンドルボン,https://db.netkeiba.com/horse/ped/2011100352/,PASS,Heart's Cry,ネイチャーガイド,エルコンドルパサー,Sunday Silence,Tony Bin,ホワイトウォーターレディ White Water Lady,Holwood,Heart's Cry,Hail to Reason,Kingmambo,Native Dancer,Heart's Cry__X__Kingmambo,Hail to Reason__X__Native Dancer,Heart's Cry__X__Holwood,1,Northern Dancer:5x5,0.1953125,25.0,6.25,6.25,12.5,0.0,6.25,0.0,12.5,6.25,3.125,0.0,0.0,3.125,0.0,0.0,12.5,6.25,3.125,0.0
2013109018,リスペクトアース,https://db.netkeiba.com/horse/ped/2013109018/,PASS,マンハッタンカフェ,アースグリーン,Street Cry,Sunday Silence,Law Society,Sauveteur,Portage,Sunday Silence,Hail to Reason,Mr. Prospector,Native Dancer,Sunday Silence__X__Mr. Prospector,Hail to Reason__X__Native Dancer,Sunday Silence__X__Portage,7,Alleged:4x4;Gold Digger:5x5;Halo:3x5;Hoist the Flag:5x5;Mr. Prospector:4x4;Princess Pout:5x5;Raise a Native:5x5,1.953125,25.0,0.0,12.5,0.0,0.0,0.0,0.0,15.625,6.25,0.0,0.0,0.0,0.0,0.0,0.0,0.0,0.0,6.25,0.0
2013105867,ケルフロイデ,https://db.netkeiba.com/horse/ped/2013105867/,PASS,King Kamehameha,ケルアモーレ Quelle Amore,Monsun,Kingmambo,ラストタイクーン Last Tycoon,Qelle Amie,Qui Blink,King Kamehameha,Native Dancer,Monsun,Monsun,King Kamehameha__X__Monsun,Native Dancer__X__Monsun,King Kamehameha__X__Qui Blink,1,Northern Dancer:5x5,0.0,0.0,6.25,12.5,25.0,0.0,0.0,0.0,0.0,0.0,0.0,0.0,0.0,6.25,0.0,0.0,0.0,0.0,6.25,3.125
2013106075,アドマイヤエイカン,https://db.netkeiba.com/horse/ped/2013106075/,PASS,Heart's Cry,ペルヴィアンリリー,フレンチデピュティ French Deputy,Sunday Silence,Tony Bin,ラスティックベル Rustic Belle,Doll Ina,Heart's Cry,Hail to Reason,Deputy Minister,Northern Dancer,Heart's Cry__X__Deputy Minister,Hail to Reason__X__Northern Dancer,Heart's Cry__X__Doll Ina,2,Northern Dancer:5x5;Raise a Native:4x5,0.1953125,25.0,6.25,12.5,0.0,0.0,0.0,0.0,12.5,6.25,0.0,0.0,0.0,0.0,0.0,12.5,12.5,6.25,9.375,3.125
2013105975,ドレッドノータス,https://db.netkeiba.com/horse/ped/2013105975/,PASS,ハービンジャー Harbinger,ディアデラノビア,Sunday Silence,Dansili,Bering,ポトリザリス Potrizaris,Zaris,Danzig,Northern Dancer,Sunday Silence,Hail to Reason,Danzig__X__Sunday Silence,Northern Dancer__X__Hail to Reason,Danzig__X__Zaris,1,Northern Dancer:5x5,0.0,25.0,6.25,0.0,0.0,0.0,0.0,6.25,12.5,6.25,0.0,0.0,0.0,0.0,0.0,0.0,0.0,3.125,3.125,0.0
2013103727,ウインクルサルーテ,https://db.netkeiba.com/horse/ped/2013103727/,PASS,ハービンジャー Harbinger,パッショナルダンス,Sunday Silence,Dansili,Bering,ランバダスタイル Lambada Style,Pocahontas,Danzig,Northern Dancer,Sunday Silence,Hail to Reason,Danzig__X__Sunday Silence,Northern Dancer__X__Hail to Reason,Danzig__X__Pocahontas,2,Lyphard:4x5;Northern Dancer:5x5x5,0.78125,25.0,9.375,0.0,0.0,0.0,0.0,6.25,12.5,6.25,0.0,0.0,0.0,0.0,0.0,0.0,0.0,9.375,0.0,0.0
2013101819,キャノンストーム,https://db.netkeiba.com/horse/ped/2013101819/,PASS,ワークフォース Workforce,ティンクルハート,Sunday Silence,キングズベスト King's Best,Sadler's Wells,ファレノプシス,Fiji,Kingmambo,Native Dancer,Sunday Silence,Hail to Reason,Kingmambo__X__Sunday Silence,Native Dancer__X__Hail to Reason,Kingmambo__X__Fiji,1,Hail to Reason:4x5,0.0,25.0,6.25,6.25,12.5,6.25,12.5,0.0,12.5,9.375,0.0,0.0,0.0,3.125,6.25,0.0,0.0,0.0,3.125,0.0
2013104475,ダンツプリウス,https://db.netkeiba.com/horse/ped/2013104475/,PASS,ブライアンズタイム Brian's Time,ストロングレダ,マンハッタンカフェ,Roberto,Graustark,ハートオンウェーブ,Zither,Roberto,Hail to Reason,Sunday Silence,Hail to Reason,Roberto__X__Sunday Silence,Hail to Reason__X__Hail to Reason,Roberto__X__Zither,2,Hail to Reason:3x5;Northern Dancer:5x5,0.78125,12.5,6.25,0.0,0.0,25.0,0.0,0.0,6.25,15.625,0.0,0.0,0.0,0.0,12.5,0.0,0.0,0.0,0.0,0.0
2013101249,ウインテンダネス,https://db.netkeiba.com/horse/ped/2013101249/,PASS,カンパニー,モエレメルシー,マジックマイルズ Magic Miles,ミラクルアドマイヤ,Northern Taste,ブライトサンディー,Miss Devereux,Tony Bin,Tony Bin,Mr. Prospector,Native Dancer,Tony Bin__X__Mr. Prospector,Tony Bin__X__Native Dancer,Tony Bin__X__Miss Devereux,3,Mr. Prospector:3x5;Northern Dancer:4x5;Raise a Native:4x5,0.78125,12.5,9.375,15.625,0.0,3.125,6.25,0.0,6.25,3.125,0.0,0.0,0.0,0.0,0.0,0.0,12.5,0.0,9.375,3.125
2013101965,オンザロックス,https://db.netkeiba.com/horse/ped/2013101965/,PASS,サムライハート,ベルモントエルメス,ティンバーカントリー Timber Country,Sunday Silence,Tony Bin,Danzig,Rose Coral,Sunday Silence,Hail to Reason,Mr. Prospector,Native Dancer,Sunday Silence__X__Mr. Prospector,Hail to Reason__X__Native Dancer,Sunday Silence__X__Rose Coral,2,Danzig:2x3;Northern Dancer:4x5,0.390625,25.0,9.375,6.25,0.0,0.0,0.0,37.5,12.5,6.25,0.0,0.0,0.0,0.0,0.0,0.0,12.5,0.0,3.125,0.0
2013103338,ジョルジュサンク,https://db.netkeiba.com/horse/ped/2013103338/,PASS,ヴィクトワールピサ,ハリウッドローズ,ラムタラ Lammtarra,ネオユニヴァース,Machiavellian,ユキノローズ,ミスネラ,Sunday Silence,Hail to Reason,Nijinsky,Northern Dancer,Sunday Silence__X__Nijinsky,Hail to Reason__X__Northern Dancer,Sunday Silence__X__ミスネラ,1,Halo:4x5,0.0,12.5,6.25,6.25,0.0,0.0,0.0,0.0,9.375,3.125,0.0,0.0,12.5,0.0,0.0,0.0,0.0,0.0,3.125,0.0
2013105677,ロライマ,https://db.netkeiba.com/horse/ped/2013105677/,PASS,King Kamehameha,ミルフィオリ,Sunday Silence,Kingmambo,ラストタイクーン Last Tycoon,ミルレーサー Millracer,Milan Mill,King Kamehameha,Native Dancer,Sunday Silence,Hail to Reason,King Kamehameha__X__Sunday Silence,Native Dancer__X__Hail to Reason,King Kamehameha__X__Milan Mill,1,Northern Dancer:5x5,0.0,25.0,6.25,12.5,25.0,0.0,0.0,0.0,12.5,6.25,0.0,0.0,0.0,6.25,0.0,0.0,0.0,0.0,6.25,3.125
2013104642,コパノミライ,https://db.netkeiba.com/horse/ped/2013104642/,PASS,カンパニー,パッサリン,エンドスウィープ End Sweep,ミラクルアドマイヤ,Northern Taste,サンバデリオ,Refinada,Tony Bin,Tony Bin,Mr. Prospector,Native Dancer,Tony Bin__X__Mr. Prospector,Tony Bin__X__Native Dancer,Tony Bin__X__Refinada,2,Mr. Prospector:4x5;Northern Dancer:4x5x5,0.9765625,12.5,12.5,9.375,0.0,0.0,6.25,0.0,6.25,3.125,0.0,0.0,0.0,0.0,0.0,0.0,12.5,0.0,3.125,0.0
2009105926,ジャングルクルーズ,https://db.netkeiba.com/horse/ped/2009105926/,PASS,ジャングルポケット,フィヨルドクルーズ,Sunday Silence,Tony Bin,Nureyev,ライラアラウィ Laila Alawi,Chandelle,Tony Bin,Tony Bin,Sunday Silence,Hail to Reason,Tony Bin__X__Sunday Silence,Tony Bin__X__Hail to Reason,Tony Bin__X__Chandelle,0,,0.0,25.0,6.25,0.0,0.0,0.0,0.0,0.0,12.5,6.25,0.0,0.0,0.0,12.5,0.0,0.0,25.0,0.0,0.0,0.0
2011106394,ショウナンバッハ,https://db.netkeiba.com/horse/ped/2011106394/,PASS,Stay Gold,シュガーハート,サクラバクシンオー,Sunday Silence,ディクタス Dictus,オトメゴコロ,Noris,Stay Gold,Hail to Reason,サクラバクシンオー,サクラバクシンオー,Stay Gold__X__サクラバクシンオー,Hail to Reason__X__サクラバクシンオー,Stay Gold__X__Noris,4,Lady Victoria:5x5;Northern Dancer:5x5x5;Northern Taste:4x4;Princely Gift:5x5,1.5625,25.0,9.375,0.0,0.0,0.0,0.0,0.0,12.5,6.25,0.0,0.0,0.0,0.0,0.0,0.0,0.0,6.25,0.0,0.0
2011100066,トゥインクル,https://db.netkeiba.com/horse/ped/2011100066/,PASS,Stay Gold,ロングスターダム,Northern Taste,Sunday Silence,ディクタス Dictus,ストロークト Stroked,Error,Stay Gold,Hail to Reason,Northern Dancer,Northern Dancer,Stay Gold__X__Northern Dancer,Hail to Reason__X__Northern Dancer,Stay Gold__X__Error,5,Almahmoud:5x5;Lady Angela:4x5;Lady Victoria:3x5;Northern Dancer:3x5;Northern Taste:2x4,4.8828125,25.0,15.625,0.0,0.0,0.0,0.0,0.0,12.5,6.25,0.0,0.0,0.0,0.0,0.0,0.0,0.0,0.0,0.0,3.125
2011104019,アルバート,https://db.netkeiba.com/horse/ped/2011104019/,PASS,アドマイヤドン,フォルクローレ,ダンスインザダーク,ティンバーカントリー Timber Country,Tony Bin,アンデスレディー,レデイチヤツター,Mr. Prospector,Native Dancer,Sunday Silence,Hail to Reason,Mr. Prospector__X__Sunday Silence,Native Dancer__X__Hail to Reason,Mr. Prospector__X__レデイチヤツター,3,Natalma:5x5;Nearctic:5x5;Northern Dancer:4x4x5,1.5625,12.5,15.625,6.25,0.0,0.0,0.0,0.0,6.25,3.125,0.0,0.0,6.25,0.0,0.0,0.0,12.5,0.0,3.125,0.0
2010106226,ゴッドフロアー,https://db.netkeiba.com/horse/ped/2010106226/,PASS,Heart's Cry,ウェルシュステラ,Zafonic,Sunday Silence,Tony Bin,カタリスト Catalyst,Electric Flash,Heart's Cry,Hail to Reason,Mr. Prospector,Native Dancer,Heart's Cry__X__Mr. Prospector,Hail to Reason__X__Native Dancer,Heart's Cry__X__Electric Flash,1,Northern Dancer:4x5x5,0.5859375,25.0,12.5,6.25,0.0,0.0,12.5,0.0,12.5,6.25,0.0,0.0,0.0,0.0,0.0,0.0,12.5,6.25,3.125,0.0
2010100097,ケイアイチョウサン,https://db.netkeiba.com/horse/ped/2010100097/,PASS,Stay Gold,シャドウシルエット,シンボリクリスエス,Sunday Silence,ディクタス Dictus,ユーワジョイナー,Tarara,Stay Gold,Hail to Reason,Roberto,Hail to Reason,Stay Gold__X__Roberto,Hail to Reason__X__Hail to Reason,Stay Gold__X__Tarara,1,Hail to Reason:4x5,0.390625,25.0,3.125,0.0,0.0,6.25,0.0,0.0,12.5,9.375,3.125,0.0,0.0,0.0,0.0,0.0,0.0,0.0,0.0,0.0
2010102243,トルークマクト,https://db.netkeiba.com/horse/ped/2010102243/,PASS,アドマイヤジャパン,ロゼ,High Chaparral,Sunday Silence,Caerleon,ダンシングナゲット Dancing Nugget,Marion,Sunday Silence,Hail to Reason,Sadler's Wells,Northern Dancer,Sunday Silence__X__Sadler's Wells,Hail to Reason__X__Northern Dancer,Sunday Silence__X__Marion,4,Caerleon:3x4;Foreseer:4x5;Nijinsky:4x5;Northern Dancer:4x5,2.734375,25.0,9.375,6.25,0.0,0.0,12.5,0.0,12.5,6.25,0.0,0.0,9.375,0.0,0.0,0.0,0.0,0.0,3.125,0.0
2007104812,アロマカフェ,https://db.netkeiba.com/horse/ped/2007104812/,PASS,マンハッタンカフェ,カリーノカフェ,ハートレイク Heart Lake,Sunday Silence,Law Society,ジャカード,フジトモ,Sunday Silence,Hail to Reason,Nureyev,Northern Dancer,Sunday Silence__X__Nureyev,Hail to Reason__X__Northern Dancer,Sunday Silence__X__フジトモ,0,,0.0,25.0,6.25,0.0,0.0,0.0,0.0,0.0,12.5,6.25,0.0,0.0,0.0,12.5,0.0,0.0,0.0,0.0,3.125,0.0
2013105429,プランスシャルマン,https://db.netkeiba.com/horse/ped/2013105429/,PASS,ジャングルポケット,カラフルトーク,Sunday Silence,Tony Bin,Nureyev,シングライクトーク,ロイヤルレジナ,Tony Bin,Tony Bin,Sunday Silence,Hail to Reason,Tony Bin__X__Sunday Silence,Tony Bin__X__Hail to Reason,Tony Bin__X__ロイヤルレジナ,3,Natalma:5x5;Nearctic:5x5;Northern Dancer:4x4,1.171875,25.0,12.5,0.0,0.0,3.125,0.0,0.0,12.5,6.25,0.0,0.0,0.0,12.5,0.0,0.0,25.0,0.0,0.0,0.0
2013104063,ネコダンサー,https://db.netkeiba.com/horse/ped/2013104063/,PASS,ブラックタイド,スイートリヴァー,パラダイスクリーク Paradise Creek,Sunday Silence,Alzao,ニシノコマチ,Santiago Lassie,Sunday Silence,Hail to Reason,パラダイスクリーク Paradise Creek,パラダイスクリーク Paradise Creek,Sunday Silence__X__パラダイスクリーク Paradise Creek,Hail to Reason__X__パラダイスクリーク Paradise Creek,Sunday Silence__X__Santiago Lassie,1,Northern Dancer:5x5x5,0.390625,25.0,9.375,6.25,0.0,0.0,0.0,6.25,12.5,6.25,0.0,0.0,0.0,0.0,0.0,0.0,0.0,6.25,3.125,0.0
2013102635,ラブレオ,https://db.netkeiba.com/horse/ped/2013102635/,PASS,シンボリクリスエス,ミルクトーレル,ダンスインザダーク,Kris S.,Gold Meridian,ミスワキジャパン,Hopespringseternal,Roberto,Hail to Reason,Sunday Silence,Hail to Reason,Roberto__X__Sunday Silence,Hail to Reason__X__Hail to Reason,Roberto__X__Hopespringseternal,2,Hail to Reason:4x5;Nijinsky:4x5,0.390625,12.5,3.125,0.0,0.0,12.5,0.0,0.0,6.25,9.375,6.25,0.0,9.375,0.0,0.0,0.0,0.0,0.0,0.0,0.0
2013105789,ハートレー,https://db.netkeiba.com/horse/ped/2013105789/,PASS,Deep Impact,ウィキッドリーパーフェクト Wickedly Perfect,Congrats,Sunday Silence,Alzao,Wickedly Wise,Look Ma,Deep Impact,Hail to Reason,A.P. Indy,Seattle Slew,Deep Impact__X__A.P. Indy,Hail to Reason__X__Seattle Slew,Deep Impact__X__Look Ma,2,Northern Dancer:5x5;Secretariat:5x5,0.1953125,25.0,6.25,6.25,0.0,0.0,0.0,0.0,12.5,6.25,6.25,12.5,0.0,0.0,6.25,0.0,0.0,6.25,3.125,0.0
2013104704,ディーマジェスティ,https://db.netkeiba.com/horse/ped/2013104704/,PASS,Deep Impact,エルメスティアラ,ブライアンズタイム Brian's Time,Sunday Silence,Alzao,シンコウエルメス,Russ-Marie,Deep Impact,Hail to Reason,Roberto,Hail to Reason,Deep Impact__X__Roberto,Hail to Reason__X__Hail to Reason,Deep Impact__X__Russ-Marie,4,Hail to Reason:4x4;Northern Dancer:4x5;Nothirdchance:5x5;Turn-to:5x5,1.5625,25.0,9.375,0.0,0.0,12.5,12.5,0.0,12.5,12.5,0.0,0.0,0.0,0.0,0.0,0.0,0.0,6.25,0.0,0.0
2013106012,バティスティーニ,https://db.netkeiba.com/horse/ped/2013106012/,PASS,King Kamehameha,バプティスタ,Sunday Silence,Kingmambo,ラストタイクーン Last Tycoon,ビーバップ,Eilan Aigas,King Kamehameha,Native Dancer,Sunday Silence,Hail to Reason,King Kamehameha__X__Sunday Silence,Native Dancer__X__Hail to Reason,King Kamehameha__X__Eilan Aigas,2,Northern Dancer:5x5x5;Raise a Native:4x5,0.78125,25.0,9.375,12.5,25.0,0.0,0.0,0.0,12.5,6.25,0.0,0.0,0.0,6.25,0.0,0.0,0.0,0.0,9.375,3.125
2013102679,ロードクエスト,https://db.netkeiba.com/horse/ped/2013102679/,PASS,マツリダゴッホ,マツリダワルツ,チーフベアハート Chief Bearhart,Sunday Silence,Bel Bolide,ユキノワルツ,Abeyance Lass,Sunday Silence,Hail to Reason,Danzig,Northern Dancer,Sunday Silence__X__Danzig,Hail to Reason__X__Northern Dancer,Sunday Silence__X__Abeyance Lass,3,Bold Ruler:5x5;Hail to Reason:4x5;Northern Dancer:5x5,0.5859375,25.0,6.25,0.0,0.0,6.25,0.0,6.25,12.5,9.375,0.0,0.0,0.0,0.0,0.0,0.0,0.0,0.0,0.0,0.0
2013104025,プレイヤーサムソン,https://db.netkeiba.com/horse/ped/2013104025/,PASS,メイショウサムソン,クインズプレイヤー,トウカイテイオー,オペラハウス Opera House,ダンシングブレーヴ Dancing Brave,フレイバーギフト,Lavant,Sadler's Wells,Northern Dancer,トウカイテイオー,トウカイテイオー,Sadler's Wells__X__トウカイテイオー,Northern Dancer__X__トウカイテイオー,Sadler's Wells__X__Lavant,4,Camenae:5x5;Derring-Do:5x5;Northern Dancer:4x5x5;ファバージ:5x5,0.9765625,0.0,12.5,0.0,0.0,0.0,12.5,0.0,0.0,0.0,0.0,0.0,0.0,0.0,0.0,0.0,0.0,6.25,0.0,0.0
2013100096,ブレイブスマッシュ,https://db.netkeiba.com/horse/ped/2013100096/,PASS,トーセンファントム,トーセンスマッシュ,トウカイテイオー,ネオユニヴァース,Tony Bin,アナスミラビリス,Consentida,Sunday Silence,Hail to Reason,トウカイテイオー,トウカイテイオー,Sunday Silence__X__トウカイテイオー,Hail to Reason__X__トウカイテイオー,Sunday Silence__X__Consentida,4,Hail to Reason:5x5;Lady Victoria:5x5;Northern Dancer:5x5x5;Northern Taste:4x4,1.5625,12.5,9.375,0.0,0.0,6.25,0.0,0.0,6.25,6.25,0.0,0.0,0.0,0.0,0.0,0.0,12.5,0.0,0.0,0.0
2013101866,クラウンスカイ,https://db.netkeiba.com/horse/ped/2013101866/,PASS,メイショウボーラー,アオゾラ,ムーンバラッド Moon Ballad,タイキシャトル,Storm Cat,グリーンヒルマック,ヒカルオーバー,Halo,Hail to Reason,Sadler's Wells,Northern Dancer,Halo__X__Sadler's Wells,Hail to Reason__X__Northern Dancer,Halo__X__ヒカルオーバー,3,Ballade:4x5;Halo:4x5;Northern Dancer:5x5,0.9765625,0.0,6.25,0.0,0.0,0.0,3.125,3.125,9.375,3.125,0.0,0.0,3.125,0.0,12.5,0.0,0.0,6.25,0.0,3.125
2013106118,ブラックスピネル,https://db.netkeiba.com/horse/ped/2013106118/,PASS,タニノギムレット,モルガナイト,アグネスデジタル,ブライアンズタイム Brian's Time,クリスタルパレス Crystal Palace,タンザナイト,Rajput Princess,Roberto,Hail to Reason,Mr. Prospector,Native Dancer,Roberto__X__Mr. Prospector,Hail to Reason__X__Native Dancer,Roberto__X__Rajput Princess,3,Graustark:4x5;Hail to Reason:4x5;Ribot:5x5,0.5859375,12.5,0.0,6.25,0.0,12.5,0.0,3.125,6.25,9.375,0.0,0.0,0.0,0.0,0.0,0.0,0.0,0.0,3.125,0.0
2008103273,トーセンレーヴ,https://db.netkeiba.com/horse/ped/2008103273/,PASS,Deep Impact,ビワハイジ,Caerleon,Sunday Silence,Alzao,アグサン Aghsan,Schwarzblaurot,Deep Impact,Hail to Reason,Nijinsky,Northern Dancer,Deep Impact__X__Nijinsky,Hail to Reason__X__Northern Dancer,Deep Impact__X__Schwarzblaurot,3,Hail to Reason:4x5;Northern Dancer:4x5;Turn-to:5x5,0.9765625,25.0,9.375,0.0,0.0,0.0,0.0,0.0,12.5,9.375,0.0,0.0,12.5,0.0,0.0,0.0,0.0,6.25,0.0,0.0
2011103978,ネオリアリズム,https://db.netkeiba.com/horse/ped/2011103978/,PASS,ネオユニヴァース,トキオリアリティー,Meadowlake,Sunday Silence,Kris,What a Reality,Solita,Sunday Silence,Hail to Reason,Meadowlake,Meadowlake,Sunday Silence__X__Meadowlake,Hail to Reason__X__Meadowlake,Sunday Silence__X__Solita,1,Nothirdchance:5x5,0.1953125,25.0,0.0,0.0,0.0,0.0,0.0,0.0,12.5,6.25,0.0,0.0,0.0,0.0,0.0,0.0,0.0,0.0,6.25,3.125
2010104134,フルーキー,https://db.netkeiba.com/horse/ped/2010104134/,PASS,Redoute's Choice,サンデースマイルII Sunday Smile,Sunday Silence,デインヒル Danehill,Canny Lad,センセーション Sensation,Finance,Danzig,Northern Dancer,Sunday Silence,Hail to Reason,Danzig__X__Sunday Silence,Northern Dancer__X__Hail to Reason,Danzig__X__Finance,2,Natalma:5x5;Northern Dancer:4x5x5,0.5859375,25.0,12.5,0.0,0.0,0.0,0.0,12.5,12.5,6.25,0.0,0.0,6.25,6.25,0.0,0.0,0.0,0.0,3.125,0.0
2010104458,ライズトゥフェイム,https://db.netkeiba.com/horse/ped/2010104458/,PASS,ゼンノロブロイ,バラファミー Barafamy,Barathea,Sunday Silence,マイニング Mining,Infamy,Pantoufle,Sunday Silence,Hail to Reason,Sadler's Wells,Northern Dancer,Sunday Silence__X__Sadler's Wells,Hail to Reason__X__Northern Dancer,Sunday Silence__X__Pantoufle,0,,0.0,25.0,6.25,6.25,0.0,0.0,12.5,0.0,12.5,6.25,0.0,0.0,0.0,0.0,0.0,0.0,0.0,0.0,3.125,0.0
2011103837,ハピネスダンサー,https://db.netkeiba.com/horse/ped/2011103837/,PASS,メイショウサムソン,クロノロジスト,クロフネ,オペラハウス Opera House,ダンシングブレーヴ Dancing Brave,インディスユニゾン,Swinging Doll,Sadler's Wells,Northern Dancer,Deputy Minister,Northern Dancer,Sadler's Wells__X__Deputy Minister,Northern Dancer__X__Northern Dancer,Sadler's Wells__X__Swinging Doll,1,Northern Dancer:4x5,0.0,12.5,9.375,6.25,0.0,0.0,12.5,0.0,6.25,3.125,0.0,0.0,0.0,0.0,0.0,6.25,0.0,6.25,3.125,0.0
2010104147,ヴィルジニア,https://db.netkeiba.com/horse/ped/2010104147/,PASS,Galileo,シルヴァースカヤ Silverskaya,Silver Hawk,Sadler's Wells,Miswaki,Boubskaia,Fast Jane,Sadler's Wells,Northern Dancer,Roberto,Hail to Reason,Sadler's Wells__X__Roberto,Northern Dancer__X__Hail to Reason,Sadler's Wells__X__Fast Jane,3,Hail to Reason:4x5;Nearco:5x5;Northern Dancer:3x5,1.3671875,0.0,15.625,6.25,0.0,12.5,25.0,0.0,0.0,9.375,0.0,0.0,6.25,0.0,0.0,0.0,0.0,0.0,3.125,3.125
2010106366,アルマディヴァン,https://db.netkeiba.com/horse/ped/2010106366/,PASS,メジロベイリー,ゲームコンパイラ,メジロライアン,Sunday Silence,マルゼンスキー,ストロークト Stroked,Error,Sunday Silence,Hail to Reason,Northern Dancer,Northern Dancer,Sunday Silence__X__Northern Dancer,Hail to Reason__X__Northern Dancer,Sunday Silence__X__Error,1,Northern Dancer:5x5,0.1953125,25.0,6.25,0.0,0.0,0.0,0.0,0.0,12.5,6.25,0.0,0.0,6.25,0.0,0.0,0.0,0.0,0.0,0.0,0.0
2010101874,マコトブリジャール,https://db.netkeiba.com/horse/ped/2010101874/,PASS,ストーミングホーム Storming Home,マコトコーラン,ブライアンズタイム Brian's Time,Machiavellian,Shareef Dancer,ビットオブフェイス Bit of Faith,Statute,Mr. Prospector,Native Dancer,Roberto,Hail to Reason,Mr. Prospector__X__Roberto,Native Dancer__X__Hail to Reason,Mr. Prospector__X__Statute,8,Gold Digger:4x5;Hail to Reason:4x5;Mr. Prospector:3x4;Nashua:5x5;Natalma:5x5x5;Nearctic:5x5;Northern Dancer:4x4;Raise a Native:4x5x5,2.5390625,0.0,12.5,18.75,0.0,12.5,0.0,0.0,6.25,9.375,0.0,0.0,0.0,0.0,0.0,0.0,0.0,0.0,12.5,3.125
2010104515,レイヌドネージュ,https://db.netkeiba.com/horse/ped/2010104515/,PASS,フジキセキ,イルネージュ,Tony Bin,Sunday Silence,Le Fabuleux,ジュウニヒトエ,Meadow Saffron,Sunday Silence,Hail to Reason,Tony Bin,Tony Bin,Sunday Silence__X__Tony Bin,Hail to Reason__X__Tony Bin,Sunday Silence__X__Meadow Saffron,2,Hail to Reason:4x5;In Reality:4x5,0.78125,25.0,3.125,0.0,0.0,6.25,0.0,0.0,12.5,9.375,0.0,0.0,0.0,0.0,0.0,0.0,25.0,0.0,0.0,0.0
2011100497,リーサルウェポン,https://db.netkeiba.com/horse/ped/2011100497/,PASS,Deep Impact,クイックコマンド,Gold Legend,Sunday Silence,Alzao,Jet Route,Brabantia,Deep Impact,Hail to Reason,Seattle Slew,Seattle Slew,Deep Impact__X__Seattle Slew,Hail to Reason__X__Seattle Slew,Deep Impact__X__Brabantia,1,Raise a Native:4x5,0.0,25.0,3.125,6.25,0.0,0.0,0.0,0.0,12.5,6.25,12.5,0.0,0.0,0.0,0.0,0.0,0.0,6.25,9.375,3.125
2010104221,オツウ,https://db.netkeiba.com/horse/ped/2010104221/,PASS,Heart's Cry,デライトポイント,トウカイテイオー,Sunday Silence,Tony Bin,マッチポイント,パロクサイド,Heart's Cry,Hail to Reason,トウカイテイオー,トウカイテイオー,Heart's Cry__X__トウカイテイオー,Hail to Reason__X__トウカイテイオー,Heart's Cry__X__パロクサイド,2,Hail to Reason:4x5;Northern Dancer:5x5x5,0.78125,25.0,9.375,0.0,0.0,6.25,0.0,0.0,12.5,9.375,0.0,0.0,0.0,0.0,0.0,0.0,12.5,6.25,0.0,0.0
2013105785,メートルダール,https://db.netkeiba.com/horse/ped/2013105785/,PASS,ゼンノロブロイ,イグジビットワン,Silver Hawk,Sunday Silence,マイニング Mining,Tsar's Pride,Mofida,Sunday Silence,Hail to Reason,Roberto,Hail to Reason,Sunday Silence__X__Roberto,Hail to Reason__X__Hail to Reason,Sunday Silence__X__Mofida,3,Hail to Reason:4x4;Nothirdchance:5x5;Turn-to:5x5,1.171875,25.0,6.25,6.25,0.0,12.5,12.5,0.0,12.5,12.5,0.0,0.0,0.0,0.0,0.0,0.0,0.0,0.0,3.125,0.0
2013105309,ウムブルフ,https://db.netkeiba.com/horse/ped/2013105309/,PASS,Deep Impact,ウミラージ Umirage,Monsun,Sunday Silence,Alzao,Ungarin,Union,Deep Impact,Hail to Reason,Monsun,Monsun,Deep Impact__X__Monsun,Hail to Reason__X__Monsun,Deep Impact__X__Union,3,Goofed:5x5;Lyphard:4x4;Northern Dancer:5x5,1.171875,25.0,6.25,0.0,0.0,0.0,0.0,0.0,12.5,6.25,0.0,0.0,0.0,0.0,0.0,0.0,0.0,12.5,0.0,0.0
2013105930,プロフェット,https://db.netkeiba.com/horse/ped/2013105930/,PASS,ハービンジャー Harbinger,ジュモー,タニノギムレット,Dansili,Bering,ビスクドール,Likely Exchange,Danzig,Northern Dancer,Roberto,Hail to Reason,Danzig__X__Roberto,Northern Dancer__X__Hail to Reason,Danzig__X__Likely Exchange,3,Hail to Reason:5x5;Northern Dancer:5x5x5;Sea-Bird:5x5,0.5859375,12.5,9.375,0.0,0.0,6.25,0.0,6.25,6.25,6.25,0.0,0.0,0.0,6.25,0.0,0.0,0.0,3.125,0.0,0.0
2013109108,カミノライデン,https://db.netkeiba.com/horse/ped/2013109108/,PASS,ニューイングランド,モーディッシュ,Singspiel,Sunday Silence,Chief's Crown,モテック Moteck,Patria,Sunday Silence,Hail to Reason,Sadler's Wells,Northern Dancer,Sunday Silence__X__Sadler's Wells,Hail to Reason__X__Northern Dancer,Sunday Silence__X__Patria,5,Cosmah:4x5;Hail to Reason:4x5;Halo:3x4;Mill Reef:5x5;Northern Dancer:5x5x5,2.734375,25.0,9.375,0.0,0.0,0.0,6.25,6.25,18.75,9.375,0.0,0.0,0.0,0.0,0.0,0.0,0.0,0.0,0.0,0.0
2013100615,ルネイション,https://db.netkeiba.com/horse/ped/2013100615/,PASS,アドマイヤムーン,パラフレーズ Paraphrase,Pivotal,エンドスウィープ End Sweep,Sunday Silence,Epitome,Royal Statute,Mr. Prospector,Native Dancer,Nureyev,Northern Dancer,Mr. Prospector__X__Nureyev,Native Dancer__X__Northern Dancer,Mr. Prospector__X__Royal Statute,5,Bustino:5x5;Gold Digger:5x5;Mr. Prospector:4x4;Northern Dancer:5x5;Raise a Native:5x5,1.3671875,12.5,6.25,12.5,0.0,0.0,0.0,0.0,6.25,3.125,0.0,0.0,0.0,6.25,0.0,0.0,0.0,0.0,6.25,0.0
2013101928,マイネルラフレシア,https://db.netkeiba.com/horse/ped/2013101928/,PASS,ジャングルポケット,フライングメリッサ,ダンスインザダーク,Tony Bin,Nureyev,ウイングオブラック,バブルカンパニー,Tony Bin,Tony Bin,Sunday Silence,Hail to Reason,Tony Bin__X__Sunday Silence,Tony Bin__X__Hail to Reason,Tony Bin__X__バブルカンパニー,2,Hail to Reason:5x5;Northern Dancer:4x5,0.390625,12.5,9.375,0.0,0.0,6.25,3.125,0.0,6.25,6.25,0.0,0.0,6.25,12.5,0.0,0.0,25.0,0.0,0.0,0.0
2013105825,アドマイヤモラール,https://db.netkeiba.com/horse/ped/2013105825/,PASS,キンシャサノキセキ,カツラドライバー,ニホンピロウイナー,フジキセキ,Pleasant Colony,ノーザンマイア,Elisea,Sunday Silence,Hail to Reason,ニホンピロウイナー,ニホンピロウイナー,Sunday Silence__X__ニホンピロウイナー,Hail to Reason__X__ニホンピロウイナー,Sunday Silence__X__Elisea,1,Northern Dancer:4x5,0.390625,12.5,9.375,0.0,0.0,0.0,0.0,0.0,6.25,3.125,0.0,0.0,0.0,0.0,0.0,0.0,0.0,6.25,0.0,0.0
2013104828,アポロナイスジャブ,https://db.netkeiba.com/horse/ped/2013104828/,PASS,アポロキングダム,リトルマーメード,トワイニング Twining,Lemon Drop Kid,Storm Cat,エリモドリーム,マタテイナ,Kingmambo,Native Dancer,Mr. Prospector,Native Dancer,Kingmambo__X__Mr. Prospector,Native Dancer__X__Native Dancer,Kingmambo__X__マタテイナ,3,Gold Digger:5x5;Mr. Prospector:4x4;Raise a Native:5x5,1.171875,0.0,3.125,12.5,12.5,6.25,0.0,0.0,0.0,3.125,6.25,0.0,3.125,3.125,12.5,0.0,0.0,0.0,6.25,0.0
2013103343,ユウチェンジ,https://db.netkeiba.com/horse/ped/2013103343/,PASS,スウィフトカレント,ユウキャラット,ウイニングチケット,Sunday Silence,Machiavellian,エンポールコメン,Sierra Grey,Sunday Silence,Hail to Reason,Tony Bin,Tony Bin,Sunday Silence__X__Tony Bin,Hail to Reason__X__Tony Bin,Sunday Silence__X__Sierra Grey,1,Halo:3x5,0.0,25.0,6.25,6.25,0.0,0.0,0.0,0.0,15.625,6.25,0.0,0.0,3.125,0.0,0.0,0.0,12.5,0.0,3.125,0.0
2013102829,ダイチラディウス,https://db.netkeiba.com/horse/ped/2013102829/,PASS,Halo,クリスタルヴィオレ,Skip Away,ダンシングブレーヴ Dancing Brave,Halo,キュートネスII Cuteness,Charedi,Halo,Hail to Reason,Skip Away,Skip Away,Halo__X__Skip Away,Hail to Reason__X__Skip Away,Halo__X__Charedi,2,Halo:1x2x3;Sir Gaylord:5x5,0.0,0.0,6.25,6.25,0.0,0.0,0.0,0.0,87.5,6.25,0.0,0.0,0.0,0.0,0.0,0.0,0.0,12.5,3.125,0.0
2013103526,ナムラシングン,https://db.netkeiba.com/horse/ped/2013103526/,PASS,ヴィクトワールピサ,ドリームオブジェニー Dream of Genie,Pivotal,ネオユニヴァース,Machiavellian,Glia,Raise the Standard,Sunday Silence,Hail to Reason,Nureyev,Northern Dancer,Sunday Silence__X__Nureyev,Hail to Reason__X__Northern Dancer,Sunday Silence__X__Raise the Standard,7,Bustino:4x5;Coup de Folie:4x4;Gold Digger:5x5;Halo:4x5x5;Mr. Prospector:4x4;Raise a Native:5x5;Raise the Standard:5x5,3.125,12.5,3.125,12.5,0.0,0.0,0.0,0.0,12.5,3.125,6.25,12.5,0.0,6.25,0.0,0.0,0.0,0.0,6.25,0.0
2011104306,シャドウダンサー,https://db.netkeiba.com/horse/ped/2011104306/,PASS,ホワイトマズル White Muzzle,ダンスインザムード,Sunday Silence,ダンシングブレーヴ Dancing Brave,Ela-Mana-Mou,ダンシングキイ,Dinner Partner,Lyphard,Northern Dancer,Sunday Silence,Hail to Reason,Lyphard__X__Sunday Silence,Northern Dancer__X__Hail to Reason,Lyphard__X__Dinner Partner,3,Natalma:5x5;Nearctic:5x5;Northern Dancer:4x4,1.171875,25.0,12.5,0.0,0.0,0.0,0.0,0.0,12.5,6.25,0.0,0.0,12.5,0.0,0.0,0.0,0.0,12.5,3.125,0.0
2007106459,メイショウウズシオ,https://db.netkeiba.com/horse/ped/2007106459/,PASS,オペラハウス Opera House,カワカミパウダー,ブライアンズタイム Brian's Time,Sadler's Wells,High Top,パウダースノー,ライトフレーム,Sadler's Wells,Northern Dancer,Roberto,Hail to Reason,Sadler's Wells__X__Roberto,Northern Dancer__X__Hail to Reason,Sadler's Wells__X__ライトフレーム,1,Hail to Reason:4x5,0.390625,0.0,12.5,6.25,0.0,12.5,25.0,0.0,0.0,9.375,0.0,0.0,3.125,0.0,0.0,0.0,0.0,0.0,3.125,3.125
2008105224,アップルジャック,https://db.netkeiba.com/horse/ped/2008105224/,PASS,アポインテッドデイ,アラマササイダー,アサティス Assatis,Red Ransom,Danzig,アラマサユウコ,トリーテイ,Roberto,Hail to Reason,Northern Dancer,Northern Dancer,Roberto__X__Northern Dancer,Hail to Reason__X__Northern Dancer,Roberto__X__トリーテイ,3,Natalma:5x5;Nearctic:5x5x5;Northern Dancer:4x4,1.3671875,0.0,12.5,0.0,0.0,12.5,0.0,12.5,0.0,6.25,0.0,0.0,0.0,0.0,0.0,0.0,0.0,0.0,3.125,0.0
2008101020,ショウナンマイティ,https://db.netkeiba.com/horse/ped/2008101020/,PASS,マンハッタンカフェ,ラグジャリー Luxury,Storm Cat,Sunday Silence,Law Society,Alleged Devotion,A Wind Is Rising,Sunday Silence,Hail to Reason,Storm Cat,Northern Dancer,Sunday Silence__X__Storm Cat,Hail to Reason__X__Northern Dancer,Sunday Silence__X__A Wind Is Rising,4,Alleged:3x4;Hoist the Flag:4x5;Prince John:5x5;Princess Pout:4x5,2.34375,25.0,6.25,0.0,0.0,0.0,0.0,0.0,12.5,6.25,0.0,0.0,0.0,0.0,25.0,0.0,0.0,0.0,0.0,0.0
2008102912,ルルーシュ,https://db.netkeiba.com/horse/ped/2008102912/,PASS,ゼンノロブロイ,ダンスーズデトワール Danseuse d'Etoile,Highest Honor,Sunday Silence,マイニング Mining,Latifolia,Glad Rags,Sunday Silence,Hail to Reason,Highest Honor,Highest Honor,Sunday Silence__X__Highest Honor,Hail to Reason__X__Highest Honor,Sunday Silence__X__Glad Rags,1,Buckpasser:5x5,0.1953125,25.0,3.125,6.25,0.0,0.0,0.0,0.0,12.5,6.25,0.0,0.0,0.0,0.0,0.0,0.0,0.0,6.25,3.125,0.0
2011105057,ヤマニンボワラクテ,https://db.netkeiba.com/horse/ped/2011105057/,PASS,King Kamehameha,ヤマニンカルフール,エリシオ Helissio,Kingmambo,ラストタイクーン Last Tycoon,ワンオブアクライン One of a Klein,By Me,King Kamehameha,Native Dancer,Northern Dancer,Northern Dancer,King Kamehameha__X__Northern Dancer,Native Dancer__X__Northern Dancer,King Kamehameha__X__By Me,4,Natalma:5x5;Nearctic:5x5;Northern Dancer:4x4x5x5;Special:5x5,1.7578125,0.0,18.75,12.5,25.0,0.0,0.0,12.5,0.0,0.0,3.125,0.0,0.0,6.25,0.0,0.0,0.0,0.0,6.25,3.125
2009106315,ヒストリカル,https://db.netkeiba.com/horse/ped/2009106315/,PASS,Deep Impact,ブリリアントベリー,Northern Taste,Sunday Silence,Alzao,クラフテイワイフ Crafty Wife,Tiny Request,Deep Impact,Hail to Reason,Northern Dancer,Northern Dancer,Deep Impact__X__Northern Dancer,Hail to Reason__X__Northern Dancer,Deep Impact__X__Tiny Request,3,Almahmoud:5x5;Lady Angela:4x5;Northern Dancer:3x5,0.9765625,25.0,15.625,6.25,0.0,0.0,0.0,0.0,12.5,6.25,0.0,0.0,0.0,0.0,0.0,0.0,0.0,6.25,3.125,3.125
2011103483,マドリードカフェ,https://db.netkeiba.com/horse/ped/2011103483/,PASS,マンハッタンカフェ,ステラマドレード,フォーティナイナー Forty Niner,Sunday Silence,Law Society,リキマドレード,Loudrangle,Sunday Silence,Hail to Reason,Mr. Prospector,Native Dancer,Sunday Silence__X__Mr. Prospector,Hail to Reason__X__Native Dancer,Sunday Silence__X__Loudrangle,4,Gold Digger:4x5;Halo:3x4x5;Mr. Prospector:3x4;Raise a Native:4x5,2.34375,25.0,3.125,18.75,0.0,0.0,0.0,6.25,21.875,6.25,0.0,0.0,0.0,0.0,0.0,0.0,0.0,0.0,9.375,3.125
2008102924,エバーグリーン,https://db.netkeiba.com/horse/ped/2008102924/,PASS,ゼンノロブロイ,ドライアッド,Tony Bin,Sunday Silence,マイニング Mining,オークツリー,Lady Attica,Sunday Silence,Hail to Reason,Tony Bin,Tony Bin,Sunday Silence__X__Tony Bin,Hail to Reason__X__Tony Bin,Sunday Silence__X__Lady Attica,1,Hail to Reason:4x5,0.390625,25.0,3.125,6.25,0.0,6.25,0.0,0.0,12.5,9.375,0.0,0.0,0.0,0.0,0.0,0.0,25.0,0.0,3.125,0.0
2012104650,モンドインテロ,https://db.netkeiba.com/horse/ped/2012104650/,PASS,Deep Impact,シルクユニバーサル,ブライアンズタイム Brian's Time,Sunday Silence,Alzao,トロピカルサウンドII,Rififi,Deep Impact,Hail to Reason,Roberto,Hail to Reason,Deep Impact__X__Roberto,Hail to Reason__X__Hail to Reason,Deep Impact__X__Rififi,3,Hail to Reason:4x4;Nothirdchance:5x5;Turn-to:5x5,1.171875,25.0,3.125,6.25,0.0,12.5,0.0,0.0,12.5,12.5,0.0,0.0,0.0,0.0,0.0,0.0,0.0,6.25,3.125,0.0
2013103638,シャララ,https://db.netkeiba.com/horse/ped/2013103638/,PASS,メイショウサムソン,ナムラクロシェット,Miswaki,オペラハウス Opera House,ダンシングブレーヴ Dancing Brave,Romy,Game Maid,Sadler's Wells,Northern Dancer,Mr. Prospector,Native Dancer,Sadler's Wells__X__Mr. Prospector,Northern Dancer__X__Native Dancer,Sadler's Wells__X__Game Maid,1,Northern Dancer:4x5,0.0,0.0,9.375,12.5,0.0,0.0,12.5,0.0,0.0,0.0,6.25,0.0,0.0,0.0,0.0,0.0,0.0,6.25,6.25,3.125
2013105387,タイセイサミット,https://db.netkeiba.com/horse/ped/2013105387/,PASS,ダイワメジャー,ヴァインドレッサー,エンドスウィープ End Sweep,Sunday Silence,Northern Taste,ヴァイオレットラブ,Hasty Hitter,Sunday Silence,Hail to Reason,Mr. Prospector,Native Dancer,Sunday Silence__X__Mr. Prospector,Hail to Reason__X__Native Dancer,Sunday Silence__X__Hasty Hitter,4,Gold Digger:5x5;Mr. Prospector:4x4;Northern Dancer:4x5;Raise a Native:5x5,0.390625,25.0,9.375,12.5,0.0,0.0,0.0,0.0,12.5,6.25,0.0,0.0,0.0,0.0,0.0,0.0,0.0,0.0,6.25,0.0
2013105399,エアスピネル,https://db.netkeiba.com/horse/ped/2013105399/,PASS,King Kamehameha,エアメサイア,Sunday Silence,Kingmambo,ラストタイクーン Last Tycoon,エアデジャヴー,Tobacco Trail,King Kamehameha,Native Dancer,Sunday Silence,Hail to Reason,King Kamehameha__X__Sunday Silence,Native Dancer__X__Hail to Reason,King Kamehameha__X__Tobacco Trail,1,Northern Dancer:4x5x5,0.78125,25.0,12.5,12.5,25.0,0.0,0.0,0.0,12.5,6.25,0.0,0.0,0.0,6.25,0.0,0.0,0.0,0.0,6.25,3.125
2013100077,ヴィガーエッジ,https://db.netkeiba.com/horse/ped/2013100077/,PASS,King Kamehameha,エラドゥーラ,Sultry Song,Kingmambo,ラストタイクーン Last Tycoon,Sichana,Siete Cartas,King Kamehameha,Native Dancer,Sultry Song,Sultry Song,King Kamehameha__X__Sultry Song,Native Dancer__X__Sultry Song,King Kamehameha__X__Siete Cartas,1,Northern Dancer:4x5x5,0.78125,0.0,12.5,12.5,25.0,0.0,0.0,0.0,0.0,0.0,0.0,0.0,0.0,6.25,0.0,0.0,0.0,0.0,6.25,3.125
2013100159,モウカッテル,https://db.netkeiba.com/horse/ped/2013100159/,PASS,アンライバルド,ロングビクトリア,タニノギムレット,ネオユニヴァース,Sadler's Wells,エンゼルカロ,キタノリュウ,Sunday Silence,Hail to Reason,Roberto,Hail to Reason,Sunday Silence__X__Roberto,Hail to Reason__X__Hail to Reason,Sunday Silence__X__キタノリュウ,3,Caro:5x5;Hail to Reason:5x5;Northern Dancer:4x5,0.5859375,12.5,9.375,0.0,0.0,6.25,12.5,0.0,6.25,6.25,0.0,0.0,0.0,0.0,0.0,0.0,0.0,0.0,0.0,0.0
2013106474,ケンホファヴァルト,https://db.netkeiba.com/horse/ped/2013106474/,PASS,マーベラスサンデー,エイシンパンジー,Tony Bin,Sunday Silence,ヴァイスリーガル,レディダンズ Lady Danz,Chris Evert,Sunday Silence,Hail to Reason,Tony Bin,Tony Bin,Sunday Silence__X__Tony Bin,Hail to Reason__X__Tony Bin,Sunday Silence__X__Chris Evert,3,Natalma:5x5;Nearctic:5x5;Northern Dancer:4x4,1.171875,25.0,12.5,6.25,0.0,0.0,0.0,12.5,12.5,6.25,0.0,0.0,0.0,0.0,0.0,0.0,25.0,0.0,3.125,3.125
2013102880,イマジンザット,https://db.netkeiba.com/horse/ped/2013102880/,PASS,Deep Impact,シャンラン Xianlang,Great Commotion,Sunday Silence,Alzao,Down the Line,Luminant,Deep Impact,Hail to Reason,Nureyev,Northern Dancer,Deep Impact__X__Nureyev,Hail to Reason__X__Northern Dancer,Deep Impact__X__Luminant,2,Northern Dancer:4x5;Queen's Hussar:4x5,0.78125,25.0,9.375,0.0,0.0,0.0,0.0,0.0,12.5,6.25,0.0,0.0,0.0,12.5,0.0,0.0,0.0,6.25,0.0,0.0
2013105194,モーゼス,https://db.netkeiba.com/horse/ped/2013105194/,PASS,ダイワメジャー,チャールストンハーバー Charleston Harbor,Grindstone,Sunday Silence,Northern Taste,Penny's Valentine,Ten Double,Sunday Silence,Hail to Reason,Mr. Prospector,Native Dancer,Sunday Silence__X__Mr. Prospector,Hail to Reason__X__Native Dancer,Sunday Silence__X__Ten Double,2,Le Fabuleux:5x5;Northern Dancer:4x5,0.390625,25.0,9.375,3.125,0.0,0.0,0.0,0.0,12.5,6.25,0.0,0.0,0.0,0.0,12.5,0.0,0.0,0.0,0.0,0.0
2013105915,リオンディーズ,https://db.netkeiba.com/horse/ped/2013105915/,PASS,King Kamehameha,シーザリオ,スペシャルウィーク,Kingmambo,ラストタイクーン Last Tycoon,キロフプリミエール Kirov Premiere,Pia,King Kamehameha,Native Dancer,Sunday Silence,Hail to Reason,King Kamehameha__X__Sunday Silence,Native Dancer__X__Hail to Reason,King Kamehameha__X__Pia,2,Northern Dancer:4x5x5;Special:5x5,0.9765625,12.5,12.5,12.5,25.0,0.0,12.5,0.0,6.25,3.125,0.0,0.0,3.125,6.25,0.0,0.0,0.0,0.0,6.25,3.125
2013105788,マカヒキ,https://db.netkeiba.com/horse/ped/2013105788/,PASS,Deep Impact,ウィキウィキ,フレンチデピュティ French Deputy,Sunday Silence,Alzao,リアルナンバー Real Number,Nut,Deep Impact,Hail to Reason,Deputy Minister,Northern Dancer,Deep Impact__X__Deputy Minister,Hail to Reason__X__Northern Dancer,Deep Impact__X__Nut,2,Halo:3x4x5;Northern Dancer:5x5,2.5390625,25.0,6.25,0.0,0.0,0.0,0.0,0.0,21.875,6.25,0.0,0.0,0.0,0.0,0.0,12.5,0.0,6.25,0.0,0.0
2013100334,エディクト,https://db.netkeiba.com/horse/ped/2013100334/,PASS,King Kamehameha,サンクスノート,サクラバクシンオー,Kingmambo,ラストタイクーン Last Tycoon,スリーソウツ Three Thoughts,Three Roses,King Kamehameha,Native Dancer,サクラバクシンオー,サクラバクシンオー,King Kamehameha__X__サクラバクシンオー,Native Dancer__X__サクラバクシンオー,King Kamehameha__X__Three Roses,1,Northern Dancer:5x5x5,0.390625,0.0,9.375,12.5,25.0,0.0,0.0,0.0,12.5,6.25,0.0,0.0,0.0,6.25,0.0,0.0,0.0,3.125,6.25,3.125
2008103016,サトノアポロ,https://db.netkeiba.com/horse/ped/2008103016/,PASS,シンボリクリスエス,ミスベルベール Miss Berbere,Bering,Kris S.,Gold Meridian,Miss Afrique,Mistenflute,Roberto,Hail to Reason,Bering,Bering,Roberto__X__Bering,Hail to Reason__X__Bering,Roberto__X__Mistenflute,0,,0.0,0.0,3.125,0.0,0.0,12.5,0.0,0.0,0.0,6.25,6.25,0.0,0.0,0.0,0.0,0.0,0.0,6.25,0.0,0.0
2012100627,アングライフェン,https://db.netkeiba.com/horse/ped/2012100627/,PASS,Stay Gold,レッドスレッド,パントレセレブル Peintre Celebre,Sunday Silence,ディクタス Dictus,シネマスコープ,アイアンエイジ,Stay Gold,Hail to Reason,Nureyev,Northern Dancer,Stay Gold__X__Nureyev,Hail to Reason__X__Northern Dancer,Stay Gold__X__アイアンエイジ,1,Northern Dancer:4x5,0.390625,25.0,9.375,0.0,0.0,0.0,0.0,0.0,12.5,6.25,0.0,0.0,0.0,12.5,0.0,0.0,12.5,0.0,3.125,0.0
2012104708,ケツァルテナンゴ,https://db.netkeiba.com/horse/ped/2012104708/,PASS,チチカステナンゴ Chichicastenango,ダイワオンディーヌ,クロフネ,Smadoun,Antheus,クリアースター,ペルルピーチ,チチカステナンゴ Chichicastenango,チチカステナンゴ Chichicastenango,Deputy Minister,Northern Dancer,チチカステナンゴ Chichicastenango__X__Deputy Minister,チチカステナンゴ Chichicastenango__X__Northern Dancer,チチカステナンゴ Chichicastenango__X__ペルルピーチ,1,Northern Dancer:4x5x5,0.5859375,0.0,12.5,0.0,0.0,0.0,0.0,0.0,0.0,0.0,0.0,0.0,0.0,0.0,0.0,6.25,12.5,0.0,0.0,0.0
2011105687,ストロベリーキング,https://db.netkeiba.com/horse/ped/2011105687/,PASS,Heart's Cry,ドリームエンブレム,ウォーエンブレム War Emblem,Sunday Silence,Tony Bin,マキシムドリーム,Noura,Heart's Cry,Hail to Reason,Mr. Prospector,Native Dancer,Heart's Cry__X__Mr. Prospector,Hail to Reason__X__Native Dancer,Heart's Cry__X__Noura,2,Hail to Reason:4x5;Northern Dancer:5x5,0.5859375,25.0,6.25,6.25,0.0,6.25,0.0,0.0,12.5,9.375,0.0,0.0,0.0,0.0,0.0,0.0,12.5,6.25,3.125,0.0
2008104087,マイネルラクリマ,https://db.netkeiba.com/horse/ped/2008104087/,PASS,チーフベアハート Chief Bearhart,ティアドロップス,Sunday Silence,Chief's Crown,Bold Hour,パイナップルスター,アイアンエイジ,Danzig,Northern Dancer,Sunday Silence,Hail to Reason,Danzig__X__Sunday Silence,Northern Dancer__X__Hail to Reason,Danzig__X__アイアンエイジ,2,Bold Ruler:4x5;Northern Dancer:4x5,0.390625,25.0,9.375,0.0,0.0,0.0,0.0,12.5,12.5,6.25,0.0,0.0,0.0,0.0,0.0,0.0,0.0,0.0,0.0,0.0
2009101803,ニシノビークイック,https://db.netkeiba.com/horse/ped/2009101803/,PASS,デュランダル,ニシノビギン,パラダイスクリーク Paradise Creek,Sunday Silence,Northern Taste,ニシノファイナル,The Bride,Sunday Silence,Hail to Reason,パラダイスクリーク Paradise Creek,パラダイスクリーク Paradise Creek,Sunday Silence__X__パラダイスクリーク Paradise Creek,Hail to Reason__X__パラダイスクリーク Paradise Creek,Sunday Silence__X__The Bride,1,Northern Dancer:4x5x5,0.78125,25.0,12.5,0.0,0.0,0.0,0.0,6.25,12.5,6.25,0.0,0.0,0.0,0.0,0.0,0.0,0.0,0.0,0.0,0.0
2013105768,アドマイヤダイオウ,https://db.netkeiba.com/horse/ped/2013105768/,PASS,Deep Impact,アドマイヤマリン,クロフネ,Sunday Silence,Alzao,ベルベットローブ,One Sum,Deep Impact,Hail to Reason,Deputy Minister,Northern Dancer,Deep Impact__X__Deputy Minister,Hail to Reason__X__Northern Dancer,Deep Impact__X__One Sum,0,,0.0,25.0,3.125,6.25,0.0,0.0,0.0,0.0,12.5,6.25,3.125,0.0,0.0,0.0,0.0,6.25,0.0,6.25,3.125,0.0
2013106108,マウントロブソン,https://db.netkeiba.com/horse/ped/2013106108/,PASS,Deep Impact,ミスパスカリ,Mr. Greeley,Sunday Silence,Alzao,ブルーアヴェニュー Blue Avenue,Catania,Deep Impact,Hail to Reason,Mr. Prospector,Native Dancer,Deep Impact__X__Mr. Prospector,Hail to Reason__X__Native Dancer,Deep Impact__X__Catania,0,,0.0,25.0,3.125,6.25,0.0,3.125,0.0,0.0,12.5,6.25,0.0,0.0,0.0,0.0,0.0,0.0,0.0,6.25,3.125,0.0
2013109072,ミライヘノツバサ,https://db.netkeiba.com/horse/ped/2013109072/,PASS,ドリームジャーニー,タムロブライト,シルバーチャーム Silver Charm,Stay Gold,メジロマックイーン,タムロチェリー,Gaily,Stay Gold,Hail to Reason,シルバーチャーム Silver Charm,シルバーチャーム Silver Charm,Stay Gold__X__シルバーチャーム Silver Charm,Hail to Reason__X__シルバーチャーム Silver Charm,Stay Gold__X__Gaily,3,Hail to Reason:5x5;Northern Dancer:4x5;Northern Taste:4x5,0.5859375,12.5,9.375,0.0,0.0,0.0,0.0,0.0,6.25,6.25,0.0,0.0,0.0,0.0,0.0,0.0,0.0,0.0,0.0,0.0
2013106099,ミッキーロケット,https://db.netkeiba.com/horse/ped/2013106099/,PASS,King Kamehameha,マネーキャントバイミーラヴ Moneycantbuymelove,Pivotal,Kingmambo,ラストタイクーン Last Tycoon,Sabreon,Hail Maggie,King Kamehameha,Native Dancer,Nureyev,Northern Dancer,King Kamehameha__X__Nureyev,Native Dancer__X__Northern Dancer,King Kamehameha__X__Hail Maggie,4,Mr. Prospector:3x5;Northern Dancer:5x5x5x5;Nureyev:4x4;Special:5x5,2.5390625,0.0,12.5,15.625,25.0,0.0,0.0,0.0,0.0,0.0,0.0,0.0,6.25,12.5,0.0,0.0,0.0,0.0,6.25,3.125
2013105109,トーアライジン,https://db.netkeiba.com/horse/ped/2013105109/,PASS,デュランダル,トーアライトニング,ミシル Misil,Sunday Silence,Northern Taste,トーアネイジュ,クイントーア,Sunday Silence,Hail to Reason,Mr. Prospector,Native Dancer,Sunday Silence__X__Mr. Prospector,Hail to Reason__X__Native Dancer,Sunday Silence__X__クイントーア,0,,0.0,25.0,6.25,6.25,0.0,0.0,0.0,0.0,12.5,6.25,0.0,0.0,0.0,0.0,0.0,0.0,0.0,0.0,3.125,0.0
2013106101,サトノダイヤモンド,https://db.netkeiba.com/horse/ped/2013106101/,PASS,Deep Impact,マルペンサ Malpensa,Orpen,Sunday Silence,Alzao,Marsella,Ravana,Deep Impact,Hail to Reason,Danzig,Northern Dancer,Deep Impact__X__Danzig,Hail to Reason__X__Northern Dancer,Deep Impact__X__Ravana,4,Cosmah:4x5;Hail to Reason:4x5;Halo:3x3x4x5;Northern Dancer:5x5x5,6.640625,25.0,9.375,0.0,0.0,0.0,0.0,6.25,34.375,9.375,0.0,0.0,0.0,0.0,0.0,0.0,0.0,6.25,0.0,0.0
2013102016,バレエダンサー,https://db.netkeiba.com/horse/ped/2013102016/,PASS,Heart's Cry,ホワイトウォーター Whitewater,Forestry,Sunday Silence,Tony Bin,Colorado Song,Literary Light,Heart's Cry,Hail to Reason,Storm Cat,Northern Dancer,Heart's Cry__X__Storm Cat,Hail to Reason__X__Northern Dancer,Heart's Cry__X__Literary Light,2,Halo:3x5;Northern Dancer:5x5x5,1.171875,25.0,9.375,0.0,0.0,0.0,0.0,6.25,15.625,6.25,0.0,0.0,0.0,0.0,12.5,0.0,12.5,6.25,0.0,0.0
2013102323,ゲッカコウ,https://db.netkeiba.com/horse/ped/2013102323/,PASS,ロージズインメイ Roses in May,チューベローズ,シンボリクリスエス,Devil His Due,Speak John,チューニー,Larida,Halo,Hail to Reason,Roberto,Hail to Reason,Halo__X__Roberto,Hail to Reason__X__Hail to Reason,Halo__X__Larida,5,Cosmah:5x5;Hail to Reason:5x5x5;Halo:4x4;Princequillo:5x5;Seattle Slew:5x5,1.5625,12.5,0.0,0.0,0.0,6.25,0.0,0.0,12.5,9.375,6.25,0.0,0.0,0.0,0.0,0.0,0.0,0.0,3.125,0.0
2013106013,ビッシュ,https://db.netkeiba.com/horse/ped/2013106013/,PASS,Deep Impact,バランセラ Barancella,Acatenango,Sunday Silence,Alzao,Baranciaga,Marlia,Deep Impact,Hail to Reason,Acatenango,Acatenango,Deep Impact__X__Acatenango,Hail to Reason__X__Acatenango,Deep Impact__X__Marlia,1,Lyphard:4x5,0.390625,25.0,3.125,0.0,0.0,0.0,0.0,0.0,12.5,6.25,0.0,0.0,0.0,0.0,0.0,0.0,0.0,9.375,0.0,0.0
2013106063,アグレアーブル,https://db.netkeiba.com/horse/ped/2013106063/,PASS,マンハッタンカフェ,プリティカリーナ Pretty Carina,Seeking the Gold,Sunday Silence,Law Society,Ile de France,Northern Fable,Sunday Silence,Hail to Reason,Mr. Prospector,Native Dancer,Sunday Silence__X__Mr. Prospector,Hail to Reason__X__Native Dancer,Sunday Silence__X__Northern Fable,0,,0.0,25.0,3.125,12.5,0.0,0.0,0.0,0.0,12.5,6.25,0.0,0.0,0.0,0.0,12.5,0.0,0.0,0.0,6.25,3.125
2013100928,ショコラーチ,https://db.netkeiba.com/horse/ped/2013100928/,PASS,キンシャサノキセキ,ウイッチ,グラスワンダー,フジキセキ,Pleasant Colony,エレンディラ,シャダイマリーン,Sunday Silence,Hail to Reason,Roberto,Hail to Reason,Sunday Silence__X__Roberto,Hail to Reason__X__Hail to Reason,Sunday Silence__X__シャダイマリーン,4,Hail to Reason:5x5;His Majesty:4x5;Northern Dancer:5x5;Roberto:4x5,0.78125,12.5,6.25,6.25,0.0,9.375,0.0,6.25,6.25,6.25,0.0,0.0,3.125,0.0,0.0,0.0,0.0,6.25,3.125,0.0
2013105820,アウェイク,https://db.netkeiba.com/horse/ped/2013105820/,PASS,Deep Impact,オールザウェイベイビー,Grand Slam,Sunday Silence,Alzao,Lustily,Hasty Doll,Deep Impact,Hail to Reason,Mr. Prospector,Native Dancer,Deep Impact__X__Mr. Prospector,Hail to Reason__X__Native Dancer,Deep Impact__X__Hasty Doll,3,Hail to Reason:4x5;Northern Dancer:5x5;Turn-to:5x5,0.78125,25.0,6.25,6.25,0.0,6.25,0.0,0.0,12.5,9.375,0.0,0.0,0.0,0.0,0.0,0.0,0.0,6.25,3.125,0.0
2013105699,ファイアクリスタル,https://db.netkeiba.com/horse/ped/2013105699/,PASS,ネオユニヴァース,ラスティックフレイム Rustic Flame,Danehill Dancer,Sunday Silence,Kris,Soviet Artic,Americaine,Sunday Silence,Hail to Reason,Danzig,Northern Dancer,Sunday Silence__X__Danzig,Hail to Reason__X__Northern Dancer,Sunday Silence__X__Americaine,4,Northern Dancer:5x5;Rocchetta:5x5;Sharpen Up:4x4;エタン:5x5,1.171875,25.0,6.25,0.0,0.0,0.0,0.0,6.25,12.5,6.25,0.0,0.0,0.0,6.25,0.0,0.0,0.0,3.125,0.0,0.0
2013103682,フロンテアクイーン,https://db.netkeiba.com/horse/ped/2013103682/,PASS,メイショウサムソン,ブルーボックスボウ,Sunday Silence,オペラハウス Opera House,ダンシングブレーヴ Dancing Brave,ブルーバタフライ,ソシアルバターフライ,Sadler's Wells,Northern Dancer,Sunday Silence,Hail to Reason,Sadler's Wells__X__Sunday Silence,Northern Dancer__X__Hail to Reason,Sadler's Wells__X__ソシアルバターフライ,1,Northern Dancer:4x5,0.0,25.0,9.375,0.0,0.0,0.0,12.5,0.0,12.5,6.25,0.0,0.0,0.0,0.0,0.0,0.0,0.0,6.25,0.0,0.0
2013104596,ブルーオリエント,https://db.netkeiba.com/horse/ped/2013104596/,PASS,ワイルドラッシュ Wild Rush,ピサノレインボー,Rainbow Quest,Wild Again,Plugged Nickle,キーブギー Keyboogie,Native Partner,Nearco,Nearco,Nasrullah,Nasrullah,Nearco__X__Nasrullah,Nearco__X__Nasrullah,Nearco__X__Native Partner,3,Key to the Mint:4x5;Nearctic:4x5;Northern Dancer:4x5,0.78125,0.0,9.375,0.0,0.0,0.0,0.0,0.0,0.0,0.0,0.0,0.0,6.25,0.0,0.0,0.0,0.0,12.5,3.125,3.125
2013105648,パールコード,https://db.netkeiba.com/horse/ped/2013105648/,PASS,ヴィクトワールピサ,マジックコード Magic Code,Lost Code,ネオユニヴァース,Machiavellian,Beautiful Pet,Bed o'Roses,Sunday Silence,Hail to Reason,Lost Code,Lost Code,Sunday Silence__X__Lost Code,Hail to Reason__X__Lost Code,Sunday Silence__X__Bed o'Roses,2,Halo:4x5;Nasrullah:5x5,0.0,12.5,0.0,6.25,0.0,0.0,0.0,0.0,9.375,3.125,0.0,0.0,0.0,0.0,0.0,0.0,0.0,0.0,3.125,0.0
2013101145,トウカイシェーン,https://db.netkeiba.com/horse/ped/2013101145/,PASS,ダイワメジャー,トウカイポピー,スピニングワールド Spinning World,Sunday Silence,Northern Taste,トウカイシャネル,Cosmah,Sunday Silence,Hail to Reason,Nureyev,Northern Dancer,Sunday Silence__X__Nureyev,Hail to Reason__X__Northern Dancer,Sunday Silence__X__Cosmah,5,Cosmah:4x5;Hail to Reason:4x5;Natalma:5x5;Nearctic:5x5;Northern Dancer:4x4x5,2.34375,25.0,15.625,0.0,0.0,6.25,0.0,0.0,12.5,9.375,0.0,0.0,0.0,12.5,0.0,0.0,0.0,0.0,0.0,0.0
2013106031,エマノン,https://db.netkeiba.com/horse/ped/2013106031/,PASS,Heart's Cry,ピラミマ,Unbridled's Song,Sunday Silence,Tony Bin,キャリアコレクション,Flitter Flutter,Heart's Cry,Hail to Reason,Mr. Prospector,Native Dancer,Heart's Cry__X__Mr. Prospector,Hail to Reason__X__Native Dancer,Heart's Cry__X__Flitter Flutter,0,,0.0,25.0,3.125,3.125,0.0,0.0,0.0,0.0,12.5,6.25,6.25,0.0,0.0,0.0,0.0,0.0,12.5,6.25,0.0,0.0
2013106130,クィーンズベスト,https://db.netkeiba.com/horse/ped/2013106130/,PASS,ワークフォース Workforce,ラスティングソング,フジキセキ,キングズベスト King's Best,Sadler's Wells,ハルーワソング Halwa Song,Ballade,Kingmambo,Native Dancer,Sunday Silence,Hail to Reason,Kingmambo__X__Sunday Silence,Native Dancer__X__Hail to Reason,Kingmambo__X__Ballade,6,Halo:4x5;Natalma:5x5;Nearctic:5x5;Northern Dancer:4x4;Nureyev:3x5;Special:4x5,2.34375,12.5,12.5,6.25,12.5,0.0,12.5,0.0,9.375,3.125,0.0,0.0,0.0,15.625,0.0,0.0,0.0,0.0,3.125,0.0
2013105243,シークザフューチャ,https://db.netkeiba.com/horse/ped/2013105243/,PASS,ゼンノロブロイ,シーリーコート,Distorted Humor,Sunday Silence,マイニング Mining,シーリール Sea Reel,Bellevarde,Sunday Silence,Hail to Reason,Mr. Prospector,Native Dancer,Sunday Silence__X__Mr. Prospector,Hail to Reason__X__Native Dancer,Sunday Silence__X__Bellevarde,4,Danzig:3x4x5;Gold Digger:5x5;Mr. Prospector:4x4;Raise a Native:5x5,1.171875,25.0,3.125,12.5,0.0,0.0,0.0,21.875,12.5,6.25,0.0,0.0,3.125,0.0,0.0,0.0,0.0,0.0,6.25,0.0
2013102955,クロコスミア,https://db.netkeiba.com/horse/ped/2013102955/,PASS,Stay Gold,デヴェロッペ,ボストンハーバー Boston Harbor,Sunday Silence,ディクタス Dictus,ショウエイミズキ,Balidaress,Stay Gold,Hail to Reason,Seattle Slew,Seattle Slew,Stay Gold__X__Seattle Slew,Hail to Reason__X__Seattle Slew,Stay Gold__X__Balidaress,1,Northern Dancer:5x5x5,0.390625,25.0,9.375,0.0,0.0,0.0,6.25,0.0,12.5,6.25,6.25,0.0,0.0,0.0,0.0,0.0,0.0,0.0,0.0,0.0
2013105919,エルビッシュ,https://db.netkeiba.com/horse/ped/2013105919/,PASS,King Kamehameha,シーズオールエルティッシュ Shes All Eltish,Eltish,Kingmambo,ラストタイクーン Last Tycoon,Shesabullwinkle,Ribonette,King Kamehameha,Native Dancer,Eltish,Eltish,King Kamehameha__X__Eltish,Native Dancer__X__Eltish,King Kamehameha__X__Ribonette,1,Northern Dancer:5x5x5,0.390625,0.0,9.375,12.5,25.0,0.0,0.0,6.25,3.125,0.0,0.0,0.0,0.0,6.25,0.0,0.0,0.0,0.0,6.25,3.125
2013106005,チェッキーノ,https://db.netkeiba.com/horse/ped/2013106005/,PASS,King Kamehameha,ハッピーパス,Sunday Silence,Kingmambo,ラストタイクーン Last Tycoon,ハッピートレイルズ Happy Trails,Azurine,King Kamehameha,Native Dancer,Sunday Silence,Hail to Reason,King Kamehameha__X__Sunday Silence,Native Dancer__X__Hail to Reason,King Kamehameha__X__Azurine,1,Northern Dancer:5x5,0.0,25.0,6.25,12.5,25.0,0.0,0.0,0.0,12.5,6.25,0.0,0.0,0.0,6.25,0.0,0.0,0.0,0.0,6.25,3.125
2013100637,ラヴアンドポップ,https://db.netkeiba.com/horse/ped/2013100637/,PASS,アドマイヤムーン,ラヴィングプライド Loving Pride,Quiet American,エンドスウィープ End Sweep,Sunday Silence,Yafill,Bold Example,Mr. Prospector,Native Dancer,Mr. Prospector,Native Dancer,Mr. Prospector__X__Mr. Prospector,Native Dancer__X__Native Dancer,Mr. Prospector__X__Bold Example,6,Dr. Fager:4x5;Gold Digger:5x5;Mr. Prospector:4x4;Nearctic:5x5;Northern Dancer:4x5;Raise a Native:5x5,1.5625,12.5,9.375,12.5,0.0,0.0,0.0,0.0,6.25,3.125,0.0,0.0,0.0,12.5,0.0,0.0,0.0,0.0,6.25,0.0
2013102986,フレンドミラクル,https://db.netkeiba.com/horse/ped/2013102986/,PASS,バゴ Bago,タツキセキ,フジキセキ,Nashwan,Nureyev,パシアン,タマコダマ,Nasrullah,Nasrullah,Sunday Silence,Hail to Reason,Nasrullah__X__Sunday Silence,Nasrullah__X__Hail to Reason,Nasrullah__X__タマコダマ,2,Halo:4x5;Wild Risk:5x5,0.5859375,12.5,6.25,6.25,0.0,0.0,0.0,0.0,9.375,3.125,0.0,0.0,0.0,12.5,0.0,0.0,0.0,0.0,3.125,0.0
2013105662,ロスカボス,https://db.netkeiba.com/horse/ped/2013105662/,PASS,King Kamehameha,マンハッタンセレブ,Sunday Silence,Kingmambo,ラストタイクーン Last Tycoon,サトルチェンジ Subtle Change,Schwarzblaurot,King Kamehameha,Native Dancer,Sunday Silence,Hail to Reason,King Kamehameha__X__Sunday Silence,Native Dancer__X__Hail to Reason,King Kamehameha__X__Schwarzblaurot,1,Northern Dancer:5x5,0.0,25.0,6.25,12.5,25.0,0.0,0.0,0.0,12.5,6.25,0.0,0.0,0.0,6.25,0.0,0.0,0.0,0.0,6.25,3.125
2013105902,レッドエルディスト,https://db.netkeiba.com/horse/ped/2013105902/,PASS,ゼンノロブロイ,ショウダウン,Darshaan,Sunday Silence,マイニング Mining,Last Second,Nucciolina,Sunday Silence,Hail to Reason,Darshaan,Darshaan,Sunday Silence__X__Darshaan,Hail to Reason__X__Darshaan,Sunday Silence__X__Nucciolina,0,,0.0,25.0,3.125,6.25,0.0,0.0,0.0,0.0,12.5,6.25,0.0,0.0,0.0,0.0,0.0,0.0,0.0,6.25,3.125,0.0
2013102194,ドンチャブ,https://db.netkeiba.com/horse/ped/2013102194/,PASS,Heart's Cry,ウォータームーン,サンダーガルチ Thunder Gulch,Sunday Silence,Tony Bin,シュミーダー Shimmydar,Alanesian,Heart's Cry,Hail to Reason,Mr. Prospector,Native Dancer,Heart's Cry__X__Mr. Prospector,Hail to Reason__X__Native Dancer,Heart's Cry__X__Alanesian,2,Northern Dancer:5x5x5;Raise a Native:4x5,0.390625,25.0,9.375,6.25,0.0,0.0,0.0,0.0,12.5,6.25,0.0,0.0,6.25,0.0,0.0,0.0,12.5,6.25,9.375,3.125
2013105718,ヴァンキッシュラン,https://db.netkeiba.com/horse/ped/2013105718/,PASS,Deep Impact,リリーオブザヴァレー Lily of the Valley,Galileo,Sunday Silence,Alzao,Pennegale,Brief Attire,Deep Impact,Hail to Reason,Sadler's Wells,Northern Dancer,Deep Impact__X__Sadler's Wells,Hail to Reason__X__Northern Dancer,Deep Impact__X__Brief Attire,1,Northern Dancer:4x5,0.390625,25.0,9.375,3.125,0.0,0.0,12.5,0.0,12.5,6.25,0.0,0.0,0.0,0.0,0.0,0.0,0.0,6.25,0.0,0.0
2013102938,マイネルハニー,https://db.netkeiba.com/horse/ped/2013102938/,PASS,マツリダゴッホ,ブライアンハニー,ナリタブライアン,Sunday Silence,Bel Bolide,ハスキーハニー,ヘザーランズ,Sunday Silence,Hail to Reason,Roberto,Hail to Reason,Sunday Silence__X__Roberto,Hail to Reason__X__Hail to Reason,Sunday Silence__X__ヘザーランズ,6,Bold Ruler:5x5;Graustark:5x5;Hail to Reason:4x5;Natalma:5x5;Nearctic:5x5;Northern Dancer:4x4,0.78125,25.0,12.5,0.0,0.0,6.25,0.0,0.0,12.5,9.375,0.0,0.0,0.0,0.0,0.0,0.0,0.0,0.0,0.0,0.0
2013105676,タンサンドール,https://db.netkeiba.com/horse/ped/2013105676/,PASS,デュランダル,ミルククラウン,Mr. Greeley,Sunday Silence,Northern Taste,Sky Crown,Mlle. Liebe,Sunday Silence,Hail to Reason,Mr. Prospector,Native Dancer,Sunday Silence__X__Mr. Prospector,Hail to Reason__X__Native Dancer,Sunday Silence__X__Mlle. Liebe,4,Cosmah:4x5;Hail to Reason:4x5;Halo:3x4;Northern Dancer:4x5,2.734375,25.0,9.375,6.25,0.0,0.0,0.0,0.0,18.75,9.375,0.0,0.0,6.25,0.0,0.0,0.0,0.0,0.0,3.125,0.0
2013105771,アルカサル,https://db.netkeiba.com/horse/ped/2013105771/,PASS,ドリームジャーニー,アビラ Abyla,ロックオブジブラルタル,Stay Gold,メジロマックイーン,Animatrice,Americaine,Stay Gold,Hail to Reason,Danzig,Northern Dancer,Stay Gold__X__Danzig,Hail to Reason__X__Northern Dancer,Stay Gold__X__Americaine,2,Northern Dancer:5x5x5;Northern Taste:4x5,0.390625,12.5,9.375,0.0,0.0,0.0,0.0,6.25,6.25,3.125,0.0,0.0,0.0,0.0,0.0,0.0,0.0,0.0,0.0,0.0
2013102360,ノーブルマーズ,https://db.netkeiba.com/horse/ped/2013102360/,PASS,ジャングルポケット,アイアンドユー,Silver Hawk,Tony Bin,Nureyev,Taba,Reseda,Tony Bin,Tony Bin,Roberto,Hail to Reason,Tony Bin__X__Roberto,Tony Bin__X__Hail to Reason,Tony Bin__X__Reseda,0,,0.0,0.0,6.25,0.0,0.0,12.5,0.0,0.0,0.0,6.25,0.0,0.0,0.0,12.5,0.0,0.0,25.0,0.0,0.0,0.0
2013106128,プロディガルサン,https://db.netkeiba.com/horse/ped/2013106128/,PASS,Deep Impact,ラヴズオンリーミー Loves Only Me,Storm Cat,Sunday Silence,Alzao,Monevassia,Santa Quilla,Deep Impact,Hail to Reason,Storm Cat,Northern Dancer,Deep Impact__X__Storm Cat,Hail to Reason__X__Northern Dancer,Deep Impact__X__Santa Quilla,1,Northern Dancer:4x5x5,0.5859375,25.0,12.5,12.5,0.0,0.0,0.0,0.0,12.5,6.25,0.0,0.0,0.0,6.25,25.0,0.0,0.0,6.25,6.25,3.125
2013106182,レーヴァテイン,https://db.netkeiba.com/horse/ped/2013106182/,PASS,Deep Impact,レーヴドスカー Reve d'Oscar,Highest Honor,Sunday Silence,Alzao,Numidie,Sunda,Deep Impact,Hail to Reason,Highest Honor,Highest Honor,Deep Impact__X__Highest Honor,Hail to Reason__X__Highest Honor,Deep Impact__X__Sunda,1,Sir Gaylord:5x5,0.0,25.0,3.125,0.0,0.0,0.0,0.0,0.0,12.5,6.25,0.0,0.0,3.125,0.0,0.0,0.0,0.0,6.25,0.0,0.0
2013104468,ダンツエイコウ,https://db.netkeiba.com/horse/ped/2013104468/,PASS,ジャングルポケット,シュガーアート,タイキシャトル,Tony Bin,Nureyev,パレイシャルアフェア Palatial Affaire,Go On Dreaming,Tony Bin,Tony Bin,Halo,Hail to Reason,Tony Bin__X__Halo,Tony Bin__X__Hail to Reason,Tony Bin__X__Go On Dreaming,1,Nureyev:3x5,0.78125,0.0,6.25,6.25,12.5,0.0,0.0,0.0,6.25,3.125,0.0,0.0,3.125,15.625,0.0,0.0,25.0,0.0,3.125,0.0
2013101522,スマートオーディン,https://db.netkeiba.com/horse/ped/2013101522/,PASS,ダノンシャンティ,レディアップステージ Lady Upstage,Alzao,フジキセキ,Mark of Esteem,She's the Tops,Furioso,Sunday Silence,Hail to Reason,Lyphard,Northern Dancer,Sunday Silence__X__Lyphard,Hail to Reason__X__Northern Dancer,Sunday Silence__X__Furioso,3,Cosmah:5x5;Hail to Reason:5x5;Halo:4x4,0.0,12.5,6.25,0.0,0.0,0.0,0.0,0.0,12.5,6.25,0.0,0.0,0.0,0.0,0.0,0.0,0.0,12.5,0.0,0.0
2013105214,エルリストン,https://db.netkeiba.com/horse/ped/2013105214/,PASS,マンハッタンカフェ,アスペンアベニュー,トワイニング Twining,Sunday Silence,Law Society,マクダヴィア Mocdavia,Change Water,Sunday Silence,Hail to Reason,Mr. Prospector,Native Dancer,Sunday Silence__X__Mr. Prospector,Hail to Reason__X__Native Dancer,Sunday Silence__X__Change Water,0,,0.0,25.0,6.25,6.25,0.0,0.0,0.0,0.0,12.5,6.25,0.0,0.0,0.0,0.0,0.0,0.0,0.0,0.0,3.125,0.0
2013105681,スワーヴアーサー,https://db.netkeiba.com/horse/ped/2013105681/,PASS,ヴィクトワールピサ,メイキアシー May Kiersey,Sadler's Wells,ネオユニヴァース,Machiavellian,Gwynn,Queen's Statute,Sunday Silence,Hail to Reason,Sadler's Wells,Northern Dancer,Sunday Silence__X__Sadler's Wells,Hail to Reason__X__Northern Dancer,Sunday Silence__X__Queen's Statute,4,Hail to Reason:5x5;Halo:4x5;Mr. Prospector:4x5;Northern Dancer:3x5,0.5859375,12.5,15.625,9.375,0.0,0.0,25.0,0.0,9.375,6.25,0.0,0.0,0.0,0.0,0.0,0.0,0.0,0.0,3.125,3.125
2013101798,カルムパシオン,https://db.netkeiba.com/horse/ped/2013101798/,PASS,ゼンノロブロイ,ヴィクトリアアイ,ブライアンズタイム Brian's Time,Sunday Silence,マイニング Mining,キャットクイル Catequil,Rififi,Sunday Silence,Hail to Reason,Roberto,Hail to Reason,Sunday Silence__X__Roberto,Hail to Reason__X__Hail to Reason,Sunday Silence__X__Rififi,3,Hail to Reason:4x4;Nothirdchance:5x5;Turn-to:5x5,1.171875,25.0,3.125,6.25,0.0,12.5,0.0,0.0,12.5,12.5,0.0,0.0,0.0,0.0,12.5,0.0,0.0,0.0,3.125,0.0
2013106025,エルプシャフト,https://db.netkeiba.com/horse/ped/2013106025/,PASS,Deep Impact,ビワハイジ,Caerleon,Sunday Silence,Alzao,アグサン Aghsan,Schwarzblaurot,Deep Impact,Hail to Reason,Nijinsky,Northern Dancer,Deep Impact__X__Nijinsky,Hail to Reason__X__Northern Dancer,Deep Impact__X__Schwarzblaurot,3,Hail to Reason:4x5;Northern Dancer:4x5;Turn-to:5x5,0.9765625,25.0,9.375,0.0,0.0,0.0,0.0,0.0,12.5,9.375,0.0,0.0,12.5,0.0,0.0,0.0,0.0,6.25,0.0,0.0
2013106171,アドマイヤビスタ,https://db.netkeiba.com/horse/ped/2013106171/,PASS,ネオユニヴァース,レインボークォーツ,Mr. Greeley,Sunday Silence,Kris,マンデラ Mandela,Mandriale,Sunday Silence,Hail to Reason,Mr. Prospector,Native Dancer,Sunday Silence__X__Mr. Prospector,Hail to Reason__X__Native Dancer,Sunday Silence__X__Mandriale,0,,0.0,25.0,3.125,6.25,0.0,0.0,0.0,0.0,12.5,6.25,0.0,0.0,0.0,0.0,0.0,0.0,0.0,0.0,3.125,0.0
2013105760,ロイカバード,https://db.netkeiba.com/horse/ped/2013105760/,PASS,Deep Impact,アゼリ Azeri,ジェイドハンター Jade Hunter,Sunday Silence,Alzao,Zodiac Miss,Miss Glasso,Deep Impact,Hail to Reason,Mr. Prospector,Native Dancer,Deep Impact__X__Mr. Prospector,Hail to Reason__X__Native Dancer,Deep Impact__X__Miss Glasso,2,Lyphard:4x5;Northern Dancer:5x5,0.5859375,25.0,6.25,12.5,0.0,0.0,0.0,0.0,12.5,6.25,0.0,0.0,0.0,0.0,0.0,0.0,0.0,9.375,6.25,3.125
2013102042,ゼンノタヂカラオ,https://db.netkeiba.com/horse/ped/2013102042/,PASS,King Kamehameha,ダイヤモンドビコー,Sunday Silence,Kingmambo,ラストタイクーン Last Tycoon,ステラマドリッド Stella Madrid,Princess Revoked,King Kamehameha,Native Dancer,Sunday Silence,Hail to Reason,King Kamehameha__X__Sunday Silence,Native Dancer__X__Hail to Reason,King Kamehameha__X__Princess Revoked,4,Native Dancer:5x5;Northern Dancer:5x5;Raise You:5x5;Raise a Native:4x4,1.171875,25.0,6.25,12.5,25.0,0.0,0.0,0.0,12.5,6.25,0.0,0.0,0.0,6.25,0.0,0.0,0.0,0.0,12.5,6.25
2013103604,アグネスフォルテ,https://db.netkeiba.com/horse/ped/2013103604/,PASS,ハービンジャー Harbinger,アグネスリース,フレンチデピュティ French Deputy,Dansili,Bering,アグネスシスター,イコマエイカン,Danzig,Northern Dancer,Deputy Minister,Northern Dancer,Danzig__X__Deputy Minister,Northern Dancer__X__Northern Dancer,Danzig__X__イコマエイカン,3,Nijinsky:5x5;Northern Dancer:5x5x5;イルドブルボン:4x5,0.78125,6.25,9.375,0.0,0.0,0.0,0.0,6.25,3.125,0.0,0.0,0.0,6.25,0.0,0.0,12.5,0.0,3.125,0.0,0.0
2013102232,フォルテミノル,https://db.netkeiba.com/horse/ped/2013102232/,PASS,ワークフォース Workforce,アヴェニューズレディ Avenue's Lady,Avenue of Flags,キングズベスト King's Best,Sadler's Wells,Lady Sauce Boat,Caninha,Kingmambo,Native Dancer,Seattle Slew,Seattle Slew,Kingmambo__X__Seattle Slew,Native Dancer__X__Seattle Slew,Kingmambo__X__Caninha,0,,0.0,0.0,6.25,6.25,12.5,0.0,12.5,0.0,0.0,0.0,12.5,0.0,0.0,3.125,0.0,0.0,0.0,0.0,3.125,0.0
2013104153,スズカバーディー,https://db.netkeiba.com/horse/ped/2013104153/,PASS,スズカフェニックス,バイブレイションズ,King Kamehameha,Sunday Silence,Fairy King,シャイアーズエンデ Shires Ende,Night Crossing,Sunday Silence,Hail to Reason,King Kamehameha,Native Dancer,Sunday Silence__X__King Kamehameha,Hail to Reason__X__Native Dancer,Sunday Silence__X__Night Crossing,2,Fairy Bridge:4x5;Northern Dancer:4x5x5,0.9765625,25.0,12.5,6.25,12.5,0.0,6.25,0.0,12.5,6.25,0.0,0.0,0.0,3.125,0.0,0.0,0.0,0.0,3.125,0.0
2009105825,サトノギャラント,https://db.netkeiba.com/horse/ped/2009105825/,PASS,シンボリクリスエス,スティンガー,Sunday Silence,Kris S.,Gold Meridian,レガシーオブストレングス Legacy of Strength,Heliolight,Roberto,Hail to Reason,Sunday Silence,Hail to Reason,Roberto__X__Sunday Silence,Hail to Reason__X__Hail to Reason,Roberto__X__Heliolight,3,Hail to Reason:4x4;Nothirdchance:5x5;Turn-to:5x5,1.171875,25.0,0.0,0.0,0.0,12.5,0.0,0.0,12.5,12.5,6.25,0.0,0.0,0.0,0.0,0.0,0.0,0.0,3.125,0.0
2013101938,フロムマイハート,https://db.netkeiba.com/horse/ped/2013101938/,PASS,Heart's Cry,マイネエスポワール,アグネスデジタル,Sunday Silence,Tony Bin,マイネアモーレ,サンマリノ,Heart's Cry,Hail to Reason,Mr. Prospector,Native Dancer,Heart's Cry__X__Mr. Prospector,Hail to Reason__X__Native Dancer,Heart's Cry__X__サンマリノ,1,Northern Dancer:5x5,0.1953125,25.0,6.25,6.25,0.0,0.0,0.0,3.125,12.5,6.25,0.0,0.0,0.0,0.0,0.0,0.0,12.5,6.25,3.125,0.0
2013105906,シンハライト,https://db.netkeiba.com/horse/ped/2013105906/,PASS,Deep Impact,シンハリーズ Singhalese,Singspiel,Sunday Silence,Alzao,Baize,Treasure Island,Deep Impact,Hail to Reason,Sadler's Wells,Northern Dancer,Deep Impact__X__Sadler's Wells,Hail to Reason__X__Northern Dancer,Deep Impact__X__Treasure Island,4,Cosmah:4x5;Hail to Reason:4x5;Halo:3x4;Northern Dancer:5x5,2.5390625,25.0,6.25,0.0,0.0,0.0,6.25,0.0,18.75,9.375,0.0,0.0,0.0,0.0,0.0,0.0,0.0,6.25,0.0,0.0
2013105721,アットザシーサイド,https://db.netkeiba.com/horse/ped/2013105721/,PASS,King Kamehameha,ルミナスハーバー,アグネスタキオン,Kingmambo,ラストタイクーン Last Tycoon,タックスヘイブン,Pardon My Speed,King Kamehameha,Native Dancer,Sunday Silence,Hail to Reason,King Kamehameha__X__Sunday Silence,Native Dancer__X__Hail to Reason,King Kamehameha__X__Pardon My Speed,4,Native Dancer:5x5;Northern Dancer:5x5;Raise You:5x5;Raise a Native:4x4,1.171875,12.5,6.25,12.5,25.0,0.0,0.0,0.0,6.25,3.125,0.0,0.0,3.125,6.25,0.0,0.0,0.0,0.0,12.5,6.25
2013103390,ペプチドサプル,https://db.netkeiba.com/horse/ped/2013103390/,PASS,マンハッタンカフェ,ペプチドモアー,サクラローレル,Sunday Silence,Law Society,クインモアー,On the Trail,Sunday Silence,Hail to Reason,サクラローレル,サクラローレル,Sunday Silence__X__サクラローレル,Hail to Reason__X__サクラローレル,Sunday Silence__X__On the Trail,1,Hail to Reason:4x5,0.390625,25.0,3.125,0.0,0.0,6.25,0.0,6.25,12.5,9.375,0.0,0.0,0.0,0.0,0.0,0.0,0.0,0.0,0.0,0.0
2013106072,アドマイヤリード,https://db.netkeiba.com/horse/ped/2013106072/,PASS,Stay Gold,ベルアリュールII Belle Allure,Numerous,Sunday Silence,ディクタス Dictus,Mare Aux Fees,Fidra,Stay Gold,Hail to Reason,Mr. Prospector,Native Dancer,Stay Gold__X__Mr. Prospector,Hail to Reason__X__Native Dancer,Stay Gold__X__Fidra,1,Northern Dancer:5x5,0.1953125,25.0,6.25,12.5,0.0,0.0,0.0,0.0,12.5,6.25,0.0,0.0,6.25,0.0,0.0,0.0,0.0,0.0,6.25,3.125
2013106329,デンコウアンジュ,https://db.netkeiba.com/horse/ped/2013106329/,PASS,メイショウサムソン,デンコウラッキー,マリエンバード Marienbard,オペラハウス Opera House,ダンシングブレーヴ Dancing Brave,メイショウユリヒメ,第参ヒガシヒメ,Sadler's Wells,Northern Dancer,Nijinsky,Northern Dancer,Sadler's Wells__X__Nijinsky,Northern Dancer__X__Northern Dancer,Sadler's Wells__X__第参ヒガシヒメ,1,Northern Dancer:4x5x5,0.5859375,12.5,12.5,0.0,0.0,0.0,12.5,0.0,6.25,3.125,0.0,0.0,6.25,0.0,0.0,0.0,0.0,6.25,0.0,0.0
2013101453,ウインファビラス,https://db.netkeiba.com/horse/ped/2013101453/,PASS,Stay Gold,サマーエタニティ,アドマイヤコジーン,Sunday Silence,ディクタス Dictus,オールフォーゲラン,ミスブゼン,Stay Gold,Hail to Reason,アドマイヤコジーン,アドマイヤコジーン,Stay Gold__X__アドマイヤコジーン,Hail to Reason__X__アドマイヤコジーン,Stay Gold__X__ミスブゼン,4,Lady Victoria:5x5;Nijinsky:5x5;Northern Dancer:5x5;Northern Taste:4x4,1.171875,25.0,6.25,6.25,0.0,0.0,0.0,0.0,12.5,6.25,0.0,0.0,6.25,0.0,0.0,0.0,0.0,0.0,3.125,0.0
2013103528,ダンツペンダント,https://db.netkeiba.com/horse/ped/2013103528/,PASS,オレハマッテルゼ,ノースプリンセス,アジュディケーティング Adjudicating,Sunday Silence,ジャッジアンジェルーチ Judge Angelucci,シーズプリンセス,メイジポピー,Sunday Silence,Hail to Reason,Danzig,Northern Dancer,Sunday Silence__X__Danzig,Hail to Reason__X__Northern Dancer,Sunday Silence__X__メイジポピー,1,Northern Dancer:4x5,0.390625,25.0,9.375,0.0,0.0,0.0,0.0,12.5,12.5,6.25,0.0,0.0,0.0,0.0,0.0,0.0,0.0,0.0,3.125,0.0
2013102317,エンジェルフェイス,https://db.netkeiba.com/horse/ped/2013102317/,PASS,King Kamehameha,ワンフォーローズ One for Rose,Tejano Run,Kingmambo,ラストタイクーン Last Tycoon,Saucyladygaylord,Cancelada,King Kamehameha,Native Dancer,Tejano Run,Tejano Run,King Kamehameha__X__Tejano Run,Native Dancer__X__Tejano Run,King Kamehameha__X__Cancelada,3,Green Dancer:5x5;Khazaeen:5x5;Northern Dancer:5x5,0.390625,0.0,6.25,12.5,25.0,0.0,0.0,0.0,0.0,0.0,0.0,0.0,0.0,6.25,0.0,0.0,0.0,0.0,6.25,3.125
2013105811,レッドアヴァンセ,https://db.netkeiba.com/horse/ped/2013105811/,PASS,Deep Impact,エリモピクシー,ダンシングブレーヴ Dancing Brave,Sunday Silence,Alzao,エリモシューテング,Batteur,Deep Impact,Hail to Reason,Lyphard,Northern Dancer,Deep Impact__X__Lyphard,Hail to Reason__X__Northern Dancer,Deep Impact__X__Batteur,3,Goofed:4x5;Lyphard:3x4;Northern Dancer:4x5,2.34375,25.0,9.375,0.0,0.0,0.0,0.0,0.0,12.5,6.25,0.0,0.0,0.0,0.0,0.0,0.0,0.0,18.75,0.0,0.0
2013105864,ジェラシー,https://db.netkeiba.com/horse/ped/2013105864/,PASS,ハービンジャー Harbinger,グローリアスデイズ,Sunday Silence,Dansili,Bering,グレースアドマイヤ,Sunny Valley,Danzig,Northern Dancer,Sunday Silence,Hail to Reason,Danzig__X__Sunday Silence,Northern Dancer__X__Hail to Reason,Danzig__X__Sunny Valley,1,Northern Dancer:5x5x5,0.390625,25.0,9.375,0.0,0.0,0.0,6.25,6.25,12.5,6.25,0.0,0.0,0.0,0.0,0.0,0.0,12.5,3.125,0.0,0.0
2013105783,ロッテンマイヤー,https://db.netkeiba.com/horse/ped/2013105783/,PASS,クロフネ,アーデルハイト,アグネスタキオン,フレンチデピュティ French Deputy,Classic Go Go,ビワハイジ,Suleika,Deputy Minister,Northern Dancer,Sunday Silence,Hail to Reason,Deputy Minister__X__Sunday Silence,Northern Dancer__X__Hail to Reason,Deputy Minister__X__Suleika,2,Nijinsky:4x5;Northern Dancer:5x5,0.1953125,12.5,6.25,0.0,0.0,3.125,0.0,0.0,6.25,3.125,0.0,0.0,9.375,0.0,0.0,12.5,0.0,0.0,0.0,0.0
2013105715,ダイワドレッサー,https://db.netkeiba.com/horse/ped/2013105715/,PASS,ネオユニヴァース,リバティープリント,スウェプトオーヴァーボード Swept Overboard,Sunday Silence,Kris,エアリバティー,Sweet Tooth,Sunday Silence,Hail to Reason,Mr. Prospector,Native Dancer,Sunday Silence__X__Mr. Prospector,Hail to Reason__X__Native Dancer,Sunday Silence__X__Sweet Tooth,0,,0.0,25.0,3.125,3.125,0.0,0.0,0.0,0.0,12.5,6.25,0.0,0.0,0.0,6.25,0.0,0.0,12.5,0.0,0.0,0.0
2013106183,レインボーライン,https://db.netkeiba.com/horse/ped/2013106183/,PASS,Stay Gold,レーゲンボーゲン,フレンチデピュティ French Deputy,Sunday Silence,ディクタス Dictus,レインボーファスト,Turkhan Law,Stay Gold,Hail to Reason,Deputy Minister,Northern Dancer,Stay Gold__X__Deputy Minister,Hail to Reason__X__Northern Dancer,Stay Gold__X__Turkhan Law,2,Northern Dancer:5x5;Northern Taste:4x5,0.5859375,25.0,6.25,0.0,0.0,0.0,0.0,0.0,12.5,6.25,0.0,0.0,0.0,0.0,0.0,12.5,0.0,0.0,0.0,0.0
2013105798,アジュールローズ,https://db.netkeiba.com/horse/ped/2013105798/,PASS,ヴィクトワールピサ,ヴィアンローズ Viane Rose,Sevres Rose,ネオユニヴァース,Machiavellian,Princesse de Viane,Singapore Girl,Sunday Silence,Hail to Reason,Nijinsky,Northern Dancer,Sunday Silence__X__Nijinsky,Hail to Reason__X__Northern Dancer,Sunday Silence__X__Singapore Girl,1,Halo:4x5,0.0,12.5,3.125,6.25,0.0,0.0,0.0,0.0,9.375,3.125,0.0,0.0,6.25,0.0,0.0,0.0,0.0,0.0,3.125,0.0
2013105901,イモータル,https://db.netkeiba.com/horse/ped/2013105901/,PASS,マンハッタンカフェ,ショアー Shoah,Acatenango,Sunday Silence,Law Society,So Sedulous,Rosemarin,Sunday Silence,Hail to Reason,Acatenango,Acatenango,Sunday Silence__X__Acatenango,Hail to Reason__X__Acatenango,Sunday Silence__X__Rosemarin,0,,0.0,25.0,6.25,0.0,0.0,0.0,0.0,0.0,12.5,6.25,0.0,0.0,0.0,0.0,0.0,0.0,0.0,0.0,0.0,0.0
2010104396,リヤンドファミユ,https://db.netkeiba.com/horse/ped/2010104396/,PASS,Stay Gold,オリエンタルアート,メジロマックイーン,Sunday Silence,ディクタス Dictus,エレクトロアート,Coastal Trade,Stay Gold,Hail to Reason,メジロマックイーン,メジロマックイーン,Stay Gold__X__メジロマックイーン,Hail to Reason__X__メジロマックイーン,Stay Gold__X__Coastal Trade,3,Lady Victoria:4x5;Northern Dancer:4x5;Northern Taste:3x4,2.34375,25.0,9.375,0.0,0.0,0.0,0.0,0.0,12.5,6.25,0.0,0.0,0.0,0.0,0.0,0.0,0.0,0.0,0.0,0.0
2010104261,サムソンズプライド,https://db.netkeiba.com/horse/ped/2010104261/,PASS,メイショウサムソン,フェザーレイ,エルコンドルパサー,オペラハウス Opera House,ダンシングブレーヴ Dancing Brave,エルフィンフェザー,パロクサイド,Sadler's Wells,Northern Dancer,Kingmambo,Native Dancer,Sadler's Wells__X__Kingmambo,Northern Dancer__X__Native Dancer,Sadler's Wells__X__パロクサイド,3,Fairy Bridge:4x5;Northern Dancer:4x5x5x5;Sadler's Wells:3x4,3.125,12.5,15.625,6.25,12.5,0.0,18.75,0.0,6.25,3.125,3.125,0.0,0.0,3.125,0.0,0.0,0.0,6.25,3.125,0.0
2012104713,クリプトグラム,https://db.netkeiba.com/horse/ped/2012104713/,PASS,King Kamehameha,チアズメッセージ,Sunday Silence,Kingmambo,ラストタイクーン Last Tycoon,チアズダンサー,Aurada,King Kamehameha,Native Dancer,Sunday Silence,Hail to Reason,King Kamehameha__X__Sunday Silence,Native Dancer__X__Hail to Reason,King Kamehameha__X__Aurada,1,Northern Dancer:5x5x5,0.390625,25.0,9.375,12.5,25.0,0.0,0.0,0.0,12.5,6.25,0.0,0.0,0.0,6.25,0.0,0.0,0.0,0.0,6.25,3.125
2012104987,ナムラアン,https://db.netkeiba.com/horse/ped/2012104987/,PASS,エンパイアメーカー Empire Maker,アイリッシュピース,Sunday Silence,Unbridled,El Gran Senor,アイリッシュダンス,Princess Revoked,Mr. Prospector,Native Dancer,Sunday Silence,Hail to Reason,Mr. Prospector__X__Sunday Silence,Native Dancer__X__Hail to Reason,Mr. Prospector__X__Princess Revoked,2,In Reality:4x5;Northern Dancer:4x5,0.390625,25.0,9.375,6.25,0.0,0.0,0.0,0.0,12.5,6.25,0.0,0.0,0.0,0.0,0.0,0.0,12.5,6.25,3.125,0.0
2011104065,アカネイロ,https://db.netkeiba.com/horse/ped/2011104065/,PASS,クロフネ,マチカネエンジイロ,Sunday Silence,フレンチデピュティ French Deputy,Classic Go Go,マチカネササメユキ,Best in Show,Deputy Minister,Northern Dancer,Sunday Silence,Hail to Reason,Deputy Minister__X__Sunday Silence,Northern Dancer__X__Hail to Reason,Deputy Minister__X__Best in Show,2,Buckpasser:5x5;Northern Dancer:5x5,0.1953125,25.0,6.25,6.25,0.0,3.125,0.0,0.0,12.5,6.25,0.0,0.0,6.25,0.0,0.0,12.5,0.0,0.0,3.125,0.0
2011103758,レッドオリヴィア,https://db.netkeiba.com/horse/ped/2011103758/,PASS,ジャングルポケット,アドマイヤリッチ,Sunday Silence,Tony Bin,Nureyev,レース Lace,Native Partner,Tony Bin,Tony Bin,Sunday Silence,Hail to Reason,Tony Bin__X__Sunday Silence,Tony Bin__X__Hail to Reason,Tony Bin__X__Native Partner,1,Northern Dancer:4x5,0.390625,25.0,9.375,6.25,0.0,0.0,0.0,0.0,12.5,6.25,0.0,0.0,6.25,12.5,0.0,0.0,25.0,0.0,3.125,0.0
2010102776,ショウナンバーキン,https://db.netkeiba.com/horse/ped/2010102776/,PASS,フジキセキ,ショウナンマライア,クロフネ,Sunday Silence,Le Fabuleux,ショウナンアイドル,シヤダイプリマ,Sunday Silence,Hail to Reason,Deputy Minister,Northern Dancer,Sunday Silence__X__Deputy Minister,Hail to Reason__X__Northern Dancer,Sunday Silence__X__シヤダイプリマ,0,,0.0,25.0,0.0,6.25,0.0,3.125,0.0,0.0,12.5,6.25,0.0,0.0,3.125,0.0,0.0,6.25,0.0,0.0,3.125,0.0
2011105890,ヒルノマテーラ,https://db.netkeiba.com/horse/ped/2011105890/,PASS,マンハッタンカフェ,コンサーンナッカ Concern Nacca,Concern,Sunday Silence,Law Society,Sacramentada,Belle Aurore,Sunday Silence,Hail to Reason,Concern,Concern,Sunday Silence__X__Concern,Hail to Reason__X__Concern,Sunday Silence__X__Belle Aurore,1,Hoist the Flag:5x5,0.1953125,25.0,6.25,0.0,0.0,0.0,0.0,0.0,12.5,6.25,0.0,0.0,0.0,0.0,0.0,0.0,0.0,0.0,0.0,0.0
2010103921,ゴールドテーラー,https://db.netkeiba.com/horse/ped/2010103921/,PASS,Stay Gold,ホットレッグス,Galileo,Sunday Silence,ディクタス Dictus,アクセラレイション Acceleration,Bon Appetit,Stay Gold,Hail to Reason,Sadler's Wells,Northern Dancer,Stay Gold__X__Sadler's Wells,Hail to Reason__X__Northern Dancer,Stay Gold__X__Bon Appetit,1,Northern Dancer:4x5,0.390625,25.0,9.375,3.125,0.0,0.0,12.5,0.0,12.5,6.25,0.0,0.0,0.0,0.0,0.0,0.0,0.0,0.0,0.0,0.0
2011101162,シャイニーガール,https://db.netkeiba.com/horse/ped/2011101162/,PASS,ブラックタイド,ブライティアガール,アフリート Afleet,Sunday Silence,Alzao,ディクターガール,Running Shoes,Sunday Silence,Hail to Reason,Mr. Prospector,Native Dancer,Sunday Silence__X__Mr. Prospector,Hail to Reason__X__Native Dancer,Sunday Silence__X__Running Shoes,1,Northern Dancer:5x5,0.1953125,25.0,6.25,12.5,0.0,0.0,0.0,0.0,12.5,6.25,0.0,0.0,0.0,0.0,0.0,0.0,0.0,6.25,6.25,3.125
2009106265,マーティンボロ,https://db.netkeiba.com/horse/ped/2009106265/,PASS,Deep Impact,ハルーワソング Halwa Song,Nureyev,Sunday Silence,Alzao,Morn of Song,Miss Swapsco,Deep Impact,Hail to Reason,Nureyev,Northern Dancer,Deep Impact__X__Nureyev,Hail to Reason__X__Northern Dancer,Deep Impact__X__Miss Swapsco,5,Almahmoud:5x5;Cosmah:4x5;Hail to Reason:4x5;Halo:3x4;Northern Dancer:3x5,3.3203125,25.0,15.625,0.0,0.0,0.0,0.0,0.0,18.75,9.375,0.0,0.0,0.0,25.0,0.0,0.0,0.0,6.25,0.0,3.125
2010103004,バーディーイーグル,https://db.netkeiba.com/horse/ped/2010103004/,PASS,ブライアンズタイム Brian's Time,ホームスイートホーム Home Sweet Home,Seeking the Gold,Roberto,Graustark,Our Country Place,Stick to Beauty,Roberto,Hail to Reason,Mr. Prospector,Native Dancer,Roberto__X__Mr. Prospector,Hail to Reason__X__Native Dancer,Roberto__X__Stick to Beauty,5,Flower Bowl:4x5;Hasty Road:4x5;Mr. Prospector:3x5;Nashua:4x5;Ribot:4x5,1.5625,0.0,3.125,15.625,0.0,25.0,0.0,0.0,0.0,12.5,0.0,0.0,6.25,0.0,0.0,0.0,0.0,0.0,6.25,3.125
2011104117,ルミナスウォリアー,https://db.netkeiba.com/horse/ped/2011104117/,PASS,メイショウサムソン,ルミナスハッピー,アグネスタキオン,オペラハウス Opera House,ダンシングブレーヴ Dancing Brave,リアリーハッピー Really Happy,Prime Time,Sadler's Wells,Northern Dancer,Sunday Silence,Hail to Reason,Sadler's Wells__X__Sunday Silence,Northern Dancer__X__Hail to Reason,Sadler's Wells__X__Prime Time,1,Northern Dancer:4x5x5,0.5859375,12.5,12.5,0.0,0.0,0.0,12.5,0.0,6.25,3.125,6.25,0.0,3.125,0.0,0.0,0.0,0.0,6.25,0.0,0.0
2010102881,オリオンザジャパン,https://db.netkeiba.com/horse/ped/2010102881/,PASS,クロフネ,パーシャンブルー,Sunday Silence,フレンチデピュティ French Deputy,Classic Go Go,スプリングコート,One Clear Call,Deputy Minister,Northern Dancer,Sunday Silence,Hail to Reason,Deputy Minister__X__Sunday Silence,Northern Dancer__X__Hail to Reason,Deputy Minister__X__One Clear Call,1,Northern Dancer:5x5,0.1953125,25.0,6.25,0.0,0.0,3.125,0.0,0.0,12.5,6.25,0.0,0.0,0.0,0.0,0.0,12.5,12.5,0.0,0.0,0.0
2010104113,ケイティープライド,https://db.netkeiba.com/horse/ped/2010104113/,PASS,Deep Impact,ケイティーズギフト,フレンチデピュティ French Deputy,Sunday Silence,Alzao,ケイティーズファースト Katies First,Brabantia,Deep Impact,Hail to Reason,Deputy Minister,Northern Dancer,Deep Impact__X__Deputy Minister,Hail to Reason__X__Northern Dancer,Deep Impact__X__Brabantia,1,Northern Dancer:5x5,0.1953125,25.0,6.25,0.0,0.0,0.0,0.0,0.0,12.5,6.25,0.0,0.0,0.0,0.0,0.0,12.5,0.0,6.25,0.0,0.0
2011103985,ツクバアズマオー,https://db.netkeiba.com/horse/ped/2011103985/,PASS,Stay Gold,ニューグランジ,Giant's Causeway,Sunday Silence,ディクタス Dictus,シアトルデライター Seattle Delighter,Sale Day,Stay Gold,Hail to Reason,Storm Cat,Northern Dancer,Stay Gold__X__Storm Cat,Hail to Reason__X__Northern Dancer,Stay Gold__X__Sale Day,1,Northern Dancer:5x5,0.1953125,25.0,6.25,0.0,0.0,3.125,0.0,0.0,12.5,6.25,12.5,0.0,0.0,0.0,12.5,0.0,0.0,3.125,0.0,0.0
2011104957,フェイマスエンド,https://db.netkeiba.com/horse/ped/2011104957/,PASS,シルクフェイマス,シルキーウィズ,エンドスウィープ End Sweep,マーベラスサンデー,Caerleon,グレイスカップ,Miss Carrie H.,Sunday Silence,Hail to Reason,Mr. Prospector,Native Dancer,Sunday Silence__X__Mr. Prospector,Hail to Reason__X__Native Dancer,Sunday Silence__X__Miss Carrie H.,2,Hail to Reason:5x5;Northern Dancer:5x5x5x5,0.78125,12.5,12.5,6.25,0.0,6.25,0.0,0.0,6.25,6.25,0.0,0.0,6.25,0.0,0.0,0.0,0.0,0.0,3.125,0.0
2009105771,エキストラエンド,https://db.netkeiba.com/horse/ped/2009105771/,PASS,Deep Impact,カーリング Carling,Garde Royale,Sunday Silence,Alzao,Corraleja,Comfort,Deep Impact,Hail to Reason,Nasrullah,Nasrullah,Deep Impact__X__Nasrullah,Hail to Reason__X__Nasrullah,Deep Impact__X__Comfort,0,,0.0,25.0,3.125,0.0,0.0,0.0,0.0,0.0,12.5,6.25,0.0,0.0,0.0,0.0,0.0,0.0,0.0,6.25,0.0,0.0
2010100356,テイエムイナズマ,https://db.netkeiba.com/horse/ped/2010100356/,PASS,ブラックタイド,クラスター Cluster,Danzig,Sunday Silence,Alzao,Knot,Lea Lark,Sunday Silence,Hail to Reason,Danzig,Northern Dancer,Sunday Silence__X__Danzig,Hail to Reason__X__Northern Dancer,Sunday Silence__X__Lea Lark,2,Almahmoud:5x5;Northern Dancer:3x5,0.9765625,25.0,15.625,0.0,0.0,0.0,0.0,25.0,12.5,6.25,0.0,0.0,0.0,0.0,0.0,0.0,0.0,6.25,3.125,3.125
2012104808,ロジチャリス,https://db.netkeiba.com/horse/ped/2012104808/,PASS,ダイワメジャー,プラチナチャリス,ロックオブジブラルタル,Sunday Silence,Northern Taste,シルバーチャリス,Level Sands,Sunday Silence,Hail to Reason,Danzig,Northern Dancer,Sunday Silence__X__Danzig,Hail to Reason__X__Northern Dancer,Sunday Silence__X__Level Sands,1,Northern Dancer:4x5x5,0.78125,25.0,12.5,0.0,0.0,3.125,0.0,6.25,12.5,6.25,0.0,0.0,0.0,0.0,0.0,0.0,0.0,0.0,0.0,0.0
2011102236,ダンツキャンサー,https://db.netkeiba.com/horse/ped/2011102236/,PASS,アドマイヤジャパン,チョウカイクリス,サクラバクシンオー,Sunday Silence,Caerleon,クリスタルトロフィ,ミスオーハヤブサ,Sunday Silence,Hail to Reason,サクラバクシンオー,サクラバクシンオー,Sunday Silence__X__サクラバクシンオー,Hail to Reason__X__サクラバクシンオー,Sunday Silence__X__ミスオーハヤブサ,2,Northern Dancer:5x5;Princely Gift:5x5,0.1953125,25.0,6.25,0.0,0.0,0.0,0.0,0.0,12.5,6.25,0.0,0.0,6.25,0.0,0.0,0.0,0.0,0.0,0.0,0.0
2011104324,レッドリヴェール,https://db.netkeiba.com/horse/ped/2011104324/,PASS,Stay Gold,ディソサード Desaucered,Dixieland Band,Sunday Silence,ディクタス Dictus,I'm Out,Cosmah,Stay Gold,Hail to Reason,Northern Dancer,Northern Dancer,Stay Gold__X__Northern Dancer,Hail to Reason__X__Northern Dancer,Stay Gold__X__Cosmah,4,Almahmoud:5x5;Cosmah:4x5;Northern Dancer:3x5x5;Turn-to:5x5,1.7578125,25.0,18.75,0.0,0.0,0.0,0.0,0.0,12.5,6.25,0.0,0.0,0.0,0.0,0.0,0.0,0.0,0.0,0.0,3.125
2011100655,モーリス,https://db.netkeiba.com/horse/ped/2011100655/,PASS,スクリーンヒーロー,メジロフランシス,カーネギー Carnegie,グラスワンダー,Sunday Silence,メジロモントレー,メジロクイン,Roberto,Hail to Reason,Sadler's Wells,Northern Dancer,Roberto__X__Sadler's Wells,Hail to Reason__X__Northern Dancer,Roberto__X__メジロクイン,2,Hail to Reason:5x5;Northern Dancer:4x5x5x5,1.171875,12.5,15.625,0.0,0.0,6.25,12.5,6.25,6.25,6.25,0.0,0.0,0.0,0.0,0.0,0.0,0.0,6.25,0.0,0.0
2010110007,エーシンマックス,https://db.netkeiba.com/horse/ped/2010110007/,PASS,Dalakhani,Midnight Angel,Acatenango,Darshaan,Miswaki,Midnight Fever,Monacensia,Dalakhani,Dalakhani,Acatenango,Acatenango,Dalakhani__X__Acatenango,Dalakhani__X__Acatenango,Dalakhani__X__Monacensia,0,,0.0,0.0,0.0,6.25,0.0,0.0,0.0,0.0,0.0,0.0,0.0,0.0,0.0,0.0,0.0,0.0,0.0,0.0,3.125,0.0
2011103692,アデイインザライフ,https://db.netkeiba.com/horse/ped/2011103692/,PASS,Deep Impact,ラッシュライフ,サクラバクシンオー,Sunday Silence,Alzao,フレンドレイ,ヤヨイカマダ,Deep Impact,Hail to Reason,サクラバクシンオー,サクラバクシンオー,Deep Impact__X__サクラバクシンオー,Hail to Reason__X__サクラバクシンオー,Deep Impact__X__ヤヨイカマダ,1,Northern Dancer:5x5x5,0.390625,25.0,9.375,0.0,0.0,0.0,0.0,6.25,12.5,6.25,0.0,0.0,3.125,0.0,0.0,0.0,0.0,6.25,0.0,0.0
2013105794,ベアインマインド,https://db.netkeiba.com/horse/ped/2013105794/,PASS,Deep Impact,ウルトラブレンド Ultra Blend,Richly Blended,Sunday Silence,Alzao,Ankha,Miss Patty Bee,Deep Impact,Hail to Reason,Mr. Prospector,Native Dancer,Deep Impact__X__Mr. Prospector,Hail to Reason__X__Native Dancer,Deep Impact__X__Miss Patty Bee,0,,0.0,25.0,3.125,3.125,0.0,0.0,0.0,0.0,12.5,6.25,0.0,0.0,0.0,0.0,0.0,0.0,0.0,6.25,0.0,0.0
2013106018,ギモーヴ,https://db.netkeiba.com/horse/ped/2013106018/,PASS,ハービンジャー Harbinger,ヒカルアマランサス,アグネスタキオン,Dansili,Bering,スターミー,Shahinaaz,Danzig,Northern Dancer,Sunday Silence,Hail to Reason,Danzig__X__Sunday Silence,Northern Dancer__X__Hail to Reason,Danzig__X__Shahinaaz,2,Nijinsky:5x5;Northern Dancer:5x5,0.0,12.5,6.25,0.0,0.0,0.0,0.0,6.25,6.25,3.125,6.25,12.5,6.25,0.0,0.0,0.0,0.0,3.125,0.0,0.0
2013101481,ファータグリーン,https://db.netkeiba.com/horse/ped/2013101481/,PASS,タニノギムレット,レディーダービー,スペシャルウィーク,ブライアンズタイム Brian's Time,クリスタルパレス Crystal Palace,ウメノファイバー,ストロングベビー,Roberto,Hail to Reason,Sunday Silence,Hail to Reason,Roberto__X__Sunday Silence,Hail to Reason__X__Hail to Reason,Roberto__X__ストロングベビー,2,Graustark:4x5;Hail to Reason:4x5,0.390625,12.5,3.125,0.0,0.0,12.5,0.0,0.0,6.25,9.375,0.0,0.0,3.125,0.0,0.0,0.0,0.0,0.0,0.0,0.0
2013109152,キリシマオジョウ,https://db.netkeiba.com/horse/ped/2013109152/,PASS,スクワートルスクワート Squirtle Squirt,ラッキービクトリー,Dynaformer,Marquetry,Lost Code,Silent Performer,Connie to Market,Mr. Prospector,Native Dancer,Roberto,Hail to Reason,Mr. Prospector__X__Roberto,Native Dancer__X__Hail to Reason,Mr. Prospector__X__Connie to Market,1,Northern Dancer:5x5,0.1953125,0.0,6.25,6.25,0.0,12.5,0.0,0.0,0.0,6.25,0.0,0.0,0.0,6.25,0.0,0.0,0.0,0.0,3.125,0.0
2013106007,ヴィブロス,https://db.netkeiba.com/horse/ped/2013106007/,PASS,Deep Impact,ハルーワスウィート,Machiavellian,Sunday Silence,Alzao,ハルーワソング Halwa Song,Ballade,Deep Impact,Hail to Reason,Mr. Prospector,Native Dancer,Deep Impact__X__Mr. Prospector,Hail to Reason__X__Native Dancer,Deep Impact__X__Ballade,5,Cosmah:4x5;Hail to Reason:4x5;Halo:3x4x5;Natalma:5x5;Northern Dancer:4x5,3.515625,25.0,9.375,12.5,0.0,0.0,0.0,0.0,21.875,9.375,0.0,0.0,0.0,12.5,0.0,0.0,0.0,6.25,6.25,3.125
2013106015,パーシーズベスト,https://db.netkeiba.com/horse/ped/2013106015/,PASS,Deep Impact,パーシステントリー Persistently,Smoke Glacken,Sunday Silence,Alzao,Just Reward,Blitey,Deep Impact,Hail to Reason,Mr. Prospector,Native Dancer,Deep Impact__X__Mr. Prospector,Hail to Reason__X__Native Dancer,Deep Impact__X__Blitey,2,Mr. Prospector:4x5;Northern Dancer:5x5x5,0.390625,25.0,9.375,9.375,0.0,0.0,0.0,0.0,12.5,6.25,0.0,0.0,3.125,0.0,0.0,12.5,0.0,6.25,3.125,0.0
2013103427,エミノマユアク,https://db.netkeiba.com/horse/ped/2013103427/,PASS,エンパイアメーカー Empire Maker,エミリア,Sunday Silence,Unbridled,El Gran Senor,ダジルミージョリエ Dazzle Me Jolie,Real Delight,Mr. Prospector,Native Dancer,Sunday Silence,Hail to Reason,Mr. Prospector__X__Sunday Silence,Native Dancer__X__Hail to Reason,Mr. Prospector__X__Real Delight,2,Cornish Prince:5x5;In Reality:4x5,0.1953125,25.0,6.25,6.25,0.0,0.0,0.0,0.0,12.5,6.25,0.0,0.0,0.0,0.0,0.0,0.0,0.0,0.0,3.125,0.0
2013105335,ルフォール,https://db.netkeiba.com/horse/ped/2013105335/,PASS,King Kamehameha,レクレドール,Sunday Silence,Kingmambo,ラストタイクーン Last Tycoon,ゴールデンサッシュ,Sash of Honour,King Kamehameha,Native Dancer,Sunday Silence,Hail to Reason,King Kamehameha__X__Sunday Silence,Native Dancer__X__Hail to Reason,King Kamehameha__X__Sash of Honour,1,Northern Dancer:5x5x5,0.390625,25.0,9.375,12.5,25.0,0.0,0.0,0.0,12.5,6.25,0.0,0.0,0.0,6.25,0.0,0.0,0.0,0.0,6.25,3.125
2013103386,スマートルビー,https://db.netkeiba.com/horse/ped/2013103386/,PASS,ゼンノロブロイ,ビーウインド,スピニングワールド Spinning World,Sunday Silence,マイニング Mining,ビクトリーマッハ,River Guide,Sunday Silence,Hail to Reason,Nureyev,Northern Dancer,Sunday Silence__X__Nureyev,Hail to Reason__X__Northern Dancer,Sunday Silence__X__River Guide,0,,0.0,25.0,6.25,6.25,0.0,0.0,0.0,0.0,12.5,6.25,0.0,0.0,0.0,12.5,0.0,0.0,0.0,0.0,3.125,0.0
2013100731,ピースマインド,https://db.netkeiba.com/horse/ped/2013100731/,PASS,Deep Impact,マイティーカラー,Tony Bin,Sunday Silence,Alzao,ジョディーディア Jody Dear,Pi Phi Gal,Deep Impact,Hail to Reason,Tony Bin,Tony Bin,Deep Impact__X__Tony Bin,Hail to Reason__X__Tony Bin,Deep Impact__X__Pi Phi Gal,1,Northern Dancer:5x5,0.1953125,25.0,6.25,6.25,0.0,0.0,0.0,0.0,12.5,6.25,0.0,0.0,0.0,0.0,0.0,0.0,25.0,6.25,3.125,0.0
2013101628,キークラッカー,https://db.netkeiba.com/horse/ped/2013101628/,PASS,ジャングルポケット,ウーマンインレッド,Stay Gold,Tony Bin,Nureyev,ミスカスウェル Miss Caswell,Solar,Tony Bin,Tony Bin,Stay Gold,Hail to Reason,Tony Bin__X__Stay Gold,Tony Bin__X__Hail to Reason,Tony Bin__X__Solar,1,Northern Dancer:4x5,0.390625,12.5,9.375,0.0,0.0,0.0,0.0,0.0,6.25,3.125,12.5,0.0,6.25,12.5,0.0,0.0,25.0,0.0,0.0,0.0
2013104816,ネイチャーレット,https://db.netkeiba.com/horse/ped/2013104816/,PASS,タニノギムレット,ネヴァカグラ,アグネスタキオン,ブライアンズタイム Brian's Time,クリスタルパレス Crystal Palace,エイブルカグラ,ラバテラ,Roberto,Hail to Reason,Sunday Silence,Hail to Reason,Roberto__X__Sunday Silence,Hail to Reason__X__Hail to Reason,Roberto__X__ラバテラ,4,Graustark:4x5;Hail to Reason:4x5;Nijinsky:5x5;Roberto:3x5,1.171875,12.5,0.0,6.25,0.0,15.625,0.0,0.0,6.25,9.375,0.0,0.0,6.25,0.0,0.0,0.0,0.0,0.0,3.125,0.0
2013105904,ゼーヴィント,https://db.netkeiba.com/horse/ped/2013105904/,PASS,Deep Impact,シルキーラグーン,ブライアンズタイム Brian's Time,Sunday Silence,Alzao,シーヴィーナス,Fiji,Deep Impact,Hail to Reason,Roberto,Hail to Reason,Deep Impact__X__Roberto,Hail to Reason__X__Hail to Reason,Deep Impact__X__Fiji,4,Hail to Reason:4x4;Northern Dancer:5x5;Nothirdchance:5x5;Turn-to:5x5,1.3671875,25.0,6.25,3.125,0.0,12.5,0.0,6.25,12.5,12.5,0.0,0.0,0.0,0.0,0.0,0.0,0.0,6.25,0.0,0.0
2013105744,ステイパーシスト,https://db.netkeiba.com/horse/ped/2013105744/,PASS,Stay Gold,ロマンシエール,アグネスデジタル,Sunday Silence,ディクタス Dictus,オグリローマン,センジユウ,Stay Gold,Hail to Reason,Mr. Prospector,Native Dancer,Stay Gold__X__Mr. Prospector,Hail to Reason__X__Native Dancer,Stay Gold__X__センジユウ,0,,0.0,25.0,3.125,6.25,0.0,0.0,0.0,3.125,12.5,6.25,0.0,0.0,0.0,0.0,0.0,0.0,0.0,0.0,3.125,0.0
2013102193,ヒルノマゼラン,https://db.netkeiba.com/horse/ped/2013102193/,PASS,マンハッタンカフェ,イントゥザライト,ブライアンズタイム Brian's Time,Sunday Silence,Law Society,フラッシュストーム Flashstorm,Cancelada,Sunday Silence,Hail to Reason,Roberto,Hail to Reason,Sunday Silence__X__Roberto,Hail to Reason__X__Hail to Reason,Sunday Silence__X__Cancelada,3,Hail to Reason:4x4;Nothirdchance:5x5;Turn-to:5x5,1.171875,25.0,3.125,0.0,0.0,12.5,0.0,0.0,12.5,12.5,0.0,0.0,0.0,0.0,12.5,0.0,0.0,0.0,0.0,0.0
2013102305,ロードランウェイ,https://db.netkeiba.com/horse/ped/2013102305/,PASS,ジャングルポケット,レディカーニバル,Giant's Causeway,Tony Bin,Nureyev,ヴァージニー Virginie,Fashion Plate,Tony Bin,Tony Bin,Storm Cat,Northern Dancer,Tony Bin__X__Storm Cat,Tony Bin__X__Northern Dancer,Tony Bin__X__Fashion Plate,1,Northern Dancer:4x5x5,0.78125,0.0,12.5,0.0,0.0,3.125,0.0,0.0,0.0,0.0,0.0,0.0,0.0,12.5,12.5,0.0,25.0,0.0,0.0,0.0
2013102301,ロードヴァンドール,https://db.netkeiba.com/horse/ped/2013102301/,PASS,ダイワメジャー,ジャズキャット Jazz Cat,Storm Cat,Sunday Silence,Northern Taste,Barbicue Sauce,Caninha,Sunday Silence,Hail to Reason,Storm Cat,Northern Dancer,Sunday Silence__X__Storm Cat,Hail to Reason__X__Northern Dancer,Sunday Silence__X__Caninha,4,Crimson Satan:4x5;Natalma:5x5;Nearctic:5x5;Northern Dancer:4x4,1.5625,25.0,12.5,0.0,0.0,0.0,0.0,0.0,12.5,6.25,0.0,0.0,0.0,0.0,25.0,0.0,0.0,0.0,0.0,0.0
2013105844,カフジプリンス,https://db.netkeiba.com/horse/ped/2013105844/,PASS,Heart's Cry,ギンザフローラル,シンボリクリスエス,Sunday Silence,Tony Bin,ストロングウィドウ,Windy Speed,Heart's Cry,Hail to Reason,Roberto,Hail to Reason,Heart's Cry__X__Roberto,Hail to Reason__X__Hail to Reason,Heart's Cry__X__Windy Speed,1,Hail to Reason:4x5,0.390625,25.0,3.125,6.25,0.0,6.25,0.0,0.0,12.5,9.375,3.125,0.0,0.0,0.0,0.0,0.0,12.5,6.25,3.125,0.0
2013102687,トゥルーハート,https://db.netkeiba.com/horse/ped/2013102687/,PASS,Heart's Cry,スコアズビー,ロックオブジブラルタル,Sunday Silence,Tony Bin,シルバーチャリス,Level Sands,Heart's Cry,Hail to Reason,Danzig,Northern Dancer,Heart's Cry__X__Danzig,Hail to Reason__X__Northern Dancer,Heart's Cry__X__Level Sands,1,Northern Dancer:5x5x5,0.390625,25.0,9.375,0.0,0.0,3.125,0.0,6.25,12.5,6.25,0.0,0.0,0.0,0.0,0.0,0.0,12.5,6.25,0.0,0.0
2013103777,ワンスインアライフ,https://db.netkeiba.com/horse/ped/2013103777/,PASS,ドリームジャーニー,エレガントトーク,Machiavellian,Stay Gold,メジロマックイーン,Sheena's Gold,Emali,Stay Gold,Hail to Reason,Mr. Prospector,Native Dancer,Stay Gold__X__Mr. Prospector,Hail to Reason__X__Native Dancer,Stay Gold__X__Emali,7,Cosmah:5x5;Gold Digger:4x5;Hail to Reason:5x5;Halo:4x4;Mr. Prospector:3x4;Northern Taste:4x5;Raise a Native:4x5,1.171875,12.5,3.125,18.75,0.0,0.0,0.0,0.0,12.5,6.25,0.0,0.0,0.0,0.0,0.0,0.0,0.0,0.0,9.375,3.125
2012103496,ヤマカツライデン,https://db.netkeiba.com/horse/ped/2012103496/,PASS,シンボリクリスエス,ヤマカツオーキッド,ダンスインザダーク,Kris S.,Gold Meridian,ヤマカツスズラン,タイムマンナ,Roberto,Hail to Reason,Sunday Silence,Hail to Reason,Roberto__X__Sunday Silence,Hail to Reason__X__Hail to Reason,Roberto__X__タイムマンナ,3,Hail to Reason:4x5;Nijinsky:4x5;Northern Dancer:5x5,0.390625,12.5,6.25,6.25,0.0,12.5,0.0,0.0,6.25,9.375,6.25,0.0,9.375,0.0,0.0,0.0,0.0,0.0,3.125,0.0
2013105582,ジュエラー,https://db.netkeiba.com/horse/ped/2013105582/,PASS,ヴィクトワールピサ,バルドウィナ Baldwina,Pistolet Bleu,ネオユニヴァース,Machiavellian,Balioka,Brescia,Sunday Silence,Hail to Reason,Pistolet Bleu,Pistolet Bleu,Sunday Silence__X__Pistolet Bleu,Hail to Reason__X__Pistolet Bleu,Sunday Silence__X__Brescia,1,Halo:4x5,0.0,12.5,0.0,6.25,0.0,0.0,0.0,0.0,9.375,3.125,0.0,0.0,0.0,0.0,0.0,0.0,0.0,0.0,3.125,0.0
2013106446,ワンダーピルエット,https://db.netkeiba.com/horse/ped/2013106446/,PASS,エンパイアメーカー Empire Maker,ワンダーグラス,グラスワンダー,Unbridled,El Gran Senor,ワンダーヘリテージ,Good Hart,Mr. Prospector,Native Dancer,Roberto,Hail to Reason,Mr. Prospector__X__Roberto,Native Dancer__X__Hail to Reason,Mr. Prospector__X__Good Hart,3,His Majesty:5x5;In Reality:4x5;Northern Dancer:4x5,0.390625,0.0,9.375,6.25,0.0,6.25,0.0,6.25,0.0,3.125,0.0,0.0,0.0,0.0,0.0,0.0,0.0,0.0,3.125,0.0
2013104496,ミエノサクシード,https://db.netkeiba.com/horse/ped/2013104496/,PASS,Stay Gold,ハピネスフォーユー,A.P. Indy,Sunday Silence,ディクタス Dictus,Sophorific,Gaily,Stay Gold,Hail to Reason,A.P. Indy,Seattle Slew,Stay Gold__X__A.P. Indy,Hail to Reason__X__Seattle Slew,Stay Gold__X__Gaily,1,Northern Dancer:5x5,0.1953125,25.0,6.25,0.0,0.0,0.0,0.0,6.25,12.5,6.25,12.5,25.0,0.0,0.0,0.0,0.0,0.0,0.0,0.0,0.0
2013105537,カイザーバル,https://db.netkeiba.com/horse/ped/2013105537/,PASS,エンパイアメーカー Empire Maker,ダンスインザムード,Sunday Silence,Unbridled,El Gran Senor,ダンシングキイ,Dinner Partner,Mr. Prospector,Native Dancer,Sunday Silence,Hail to Reason,Mr. Prospector__X__Sunday Silence,Native Dancer__X__Hail to Reason,Mr. Prospector__X__Dinner Partner,5,In Reality:4x5;Natalma:5x5;Nearctic:5x5;Northern Dancer:4x4;Raise a Native:5x5,1.3671875,25.0,12.5,6.25,0.0,0.0,0.0,0.0,12.5,6.25,0.0,0.0,12.5,0.0,0.0,0.0,0.0,0.0,6.25,0.0
2013110104,ネオヴェルザンディ,https://db.netkeiba.com/horse/ped/2013110104/,PASS,Temple City,Sixta,Stormin Fever,Dynaformer,Danzig,ディボーステスティモニー,Miss Swapsco,Roberto,Hail to Reason,Storm Cat,Northern Dancer,Roberto__X__Storm Cat,Hail to Reason__X__Northern Dancer,Roberto__X__Miss Swapsco,4,Hail to Reason:4x5;Natalma:5x5;Nearctic:5x5;Northern Dancer:4x4x5,1.953125,0.0,15.625,6.25,0.0,12.5,0.0,12.5,6.25,9.375,6.25,0.0,0.0,0.0,12.5,0.0,0.0,0.0,3.125,0.0
2013105358,キンショーユキヒメ,https://db.netkeiba.com/horse/ped/2013105358/,PASS,メイショウサムソン,アップルティー,Sunday Silence,オペラハウス Opera House,ダンシングブレーヴ Dancing Brave,アドマイス Admise,Paracelle,Sadler's Wells,Northern Dancer,Sunday Silence,Hail to Reason,Sadler's Wells__X__Sunday Silence,Northern Dancer__X__Hail to Reason,Sadler's Wells__X__Paracelle,1,Northern Dancer:4x5,0.0,25.0,9.375,0.0,0.0,0.0,12.5,0.0,12.5,6.25,0.0,0.0,0.0,0.0,0.0,0.0,0.0,6.25,0.0,0.0
2013106019,シュペルミエール,https://db.netkeiba.com/horse/ped/2013106019/,PASS,Stay Gold,ヒカルアモーレ,クロフネ,Sunday Silence,ディクタス Dictus,グレイトフィーヴァー Great Fever,Moonmadness,Stay Gold,Hail to Reason,Deputy Minister,Northern Dancer,Stay Gold__X__Deputy Minister,Hail to Reason__X__Northern Dancer,Stay Gold__X__Moonmadness,0,,0.0,25.0,3.125,0.0,0.0,0.0,0.0,0.0,12.5,6.25,0.0,0.0,0.0,0.0,0.0,6.25,0.0,0.0,0.0,0.0
2013104215,コスモジャーベ,https://db.netkeiba.com/horse/ped/2013104215/,PASS,ソングオブウインド,モルフェキイ,モルフェデスペクタ,エルコンドルパサー,Sunday Silence,ハセノグッドダンス,Le Moulin,Kingmambo,Native Dancer,Deputy Minister,Northern Dancer,Kingmambo__X__Deputy Minister,Native Dancer__X__Northern Dancer,Kingmambo__X__Le Moulin,6,Gold Digger:5x5;Halo:4x5;Mr. Prospector:4x4;Raise a Native:5x5;Sunday Silence:3x4;Wishing Well:4x5,3.515625,18.75,3.125,12.5,12.5,0.0,6.25,0.0,9.375,3.125,3.125,0.0,3.125,3.125,0.0,6.25,6.25,0.0,6.25,0.0
2013105652,サトノエトワール,https://db.netkeiba.com/horse/ped/2013105652/,PASS,King Kamehameha,マドモアゼルドパリ,Sunday Silence,Kingmambo,ラストタイクーン Last Tycoon,アドマイス Admise,Paracelle,King Kamehameha,Native Dancer,Sunday Silence,Hail to Reason,King Kamehameha__X__Sunday Silence,Native Dancer__X__Hail to Reason,King Kamehameha__X__Paracelle,1,Northern Dancer:5x5,0.0,25.0,6.25,12.5,25.0,0.0,0.0,0.0,12.5,6.25,0.0,0.0,0.0,6.25,0.0,0.0,0.0,0.0,6.25,3.125
2013106033,ジュンヴァルカン,https://db.netkeiba.com/horse/ped/2013106033/,PASS,ネオユニヴァース,ピンクリップス,エンドスウィープ End Sweep,Sunday Silence,Kris,マリスターII Malli Star,Pink Pigeon,Sunday Silence,Hail to Reason,Mr. Prospector,Native Dancer,Sunday Silence__X__Mr. Prospector,Hail to Reason__X__Native Dancer,Sunday Silence__X__Pink Pigeon,1,Northern Dancer:5x5,0.0,25.0,6.25,6.25,0.0,0.0,0.0,0.0,12.5,6.25,0.0,0.0,6.25,0.0,0.0,0.0,0.0,0.0,3.125,0.0
2011100651,トレジャーマップ,https://db.netkeiba.com/horse/ped/2011100651/,PASS,Stay Gold,ポイントフラッグ,メジロマックイーン,Sunday Silence,ディクタス Dictus,パストラリズム,É÷Îè,Stay Gold,Hail to Reason,メジロマックイーン,メジロマックイーン,Stay Gold__X__メジロマックイーン,Hail to Reason__X__メジロマックイーン,Stay Gold__X__É÷Îè,2,Northern Dancer:5x5;Princely Gift:5x5,0.390625,25.0,6.25,0.0,0.0,3.125,0.0,0.0,12.5,6.25,0.0,0.0,0.0,0.0,0.0,0.0,0.0,0.0,0.0,0.0
2011104030,プレストウィック,https://db.netkeiba.com/horse/ped/2011104030/,PASS,ダイワメジャー,フーラクサ,Linamix,Sunday Silence,Northern Taste,Housatonic,Etiquette,Sunday Silence,Hail to Reason,Lyphard,Northern Dancer,Sunday Silence__X__Lyphard,Hail to Reason__X__Northern Dancer,Sunday Silence__X__Etiquette,3,Hail to Reason:4x4;Nothirdchance:5x5;Turn-to:5x5,1.171875,25.0,6.25,0.0,0.0,0.0,0.0,0.0,12.5,12.5,0.0,0.0,0.0,0.0,0.0,0.0,0.0,3.125,0.0,0.0
2011103789,ヴォルシェーブ,https://db.netkeiba.com/horse/ped/2011103789/,PASS,ネオユニヴァース,ヴェイルオブアヴァロン Veil of Avalon,サンダーガルチ Thunder Gulch,Sunday Silence,Kris,ウインドインハーヘア Wind in Her Hair,Highlight,Sunday Silence,Hail to Reason,Mr. Prospector,Native Dancer,Sunday Silence__X__Mr. Prospector,Hail to Reason__X__Native Dancer,Sunday Silence__X__Highlight,1,Northern Dancer:5x5,0.0,25.0,6.25,6.25,0.0,0.0,0.0,0.0,12.5,6.25,0.0,0.0,0.0,0.0,0.0,0.0,0.0,6.25,3.125,0.0
2011102736,フェスティヴイェル,https://db.netkeiba.com/horse/ped/2011102736/,PASS,シンボリクリスエス,マクシマール,アグネスタキオン,Kris S.,Gold Meridian,マックスジーン Maxzene,Solitude,Roberto,Hail to Reason,Sunday Silence,Hail to Reason,Roberto__X__Sunday Silence,Hail to Reason__X__Hail to Reason,Roberto__X__Solitude,1,Hail to Reason:4x5,0.390625,12.5,0.0,0.0,0.0,12.5,0.0,0.0,6.25,9.375,6.25,0.0,3.125,0.0,0.0,0.0,0.0,0.0,0.0,0.0
2011101476,ウインインスパイア,https://db.netkeiba.com/horse/ped/2011101476/,PASS,タニノギムレット,ハギノオマージュ,Sunday Silence,ブライアンズタイム Brian's Time,クリスタルパレス Crystal Palace,ソーシャルスタンス Social Stance,Queen's Statute,Roberto,Hail to Reason,Sunday Silence,Hail to Reason,Roberto__X__Sunday Silence,Hail to Reason__X__Hail to Reason,Roberto__X__Queen's Statute,5,Graustark:4x5;Hail to Reason:4x4;Nothirdchance:5x5;Ribot:5x5;Turn-to:5x5,1.3671875,25.0,3.125,0.0,0.0,12.5,0.0,0.0,12.5,12.5,0.0,0.0,0.0,0.0,0.0,0.0,0.0,0.0,3.125,0.0
2012100939,マルターズアポジー,https://db.netkeiba.com/horse/ped/2012100939/,PASS,ゴスホークケン,マルターズヒート,Old Trieste,Bernstein,Grand Slam,Heat Is On,Swooning,Storm Cat,Northern Dancer,A.P. Indy,Seattle Slew,Storm Cat__X__A.P. Indy,Northern Dancer__X__Seattle Slew,Storm Cat__X__Swooning,3,Northern Dancer:4x5;Roberto:4x5;Secretariat:5x5,0.9765625,0.0,9.375,3.125,0.0,9.375,0.0,0.0,0.0,3.125,6.25,12.5,0.0,0.0,12.5,0.0,0.0,0.0,0.0,0.0
2011104205,ダイワリベラル,https://db.netkeiba.com/horse/ped/2011104205/,PASS,ダイワメジャー,オレンジジェラート,Tony Bin,Sunday Silence,Northern Taste,スマイリングカット,Lady Attica,Sunday Silence,Hail to Reason,Tony Bin,Tony Bin,Sunday Silence__X__Tony Bin,Hail to Reason__X__Tony Bin,Sunday Silence__X__Lady Attica,4,Hail to Reason:4x5;Lady Victoria:4x5;Northern Dancer:4x5;Northern Taste:3x4,2.734375,25.0,9.375,0.0,0.0,6.25,0.0,0.0,12.5,9.375,0.0,0.0,0.0,0.0,0.0,0.0,25.0,0.0,0.0,0.0
2011105245,マイネグレヴィル,https://db.netkeiba.com/horse/ped/2011105245/,PASS,ブライアンズタイム Brian's Time,マイネポリーヌ,スペシャルウィーク,Roberto,Graustark,マイネミレー,サンマリノ,Roberto,Hail to Reason,Sunday Silence,Hail to Reason,Roberto__X__Sunday Silence,Hail to Reason__X__Hail to Reason,Roberto__X__サンマリノ,4,Hail to Reason:3x5;Nijinsky:4x5;シル:4x5;マルゼンスキー:3x4,0.78125,12.5,3.125,0.0,0.0,25.0,0.0,0.0,6.25,15.625,0.0,0.0,9.375,0.0,0.0,0.0,0.0,0.0,0.0,0.0
2011103739,プロレタリアト,https://db.netkeiba.com/horse/ped/2011103739/,PASS,Heart's Cry,アガルタ,King Kamehameha,Sunday Silence,Tony Bin,ブロードアピール,Water Cress,Heart's Cry,Hail to Reason,King Kamehameha,Native Dancer,Heart's Cry__X__King Kamehameha,Hail to Reason__X__Native Dancer,Heart's Cry__X__Water Cress,0,,0.0,25.0,3.125,6.25,12.5,0.0,0.0,0.0,12.5,6.25,0.0,0.0,0.0,3.125,0.0,0.0,12.5,6.25,3.125,0.0
2012102682,プリメラアスール,https://db.netkeiba.com/horse/ped/2012102682/,PASS,スペシャルウィーク,リメインフォレスト,アジュディケーティング Adjudicating,Sunday Silence,マルゼンスキー,リメインラブ,Morgaise,Sunday Silence,Hail to Reason,Danzig,Northern Dancer,Sunday Silence__X__Danzig,Hail to Reason__X__Northern Dancer,Sunday Silence__X__Morgaise,4,Buckpasser:5x5;Natalma:5x5;Nearctic:5x5;Northern Dancer:4x4x5,0.9765625,25.0,15.625,6.25,0.0,0.0,0.0,12.5,12.5,6.25,0.0,0.0,6.25,0.0,0.0,0.0,0.0,0.0,3.125,0.0
2012104065,シャルール,https://db.netkeiba.com/horse/ped/2012104065/,PASS,ゼンノロブロイ,グレイトフィーヴァー Great Fever,Kaldoun,Sunday Silence,マイニング Mining,My Great Hope,Sunset,Sunday Silence,Hail to Reason,Kaldoun,Kaldoun,Sunday Silence__X__Kaldoun,Hail to Reason__X__Kaldoun,Sunday Silence__X__Sunset,0,,0.0,25.0,0.0,6.25,0.0,0.0,0.0,0.0,12.5,6.25,0.0,0.0,0.0,0.0,0.0,0.0,0.0,0.0,3.125,0.0
2014105125,エーティーラッセン,https://db.netkeiba.com/horse/ped/2014105125/,PASS,サマーバード Summer Bird,チャームレディ,アグネスタキオン,Birdstone,Summer Squall,ダンシングゴッデス Dancing Goddess,Magda,サマーバード Summer Bird,サマーバード Summer Bird,Sunday Silence,Hail to Reason,サマーバード Summer Bird__X__Sunday Silence,サマーバード Summer Bird__X__Hail to Reason,サマーバード Summer Bird__X__Magda,4,Nijinsky:3x5x5;Northern Dancer:4x5x5;South Ocean:5x5;Storm Bird:4x4,1.7578125,12.5,12.5,0.0,0.0,0.0,0.0,0.0,6.25,3.125,0.0,0.0,18.75,0.0,0.0,0.0,0.0,0.0,0.0,0.0
2014105783,ダノンディスタンス,https://db.netkeiba.com/horse/ped/2014105783/,PASS,ルーラーシップ,アゲヒバリ,クロフネ,King Kamehameha,Tony Bin,トゥザヴィクトリー,Likely Exchange,King Kamehameha,Native Dancer,Deputy Minister,Northern Dancer,King Kamehameha__X__Deputy Minister,Native Dancer__X__Northern Dancer,King Kamehameha__X__Likely Exchange,2,Northern Dancer:5x5;Nureyev:4x5,0.5859375,12.5,6.25,6.25,12.5,0.0,0.0,0.0,6.25,3.125,0.0,0.0,0.0,9.375,0.0,6.25,12.5,0.0,3.125,0.0
2014104449,カデナ,https://db.netkeiba.com/horse/ped/2014104449/,PASS,Deep Impact,フレンチリヴィエラ French Riviera,フレンチデピュティ French Deputy,Sunday Silence,Alzao,Actinella,Alea,Deep Impact,Hail to Reason,Deputy Minister,Northern Dancer,Deep Impact__X__Deputy Minister,Hail to Reason__X__Northern Dancer,Deep Impact__X__Alea,1,Northern Dancer:5x5,0.1953125,25.0,6.25,0.0,0.0,0.0,0.0,0.0,12.5,6.25,12.5,0.0,0.0,0.0,0.0,12.5,0.0,6.25,0.0,0.0
2014105558,ソーグリッタリング,https://db.netkeiba.com/horse/ped/2014105558/,PASS,Stay Gold,ソーマジック,シンボリクリスエス,Sunday Silence,ディクタス Dictus,スーア Xua,Beau Darling,Stay Gold,Hail to Reason,Roberto,Hail to Reason,Stay Gold__X__Roberto,Hail to Reason__X__Hail to Reason,Stay Gold__X__Beau Darling,2,Hail to Reason:4x5;Northern Dancer:4x5,0.78125,25.0,9.375,0.0,0.0,6.25,0.0,0.0,12.5,9.375,3.125,0.0,0.0,0.0,0.0,0.0,0.0,0.0,0.0,0.0
2014103795,ワンダープチュック,https://db.netkeiba.com/horse/ped/2014103795/,PASS,Heart's Cry,ウイングドキャット Winged Cat,Storm Cat,Sunday Silence,Tony Bin,Winglet,Querida,Heart's Cry,Hail to Reason,Storm Cat,Northern Dancer,Heart's Cry__X__Storm Cat,Hail to Reason__X__Northern Dancer,Heart's Cry__X__Querida,2,Bold Ruler:5x5;Northern Dancer:4x5,0.390625,25.0,9.375,0.0,0.0,0.0,0.0,0.0,12.5,6.25,0.0,0.0,0.0,0.0,25.0,0.0,12.5,6.25,6.25,3.125
2014104310,マイネルザウバア,https://db.netkeiba.com/horse/ped/2014104310/,PASS,スクリーンヒーロー,ラソーミュロワーズ,Kendor,グラスワンダー,Sunday Silence,Mercalle,Brise de Mer,Roberto,Hail to Reason,Kendor,Kendor,Roberto__X__Kendor,Hail to Reason__X__Kendor,Roberto__X__Brise de Mer,2,Hail to Reason:5x5;Northern Dancer:5x5,0.0,12.5,6.25,0.0,0.0,6.25,0.0,6.25,6.25,6.25,0.0,0.0,0.0,0.0,0.0,0.0,0.0,0.0,0.0,0.0
2014104968,アダムバローズ,https://db.netkeiba.com/horse/ped/2014104968/,PASS,Heart's Cry,チャチャリーノ,Unbridled's Song,Sunday Silence,Tony Bin,パーレイ Parlay,Brightest Star,Heart's Cry,Hail to Reason,Mr. Prospector,Native Dancer,Heart's Cry__X__Mr. Prospector,Hail to Reason__X__Native Dancer,Heart's Cry__X__Brightest Star,0,,0.0,25.0,3.125,3.125,0.0,0.0,0.0,0.0,12.5,6.25,0.0,0.0,0.0,0.0,0.0,0.0,12.5,6.25,0.0,0.0
2014105192,プラチナヴォイス,https://db.netkeiba.com/horse/ped/2014105192/,PASS,エンパイアメーカー Empire Maker,プレザントブリーズ,マンハッタンカフェ,Unbridled,El Gran Senor,スターズインハーアイズ Stars In Her Eyes,Highclere,Mr. Prospector,Native Dancer,Sunday Silence,Hail to Reason,Mr. Prospector__X__Sunday Silence,Native Dancer__X__Hail to Reason,Mr. Prospector__X__Highclere,5,Buckpasser:5x5;Gold Digger:5x5;In Reality:4x5;Mr. Prospector:4x4;Raise a Native:5x5,1.3671875,12.5,6.25,12.5,0.0,0.0,0.0,0.0,6.25,3.125,0.0,0.0,0.0,0.0,0.0,0.0,0.0,3.125,6.25,0.0
2014105907,ヴァナヘイム,https://db.netkeiba.com/horse/ped/2014105907/,PASS,King Kamehameha,グルヴェイグ,Deep Impact,Kingmambo,ラストタイクーン Last Tycoon,エアグルーヴ,パロクサイド,King Kamehameha,Native Dancer,Deep Impact,Hail to Reason,King Kamehameha__X__Deep Impact,Native Dancer__X__Hail to Reason,King Kamehameha__X__パロクサイド,1,Northern Dancer:5x5x5,0.390625,12.5,9.375,12.5,25.0,0.0,0.0,0.0,6.25,3.125,0.0,0.0,0.0,6.25,0.0,0.0,12.5,3.125,6.25,3.125
2014110081,ベストアプローチ,https://db.netkeiba.com/horse/ped/2014110081/,PASS,New Approach,Sant Elena,Efisio,Galileo,Ahonoora,Argent Du Bois,Terlingua,Sadler's Wells,Northern Dancer,Efisio,Efisio,Sadler's Wells__X__Efisio,Northern Dancer__X__Efisio,Sadler's Wells__X__Terlingua,2,Mr. Prospector:5x5;Northern Dancer:4x5,0.5859375,0.0,9.375,6.25,0.0,6.25,12.5,0.0,0.0,3.125,0.0,0.0,0.0,0.0,0.0,0.0,0.0,0.0,3.125,0.0
2012190001,イラプト,https://db.netkeiba.com/horse/ped/2012190001/,PASS,Dubawi,Mare Nostrum,Caerleon,Dubai Millennium,Deploy,Salvora,Ciboulette,Mr. Prospector,Native Dancer,Nijinsky,Northern Dancer,Mr. Prospector__X__Nijinsky,Native Dancer__X__Northern Dancer,Mr. Prospector__X__Ciboulette,1,Northern Dancer:4x5x5,0.5859375,0.0,12.5,6.25,0.0,3.125,0.0,0.0,0.0,3.125,0.0,0.0,12.5,0.0,0.0,0.0,0.0,3.125,3.125,0.0
2012190002,ナイトフラワー,https://db.netkeiba.com/horse/ped/2012190002/,PASS,Dylan Thomas,Night of Magic,パントレセレブル Peintre Celebre,デインヒル Danehill,Diesis,Night Teeny,Nigeria,Danzig,Northern Dancer,Nureyev,Northern Dancer,Danzig__X__Nureyev,Northern Dancer__X__Northern Dancer,Danzig__X__Nigeria,3,Natalma:5x5x5;Nearctic:5x5;Northern Dancer:4x4,1.3671875,0.0,12.5,0.0,0.0,0.0,0.0,12.5,0.0,0.0,0.0,0.0,0.0,12.5,0.0,0.0,0.0,0.0,3.125,0.0
2011103704,パドルウィール,https://db.netkeiba.com/horse/ped/2011103704/,PASS,クロフネ,レストレスハート,Sunday Silence,フレンチデピュティ French Deputy,Classic Go Go,スルーミーナウ Slew Me Now,Gobbler's Image,Deputy Minister,Northern Dancer,Sunday Silence,Hail to Reason,Deputy Minister__X__Sunday Silence,Northern Dancer__X__Hail to Reason,Deputy Minister__X__Gobbler's Image,0,,0.0,25.0,3.125,0.0,0.0,3.125,0.0,0.0,12.5,6.25,6.25,0.0,0.0,0.0,0.0,12.5,0.0,0.0,0.0,0.0
2014103416,ディアシューター,https://db.netkeiba.com/horse/ped/2014103416/,PASS,サムライハート,ナムラクロシェット,Miswaki,Sunday Silence,Tony Bin,Romy,Game Maid,Sunday Silence,Hail to Reason,Mr. Prospector,Native Dancer,Sunday Silence__X__Mr. Prospector,Hail to Reason__X__Native Dancer,Sunday Silence__X__Game Maid,0,,0.0,25.0,3.125,12.5,0.0,0.0,0.0,0.0,12.5,6.25,6.25,0.0,0.0,0.0,0.0,0.0,12.5,0.0,6.25,3.125
2014106201,レイデオロ,https://db.netkeiba.com/horse/ped/2014106201/,PASS,King Kamehameha,ラドラーダ,シンボリクリスエス,Kingmambo,ラストタイクーン Last Tycoon,レディブロンド,Highclere,King Kamehameha,Native Dancer,Roberto,Hail to Reason,King Kamehameha__X__Roberto,Native Dancer__X__Hail to Reason,King Kamehameha__X__Highclere,4,Gold Digger:4x5;Mr. Prospector:3x4;Northern Dancer:5x5;Raise a Native:4x5,2.34375,0.0,6.25,18.75,25.0,6.25,0.0,0.0,0.0,3.125,3.125,0.0,0.0,6.25,0.0,0.0,0.0,3.125,9.375,3.125
2014104149,エンドゲーム,https://db.netkeiba.com/horse/ped/2014104149/,PASS,キングズベスト King's Best,タイキクラリティ,スペシャルウィーク,Kingmambo,Lombard,タイキダイヤ,Tamerett,Kingmambo,Native Dancer,Sunday Silence,Hail to Reason,Kingmambo__X__Sunday Silence,Native Dancer__X__Hail to Reason,Kingmambo__X__Tamerett,1,Mr. Prospector:3x5,0.78125,12.5,3.125,15.625,25.0,0.0,0.0,0.0,6.25,3.125,0.0,0.0,3.125,6.25,0.0,0.0,0.0,0.0,6.25,3.125
2014106005,アドマイヤウイナー,https://db.netkeiba.com/horse/ped/2014106005/,PASS,ワークフォース Workforce,ソングバード,ダンスインザダーク,キングズベスト King's Best,Sadler's Wells,マイワイルドフラワー My Wild Flower,Portage,Kingmambo,Native Dancer,Sunday Silence,Hail to Reason,Kingmambo__X__Sunday Silence,Native Dancer__X__Hail to Reason,Kingmambo__X__Portage,3,Natalma:5x5;Nearctic:5x5;Northern Dancer:4x4x5,1.5625,12.5,15.625,6.25,12.5,0.0,12.5,0.0,6.25,3.125,0.0,0.0,6.25,3.125,0.0,0.0,0.0,0.0,3.125,0.0
2014105304,サングレーザー,https://db.netkeiba.com/horse/ped/2014105304/,PASS,Deep Impact,マンティスハント,Deputy Minister,Sunday Silence,Alzao,ウィッチフルシンキング Witchful Thinking,Ask for the Moon,Deep Impact,Hail to Reason,Deputy Minister,Northern Dancer,Deep Impact__X__Deputy Minister,Hail to Reason__X__Northern Dancer,Deep Impact__X__Ask for the Moon,1,Northern Dancer:4x5,0.390625,25.0,9.375,0.0,0.0,0.0,0.0,0.0,12.5,6.25,0.0,0.0,0.0,0.0,0.0,25.0,0.0,6.25,0.0,0.0
2014105957,グローブシアター,https://db.netkeiba.com/horse/ped/2014105957/,PASS,King Kamehameha,シーザリオ,スペシャルウィーク,Kingmambo,ラストタイクーン Last Tycoon,キロフプリミエール Kirov Premiere,Pia,King Kamehameha,Native Dancer,Sunday Silence,Hail to Reason,King Kamehameha__X__Sunday Silence,Native Dancer__X__Hail to Reason,King Kamehameha__X__Pia,2,Northern Dancer:4x5x5;Special:5x5,0.9765625,12.5,12.5,12.5,25.0,0.0,12.5,0.0,6.25,3.125,0.0,0.0,3.125,6.25,0.0,0.0,0.0,0.0,6.25,3.125
2014102900,ビルズトレジャー,https://db.netkeiba.com/horse/ped/2014102900/,PASS,ダノンシャンティ,メジロヒラリー,エルコンドルパサー,フジキセキ,Mark of Esteem,メジロドーベル,メジロボサツ,Sunday Silence,Hail to Reason,Kingmambo,Native Dancer,Sunday Silence__X__Kingmambo,Hail to Reason__X__Native Dancer,Sunday Silence__X__メジロボサツ,3,Cosmah:5x5;Hail to Reason:5x5;Halo:4x4,0.0,12.5,3.125,6.25,12.5,0.0,6.25,0.0,12.5,6.25,3.125,0.0,0.0,3.125,0.0,0.0,0.0,0.0,3.125,0.0
2014104659,ニシノアップルパイ,https://db.netkeiba.com/horse/ped/2014104659/,PASS,リーチザクラウン,アップルトウショウ,アンバーシャダイ,スペシャルウィーク,Seattle Slew,ダーリントウショウ,Donna Lollo,Sunday Silence,Hail to Reason,Northern Dancer,Northern Dancer,Sunday Silence__X__Northern Dancer,Hail to Reason__X__Northern Dancer,Sunday Silence__X__Donna Lollo,0,,0.0,12.5,6.25,6.25,0.0,0.0,0.0,0.0,6.25,3.125,12.5,0.0,3.125,0.0,0.0,0.0,0.0,0.0,3.125,0.0
2014105476,ショワドゥロワ,https://db.netkeiba.com/horse/ped/2014105476/,PASS,マンハッタンカフェ,グッドチョイス,フレンチデピュティ French Deputy,Sunday Silence,Law Society,ワインアンドローズ,Mesopotamia,Sunday Silence,Hail to Reason,Deputy Minister,Northern Dancer,Sunday Silence__X__Deputy Minister,Hail to Reason__X__Northern Dancer,Sunday Silence__X__Mesopotamia,0,,0.0,25.0,3.125,0.0,0.0,0.0,0.0,0.0,12.5,6.25,0.0,0.0,0.0,0.0,0.0,12.5,0.0,0.0,0.0,0.0
2014100595,ミスディレクション,https://db.netkeiba.com/horse/ped/2014100595/,PASS,ミスキャスト,スウィフトオブフライト Swift of Flight,Sky Classic,Sunday Silence,Tony Bin,Sails Unfurled,Miss Tidal Wave,Sunday Silence,Hail to Reason,Nijinsky,Northern Dancer,Sunday Silence__X__Nijinsky,Hail to Reason__X__Northern Dancer,Sunday Silence__X__Miss Tidal Wave,0,,0.0,25.0,6.25,0.0,0.0,0.0,0.0,0.0,12.5,6.25,6.25,0.0,12.5,0.0,0.0,0.0,12.5,0.0,0.0,0.0
2014100733,マイネルスフェーン,https://db.netkeiba.com/horse/ped/2014100733/,PASS,Stay Gold,マイネジャーダ,ジェイドロバリー Jade Robbery,Sunday Silence,ディクタス Dictus,テクラヤティ Thekrayati,Alibhai Rose,Stay Gold,Hail to Reason,Mr. Prospector,Native Dancer,Stay Gold__X__Mr. Prospector,Hail to Reason__X__Native Dancer,Stay Gold__X__Alibhai Rose,1,Northern Dancer:4x5x5,0.5859375,25.0,12.5,12.5,0.0,0.0,0.0,0.0,12.5,6.25,0.0,0.0,6.25,0.0,0.0,0.0,0.0,12.5,6.25,3.125
2014110056,メリオラ,https://db.netkeiba.com/horse/ped/2014110056/,PASS,Giant's Causeway,Stop Traffic,Cure the Blues,Storm Cat,Rahy,Save My Soul,Culebra Road,Storm Cat,Northern Dancer,Hail to Reason,Hail to Reason,Storm Cat__X__Hail to Reason,Northern Dancer__X__Hail to Reason,Storm Cat__X__Culebra Road,2,Bold Ruler:5x5;Hail to Reason:4x5,0.5859375,0.0,6.25,0.0,0.0,6.25,0.0,0.0,3.125,9.375,0.0,0.0,0.0,0.0,25.0,0.0,0.0,0.0,6.25,3.125
2014105879,ベストリゾート,https://db.netkeiba.com/horse/ped/2014105879/,PASS,ハービンジャー Harbinger,ガラディナー,Sunday Silence,Dansili,Bering,ディナータイム Dinner Time,Perfect Pigeon,Danzig,Northern Dancer,Sunday Silence,Hail to Reason,Danzig__X__Sunday Silence,Northern Dancer__X__Hail to Reason,Danzig__X__Perfect Pigeon,8,Arctic Tern:4x4;Barbra:5x5;Beaune:4x4;Bering:3x3;Bubbling Beauty:5x5;Lyphard:5x5x5;Northern Dancer:5x5;Sea-Bird:5x5,5.6640625,25.0,6.25,0.0,0.0,0.0,0.0,6.25,12.5,6.25,0.0,0.0,0.0,0.0,0.0,0.0,0.0,9.375,0.0,0.0
2014103934,コスモス,https://db.netkeiba.com/horse/ped/2014103934/,PASS,フリオーソ,カーラ,ゴールドアリュール,ブライアンズタイム Brian's Time,Mr. Prospector,パルブライト,タカハロウ,Roberto,Hail to Reason,Sunday Silence,Hail to Reason,Roberto__X__Sunday Silence,Hail to Reason__X__Hail to Reason,Roberto__X__タカハロウ,6,Graustark:4x5;Hail to Reason:4x5;Nashua:5x5;Northern Dancer:5x5;Nureyev:4x4;Special:5x5,1.953125,12.5,6.25,12.5,0.0,12.5,0.0,0.0,6.25,9.375,0.0,0.0,0.0,12.5,0.0,0.0,0.0,3.125,6.25,3.125
2013110001,ストロングタイタン,https://db.netkeiba.com/horse/ped/2013110001/,PASS,Regal Ransom,タイタンクイーン,Tiznow,Distorted Humor,Red Ransom,Ensnare,Impish,Mr. Prospector,Native Dancer,Tiznow,Tiznow,Mr. Prospector__X__Tiznow,Native Dancer__X__Tiznow,Mr. Prospector__X__Impish,7,Buckpasser:5x5;Danzig:3x4x4;Gold Digger:5x5;Mr. Prospector:4x4x5;Northern Dancer:5x5;Pas de Nom:5x5;Raise a Native:5x5,4.296875,0.0,6.25,15.625,0.0,6.25,0.0,25.0,0.0,3.125,3.125,0.0,0.0,0.0,0.0,6.25,0.0,3.125,6.25,0.0
2010106229,トミケンスラーヴァ,https://db.netkeiba.com/horse/ped/2010106229/,PASS,タイキシャトル,タイキクララ,デヒア Dehere,Devil's Bag,Caerleon,タイキクリスタル,Foggy Note,Halo,Hail to Reason,Deputy Minister,Northern Dancer,Halo__X__Deputy Minister,Hail to Reason__X__Northern Dancer,Halo__X__Foggy Note,2,Forli:5x5;Northern Dancer:5x5,0.390625,0.0,6.25,6.25,0.0,0.0,0.0,0.0,12.5,6.25,0.0,0.0,6.25,0.0,0.0,12.5,0.0,0.0,3.125,0.0
2009110017,シャドウパーティー,https://db.netkeiba.com/horse/ped/2009110017/,PASS,キングズベスト King's Best,Glinting Desert,Desert Prince,Kingmambo,Lombard,Dazzling Park,Lachine,Kingmambo,Native Dancer,Danzig,Northern Dancer,Kingmambo__X__Danzig,Native Dancer__X__Northern Dancer,Kingmambo__X__Lachine,1,Northern Dancer:5x5,0.1953125,0.0,6.25,12.5,25.0,3.125,0.0,6.25,0.0,0.0,0.0,0.0,0.0,6.25,0.0,0.0,0.0,0.0,6.25,3.125
2011104022,マラムデール,https://db.netkeiba.com/horse/ped/2011104022/,PASS,フレンチデピュティ French Deputy,フサイチエアデール,Sunday Silence,Deputy Minister,Hold Your Peace,ラスティックベル Rustic Belle,Doll Ina,Deputy Minister,Northern Dancer,Sunday Silence,Hail to Reason,Deputy Minister__X__Sunday Silence,Northern Dancer__X__Hail to Reason,Deputy Minister__X__Doll Ina,1,Raise a Native:4x5,0.0,25.0,6.25,12.5,0.0,0.0,0.0,0.0,12.5,6.25,0.0,0.0,0.0,0.0,0.0,25.0,0.0,0.0,9.375,3.125
2012104563,カゼルタ,https://db.netkeiba.com/horse/ped/2012104563/,PASS,ハービンジャー Harbinger,エルダンジュ,Sunday Silence,Dansili,Bering,ガゼルロワイヤル Gazelle Royale,Be True,Danzig,Northern Dancer,Sunday Silence,Hail to Reason,Danzig__X__Sunday Silence,Northern Dancer__X__Hail to Reason,Danzig__X__Be True,1,Northern Dancer:5x5,0.0,25.0,6.25,0.0,0.0,0.0,0.0,6.25,12.5,6.25,0.0,0.0,0.0,0.0,0.0,0.0,0.0,3.125,0.0,0.0
2011103869,サンソヴール,https://db.netkeiba.com/horse/ped/2011103869/,PASS,King Kamehameha,サンヴィクトワール,Sunday Silence,Kingmambo,ラストタイクーン Last Tycoon,ヴィクトリーバンク,Full Compliment,King Kamehameha,Native Dancer,Sunday Silence,Hail to Reason,King Kamehameha__X__Sunday Silence,Native Dancer__X__Hail to Reason,King Kamehameha__X__Full Compliment,1,Northern Dancer:5x5,0.0,25.0,6.25,12.5,25.0,0.0,0.0,0.0,12.5,6.25,0.0,0.0,0.0,6.25,0.0,0.0,0.0,0.0,6.25,3.125
2011105685,アンジェリック,https://db.netkeiba.com/horse/ped/2011105685/,PASS,シンボリクリスエス,タガノアイリス,Tony Bin,Kris S.,Gold Meridian,マルカアイリス,Ambarella,Roberto,Hail to Reason,Tony Bin,Tony Bin,Roberto__X__Tony Bin,Hail to Reason__X__Tony Bin,Roberto__X__Ambarella,1,Hyperion:5x5,0.0,0.0,0.0,0.0,0.0,12.5,0.0,0.0,0.0,6.25,6.25,0.0,0.0,0.0,0.0,0.0,25.0,0.0,0.0,0.0
2013101040,クリノラホール,https://db.netkeiba.com/horse/ped/2013101040/,PASS,ダイワメジャー,クリノビャクダン,クロフネ,Sunday Silence,Northern Taste,エプソムジョーオー,ジヤヌワ,Sunday Silence,Hail to Reason,Deputy Minister,Northern Dancer,Sunday Silence__X__Deputy Minister,Hail to Reason__X__Northern Dancer,Sunday Silence__X__ジヤヌワ,0,,0.0,25.0,6.25,0.0,0.0,0.0,0.0,0.0,12.5,6.25,0.0,0.0,0.0,0.0,0.0,6.25,0.0,0.0,0.0,0.0
2011104124,レーヴデトワール,https://db.netkeiba.com/horse/ped/2011104124/,PASS,ゼンノロブロイ,レーヴドスカー Reve d'Oscar,Highest Honor,Sunday Silence,マイニング Mining,Numidie,Sunda,Sunday Silence,Hail to Reason,Highest Honor,Highest Honor,Sunday Silence__X__Highest Honor,Hail to Reason__X__Highest Honor,Sunday Silence__X__Sunda,1,Sir Gaylord:5x5,0.0,25.0,0.0,6.25,0.0,0.0,0.0,0.0,12.5,6.25,0.0,0.0,3.125,0.0,0.0,0.0,0.0,0.0,3.125,0.0
2014105246,サーベラージュ,https://db.netkeiba.com/horse/ped/2014105246/,PASS,ヴィクトワールピサ,アスペンアベニュー,トワイニング Twining,ネオユニヴァース,Machiavellian,マクダヴィア Mocdavia,Change Water,Sunday Silence,Hail to Reason,Mr. Prospector,Native Dancer,Sunday Silence__X__Mr. Prospector,Hail to Reason__X__Native Dancer,Sunday Silence__X__Change Water,4,Gold Digger:5x5;Halo:4x5;Mr. Prospector:4x4;Raise a Native:5x5,1.171875,12.5,6.25,12.5,0.0,0.0,0.0,0.0,9.375,3.125,0.0,0.0,0.0,0.0,0.0,0.0,0.0,0.0,6.25,0.0
2014100093,イブキ,https://db.netkeiba.com/horse/ped/2014100093/,PASS,ルーラーシップ,ピサノドヌーヴ,アグネスタキオン,King Kamehameha,Tony Bin,エルレイナ,Schooner,King Kamehameha,Native Dancer,Sunday Silence,Hail to Reason,King Kamehameha__X__Sunday Silence,Native Dancer__X__Hail to Reason,King Kamehameha__X__Schooner,0,,0.0,12.5,3.125,6.25,12.5,0.0,0.0,0.0,6.25,3.125,6.25,0.0,3.125,3.125,0.0,0.0,12.5,0.0,3.125,0.0
2014106176,ポポカテペトル,https://db.netkeiba.com/horse/ped/2014106176/,PASS,Deep Impact,ミスパスカリ,Mr. Greeley,Sunday Silence,Alzao,ブルーアヴェニュー Blue Avenue,Catania,Deep Impact,Hail to Reason,Mr. Prospector,Native Dancer,Deep Impact__X__Mr. Prospector,Hail to Reason__X__Native Dancer,Deep Impact__X__Catania,0,,0.0,25.0,3.125,6.25,0.0,3.125,0.0,0.0,12.5,6.25,0.0,0.0,0.0,0.0,0.0,0.0,0.0,6.25,3.125,0.0
2014103124,ジュニエーブル,https://db.netkeiba.com/horse/ped/2014103124/,PASS,スズカフェニックス,ピーチフィズ,スウェプトオーヴァーボード Swept Overboard,Sunday Silence,Fairy King,プリンセスレビュー,ワカシラオキ,Sunday Silence,Hail to Reason,Mr. Prospector,Native Dancer,Sunday Silence__X__Mr. Prospector,Hail to Reason__X__Native Dancer,Sunday Silence__X__ワカシラオキ,3,Fairy Bridge:4x5;Fairy King:3x4;Northern Dancer:4x5x5,2.5390625,25.0,12.5,3.125,0.0,0.0,0.0,0.0,12.5,6.25,0.0,0.0,0.0,0.0,0.0,0.0,0.0,0.0,0.0,0.0
2014102696,ニシノアモーレ,https://db.netkeiba.com/horse/ped/2014102696/,PASS,コンデュイット Conduit,ニシノマナムスメ,アグネスタキオン,Dalakhani,Sadler's Wells,ニシノフラワー,The Bride,コンデュイット Conduit,コンデュイット Conduit,Sunday Silence,Hail to Reason,コンデュイット Conduit__X__Sunday Silence,コンデュイット Conduit__X__Hail to Reason,コンデュイット Conduit__X__The Bride,1,Northern Dancer:4x5,0.390625,12.5,9.375,3.125,0.0,0.0,12.5,6.25,6.25,3.125,0.0,0.0,3.125,0.0,0.0,0.0,0.0,0.0,3.125,0.0
2014105929,サンティール,https://db.netkeiba.com/horse/ped/2014105929/,PASS,ハービンジャー Harbinger,サンヴィクトワール,Sunday Silence,Dansili,Bering,ヴィクトリーバンク,Full Compliment,Danzig,Northern Dancer,Sunday Silence,Hail to Reason,Danzig__X__Sunday Silence,Northern Dancer__X__Hail to Reason,Danzig__X__Full Compliment,1,Northern Dancer:5x5,0.0,25.0,6.25,0.0,0.0,0.0,0.0,6.25,12.5,6.25,0.0,0.0,0.0,0.0,0.0,0.0,0.0,3.125,0.0,0.0
2014102716,コマノインパルス,https://db.netkeiba.com/horse/ped/2014102716/,PASS,バゴ Bago,コマノアクラ,フジキセキ,Nashwan,Nureyev,リンデンジョオー,ヤマニガーサント,Nasrullah,Nasrullah,Sunday Silence,Hail to Reason,Nasrullah__X__Sunday Silence,Nasrullah__X__Hail to Reason,Nasrullah__X__ヤマニガーサント,4,Hail to Reason:5x5;Halo:4x5;In Reality:5x5;Wild Risk:5x5,0.5859375,12.5,6.25,6.25,0.0,6.25,0.0,0.0,9.375,6.25,0.0,0.0,0.0,12.5,0.0,0.0,0.0,0.0,3.125,0.0
2014105466,アダマンティン,https://db.netkeiba.com/horse/ped/2014105466/,PASS,ハービンジャー Harbinger,キラリダイヤモンド,フジキセキ,Dansili,Bering,ブリリアントカット,Dolly Dale,Danzig,Northern Dancer,Sunday Silence,Hail to Reason,Danzig__X__Sunday Silence,Northern Dancer__X__Hail to Reason,Danzig__X__Dolly Dale,1,Northern Dancer:4x5x5,0.78125,12.5,12.5,0.0,0.0,0.0,0.0,6.25,6.25,3.125,0.0,0.0,0.0,0.0,0.0,0.0,0.0,3.125,0.0,0.0
2014104389,ガンサリュート,https://db.netkeiba.com/horse/ped/2014104389/,PASS,ダノンシャンティ,ベネディーレ,クロフネ,フジキセキ,Mark of Esteem,ブレッシング,Barely Even,Sunday Silence,Hail to Reason,Deputy Minister,Northern Dancer,Sunday Silence__X__Deputy Minister,Hail to Reason__X__Northern Dancer,Sunday Silence__X__Barely Even,4,Cosmah:5x5;Hail to Reason:5x5x5;Halo:4x4;Northern Dancer:5x5,0.390625,12.5,6.25,0.0,0.0,6.25,0.0,0.0,12.5,9.375,0.0,0.0,6.25,0.0,0.0,6.25,0.0,0.0,0.0,0.0
2014104804,アサギリジョー,https://db.netkeiba.com/horse/ped/2014104804/,PASS,ジャングルポケット,メイクヒストリー,Sunday Silence,Tony Bin,Nureyev,シジェームサン Sixieme Sens,Bayou,Tony Bin,Tony Bin,Sunday Silence,Hail to Reason,Tony Bin__X__Sunday Silence,Tony Bin__X__Hail to Reason,Tony Bin__X__Bayou,0,,0.0,25.0,6.25,0.0,0.0,0.0,0.0,0.0,12.5,6.25,6.25,0.0,0.0,12.5,0.0,0.0,25.0,0.0,0.0,0.0
2014110001,バリングラ,https://db.netkeiba.com/horse/ped/2014110001/,PASS,Fastnet Rock,Sweet Dreams Baby,Montjeu,デインヒル Danehill,ロイヤルアカデミーII Royal Academy,シャトゥーシュ,Two Fold,Danzig,Northern Dancer,Sadler's Wells,Northern Dancer,Danzig__X__Sadler's Wells,Northern Dancer__X__Northern Dancer,Danzig__X__Two Fold,3,Natalma:5x5x5;Nearctic:5x5;Northern Dancer:4x4x5x5,2.34375,0.0,18.75,0.0,0.0,0.0,12.5,12.5,0.0,0.0,0.0,0.0,6.25,0.0,0.0,0.0,0.0,6.25,0.0,0.0
2013105880,シャケトラ,https://db.netkeiba.com/horse/ped/2013105880/,PASS,マンハッタンカフェ,サマーハ Samaaha,Singspiel,Sunday Silence,Law Society,Genovefa,Compassionately,Sunday Silence,Hail to Reason,Sadler's Wells,Northern Dancer,Sunday Silence__X__Sadler's Wells,Hail to Reason__X__Northern Dancer,Sunday Silence__X__Compassionately,4,Cosmah:4x5;Hail to Reason:4x5;Halo:3x4;Northern Dancer:5x5,2.34375,25.0,6.25,6.25,0.0,0.0,6.25,0.0,18.75,9.375,0.0,0.0,0.0,0.0,0.0,0.0,0.0,0.0,3.125,0.0
2013104845,テイエムナナヒカリ,https://db.netkeiba.com/horse/ped/2013104845/,PASS,ジャングルポケット,エリモトゥデイ,ワイルドラッシュ Wild Rush,Tony Bin,Nureyev,レースカム Race Cam,Regal Gleam,Tony Bin,Tony Bin,ワイルドラッシュ Wild Rush,ワイルドラッシュ Wild Rush,Tony Bin__X__ワイルドラッシュ Wild Rush,Tony Bin__X__ワイルドラッシュ Wild Rush,Tony Bin__X__Regal Gleam,2,Nearctic:5x5;Northern Dancer:4x5,0.5859375,0.0,9.375,12.5,0.0,0.0,0.0,0.0,0.0,0.0,0.0,0.0,6.25,12.5,0.0,0.0,25.0,0.0,6.25,3.125
2009101016,シルクドリーマー,https://db.netkeiba.com/horse/ped/2009101016/,PASS,タニノギムレット,ドリームキセキ,フジキセキ,ブライアンズタイム Brian's Time,クリスタルパレス Crystal Palace,ドリームロッチ,ロツチ,Roberto,Hail to Reason,Sunday Silence,Hail to Reason,Roberto__X__Sunday Silence,Hail to Reason__X__Hail to Reason,Roberto__X__ロツチ,2,Graustark:4x5;Hail to Reason:4x5,0.390625,12.5,3.125,0.0,0.0,12.5,0.0,0.0,6.25,9.375,0.0,0.0,6.25,0.0,0.0,0.0,0.0,0.0,0.0,0.0
2011104243,ガリバルディ,https://db.netkeiba.com/horse/ped/2011104243/,PASS,Deep Impact,シェンク Shenck,Zafonic,Sunday Silence,Alzao,Buckwig,Sharon Wood,Deep Impact,Hail to Reason,Mr. Prospector,Native Dancer,Deep Impact__X__Mr. Prospector,Hail to Reason__X__Native Dancer,Deep Impact__X__Sharon Wood,1,Northern Dancer:5x5,0.1953125,25.0,6.25,6.25,0.0,0.0,0.0,0.0,12.5,6.25,0.0,0.0,0.0,0.0,0.0,0.0,0.0,6.25,3.125,3.125
2009106222,ラブラドライト,https://db.netkeiba.com/horse/ped/2009106222/,PASS,King Kamehameha,タンザナイト,Sunday Silence,Kingmambo,ラストタイクーン Last Tycoon,キャサリーンパー Catherine Parr,Royal Arrival,King Kamehameha,Native Dancer,Sunday Silence,Hail to Reason,King Kamehameha__X__Sunday Silence,Native Dancer__X__Hail to Reason,King Kamehameha__X__Royal Arrival,1,Northern Dancer:5x5,0.0,25.0,6.25,12.5,25.0,0.0,0.0,0.0,12.5,6.25,0.0,0.0,0.0,6.25,0.0,0.0,0.0,0.0,6.25,3.125
2012104044,キングルアウ,https://db.netkeiba.com/horse/ped/2012104044/,PASS,King Kamehameha,リュートフルシティ,ウォーエンブレム War Emblem,Kingmambo,ラストタイクーン Last Tycoon,クリックヒア,Moonscape,King Kamehameha,Native Dancer,Mr. Prospector,Native Dancer,King Kamehameha__X__Mr. Prospector,Native Dancer__X__Native Dancer,King Kamehameha__X__Moonscape,4,Gold Digger:4x5;Mr. Prospector:3x4;Northern Dancer:5x5x5;Raise a Native:4x5,2.734375,12.5,9.375,18.75,25.0,0.0,0.0,0.0,6.25,3.125,3.125,0.0,0.0,6.25,0.0,0.0,0.0,0.0,9.375,3.125
2014106464,テーオーフォルテ,https://db.netkeiba.com/horse/ped/2014106464/,PASS,ハービンジャー Harbinger,グッデーコパ,マンハッタンカフェ,Dansili,Bering,ウェディングオーク,スガスミ,Danzig,Northern Dancer,Sunday Silence,Hail to Reason,Danzig__X__Sunday Silence,Northern Dancer__X__Hail to Reason,Danzig__X__スガスミ,1,Northern Dancer:5x5,0.0,12.5,6.25,0.0,0.0,0.0,0.0,6.25,6.25,3.125,0.0,0.0,0.0,0.0,0.0,0.0,12.5,3.125,0.0,0.0
2014106010,ダンビュライト,https://db.netkeiba.com/horse/ped/2014106010/,PASS,ルーラーシップ,タンザナイト,Sunday Silence,King Kamehameha,Tony Bin,キャサリーンパー Catherine Parr,Royal Arrival,King Kamehameha,Native Dancer,Sunday Silence,Hail to Reason,King Kamehameha__X__Sunday Silence,Native Dancer__X__Hail to Reason,King Kamehameha__X__Royal Arrival,0,,0.0,25.0,3.125,6.25,12.5,0.0,0.0,0.0,12.5,6.25,0.0,0.0,0.0,3.125,0.0,0.0,12.5,0.0,3.125,0.0
2014106196,サトノマックス,https://db.netkeiba.com/horse/ped/2014106196/,PASS,Deep Impact,ラシャルマンテ La Charmante,Indygo Shiner,Sunday Silence,Alzao,La Magie,Mado,Deep Impact,Hail to Reason,A.P. Indy,Seattle Slew,Deep Impact__X__A.P. Indy,Hail to Reason__X__Seattle Slew,Deep Impact__X__Mado,1,Northern Dancer:5x5,0.1953125,25.0,6.25,3.125,0.0,0.0,0.0,0.0,12.5,6.25,6.25,12.5,0.0,0.0,0.0,0.0,0.0,6.25,0.0,0.0
2014104582,キャッスルクラウン,https://db.netkeiba.com/horse/ped/2014104582/,PASS,バンブーエール,キャッスルスピカ,タイキブリザード,アフリート Afleet,Rainbow Quest,サユリチャン,キクノハタ,Mr. Prospector,Native Dancer,Seattle Slew,Seattle Slew,Mr. Prospector__X__Seattle Slew,Native Dancer__X__Seattle Slew,Mr. Prospector__X__キクノハタ,0,,0.0,0.0,0.0,12.5,0.0,0.0,0.0,0.0,0.0,3.125,12.5,0.0,0.0,0.0,0.0,0.0,0.0,0.0,6.25,3.125
2014104102,スマートエレメンツ,https://db.netkeiba.com/horse/ped/2014104102/,PASS,シンボリクリスエス,ルビーレジェンド,アグネスタキオン,Kris S.,Gold Meridian,ルビア Rubia,Luck Penny,Roberto,Hail to Reason,Sunday Silence,Hail to Reason,Roberto__X__Sunday Silence,Hail to Reason__X__Hail to Reason,Roberto__X__Luck Penny,2,Hail to Reason:4x5;Nijinsky:5x5,0.390625,12.5,3.125,3.125,0.0,12.5,0.0,0.0,6.25,9.375,6.25,0.0,6.25,0.0,0.0,0.0,0.0,0.0,0.0,0.0
2014105589,ダイワキャグニー,https://db.netkeiba.com/horse/ped/2014105589/,PASS,King Kamehameha,トリプレックス,Sunday Silence,Kingmambo,ラストタイクーン Last Tycoon,トリプルワウ Triple Wow,Venturanza,King Kamehameha,Native Dancer,Sunday Silence,Hail to Reason,King Kamehameha__X__Sunday Silence,Native Dancer__X__Hail to Reason,King Kamehameha__X__Venturanza,2,Northern Dancer:5x5;Raise a Native:4x5,0.390625,25.0,6.25,12.5,25.0,0.0,0.0,0.0,12.5,6.25,0.0,0.0,0.0,6.25,0.0,0.0,0.0,0.0,9.375,3.125
2014100971,マイスタイル,https://db.netkeiba.com/horse/ped/2014100971/,PASS,Heart's Cry,ファーストナイナー,フォーティナイナー Forty Niner,Sunday Silence,Tony Bin,Danzig,Sovereign Lady,Heart's Cry,Hail to Reason,Mr. Prospector,Native Dancer,Heart's Cry__X__Mr. Prospector,Hail to Reason__X__Native Dancer,Heart's Cry__X__Sovereign Lady,2,Danzig:2x3;Northern Dancer:4x5,0.390625,25.0,9.375,12.5,0.0,0.0,0.0,37.5,12.5,6.25,0.0,0.0,0.0,0.0,0.0,0.0,12.5,6.25,6.25,3.125
2012101173,ウインスペクトル,https://db.netkeiba.com/horse/ped/2012101173/,PASS,チーフベアハート Chief Bearhart,レインボーロマンス,エアジハード,Chief's Crown,Bold Hour,クローズイン Close In,Scotch Verdict,Danzig,Northern Dancer,エアジハード,エアジハード,Danzig__X__エアジハード,Northern Dancer__X__エアジハード,Danzig__X__Scotch Verdict,2,Bold Ruler:4x5x5;Gold Digger:4x5,0.9765625,0.0,6.25,6.25,0.0,0.0,0.0,12.5,0.0,0.0,0.0,0.0,3.125,0.0,0.0,0.0,0.0,0.0,3.125,0.0
2011103613,フェルメッツァ,https://db.netkeiba.com/horse/ped/2011103613/,PASS,Deep Impact,スキッフル,Tony Bin,Sunday Silence,Alzao,ザスキート The Skeat,Luminant,Deep Impact,Hail to Reason,Tony Bin,Tony Bin,Deep Impact__X__Tony Bin,Hail to Reason__X__Tony Bin,Deep Impact__X__Luminant,1,Northern Dancer:4x5,0.390625,25.0,9.375,0.0,0.0,0.0,0.0,0.0,12.5,6.25,0.0,0.0,0.0,12.5,0.0,0.0,25.0,6.25,0.0,0.0
2012103930,マイネルサージュ,https://db.netkeiba.com/horse/ped/2012103930/,PASS,ハービンジャー Harbinger,サオヒメ,Sunday Silence,Dansili,Bering,ハルカゼ,Feria,Danzig,Northern Dancer,Sunday Silence,Hail to Reason,Danzig__X__Sunday Silence,Northern Dancer__X__Hail to Reason,Danzig__X__Feria,2,Northern Dancer:5x5;Sea-Bird:5x5,0.1953125,25.0,6.25,0.0,0.0,0.0,0.0,6.25,12.5,6.25,0.0,0.0,0.0,0.0,0.0,0.0,0.0,3.125,6.25,3.125
2011102151,サクラアンプルール,https://db.netkeiba.com/horse/ped/2011102151/,PASS,King Kamehameha,サクラメガ,Sunday Silence,Kingmambo,ラストタイクーン Last Tycoon,サクラクレアー,Vulcania,King Kamehameha,Native Dancer,Sunday Silence,Hail to Reason,King Kamehameha__X__Sunday Silence,Native Dancer__X__Hail to Reason,King Kamehameha__X__Vulcania,1,Northern Dancer:4x5x5,0.78125,25.0,12.5,12.5,25.0,0.0,0.0,0.0,12.5,6.25,0.0,0.0,0.0,6.25,0.0,0.0,0.0,0.0,6.25,3.125
2014106083,スワーヴリチャード,https://db.netkeiba.com/horse/ped/2014106083/,PASS,Heart's Cry,ピラミマ,Unbridled's Song,Sunday Silence,Tony Bin,キャリアコレクション,Flitter Flutter,Heart's Cry,Hail to Reason,Mr. Prospector,Native Dancer,Heart's Cry__X__Mr. Prospector,Hail to Reason__X__Native Dancer,Heart's Cry__X__Flitter Flutter,0,,0.0,25.0,3.125,3.125,0.0,0.0,0.0,0.0,12.5,6.25,6.25,0.0,0.0,0.0,0.0,0.0,12.5,6.25,0.0,0.0
2014105825,アウトライアーズ,https://db.netkeiba.com/horse/ped/2014105825/,PASS,ヴィクトワールピサ,ウィストラム,フレンチデピュティ French Deputy,ネオユニヴァース,Machiavellian,リュドゥパーム Rue de Palm,Rampart,Sunday Silence,Hail to Reason,Deputy Minister,Northern Dancer,Sunday Silence__X__Deputy Minister,Hail to Reason__X__Northern Dancer,Sunday Silence__X__Rampart,2,Hail to Reason:5x5;Halo:4x5,0.1953125,12.5,3.125,6.25,0.0,0.0,0.0,0.0,9.375,6.25,0.0,0.0,0.0,0.0,0.0,12.5,0.0,0.0,3.125,3.125
2014105258,ペルシアンナイト,https://db.netkeiba.com/horse/ped/2014105258/,PASS,ハービンジャー Harbinger,オリエントチャーム,Sunday Silence,Dansili,Bering,ニキーヤ Nikiya,Shoshanna,Danzig,Northern Dancer,Sunday Silence,Hail to Reason,Danzig__X__Sunday Silence,Northern Dancer__X__Hail to Reason,Danzig__X__Shoshanna,1,Northern Dancer:4x5x5,0.78125,25.0,12.5,0.0,0.0,0.0,0.0,6.25,12.5,6.25,0.0,0.0,3.125,12.5,0.0,0.0,0.0,3.125,0.0,0.0
2014103309,ファンディーナ,https://db.netkeiba.com/horse/ped/2014103309/,PASS,Deep Impact,ドリームオブジェニー Dream of Genie,Pivotal,Sunday Silence,Alzao,Glia,Raise the Standard,Deep Impact,Hail to Reason,Nureyev,Northern Dancer,Deep Impact__X__Nureyev,Hail to Reason__X__Northern Dancer,Deep Impact__X__Raise the Standard,2,Halo:3x5;Northern Dancer:5x5,0.9765625,25.0,6.25,6.25,0.0,0.0,0.0,0.0,15.625,6.25,6.25,12.5,0.0,6.25,0.0,0.0,0.0,6.25,3.125,0.0
2014106046,アルアイン,https://db.netkeiba.com/horse/ped/2014106046/,PASS,Deep Impact,ドバイマジェスティ Dubai Majesty,Essence of Dubai,Sunday Silence,Alzao,Great Majesty,Saracen Miss,Deep Impact,Hail to Reason,A.P. Indy,Seattle Slew,Deep Impact__X__A.P. Indy,Hail to Reason__X__Seattle Slew,Deep Impact__X__Saracen Miss,0,,0.0,25.0,3.125,3.125,0.0,0.0,0.0,0.0,12.5,6.25,3.125,6.25,0.0,0.0,0.0,0.0,0.0,6.25,0.0,0.0
2014105681,アメリカズカップ,https://db.netkeiba.com/horse/ped/2014105681/,PASS,マンハッタンカフェ,ベガスナイト,コロナドズクエスト Coronado's Quest,Sunday Silence,Law Society,Words of War,Classicist,Sunday Silence,Hail to Reason,Mr. Prospector,Native Dancer,Sunday Silence__X__Mr. Prospector,Hail to Reason__X__Native Dancer,Sunday Silence__X__Classicist,0,,0.0,25.0,0.0,6.25,0.0,0.0,0.0,0.0,12.5,6.25,0.0,0.0,0.0,0.0,0.0,0.0,0.0,0.0,3.125,0.0
2014105493,サトノアレス,https://db.netkeiba.com/horse/ped/2014105493/,PASS,Deep Impact,サトノアマゾネス,デインヒル Danehill,Sunday Silence,Alzao,Prawn Cocktail,First Rose,Deep Impact,Hail to Reason,Danzig,Northern Dancer,Deep Impact__X__Danzig,Hail to Reason__X__Northern Dancer,Deep Impact__X__First Rose,2,Natalma:5x5;Northern Dancer:4x5,0.390625,25.0,9.375,0.0,0.0,0.0,0.0,12.5,12.5,6.25,0.0,0.0,0.0,0.0,0.0,0.0,0.0,6.25,0.0,0.0
2014106211,キングズラッシュ,https://db.netkeiba.com/horse/ped/2014106211/,PASS,ルーラーシップ,リコリス,シンボリクリスエス,King Kamehameha,Tony Bin,ジューンアナガリス,Turn to Talent,King Kamehameha,Native Dancer,Roberto,Hail to Reason,King Kamehameha__X__Roberto,Native Dancer__X__Hail to Reason,King Kamehameha__X__Turn to Talent,1,Hail to Reason:5x5,0.0,12.5,3.125,6.25,12.5,6.25,0.0,0.0,6.25,6.25,3.125,0.0,0.0,3.125,0.0,0.0,12.5,0.0,3.125,0.0
2014100656,クリンチャー,https://db.netkeiba.com/horse/ped/2014100656/,PASS,ディープスカイ,ザフェイツ,ブライアンズタイム Brian's Time,アグネスタキオン,Chief's Crown,ミスシャグラ Miss Shagra,Cranberry Sauce,Sunday Silence,Hail to Reason,Roberto,Hail to Reason,Sunday Silence__X__Roberto,Hail to Reason__X__Hail to Reason,Sunday Silence__X__Cranberry Sauce,5,Danzig:3x4;Graustark:4x5;Hail to Reason:4x5;Northern Dancer:4x5;Pas de Nom:4x5,3.125,12.5,9.375,0.0,0.0,12.5,0.0,18.75,6.25,9.375,0.0,0.0,3.125,0.0,0.0,0.0,0.0,0.0,0.0,0.0
2014100222,ウインブライト,https://db.netkeiba.com/horse/ped/2014100222/,PASS,Stay Gold,サマーエタニティ,アドマイヤコジーン,Sunday Silence,ディクタス Dictus,オールフォーゲラン,ミスブゼン,Stay Gold,Hail to Reason,アドマイヤコジーン,アドマイヤコジーン,Stay Gold__X__アドマイヤコジーン,Hail to Reason__X__アドマイヤコジーン,Stay Gold__X__ミスブゼン,4,Lady Victoria:5x5;Nijinsky:5x5;Northern Dancer:5x5;Northern Taste:4x4,1.171875,25.0,6.25,6.25,0.0,0.0,0.0,0.0,12.5,6.25,0.0,0.0,6.25,0.0,0.0,0.0,0.0,0.0,3.125,0.0
2014100465,トラスト,https://db.netkeiba.com/horse/ped/2014100465/,PASS,スクリーンヒーロー,グローリサンディ,エイシンサンディ,グラスワンダー,Sunday Silence,ダイヤターン,ソロナコメット,Roberto,Hail to Reason,Sunday Silence,Hail to Reason,Roberto__X__Sunday Silence,Hail to Reason__X__Hail to Reason,Roberto__X__ソロナコメット,8,Cosmah:5x5;Hail to Reason:5x5x5;Halo:4x4;Mountain Flower:5x5;Northern Dancer:5x5x5;Sunday Silence:3x3;Understanding:5x5;Wishing Well:4x4,6.0546875,25.0,9.375,0.0,0.0,6.25,0.0,6.25,12.5,9.375,0.0,0.0,0.0,0.0,0.0,0.0,0.0,0.0,0.0,0.0
2014102565,モズカッチャン,https://db.netkeiba.com/horse/ped/2014102565/,PASS,ハービンジャー Harbinger,サイトディーラー,King Kamehameha,Dansili,Bering,ベストブート Best Boot,Exclusive Dancer,Danzig,Northern Dancer,King Kamehameha,Native Dancer,Danzig__X__King Kamehameha,Northern Dancer__X__Native Dancer,Danzig__X__Exclusive Dancer,3,Danzig:4x5;Mr. Prospector:4x5;Northern Dancer:5x5,0.390625,0.0,6.25,9.375,12.5,0.0,0.0,9.375,0.0,0.0,0.0,0.0,0.0,3.125,6.25,0.0,0.0,3.125,3.125,0.0
2014105925,ザクイーン,https://db.netkeiba.com/horse/ped/2014105925/,PASS,ヴィクトワールピサ,サマーハ Samaaha,Singspiel,ネオユニヴァース,Machiavellian,Genovefa,Compassionately,Sunday Silence,Hail to Reason,Sadler's Wells,Northern Dancer,Sunday Silence__X__Sadler's Wells,Hail to Reason__X__Northern Dancer,Sunday Silence__X__Compassionately,7,Cosmah:5x5;Gold Digger:5x5;Hail to Reason:5x5;Halo:4x4x5;Mr. Prospector:4x4;Northern Dancer:5x5;Raise a Native:5x5,2.734375,12.5,6.25,12.5,0.0,0.0,6.25,0.0,15.625,6.25,0.0,0.0,0.0,0.0,0.0,0.0,0.0,0.0,6.25,0.0
2014101974,キャナルストリート,https://db.netkeiba.com/horse/ped/2014101974/,PASS,マンハッタンカフェ,フィラストリート Phila Street,Cozzene,Sunday Silence,Law Society,Phydilla,Be Careful,Sunday Silence,Hail to Reason,Cozzene,Cozzene,Sunday Silence__X__Cozzene,Hail to Reason__X__Cozzene,Sunday Silence__X__Be Careful,1,Grey Sovereign:5x5,0.0,25.0,6.25,0.0,0.0,0.0,0.0,0.0,12.5,6.25,0.0,0.0,0.0,0.0,0.0,0.0,0.0,12.5,0.0,0.0
2014105575,レッドミラベル,https://db.netkeiba.com/horse/ped/2014105575/,PASS,Stay Gold,ダンスーズデトワール Danseuse d'Etoile,Highest Honor,Sunday Silence,ディクタス Dictus,Latifolia,Glad Rags,Stay Gold,Hail to Reason,Highest Honor,Highest Honor,Stay Gold__X__Highest Honor,Hail to Reason__X__Highest Honor,Stay Gold__X__Glad Rags,1,Northern Dancer:5x5,0.1953125,25.0,6.25,0.0,0.0,0.0,0.0,0.0,12.5,6.25,0.0,0.0,0.0,0.0,0.0,0.0,0.0,6.25,0.0,0.0
2014106155,ホウオウパフューム,https://db.netkeiba.com/horse/ped/2014106155/,PASS,Heart's Cry,マチカネタマカズラ,Kingmambo,Sunday Silence,Tony Bin,Sweet and Ready,We Try Harder,Heart's Cry,Hail to Reason,Kingmambo,Native Dancer,Heart's Cry__X__Kingmambo,Hail to Reason__X__Native Dancer,Heart's Cry__X__We Try Harder,2,Nashua:5x5;Northern Dancer:5x5x5,0.390625,25.0,9.375,12.5,25.0,0.0,6.25,0.0,12.5,6.25,0.0,0.0,0.0,6.25,0.0,0.0,12.5,6.25,6.25,3.125
2014100492,タガノアスワド,https://db.netkeiba.com/horse/ped/2014100492/,PASS,ネオユニヴァース,エイシンミュー,スピニングワールド Spinning World,Sunday Silence,Kris,エイシンブライドル,Beaufix,Sunday Silence,Hail to Reason,Nureyev,Northern Dancer,Sunday Silence__X__Nureyev,Hail to Reason__X__Northern Dancer,Sunday Silence__X__Beaufix,0,,0.0,25.0,6.25,3.125,0.0,0.0,0.0,0.0,12.5,6.25,0.0,0.0,0.0,12.5,6.25,0.0,0.0,0.0,0.0,0.0
2014104351,ヤマカツグレース,https://db.netkeiba.com/horse/ped/2014104351/,PASS,ハービンジャー Harbinger,ヤマカツマリリン,グラスワンダー,Dansili,Bering,イクセプトフォーワンダ Except for Wanda,Vice and Virtue,Danzig,Northern Dancer,Roberto,Hail to Reason,Danzig__X__Roberto,Northern Dancer__X__Hail to Reason,Danzig__X__Vice and Virtue,4,Danzig:4x4;His Majesty:5x5;Northern Dancer:5x5x5;Pas de Nom:5x5,1.5625,0.0,9.375,0.0,0.0,6.25,0.0,12.5,0.0,3.125,0.0,0.0,0.0,0.0,0.0,6.25,0.0,3.125,0.0,0.0
2014103913,ドリームマジック,https://db.netkeiba.com/horse/ped/2014103913/,PASS,ルーラーシップ,スターリットラヴ,スペシャルウィーク,King Kamehameha,Tony Bin,マリスターII Malli Star,Pink Pigeon,King Kamehameha,Native Dancer,Sunday Silence,Hail to Reason,King Kamehameha__X__Sunday Silence,Native Dancer__X__Hail to Reason,King Kamehameha__X__Pink Pigeon,2,Nijinsky:4x5;Northern Dancer:5x5,0.1953125,12.5,6.25,6.25,12.5,0.0,0.0,0.0,6.25,3.125,0.0,0.0,9.375,3.125,0.0,0.0,12.5,0.0,3.125,0.0
2014105794,アドマイヤローザ,https://db.netkeiba.com/horse/ped/2014105794/,PASS,ハービンジャー Harbinger,アドマイヤテンバ,クロフネ,Dansili,Bering,アドマイヤグルーヴ,シャダイフェザー,Danzig,Northern Dancer,Deputy Minister,Northern Dancer,Danzig__X__Deputy Minister,Northern Dancer__X__Northern Dancer,Danzig__X__シャダイフェザー,1,Northern Dancer:5x5,0.0,12.5,6.25,0.0,0.0,0.0,0.0,6.25,6.25,3.125,0.0,0.0,0.0,0.0,0.0,6.25,6.25,3.125,0.0,0.0
2014103584,メイショウササユリ,https://db.netkeiba.com/horse/ped/2014103584/,PASS,スズカマンボ,ルックアミリオン,フレンチデピュティ French Deputy,Sunday Silence,Kingmambo,ファストフレンド,ブルーウェーブ,Sunday Silence,Hail to Reason,Deputy Minister,Northern Dancer,Sunday Silence__X__Deputy Minister,Hail to Reason__X__Northern Dancer,Sunday Silence__X__ブルーウェーブ,1,Northern Dancer:5x5x5,0.390625,25.0,9.375,6.25,12.5,0.0,0.0,0.0,12.5,6.25,0.0,0.0,6.25,3.125,0.0,12.5,0.0,0.0,3.125,0.0
2014106144,ディーパワンサ,https://db.netkeiba.com/horse/ped/2014106144/,PASS,ディープブリランテ,ポロンナルワ,Rahy,Deep Impact,Loup Sauvage,シンハリーズ Singhalese,Lambay,Deep Impact,Hail to Reason,Nasrullah,Nasrullah,Deep Impact__X__Nasrullah,Hail to Reason__X__Nasrullah,Deep Impact__X__Lambay,5,Ballade:4x5;Cosmah:5x5;Glorious Song:3x4;Hail to Reason:5x5;Halo:4x4x5,1.5625,12.5,0.0,0.0,0.0,0.0,3.125,0.0,15.625,6.25,0.0,0.0,0.0,3.125,0.0,0.0,0.0,3.125,0.0,0.0
2014101289,アロンザモナ,https://db.netkeiba.com/horse/ped/2014101289/,PASS,ストリートセンス Street Sense,リザーブシート,クリエイター Creator,Street Cry,Dixieland Band,インヴァイト Invite,Highlight,Mr. Prospector,Native Dancer,Nasrullah,Nasrullah,Mr. Prospector__X__Nasrullah,Native Dancer__X__Nasrullah,Mr. Prospector__X__Highlight,4,Halo:3x5;Natalma:5x5;Nearctic:5x5;Northern Dancer:4x4,1.953125,0.0,12.5,6.25,0.0,0.0,0.0,0.0,15.625,0.0,0.0,0.0,0.0,0.0,0.0,0.0,0.0,0.0,3.125,0.0
2014106151,フローレスマジック,https://db.netkeiba.com/horse/ped/2014106151/,PASS,Deep Impact,マジックストーム Magic Storm,Storm Cat,Sunday Silence,Alzao,Foppy Dancer,Banquet Bell,Deep Impact,Hail to Reason,Storm Cat,Northern Dancer,Deep Impact__X__Storm Cat,Hail to Reason__X__Northern Dancer,Deep Impact__X__Banquet Bell,1,Northern Dancer:4x5x5,0.5859375,25.0,12.5,6.25,0.0,0.0,0.0,0.0,12.5,6.25,0.0,0.0,6.25,0.0,25.0,0.0,0.0,6.25,3.125,0.0
2014103392,レッドコルディス,https://db.netkeiba.com/horse/ped/2014103392/,PASS,Heart's Cry,ストライキングヴェイル Striking Veil,Smart Strike,Sunday Silence,Tony Bin,Yashmak,Noblesse,Heart's Cry,Hail to Reason,Mr. Prospector,Native Dancer,Heart's Cry__X__Mr. Prospector,Hail to Reason__X__Native Dancer,Heart's Cry__X__Noblesse,3,Hail to Reason:4x5;Northern Dancer:4x5;Raise a Native:4x5,0.78125,25.0,9.375,12.5,0.0,6.25,0.0,12.5,12.5,9.375,0.0,0.0,0.0,0.0,0.0,0.0,12.5,6.25,9.375,3.125
2014103294,ラユロット,https://db.netkeiba.com/horse/ped/2014103294/,PASS,エンパイアメーカー Empire Maker,ユメノオーラ,マイネルラヴ,Unbridled,El Gran Senor,レッダンゴールド,ホクトヒシヨウ,Mr. Prospector,Native Dancer,Mr. Prospector,Native Dancer,Mr. Prospector__X__Mr. Prospector,Native Dancer__X__Native Dancer,Mr. Prospector__X__ホクトヒシヨウ,5,Buckpasser:5x5;Gold Digger:5x5;In Reality:4x5;Mr. Prospector:4x4;Raise a Native:5x5,1.3671875,12.5,6.25,12.5,0.0,0.0,0.0,0.0,6.25,3.125,0.0,0.0,0.0,0.0,0.0,0.0,0.0,3.125,6.25,0.0
2014106047,ピスカデーラ,https://db.netkeiba.com/horse/ped/2014106047/,PASS,ブラックタイド,ドリームスケイプ,エルコンドルパサー,Sunday Silence,Alzao,ドリームビジョン,Sweet Clementine,Sunday Silence,Hail to Reason,Kingmambo,Native Dancer,Sunday Silence__X__Kingmambo,Hail to Reason__X__Native Dancer,Sunday Silence__X__Sweet Clementine,1,Northern Dancer:4x5x5,0.5859375,25.0,12.5,6.25,12.5,0.0,6.25,0.0,12.5,6.25,3.125,0.0,0.0,3.125,0.0,0.0,0.0,6.25,3.125,0.0
2014103361,スズカロング,https://db.netkeiba.com/horse/ped/2014103361/,PASS,ワークフォース Workforce,スズカローラン,Sunday Silence,キングズベスト King's Best,Sadler's Wells,ローマンスズカII,Rose Red,Kingmambo,Native Dancer,Sunday Silence,Hail to Reason,Kingmambo__X__Sunday Silence,Native Dancer__X__Hail to Reason,Kingmambo__X__Rose Red,3,Alleged:4x5;Fairy Bridge:4x5;Northern Dancer:4x5,1.171875,25.0,9.375,6.25,12.5,0.0,12.5,0.0,12.5,6.25,12.5,0.0,0.0,3.125,0.0,0.0,0.0,0.0,3.125,0.0
2014101769,サーレンブラント,https://db.netkeiba.com/horse/ped/2014101769/,PASS,Deep Impact,ブライトアバンダンス Bright Abundance,Quiet American,Sunday Silence,Alzao,Quality Gift,Manush,Deep Impact,Hail to Reason,Mr. Prospector,Native Dancer,Deep Impact__X__Mr. Prospector,Hail to Reason__X__Native Dancer,Deep Impact__X__Manush,2,Dr. Fager:4x5;Northern Dancer:5x5,0.1953125,25.0,6.25,6.25,0.0,0.0,0.0,0.0,12.5,6.25,0.0,0.0,0.0,0.0,0.0,0.0,0.0,6.25,3.125,0.0
2014105382,アグネスウイン,https://db.netkeiba.com/horse/ped/2014105382/,PASS,ホワイトマズル White Muzzle,アグネスパサー,エルコンドルパサー,ダンシングブレーヴ Dancing Brave,Ela-Mana-Mou,アグネスセレーネー,イコマエイカン,Lyphard,Northern Dancer,Kingmambo,Native Dancer,Lyphard__X__Kingmambo,Northern Dancer__X__Native Dancer,Lyphard__X__イコマエイカン,1,Northern Dancer:4x5,0.390625,0.0,9.375,6.25,12.5,0.0,6.25,0.0,0.0,0.0,3.125,0.0,3.125,3.125,0.0,0.0,12.5,12.5,3.125,0.0
2014105836,ダノンキングダム,https://db.netkeiba.com/horse/ped/2014105836/,PASS,Stay Gold,ヴィヤダーナ Viyadana,Azamour,Sunday Silence,ディクタス Dictus,Visor,Continue,Stay Gold,Hail to Reason,Northern Dancer,Northern Dancer,Stay Gold__X__Northern Dancer,Hail to Reason__X__Northern Dancer,Stay Gold__X__Continue,1,Northern Dancer:4x5,0.390625,25.0,9.375,12.5,0.0,3.125,0.0,0.0,12.5,6.25,0.0,0.0,0.0,0.0,0.0,0.0,0.0,0.0,6.25,3.125
2014100522,タガノアシュラ,https://db.netkeiba.com/horse/ped/2014100522/,PASS,マンハッタンカフェ,レイサッシュ,パラダイスクリーク Paradise Creek,Sunday Silence,Law Society,ゴールデンサッシュ,Sash of Honour,Sunday Silence,Hail to Reason,パラダイスクリーク Paradise Creek,パラダイスクリーク Paradise Creek,Sunday Silence__X__パラダイスクリーク Paradise Creek,Hail to Reason__X__パラダイスクリーク Paradise Creek,Sunday Silence__X__Sash of Honour,1,Northern Dancer:5x5,0.0,25.0,6.25,0.0,0.0,0.0,0.0,0.0,12.5,6.25,0.0,0.0,0.0,0.0,0.0,0.0,0.0,0.0,0.0,0.0
2014105979,アドミラブル,https://db.netkeiba.com/horse/ped/2014105979/,PASS,Deep Impact,スカーレット,シンボリクリスエス,Sunday Silence,Alzao,グレースアドマイヤ,Sunny Valley,Deep Impact,Hail to Reason,Roberto,Hail to Reason,Deep Impact__X__Roberto,Hail to Reason__X__Hail to Reason,Deep Impact__X__Sunny Valley,2,Hail to Reason:4x5;Northern Dancer:5x5,0.5859375,25.0,6.25,0.0,0.0,6.25,6.25,0.0,12.5,9.375,3.125,0.0,0.0,0.0,0.0,0.0,12.5,6.25,0.0,0.0
2014106132,トリコロールブルー,https://db.netkeiba.com/horse/ped/2014106132/,PASS,Stay Gold,ペンカナプリンセス Penkenna Princess,Pivotal,Sunday Silence,ディクタス Dictus,Tiriana,Noble Treasure,Stay Gold,Hail to Reason,Nureyev,Northern Dancer,Stay Gold__X__Nureyev,Hail to Reason__X__Northern Dancer,Stay Gold__X__Noble Treasure,1,Northern Dancer:5x5x5,0.390625,25.0,9.375,0.0,0.0,0.0,0.0,0.0,12.5,6.25,0.0,0.0,0.0,6.25,0.0,0.0,0.0,3.125,0.0,0.0
2014110087,カケルテソーロ,https://db.netkeiba.com/horse/ped/2014110087/,PASS,Mizzen Mast,Storidawn,ヘネシー Hennessy,Cozzene,Graustark,Dream for a Moment,Our Personal Touch,Mizzen Mast,Mizzen Mast,Storm Cat,Northern Dancer,Mizzen Mast__X__Storm Cat,Mizzen Mast__X__Northern Dancer,Mizzen Mast__X__Our Personal Touch,0,,0.0,0.0,3.125,6.25,0.0,0.0,0.0,0.0,0.0,0.0,0.0,0.0,0.0,0.0,12.5,0.0,0.0,3.125,3.125,0.0
2014106038,サトノクロニクル,https://db.netkeiba.com/horse/ped/2014106038/,PASS,Heart's Cry,トゥーピー Toupie,Intikhab,Sunday Silence,Tony Bin,Turpitude,Charming Friend,Heart's Cry,Hail to Reason,Roberto,Hail to Reason,Heart's Cry__X__Roberto,Hail to Reason__X__Hail to Reason,Heart's Cry__X__Charming Friend,2,Hail to Reason:4x5;Northern Dancer:5x5,0.5859375,25.0,6.25,3.125,0.0,6.25,0.0,3.125,12.5,9.375,0.0,0.0,6.25,0.0,0.0,0.0,12.5,6.25,0.0,0.0
2014106197,インヴィクタ,https://db.netkeiba.com/horse/ped/2014106197/,PASS,ハービンジャー Harbinger,ラスティングソング,フジキセキ,Dansili,Bering,ハルーワソング Halwa Song,Ballade,Danzig,Northern Dancer,Sunday Silence,Hail to Reason,Danzig__X__Sunday Silence,Northern Dancer__X__Hail to Reason,Danzig__X__Ballade,2,Halo:4x5;Northern Dancer:4x5x5,0.78125,12.5,12.5,0.0,0.0,0.0,0.0,6.25,9.375,3.125,0.0,0.0,0.0,12.5,0.0,0.0,0.0,3.125,0.0,0.0
2014105923,サトノリュウガ,https://db.netkeiba.com/horse/ped/2014105923/,PASS,ハービンジャー Harbinger,サトノユリア,Deep Impact,Dansili,Bering,ソニックグルーヴ,シャダイフェザー,Danzig,Northern Dancer,Deep Impact,Hail to Reason,Danzig__X__Deep Impact,Northern Dancer__X__Hail to Reason,Danzig__X__シャダイフェザー,2,Lyphard:5x5;Northern Dancer:5x5,0.1953125,12.5,6.25,0.0,0.0,0.0,0.0,6.25,6.25,3.125,0.0,0.0,0.0,0.0,0.0,6.25,6.25,6.25,0.0,0.0
2014110099,ゴールドハット,https://db.netkeiba.com/horse/ped/2014110099/,PASS,ハットトリック,Patti O'Rahy,Rahy,Sunday Silence,Lost Code,Fun House,Light Verse,Sunday Silence,Hail to Reason,Nasrullah,Nasrullah,Sunday Silence__X__Nasrullah,Hail to Reason__X__Nasrullah,Sunday Silence__X__Light Verse,3,Cosmah:4x5;Hail to Reason:4x5;Halo:3x4,2.34375,25.0,0.0,0.0,0.0,3.125,0.0,0.0,18.75,9.375,0.0,0.0,0.0,0.0,0.0,0.0,0.0,0.0,0.0,0.0
2014104032,ハギノアレス,https://db.netkeiba.com/horse/ped/2014104032/,PASS,Heart's Cry,ハギノアーク,アドマイヤムーン,Sunday Silence,Tony Bin,ハギノスプレンダー,マラベル,Heart's Cry,Hail to Reason,Mr. Prospector,Native Dancer,Heart's Cry__X__Mr. Prospector,Hail to Reason__X__Native Dancer,Heart's Cry__X__マラベル,4,Halo:3x5;Mr. Prospector:5x5;Sunday Silence:2x4;Wishing Well:3x5,4.6875,31.25,3.125,6.25,0.0,0.0,0.0,0.0,15.625,6.25,0.0,0.0,0.0,0.0,0.0,0.0,12.5,6.25,0.0,0.0
2014106160,ミッキースワロー,https://db.netkeiba.com/horse/ped/2014106160/,PASS,トーセンホマレボシ,マドレボニータ,ジャングルポケット,Deep Impact,Northern Taste,ツィンクルブライド,Autumn Pride,Deep Impact,Hail to Reason,Tony Bin,Tony Bin,Deep Impact__X__Tony Bin,Hail to Reason__X__Tony Bin,Deep Impact__X__Autumn Pride,4,Lyphard:3x5;Natalma:5x5;Nearctic:5x5;Northern Dancer:4x4x5,2.34375,12.5,15.625,3.125,0.0,0.0,0.0,0.0,6.25,3.125,0.0,0.0,0.0,6.25,0.0,0.0,12.5,15.625,0.0,0.0
2014103833,メルヴィンカズマ,https://db.netkeiba.com/horse/ped/2014103833/,PASS,ヴィクトワールピサ,ブランピュール,アンバーシャダイ,ネオユニヴァース,Machiavellian,パウダースノー,ライトフレーム,Sunday Silence,Hail to Reason,Northern Dancer,Northern Dancer,Sunday Silence__X__Northern Dancer,Hail to Reason__X__Northern Dancer,Sunday Silence__X__ライトフレーム,4,Gold Digger:5x5;Halo:4x5;Mr. Prospector:4x4;Raise a Native:5x5,1.171875,12.5,6.25,12.5,0.0,0.0,0.0,0.0,9.375,3.125,0.0,0.0,3.125,0.0,0.0,0.0,0.0,0.0,6.25,0.0
2014100671,ユキノタイガ,https://db.netkeiba.com/horse/ped/2014100671/,PASS,ハイアーゲーム,タバスコリエ,タバスコキャット Tabasco Cat,Sunday Silence,Law Society,グッドルックス,Sovereign Lady,Sunday Silence,Hail to Reason,Storm Cat,Northern Dancer,Sunday Silence__X__Storm Cat,Hail to Reason__X__Northern Dancer,Sunday Silence__X__Sovereign Lady,2,Northern Dancer:5x5;Secretariat:4x5,0.1953125,25.0,6.25,12.5,0.0,0.0,0.0,0.0,12.5,6.25,0.0,0.0,0.0,0.0,12.5,0.0,0.0,0.0,6.25,3.125
2014104273,プラチナムバレット,https://db.netkeiba.com/horse/ped/2014104273/,PASS,マンハッタンカフェ,スノースタイル,ホワイトマズル White Muzzle,Sunday Silence,Law Society,シャルムダンサー,Bamesian,Sunday Silence,Hail to Reason,Lyphard,Northern Dancer,Sunday Silence__X__Lyphard,Hail to Reason__X__Northern Dancer,Sunday Silence__X__Bamesian,1,Lyphard:4x5,0.0,25.0,3.125,0.0,0.0,0.0,0.0,0.0,12.5,6.25,0.0,0.0,0.0,0.0,0.0,0.0,0.0,9.375,0.0,0.0
2014101649,ウインベラシアス,https://db.netkeiba.com/horse/ped/2014101649/,PASS,スクリーンヒーロー,アイアムトゥルー,Yes It's True,グラスワンダー,Sunday Silence,Safety Deposit,Nellie L.,Roberto,Hail to Reason,Yes It's True,Yes It's True,Roberto__X__Yes It's True,Hail to Reason__X__Yes It's True,Roberto__X__Nellie L.,3,Bold Ruler:5x5;Hail to Reason:5x5;Northern Dancer:5x5x5,0.390625,12.5,9.375,3.125,0.0,6.25,0.0,6.25,6.25,6.25,0.0,0.0,0.0,0.0,0.0,0.0,0.0,0.0,0.0,0.0
2012104659,サンデーウィザード,https://db.netkeiba.com/horse/ped/2012104659/,PASS,ネオユニヴァース,シーズインクルーデッド She's Included,Include,Sunday Silence,Kris,Dancingonice,Mum,Sunday Silence,Hail to Reason,Include,Include,Sunday Silence__X__Include,Hail to Reason__X__Include,Sunday Silence__X__Mum,1,Hail to Reason:4x5,0.390625,25.0,0.0,3.125,0.0,0.0,0.0,0.0,12.5,9.375,0.0,0.0,0.0,0.0,0.0,0.0,0.0,0.0,0.0,0.0
2012101974,モズライジン,https://db.netkeiba.com/horse/ped/2012101974/,PASS,クロフネ,グランプリオーロラ,ウォーニング Warning,フレンチデピュティ French Deputy,Classic Go Go,アンダンテ,シャダイリーズン,Deputy Minister,Northern Dancer,ウォーニング Warning,ウォーニング Warning,Deputy Minister__X__ウォーニング Warning,Northern Dancer__X__ウォーニング Warning,Deputy Minister__X__シャダイリーズン,3,Hail to Reason:5x5;Northern Dancer:5x5;Roberto:4x5,0.5859375,12.5,6.25,0.0,0.0,9.375,0.0,0.0,6.25,6.25,0.0,0.0,0.0,0.0,0.0,12.5,0.0,0.0,3.125,0.0
2011101814,パリカラノテガミ,https://db.netkeiba.com/horse/ped/2011101814/,PASS,ジャングルポケット,シンコウローズ,ブライアンズタイム Brian's Time,Tony Bin,Nureyev,ピンクタートル Pink Turtle,Sunny Gulf,Tony Bin,Tony Bin,Roberto,Hail to Reason,Tony Bin__X__Roberto,Tony Bin__X__Hail to Reason,Tony Bin__X__Sunny Gulf,0,,0.0,0.0,6.25,0.0,0.0,12.5,0.0,0.0,0.0,6.25,0.0,0.0,0.0,12.5,0.0,0.0,25.0,0.0,0.0,0.0
2010104875,シャドウウィザード,https://db.netkeiba.com/horse/ped/2010104875/,PASS,Heart's Cry,シャドウエルフ,Cozzene,Sunday Silence,Tony Bin,Peau de Soie,Lea Moon,Heart's Cry,Hail to Reason,Cozzene,Cozzene,Heart's Cry__X__Cozzene,Hail to Reason__X__Cozzene,Heart's Cry__X__Lea Moon,1,Princequillo:5x5,0.0,25.0,3.125,0.0,0.0,0.0,0.0,0.0,12.5,6.25,0.0,0.0,0.0,0.0,0.0,0.0,12.5,6.25,0.0,0.0
2014105535,ソウルスターリング,https://db.netkeiba.com/horse/ped/2014105535/,PASS,Frankel,スタセリタ Stacelita,Monsun,Galileo,デインヒル Danehill,Soignee,Southern Seas,Sadler's Wells,Northern Dancer,Monsun,Monsun,Sadler's Wells__X__Monsun,Northern Dancer__X__Monsun,Sadler's Wells__X__Southern Seas,1,Northern Dancer:4x5x5,0.5859375,0.0,12.5,3.125,0.0,0.0,12.5,6.25,0.0,0.0,0.0,0.0,0.0,0.0,0.0,0.0,0.0,0.0,0.0,0.0
2014101898,ミスパンテール,https://db.netkeiba.com/horse/ped/2014101898/,PASS,ダイワメジャー,エールドクラージュ,シンボリクリスエス,Sunday Silence,Northern Taste,ジョウノマチエール,マリアンナ,Sunday Silence,Hail to Reason,Roberto,Hail to Reason,Sunday Silence__X__Roberto,Hail to Reason__X__Hail to Reason,Sunday Silence__X__マリアンナ,2,Hail to Reason:4x5;Northern Dancer:4x5,0.78125,25.0,9.375,0.0,0.0,6.25,0.0,0.0,12.5,9.375,3.125,0.0,6.25,0.0,0.0,0.0,0.0,0.0,0.0,0.0
2014106185,モーヴサファイア,https://db.netkeiba.com/horse/ped/2014106185/,PASS,ハービンジャー Harbinger,モルガナイト,アグネスデジタル,Dansili,Bering,タンザナイト,Rajput Princess,Danzig,Northern Dancer,Mr. Prospector,Native Dancer,Danzig__X__Mr. Prospector,Northern Dancer__X__Native Dancer,Danzig__X__Rajput Princess,2,Danzig:4x5;Northern Dancer:5x5,0.390625,12.5,6.25,6.25,0.0,0.0,0.0,9.375,6.25,3.125,0.0,0.0,0.0,0.0,0.0,0.0,0.0,3.125,3.125,0.0
2014104031,ハローユニコーン,https://db.netkeiba.com/horse/ped/2014104031/,PASS,Heart's Cry,サンタローズ,パントレセレブル Peintre Celebre,Sunday Silence,Tony Bin,ユキノローズ,ミスネラ,Heart's Cry,Hail to Reason,Nureyev,Northern Dancer,Heart's Cry__X__Nureyev,Hail to Reason__X__Northern Dancer,Heart's Cry__X__ミスネラ,1,Northern Dancer:4x5,0.390625,25.0,9.375,0.0,0.0,0.0,0.0,0.0,12.5,6.25,0.0,0.0,0.0,12.5,0.0,0.0,12.5,6.25,3.125,0.0
2014106191,ディアドラ,https://db.netkeiba.com/horse/ped/2014106191/,PASS,ハービンジャー Harbinger,ライツェント,スペシャルウィーク,Dansili,Bering,ソニンク Soninke,Luckhurst,Danzig,Northern Dancer,Sunday Silence,Hail to Reason,Danzig__X__Sunday Silence,Northern Dancer__X__Hail to Reason,Danzig__X__Luckhurst,2,Halo:4x5;Northern Dancer:5x5x5,0.390625,12.5,9.375,6.25,0.0,0.0,0.0,6.25,9.375,3.125,0.0,0.0,3.125,6.25,0.0,0.0,0.0,3.125,3.125,0.0
2014105627,ブラックスビーチ,https://db.netkeiba.com/horse/ped/2014105627/,PASS,Deep Impact,ビジュアルショック,Kingmambo,Sunday Silence,Alzao,リーチフォーザムーン,Runaway Bride,Deep Impact,Hail to Reason,Kingmambo,Native Dancer,Deep Impact__X__Kingmambo,Hail to Reason__X__Native Dancer,Deep Impact__X__Runaway Bride,2,Mr. Prospector:3x5;Northern Dancer:5x5,0.1953125,25.0,6.25,15.625,25.0,0.0,0.0,3.125,12.5,6.25,3.125,6.25,0.0,6.25,0.0,0.0,0.0,6.25,6.25,3.125
2014102424,ブラックオニキス,https://db.netkeiba.com/horse/ped/2014102424/,PASS,ブラックタイド,ラリマー,チーフベアハート Chief Bearhart,Sunday Silence,Alzao,カリビアンナイト,Mr. B's Sister,Sunday Silence,Hail to Reason,Danzig,Northern Dancer,Sunday Silence__X__Danzig,Hail to Reason__X__Northern Dancer,Sunday Silence__X__Mr. B's Sister,1,Northern Dancer:5x5x5,0.390625,25.0,9.375,0.0,0.0,0.0,0.0,6.25,12.5,6.25,0.0,0.0,0.0,0.0,0.0,0.0,0.0,6.25,0.0,0.0
2014105043,レーヌミノル,https://db.netkeiba.com/horse/ped/2014105043/,PASS,ダイワメジャー,ダイワエンジェル,タイキシャトル,Sunday Silence,Northern Taste,プリンセススキー,プリンセスリタ,Sunday Silence,Hail to Reason,Halo,Hail to Reason,Sunday Silence__X__Halo,Hail to Reason__X__Hail to Reason,Sunday Silence__X__プリンセスリタ,4,Cosmah:4x5;Hail to Reason:4x5;Halo:3x4;Nijinsky:4x5,2.34375,25.0,6.25,0.0,0.0,0.0,0.0,0.0,18.75,9.375,0.0,0.0,9.375,0.0,0.0,0.0,0.0,0.0,0.0,0.0
2014106220,リスグラシュー,https://db.netkeiba.com/horse/ped/2014106220/,PASS,Heart's Cry,リリサイド Liliside,American Post,Sunday Silence,Tony Bin,Miller's Lily,Dilly-Dally,Heart's Cry,Hail to Reason,American Post,American Post,Heart's Cry__X__American Post,Hail to Reason__X__American Post,Heart's Cry__X__Dilly-Dally,3,Goofed:5x5;Lyphard:4x4x5;Northern Dancer:5x5x5,1.7578125,25.0,9.375,0.0,0.0,0.0,6.25,0.0,12.5,6.25,0.0,0.0,0.0,0.0,0.0,0.0,12.5,15.625,0.0,0.0
2014106242,アドマイヤミヤビ,https://db.netkeiba.com/horse/ped/2014106242/,PASS,Heart's Cry,レディスキッパー,クロフネ,Sunday Silence,Tony Bin,ライクザウインド,Highclere,Heart's Cry,Hail to Reason,Deputy Minister,Northern Dancer,Heart's Cry__X__Deputy Minister,Hail to Reason__X__Northern Dancer,Heart's Cry__X__Highclere,2,Lyphard:4x5;Northern Dancer:5x5,0.5859375,25.0,6.25,0.0,0.0,0.0,0.0,6.25,12.5,6.25,0.0,0.0,0.0,0.0,0.0,6.25,12.5,9.375,0.0,0.0
2014102161,カリビアンゴールド,https://db.netkeiba.com/horse/ped/2014102161/,PASS,Stay Gold,サバナパディーダ Sabana Perdida,Cape Cross,Sunday Silence,ディクタス Dictus,Capriola,Bonny Jet,Stay Gold,Hail to Reason,Danzig,Northern Dancer,Stay Gold__X__Danzig,Hail to Reason__X__Northern Dancer,Stay Gold__X__Bonny Jet,1,Northern Dancer:5x5,0.1953125,25.0,6.25,12.5,0.0,0.0,0.0,6.25,12.5,6.25,0.0,0.0,0.0,0.0,0.0,0.0,0.0,0.0,6.25,3.125
2014100591,マナローラ,https://db.netkeiba.com/horse/ped/2014100591/,PASS,Heart's Cry,シェープアップ,Kingmambo,Sunday Silence,Tony Bin,ライフアウトゼア Life Out There,Proud Pied,Heart's Cry,Hail to Reason,Kingmambo,Native Dancer,Heart's Cry__X__Kingmambo,Hail to Reason__X__Native Dancer,Heart's Cry__X__Proud Pied,4,Gold Digger:4x5;Mr. Prospector:3x4;Northern Dancer:5x5x5;Raise a Native:4x5,0.390625,25.0,9.375,18.75,25.0,0.0,0.0,0.0,12.5,6.25,0.0,0.0,0.0,6.25,0.0,12.5,12.5,6.25,9.375,3.125
2014105887,サトノアーサー,https://db.netkeiba.com/horse/ped/2014105887/,PASS,Deep Impact,キングスローズ King's Rose,Redoute's Choice,Sunday Silence,Alzao,Nureyev,Aladancer,Deep Impact,Hail to Reason,Danzig,Northern Dancer,Deep Impact__X__Danzig,Hail to Reason__X__Northern Dancer,Deep Impact__X__Aladancer,3,Lyphard:4x5;Northern Dancer:4x5x5;Nureyev:2x3,0.9765625,25.0,12.5,0.0,0.0,0.0,0.0,6.25,12.5,6.25,0.0,0.0,3.125,37.5,0.0,0.0,0.0,9.375,0.0,0.0
2014101417,ジョーストリクトリ,https://db.netkeiba.com/horse/ped/2014101417/,PASS,ジョーカプチーノ,ジョーアラマート,Halo,マンハッタンカフェ,フサイチコンコルド,タイキフレグランス,Sparkalark,Sunday Silence,Hail to Reason,Halo,Hail to Reason,Sunday Silence__X__Halo,Hail to Reason__X__Hail to Reason,Sunday Silence__X__Sparkalark,4,Cosmah:5x5;Hail to Reason:5x5;Halo:2x3x4x4;Northern Dancer:4x5,5.859375,12.5,9.375,0.0,0.0,0.0,3.125,0.0,50.0,6.25,0.0,0.0,3.125,0.0,0.0,0.0,0.0,6.25,0.0,0.0
2014102698,キョウヘイ,https://db.netkeiba.com/horse/ped/2014102698/,PASS,リーチザクラウン,ショウナンアネーロ,ダンスインザダーク,スペシャルウィーク,Seattle Slew,ショウナンハピネス,Miss Fairfield,Sunday Silence,Hail to Reason,Sunday Silence,Hail to Reason,Sunday Silence__X__Sunday Silence,Hail to Reason__X__Hail to Reason,Sunday Silence__X__Miss Fairfield,8,Cosmah:5x5;Hail to Reason:5x5x5;Halo:4x4;Mountain Flower:5x5;Nijinsky:4x5;Sunday Silence:3x3;Understanding:5x5;Wishing Well:4x4,6.0546875,25.0,3.125,6.25,0.0,6.25,0.0,0.0,12.5,9.375,12.5,0.0,9.375,0.0,0.0,0.0,0.0,0.0,3.125,0.0
2012104936,アルター,https://db.netkeiba.com/horse/ped/2012104936/,PASS,ネオユニヴァース,ロレットチャペル,フレンチデピュティ French Deputy,Sunday Silence,Kris,サンタフェトレイル,Madelon,Sunday Silence,Hail to Reason,Deputy Minister,Northern Dancer,Sunday Silence__X__Deputy Minister,Hail to Reason__X__Northern Dancer,Sunday Silence__X__Madelon,1,Northern Dancer:4x5,0.0,25.0,9.375,0.0,0.0,0.0,0.0,0.0,12.5,6.25,0.0,0.0,0.0,0.0,0.0,12.5,0.0,0.0,0.0,0.0
2013110045,ラニ,https://db.netkeiba.com/horse/ped/2013110045/,PASS,Tapit,ヘヴンリーロマンス,Sunday Silence,Pulpit,Unbridled,ファーストアクト First Act,Natasha,A.P. Indy,Seattle Slew,Sunday Silence,Hail to Reason,A.P. Indy__X__Sunday Silence,Seattle Slew__X__Hail to Reason,A.P. Indy__X__Natasha,2,Mr. Prospector:4x5;Northern Dancer:4x5,0.390625,25.0,9.375,9.375,0.0,0.0,12.5,0.0,12.5,6.25,6.25,12.5,6.25,0.0,0.0,0.0,0.0,0.0,3.125,0.0
2010104022,ハッピーモーメント,https://db.netkeiba.com/horse/ped/2010104022/,PASS,Deep Impact,アドマイヤハッピー,Tony Bin,Sunday Silence,Alzao,カーリーエンジェル,パロクサイド,Deep Impact,Hail to Reason,Tony Bin,Tony Bin,Deep Impact__X__Tony Bin,Hail to Reason__X__Tony Bin,Deep Impact__X__パロクサイド,1,Northern Dancer:5x5,0.1953125,25.0,6.25,0.0,0.0,0.0,0.0,0.0,12.5,6.25,0.0,0.0,0.0,0.0,0.0,0.0,25.0,6.25,0.0,0.0
2011104010,バンドワゴン,https://db.netkeiba.com/horse/ped/2011104010/,PASS,ホワイトマズル White Muzzle,ピラミマ,Unbridled's Song,ダンシングブレーヴ Dancing Brave,Ela-Mana-Mou,キャリアコレクション,Flitter Flutter,Lyphard,Northern Dancer,Mr. Prospector,Native Dancer,Lyphard__X__Mr. Prospector,Northern Dancer__X__Native Dancer,Lyphard__X__Flitter Flutter,0,,0.0,0.0,6.25,3.125,0.0,0.0,0.0,0.0,0.0,0.0,6.25,0.0,0.0,0.0,0.0,0.0,0.0,12.5,0.0,0.0
2011103872,ステイインシアトル,https://db.netkeiba.com/horse/ped/2011103872/,PASS,Stay Gold,シアトルサンセット Seattle Sunset,Belong to Me,Sunday Silence,ディクタス Dictus,Weekend in Seattle,Gay Missile,Stay Gold,Hail to Reason,Danzig,Northern Dancer,Stay Gold__X__Danzig,Hail to Reason__X__Northern Dancer,Stay Gold__X__Gay Missile,2,Hail to Reason:4x5;Northern Dancer:4x5,0.78125,25.0,9.375,0.0,0.0,0.0,0.0,12.5,12.5,9.375,12.5,0.0,0.0,0.0,0.0,0.0,0.0,0.0,3.125,0.0
2013106189,ローズウィスパー,https://db.netkeiba.com/horse/ped/2013106189/,PASS,ワークフォース Workforce,ローザミスティカ,アグネスタキオン,キングズベスト King's Best,Sadler's Wells,ロゼカラー,Riverqueen,Kingmambo,Native Dancer,Sunday Silence,Hail to Reason,Kingmambo__X__Sunday Silence,Native Dancer__X__Hail to Reason,Kingmambo__X__Riverqueen,1,Northern Dancer:4x5,0.390625,12.5,9.375,6.25,12.5,0.0,12.5,0.0,6.25,3.125,0.0,0.0,3.125,3.125,0.0,0.0,0.0,6.25,3.125,0.0
2011104643,ハツガツオ,https://db.netkeiba.com/horse/ped/2011104643/,PASS,パラダイスクリーク Paradise Creek,グラントアウィッシュ Grant a Wish,Nureyev,Irish River,Northfields,Wendy's Daughter,Soaring,Nasrullah,Nasrullah,Nureyev,Northern Dancer,Nasrullah__X__Nureyev,Nasrullah__X__Northern Dancer,Nasrullah__X__Soaring,5,Almahmoud:5x5;Hail to Reason:4x5;Natalma:4x5;Nearctic:4x5;Northern Dancer:3x4,2.734375,0.0,18.75,0.0,0.0,0.0,0.0,0.0,12.5,9.375,0.0,0.0,0.0,25.0,0.0,0.0,0.0,0.0,0.0,3.125
2011106372,クラリティシチー,https://db.netkeiba.com/horse/ped/2011106372/,PASS,King Kamehameha,タイキクラリティ,スペシャルウィーク,Kingmambo,ラストタイクーン Last Tycoon,タイキダイヤ,Tamerett,King Kamehameha,Native Dancer,Sunday Silence,Hail to Reason,King Kamehameha__X__Sunday Silence,Native Dancer__X__Hail to Reason,King Kamehameha__X__Tamerett,2,Mr. Prospector:3x5;Northern Dancer:5x5,0.78125,12.5,6.25,15.625,25.0,0.0,0.0,0.0,6.25,3.125,0.0,0.0,3.125,6.25,0.0,0.0,0.0,0.0,6.25,3.125
2013102596,ヴォージュ,https://db.netkeiba.com/horse/ped/2013102596/,PASS,ナカヤマフェスタ,ギュイエンヌ,タニノギムレット,Stay Gold,タイトスポット Tight Spot,スギノトヨヒメ,Sheltered,Stay Gold,Hail to Reason,Roberto,Hail to Reason,Stay Gold__X__Roberto,Hail to Reason__X__Hail to Reason,Stay Gold__X__Sheltered,4,Hail to Reason:5x5;Halo:4x5;Sunday Silence:3x4;Wishing Well:4x5,2.5390625,18.75,0.0,0.0,0.0,6.25,0.0,3.125,9.375,6.25,0.0,0.0,0.0,0.0,0.0,0.0,0.0,3.125,0.0,0.0
2012106426,タツゴウゲキ,https://db.netkeiba.com/horse/ped/2012106426/,PASS,マーベラスサンデー,ニシノプルメリア,Singspiel,Sunday Silence,ヴァイスリーガル,ニシノムーンライト,Rose Bowl,Sunday Silence,Hail to Reason,Sadler's Wells,Northern Dancer,Sunday Silence__X__Sadler's Wells,Hail to Reason__X__Northern Dancer,Sunday Silence__X__Rose Bowl,4,Cosmah:4x5;Hail to Reason:4x5;Halo:3x4;Northern Dancer:4x5,2.734375,25.0,9.375,0.0,0.0,0.0,6.25,0.0,18.75,9.375,0.0,0.0,0.0,0.0,0.0,0.0,0.0,0.0,0.0,3.125
2009106464,ナリタハリケーン,https://db.netkeiba.com/horse/ped/2009106464/,PASS,King Kamehameha,シュペリユール,Sunday Silence,Kingmambo,ラストタイクーン Last Tycoon,ファビラスラフイン,Deesse des Mers,King Kamehameha,Native Dancer,Sunday Silence,Hail to Reason,King Kamehameha__X__Sunday Silence,Native Dancer__X__Hail to Reason,King Kamehameha__X__Deesse des Mers,1,Northern Dancer:4x5x5,0.78125,25.0,12.5,12.5,25.0,0.0,0.0,0.0,12.5,6.25,0.0,0.0,0.0,6.25,0.0,0.0,0.0,0.0,6.25,3.125
2012104723,サンマルティン,https://db.netkeiba.com/horse/ped/2012104723/,PASS,ハービンジャー Harbinger,ディアデラノビア,Sunday Silence,Dansili,Bering,ポトリザリス Potrizaris,Zaris,Danzig,Northern Dancer,Sunday Silence,Hail to Reason,Danzig__X__Sunday Silence,Northern Dancer__X__Hail to Reason,Danzig__X__Zaris,1,Northern Dancer:5x5,0.0,25.0,6.25,0.0,0.0,0.0,0.0,6.25,12.5,6.25,0.0,0.0,0.0,0.0,0.0,0.0,0.0,3.125,3.125,0.0
2011105914,サングラス,https://db.netkeiba.com/horse/ped/2011105914/,PASS,スタチューオブリバティ Statue of Liberty,ノッティングギャル,ダンスインザダーク,Storm Cat,Seattle Slew,ウェディングダイヤ,第参ヒガシヒメ,Storm Cat,Northern Dancer,Sunday Silence,Hail to Reason,Storm Cat__X__Sunday Silence,Northern Dancer__X__Hail to Reason,Storm Cat__X__第参ヒガシヒメ,2,Hail to Reason:5x5;Northern Dancer:4x5,0.390625,12.5,9.375,0.0,0.0,6.25,0.0,0.0,6.25,6.25,12.5,0.0,6.25,0.0,25.0,0.0,0.0,0.0,0.0,0.0
2012104663,ロッカフラベイビー,https://db.netkeiba.com/horse/ped/2012104663/,PASS,King Kamehameha,シーディドアラバイ,ジャングルポケット,Kingmambo,ラストタイクーン Last Tycoon,ロココスタイル,One Clear Call,King Kamehameha,Native Dancer,Tony Bin,Tony Bin,King Kamehameha__X__Tony Bin,Native Dancer__X__Tony Bin,King Kamehameha__X__One Clear Call,3,Northern Dancer:5x5x5x5;Nureyev:4x4;Special:5x5,1.7578125,12.5,12.5,12.5,25.0,0.0,0.0,0.0,6.25,3.125,0.0,0.0,0.0,12.5,0.0,0.0,12.5,0.0,6.25,3.125
2013106055,アストラエンブレム,https://db.netkeiba.com/horse/ped/2013106055/,PASS,ダイワメジャー,ブラックエンブレム,ウォーエンブレム War Emblem,Sunday Silence,Northern Taste,ヴァンドノワール,Sovereign,Sunday Silence,Hail to Reason,Mr. Prospector,Native Dancer,Sunday Silence__X__Mr. Prospector,Hail to Reason__X__Native Dancer,Sunday Silence__X__Sovereign,1,Mr. Prospector:4x5,0.0,25.0,6.25,9.375,0.0,0.0,0.0,0.0,12.5,6.25,0.0,0.0,0.0,0.0,0.0,0.0,0.0,0.0,3.125,0.0
2014100534,ウインガナドル,https://db.netkeiba.com/horse/ped/2014100534/,PASS,Stay Gold,タイムフェアレディ,メジロマックイーン,Sunday Silence,ディクタス Dictus,トキファイター,カネスカイ,Stay Gold,Hail to Reason,メジロマックイーン,メジロマックイーン,Stay Gold__X__メジロマックイーン,Hail to Reason__X__メジロマックイーン,Stay Gold__X__カネスカイ,0,,0.0,25.0,3.125,0.0,0.0,0.0,0.0,0.0,12.5,6.25,0.0,0.0,0.0,0.0,0.0,0.0,0.0,0.0,0.0,3.125
2014104281,フレスコパスト,https://db.netkeiba.com/horse/ped/2014104281/,PASS,コンデュイット Conduit,ダフィーナ Dafina,Mtoto,Dalakhani,Sadler's Wells,Dafayna,Floralie,コンデュイット Conduit,コンデュイット Conduit,Mtoto,Mtoto,コンデュイット Conduit__X__Mtoto,コンデュイット Conduit__X__Mtoto,コンデュイット Conduit__X__Floralie,0,,0.0,0.0,6.25,3.125,0.0,0.0,12.5,0.0,0.0,0.0,0.0,0.0,0.0,0.0,0.0,0.0,0.0,0.0,0.0,0.0
2014101903,ライジングリーズン,https://db.netkeiba.com/horse/ped/2014101903/,PASS,ブラックタイド,ジョウノファミリー,King Kamehameha,Sunday Silence,Alzao,エビスファミリー,エベレスト,Sunday Silence,Hail to Reason,King Kamehameha,Native Dancer,Sunday Silence__X__King Kamehameha,Hail to Reason__X__Native Dancer,Sunday Silence__X__エベレスト,1,Hail to Reason:4x5,0.390625,25.0,3.125,6.25,12.5,6.25,0.0,0.0,12.5,9.375,0.0,0.0,0.0,3.125,0.0,0.0,0.0,6.25,3.125,0.0
2014104138,ガジュマル,https://db.netkeiba.com/horse/ped/2014104138/,PASS,ヴィクトワールピサ,ピースヴィクトリア,マヤノトップガン,ネオユニヴァース,Machiavellian,プレシャスライフ,Sovereign Lady,Sunday Silence,Hail to Reason,Roberto,Hail to Reason,Sunday Silence__X__Roberto,Hail to Reason__X__Hail to Reason,Sunday Silence__X__Sovereign Lady,2,Hail to Reason:5x5;Halo:4x5x5,0.78125,12.5,0.0,6.25,0.0,6.25,0.0,0.0,12.5,6.25,0.0,0.0,0.0,0.0,6.25,0.0,0.0,0.0,3.125,0.0
2014102928,ワラッチャウヨネ,https://db.netkeiba.com/horse/ped/2014102928/,PASS,Deep Impact,クリームパフ,ブライアンズタイム Brian's Time,Sunday Silence,Alzao,サマニベッピン,リンダセニヨリータ,Deep Impact,Hail to Reason,Roberto,Hail to Reason,Deep Impact__X__Roberto,Hail to Reason__X__Hail to Reason,Deep Impact__X__リンダセニヨリータ,4,Hail to Reason:4x4;Northern Dancer:4x5;Nothirdchance:5x5;Turn-to:5x5,1.5625,25.0,9.375,0.0,0.0,12.5,0.0,0.0,12.5,12.5,0.0,0.0,0.0,0.0,0.0,0.0,0.0,6.25,0.0,0.0
2014105456,ジッパーレーン,https://db.netkeiba.com/horse/ped/2014105456/,PASS,Deep Impact,カウアイレーン,King Kamehameha,Sunday Silence,Alzao,シルバーレーン Silver Lane,Crawfish,Deep Impact,Hail to Reason,King Kamehameha,Native Dancer,Deep Impact__X__King Kamehameha,Hail to Reason__X__Native Dancer,Deep Impact__X__Crawfish,2,Hail to Reason:4x5;Pocahontas:5x5,0.5859375,25.0,3.125,6.25,12.5,6.25,0.0,0.0,12.5,9.375,0.0,0.0,0.0,3.125,0.0,0.0,0.0,6.25,3.125,0.0
2014106243,ポールヴァンドル,https://db.netkeiba.com/horse/ped/2014106243/,PASS,ダイワメジャー,レディドーヴィル Lady Deauville,ファスリエフ Fasliyev,Sunday Silence,Northern Taste,Mercalle,Brise de Mer,Sunday Silence,Hail to Reason,Nureyev,Northern Dancer,Sunday Silence__X__Nureyev,Hail to Reason__X__Northern Dancer,Sunday Silence__X__Brise de Mer,3,Natalma:5x5;Nearctic:5x5;Northern Dancer:4x4,1.171875,25.0,12.5,6.25,0.0,0.0,0.0,0.0,12.5,6.25,0.0,0.0,0.0,12.5,0.0,0.0,0.0,0.0,3.125,0.0
2014103864,プリンセスルーラー,https://db.netkeiba.com/horse/ped/2014103864/,PASS,ルーラーシップ,アランフェスロマン,イーグルカフェ,King Kamehameha,Tony Bin,オオシマフヨウ,ネバージョオー,King Kamehameha,Native Dancer,Mr. Prospector,Native Dancer,King Kamehameha__X__Mr. Prospector,Native Dancer__X__Native Dancer,King Kamehameha__X__ネバージョオー,5,Gold Digger:5x5;Mr. Prospector:4x4x5;Northern Dancer:5x5;Nureyev:4x5;Raise a Native:5x5,2.1484375,0.0,6.25,15.625,12.5,0.0,0.0,0.0,0.0,0.0,0.0,0.0,0.0,9.375,0.0,0.0,12.5,3.125,6.25,0.0
2014102663,シンボリジュネス,https://db.netkeiba.com/horse/ped/2014102663/,PASS,デュランダル,スイートライラ,アフリート Afleet,Sunday Silence,Northern Taste,ピースフルロッジ,Royal Danseuse,Sunday Silence,Hail to Reason,Mr. Prospector,Native Dancer,Sunday Silence__X__Mr. Prospector,Hail to Reason__X__Native Dancer,Sunday Silence__X__Royal Danseuse,0,,0.0,25.0,6.25,12.5,0.0,0.0,0.0,3.125,12.5,6.25,0.0,0.0,0.0,0.0,0.0,0.0,0.0,0.0,6.25,3.125
2014101627,ミッシングリンク,https://db.netkeiba.com/horse/ped/2014101627/,PASS,ヴィクトワールピサ,エーソングフォー,More Than Ready,ネオユニヴァース,Machiavellian,Miss Garland,Petite Patootie,Sunday Silence,Hail to Reason,Halo,Hail to Reason,Sunday Silence__X__Halo,Hail to Reason__X__Hail to Reason,Sunday Silence__X__Petite Patootie,5,Cosmah:5x5;Hail to Reason:5x5;Halo:3x4x4x5;Mr. Prospector:4x5;Northern Dancer:5x5,4.296875,12.5,6.25,9.375,0.0,0.0,0.0,0.0,28.125,6.25,0.0,0.0,0.0,0.0,0.0,0.0,0.0,0.0,3.125,0.0
2014101663,ナムラムラサキ,https://db.netkeiba.com/horse/ped/2014101663/,PASS,トーセンホマレボシ,ナムラオーキッド,チーフベアハート Chief Bearhart,Deep Impact,Northern Taste,ビストロドゥパリ,Continue,Deep Impact,Hail to Reason,Danzig,Northern Dancer,Deep Impact__X__Danzig,Hail to Reason__X__Northern Dancer,Deep Impact__X__Continue,4,Gold Digger:5x5;Mr. Prospector:4x5;Northern Dancer:4x5x5;Secretariat:5x5,1.3671875,12.5,12.5,9.375,0.0,0.0,6.25,6.25,6.25,3.125,0.0,0.0,0.0,0.0,0.0,0.0,0.0,3.125,3.125,0.0
2014106218,ルヴォワール,https://db.netkeiba.com/horse/ped/2014106218/,PASS,Heart's Cry,リュヌドール Lune d'Or,Green Tune,Sunday Silence,Tony Bin,Luth d'Or,Malveillante,Heart's Cry,Hail to Reason,Nijinsky,Northern Dancer,Heart's Cry__X__Nijinsky,Hail to Reason__X__Northern Dancer,Heart's Cry__X__Malveillante,1,Northern Dancer:5x5,0.1953125,25.0,6.25,6.25,0.0,0.0,0.0,0.0,12.5,6.25,0.0,0.0,6.25,0.0,0.0,0.0,12.5,6.25,3.125,0.0
2014105526,シーズララバイ,https://db.netkeiba.com/horse/ped/2014105526/,PASS,ファルブラヴ Falbrav,シースプレイ,Heart's Cry,Fairy King,Slewpy,シーリング Sea Ring,Azorelle,Northern Dancer,Northern Dancer,Heart's Cry,Hail to Reason,Northern Dancer__X__Heart's Cry,Northern Dancer__X__Hail to Reason,Northern Dancer__X__Azorelle,2,Hail to Reason:5x5;Lyphard:5x5,0.1953125,12.5,12.5,0.0,0.0,0.0,0.0,0.0,6.25,6.25,6.25,0.0,0.0,0.0,0.0,0.0,6.25,6.25,0.0,3.125
2014105928,サロニカ,https://db.netkeiba.com/horse/ped/2014105928/,PASS,Deep Impact,サロミナ Salomina,Lomitas,Sunday Silence,Alzao,Saldentigerin,Salesiana,Deep Impact,Hail to Reason,Nijinsky,Northern Dancer,Deep Impact__X__Nijinsky,Hail to Reason__X__Northern Dancer,Deep Impact__X__Salesiana,1,Northern Dancer:5x5,0.1953125,25.0,6.25,0.0,0.0,0.0,0.0,3.125,12.5,6.25,0.0,0.0,6.25,0.0,0.0,0.0,0.0,6.25,0.0,0.0
2014103367,サンシロウ,https://db.netkeiba.com/horse/ped/2014103367/,PASS,ネオユニヴァース,テンイムホウ,ラムタラ Lammtarra,Sunday Silence,Kris,ラッキーダイアリー,Reject,Sunday Silence,Hail to Reason,Nijinsky,Northern Dancer,Sunday Silence__X__Nijinsky,Hail to Reason__X__Northern Dancer,Sunday Silence__X__Reject,1,Northern Dancer:4x5,0.0,25.0,9.375,0.0,0.0,0.0,0.0,0.0,12.5,6.25,0.0,0.0,12.5,0.0,0.0,0.0,0.0,0.0,0.0,0.0
2014101674,ブラックロード,https://db.netkeiba.com/horse/ped/2014101674/,PASS,シンボリクリスエス,アドマイヤアイドル,ブライアンズタイム Brian's Time,Kris S.,Gold Meridian,クイーンアドマイヤ,Blue Canoe,Roberto,Hail to Reason,Roberto,Hail to Reason,Roberto__X__Roberto,Hail to Reason__X__Hail to Reason,Roberto__X__Blue Canoe,7,Bramalea:4x4;Hail to Reason:4x4x5;Nashua:5x5;Nothirdchance:5x5;Rarelea:5x5;Roberto:3x3;Turn-to:5x5,5.859375,12.5,6.25,0.0,0.0,25.0,0.0,0.0,6.25,15.625,6.25,0.0,0.0,0.0,0.0,0.0,0.0,0.0,0.0,0.0
2014104267,ブラックギムレット,https://db.netkeiba.com/horse/ped/2014104267/,PASS,タニノギムレット,シチリアーナ,メイショウオウドウ,ブライアンズタイム Brian's Time,クリスタルパレス Crystal Palace,プラチナレディー,ヒガシエイト,Roberto,Hail to Reason,Sunday Silence,Hail to Reason,Roberto__X__Sunday Silence,Hail to Reason__X__Hail to Reason,Roberto__X__ヒガシエイト,3,Graustark:4x5;Hail to Reason:4x5;Northern Dancer:5x5,0.390625,12.5,6.25,0.0,0.0,12.5,0.0,0.0,6.25,9.375,0.0,0.0,0.0,0.0,0.0,0.0,0.0,6.25,0.0,0.0
2014105102,サンデームーティエ,https://db.netkeiba.com/horse/ped/2014105102/,PASS,タニノギムレット,ミサトペニー,オペラハウス Opera House,ブライアンズタイム Brian's Time,クリスタルパレス Crystal Palace,ペニーアップ Penny Up,Edelweiss,Roberto,Hail to Reason,Sadler's Wells,Northern Dancer,Roberto__X__Sadler's Wells,Hail to Reason__X__Northern Dancer,Roberto__X__Edelweiss,4,Graustark:4x5;Hail to Reason:4x4;Nothirdchance:5x5;Turn-to:5x5,1.171875,0.0,6.25,0.0,0.0,12.5,12.5,0.0,12.5,12.5,0.0,0.0,0.0,0.0,0.0,0.0,0.0,0.0,0.0,0.0
2014105709,インペリアルフィズ,https://db.netkeiba.com/horse/ped/2014105709/,PASS,ジャングルポケット,マンハッタンフィズ,Sunday Silence,Tony Bin,Nureyev,サトルチェンジ Subtle Change,Schwarzblaurot,Tony Bin,Tony Bin,Sunday Silence,Hail to Reason,Tony Bin__X__Sunday Silence,Tony Bin__X__Hail to Reason,Tony Bin__X__Schwarzblaurot,0,,0.0,25.0,6.25,0.0,0.0,0.0,0.0,0.0,12.5,6.25,0.0,0.0,0.0,12.5,0.0,0.0,25.0,0.0,0.0,0.0
2014103335,ローリングタワー,https://db.netkeiba.com/horse/ped/2014103335/,PASS,ハービンジャー Harbinger,メイユーブルーム,ダンスインザダーク,Dansili,Bering,フローラルグリーン,Double Agent,Danzig,Northern Dancer,Sunday Silence,Hail to Reason,Danzig__X__Sunday Silence,Northern Dancer__X__Hail to Reason,Danzig__X__Double Agent,1,Northern Dancer:5x5x5,0.390625,12.5,9.375,6.25,0.0,0.0,0.0,6.25,6.25,3.125,0.0,0.0,6.25,0.0,0.0,0.0,0.0,3.125,3.125,0.0
2014105247,ストロングレヴィル,https://db.netkeiba.com/horse/ped/2014105247/,PASS,Heart's Cry,アドマイヤダンサー,エルコンドルパサー,Sunday Silence,Tony Bin,キャサリーンパー Catherine Parr,Royal Arrival,Heart's Cry,Hail to Reason,Kingmambo,Native Dancer,Heart's Cry__X__Kingmambo,Hail to Reason__X__Native Dancer,Heart's Cry__X__Royal Arrival,1,Northern Dancer:5x5,0.1953125,25.0,6.25,6.25,12.5,0.0,6.25,0.0,12.5,6.25,3.125,0.0,0.0,3.125,0.0,0.0,12.5,6.25,3.125,0.0
2014104386,クレッシェンドラヴ,https://db.netkeiba.com/horse/ped/2014104386/,PASS,Stay Gold,ハイアーラヴ Higher Love,Sadler's Wells,Sunday Silence,ディクタス Dictus,Dollar Bird,Pantoufle,Stay Gold,Hail to Reason,Sadler's Wells,Northern Dancer,Stay Gold__X__Sadler's Wells,Hail to Reason__X__Northern Dancer,Stay Gold__X__Pantoufle,3,Almahmoud:5x5;Hail to Reason:4x5;Northern Dancer:3x5,1.3671875,25.0,15.625,0.0,0.0,0.0,25.0,0.0,12.5,9.375,0.0,0.0,0.0,0.0,0.0,0.0,0.0,0.0,0.0,3.125
2014105517,スティッフェリオ,https://db.netkeiba.com/horse/ped/2014105517/,PASS,Stay Gold,シリアスアティテュード Serious Attitude,Mtoto,Sunday Silence,ディクタス Dictus,ザミリア Zameyla,Athy Angel,Stay Gold,Hail to Reason,Mtoto,Mtoto,Stay Gold__X__Mtoto,Hail to Reason__X__Mtoto,Stay Gold__X__Athy Angel,0,,0.0,25.0,3.125,0.0,0.0,0.0,0.0,3.125,12.5,6.25,0.0,0.0,0.0,0.0,0.0,0.0,0.0,0.0,0.0,0.0
2012104926,グランアルマダ,https://db.netkeiba.com/horse/ped/2012104926/,PASS,ダイワメジャー,レディスキッパー,クロフネ,Sunday Silence,Northern Taste,ライクザウインド,Highclere,Sunday Silence,Hail to Reason,Deputy Minister,Northern Dancer,Sunday Silence__X__Deputy Minister,Hail to Reason__X__Northern Dancer,Sunday Silence__X__Highclere,1,Northern Dancer:4x5,0.390625,25.0,9.375,0.0,0.0,0.0,0.0,6.25,12.5,6.25,0.0,0.0,0.0,0.0,0.0,6.25,0.0,3.125,0.0,0.0
2014103577,メイショウテンシャ,https://db.netkeiba.com/horse/ped/2014103577/,PASS,Deep Impact,メイショウベルーガ,フレンチデピュティ French Deputy,Sunday Silence,Alzao,パパゴ Papago,Chocolate Beau,Deep Impact,Hail to Reason,Deputy Minister,Northern Dancer,Deep Impact__X__Deputy Minister,Hail to Reason__X__Northern Dancer,Deep Impact__X__Chocolate Beau,1,Northern Dancer:4x5x5,0.5859375,25.0,12.5,0.0,0.0,0.0,12.5,0.0,12.5,6.25,0.0,0.0,0.0,0.0,0.0,12.5,0.0,6.25,0.0,0.0
2014101976,キセキ,https://db.netkeiba.com/horse/ped/2014101976/,PASS,ルーラーシップ,ブリッツフィナーレ,Deep Impact,King Kamehameha,Tony Bin,ロンドンブリッジ,Belle of the Ball,King Kamehameha,Native Dancer,Deep Impact,Hail to Reason,King Kamehameha__X__Deep Impact,Native Dancer__X__Hail to Reason,King Kamehameha__X__Belle of the Ball,1,Northern Dancer:5x5,0.1953125,12.5,6.25,6.25,12.5,0.0,0.0,6.25,6.25,3.125,0.0,0.0,0.0,3.125,0.0,0.0,12.5,3.125,3.125,0.0
2014102159,タガノシャルドネ,https://db.netkeiba.com/horse/ped/2014102159/,PASS,アドマイヤムーン,ゴールデンイエラ Golden Era,Machiavellian,エンドスウィープ End Sweep,Sunday Silence,Ahead,Cambrienne,Mr. Prospector,Native Dancer,Mr. Prospector,Native Dancer,Mr. Prospector__X__Mr. Prospector,Native Dancer__X__Native Dancer,Mr. Prospector__X__Cambrienne,6,Cosmah:5x5;Gold Digger:4x5;Hail to Reason:5x5;Halo:4x4;Mr. Prospector:3x4;Raise a Native:4x5,3.515625,12.5,3.125,18.75,0.0,3.125,0.0,0.0,12.5,6.25,0.0,0.0,0.0,0.0,0.0,0.0,0.0,0.0,9.375,3.125
2014102898,ホウオウドリーム,https://db.netkeiba.com/horse/ped/2014102898/,PASS,ルーラーシップ,メジロドーベル,メジロライアン,King Kamehameha,Tony Bin,メジロビューティー,メジロクイン,King Kamehameha,Native Dancer,Northern Dancer,Northern Dancer,King Kamehameha__X__Northern Dancer,Native Dancer__X__Northern Dancer,King Kamehameha__X__メジロクイン,3,Lady Victoria:5x5;Northern Dancer:5x5;Northern Taste:4x4,1.171875,0.0,6.25,6.25,12.5,0.0,0.0,0.0,0.0,0.0,0.0,0.0,0.0,3.125,0.0,0.0,12.5,0.0,3.125,0.0
2014103163,エテレインミノル,https://db.netkeiba.com/horse/ped/2014103163/,PASS,ディープブリランテ,シルキーブライド,Rock Hard Ten,Deep Impact,Loup Sauvage,ブラッシングブライド Blushing Bride,Mettle,Deep Impact,Hail to Reason,Roberto,Hail to Reason,Deep Impact__X__Roberto,Hail to Reason__X__Hail to Reason,Deep Impact__X__Mettle,1,Hail to Reason:5x5,0.1953125,12.5,0.0,6.25,0.0,6.25,0.0,0.0,6.25,6.25,0.0,0.0,0.0,3.125,0.0,0.0,0.0,3.125,3.125,0.0
2014100523,タガノヤグラ,https://db.netkeiba.com/horse/ped/2014100523/,PASS,カンパニー,ワイルドエキサイト,ダンスインザダーク,ミラクルアドマイヤ,Northern Taste,ソロシンガー,ギンスギ,Tony Bin,Tony Bin,Sunday Silence,Hail to Reason,Tony Bin__X__Sunday Silence,Tony Bin__X__Hail to Reason,Tony Bin__X__ギンスギ,1,Northern Dancer:4x5x5,0.5859375,12.5,12.5,3.125,0.0,0.0,6.25,0.0,6.25,3.125,0.0,0.0,6.25,0.0,0.0,0.0,12.5,0.0,0.0,0.0
2014105785,アエロリット,https://db.netkeiba.com/horse/ped/2014105785/,PASS,クロフネ,アステリックス,ネオユニヴァース,フレンチデピュティ French Deputy,Classic Go Go,アイルドフランス Isle de France,My Bupers,Deputy Minister,Northern Dancer,Sunday Silence,Hail to Reason,Deputy Minister__X__Sunday Silence,Northern Dancer__X__Hail to Reason,Deputy Minister__X__My Bupers,2,Nearctic:5x5;Northern Dancer:4x5,0.5859375,12.5,9.375,0.0,0.0,3.125,0.0,0.0,6.25,3.125,0.0,0.0,0.0,12.5,0.0,12.5,0.0,0.0,3.125,0.0
2014110010,ラビットラン,https://db.netkeiba.com/horse/ped/2014110010/,PASS,Tapit,Amelia,Dixieland Band,Pulpit,Unbridled,Aquilegia,Judy-Rae,A.P. Indy,Seattle Slew,Northern Dancer,Northern Dancer,A.P. Indy__X__Northern Dancer,Seattle Slew__X__Northern Dancer,A.P. Indy__X__Judy-Rae,4,Mr. Prospector:4x5;Native Dancer:5x5;Northern Dancer:3x5;Raise a Native:4x5,1.171875,0.0,15.625,9.375,0.0,0.0,0.0,0.0,0.0,0.0,6.25,12.5,6.25,0.0,0.0,0.0,0.0,0.0,9.375,6.25
2014103580,メイショウオワラ,https://db.netkeiba.com/horse/ped/2014103580/,PASS,ディープブリランテ,メイショウヤワラ,タイキシャトル,Deep Impact,Loup Sauvage,メイショウサンサン,第参ヒガシヒメ,Deep Impact,Hail to Reason,Halo,Hail to Reason,Deep Impact__X__Halo,Hail to Reason__X__Hail to Reason,Deep Impact__X__第参ヒガシヒメ,3,Cosmah:5x5;Hail to Reason:5x5;Halo:4x4,1.171875,12.5,0.0,0.0,0.0,0.0,0.0,0.0,12.5,6.25,0.0,0.0,3.125,3.125,0.0,0.0,0.0,3.125,0.0,3.125
2014101058,カワキタエンカ,https://db.netkeiba.com/horse/ped/2014101058/,PASS,Deep Impact,カワキタラブポップ,クロフネ,Sunday Silence,Alzao,ローズレディ,Prayer Bell,Deep Impact,Hail to Reason,Deputy Minister,Northern Dancer,Deep Impact__X__Deputy Minister,Hail to Reason__X__Northern Dancer,Deep Impact__X__Prayer Bell,0,,0.0,25.0,3.125,6.25,0.0,0.0,0.0,0.0,12.5,6.25,0.0,0.0,3.125,0.0,0.0,6.25,0.0,6.25,3.125,0.0
2014100511,タガノヴェローナ,https://db.netkeiba.com/horse/ped/2014100511/,PASS,クロフネ,タガノレヴェントン,King Kamehameha,フレンチデピュティ French Deputy,Classic Go Go,フィバリッシュ,Likely Swap,Deputy Minister,Northern Dancer,King Kamehameha,Native Dancer,Deputy Minister__X__King Kamehameha,Northern Dancer__X__Native Dancer,Deputy Minister__X__Likely Swap,2,Northern Dancer:5x5;Nureyev:4x5,0.1953125,0.0,6.25,6.25,12.5,3.125,0.0,0.0,0.0,0.0,0.0,0.0,0.0,9.375,0.0,12.5,12.5,0.0,3.125,0.0
2014105951,ミリッサ,https://db.netkeiba.com/horse/ped/2014105951/,PASS,ダイワメジャー,シンハリーズ Singhalese,Singspiel,Sunday Silence,Northern Taste,Baize,Treasure Island,Sunday Silence,Hail to Reason,Sadler's Wells,Northern Dancer,Sunday Silence__X__Sadler's Wells,Hail to Reason__X__Northern Dancer,Sunday Silence__X__Treasure Island,4,Cosmah:4x5;Hail to Reason:4x5;Halo:3x4;Northern Dancer:4x5,2.734375,25.0,9.375,0.0,0.0,0.0,6.25,0.0,18.75,9.375,0.0,0.0,0.0,0.0,0.0,0.0,0.0,0.0,0.0,0.0
2014105854,リカビトス,https://db.netkeiba.com/horse/ped/2014105854/,PASS,ディープブリランテ,エンシェントヒル,エンドスウィープ End Sweep,Deep Impact,Loup Sauvage,アズテックヒル Aztec Hill,ゲーベル,Deep Impact,Hail to Reason,Mr. Prospector,Native Dancer,Deep Impact__X__Mr. Prospector,Hail to Reason__X__Native Dancer,Deep Impact__X__ゲーベル,1,Raise a Native:5x5,0.0,12.5,3.125,6.25,0.0,0.0,0.0,0.0,6.25,3.125,0.0,0.0,0.0,3.125,0.0,0.0,0.0,3.125,6.25,0.0
2014105655,ヴゼットジョリー,https://db.netkeiba.com/horse/ped/2014105655/,PASS,ローエングリン,フレンチビキニ,Sunday Silence,Singspiel,Garde Royale,Fuenji,Midget,Sadler's Wells,Northern Dancer,Sunday Silence,Hail to Reason,Sadler's Wells__X__Sunday Silence,Northern Dancer__X__Hail to Reason,Sadler's Wells__X__Midget,4,Cosmah:4x5;Hail to Reason:4x5;Halo:3x4;Northern Dancer:5x5,2.5390625,25.0,6.25,0.0,0.0,0.0,6.25,0.0,18.75,9.375,0.0,0.0,0.0,0.0,0.0,0.0,0.0,6.25,0.0,0.0
2014106404,ブレスジャーニー,https://db.netkeiba.com/horse/ped/2014106404/,PASS,バトルプラン Battle Plan,エルフィンパーク,タニノギムレット,エンパイアメーカー Empire Maker,Seeking the Gold,エルフィンフェザー,パロクサイド,Mr. Prospector,Native Dancer,Roberto,Hail to Reason,Mr. Prospector__X__Roberto,Native Dancer__X__Hail to Reason,Mr. Prospector__X__パロクサイド,3,Hail to Reason:5x5;Mr. Prospector:4x5;Northern Dancer:5x5x5,0.390625,12.5,9.375,9.375,0.0,6.25,0.0,0.0,6.25,6.25,0.0,0.0,0.0,0.0,0.0,0.0,0.0,0.0,3.125,0.0
2014100731,マイネルヴンシュ,https://db.netkeiba.com/horse/ped/2014100731/,PASS,Stay Gold,マイネシャローナ,コマンダーインチーフ Commander in Chief,Sunday Silence,ディクタス Dictus,ザナック The Knack,Exbury Grace,Stay Gold,Hail to Reason,Lyphard,Northern Dancer,Stay Gold__X__Lyphard,Hail to Reason__X__Northern Dancer,Stay Gold__X__Exbury Grace,4,Hail to Reason:4x5;Halo:3x5;Northern Dancer:5x5x5;Raise a Native:5x5,1.5625,25.0,9.375,6.25,0.0,6.25,0.0,0.0,15.625,9.375,0.0,0.0,0.0,0.0,0.0,0.0,0.0,6.25,6.25,0.0
2014104922,クリノヤマトノオー,https://db.netkeiba.com/horse/ped/2014104922/,PASS,ジャングルポケット,ブリュンヒルト,アグネスタキオン,Tony Bin,Nureyev,フィールディ Fieldy,Grandeur,Tony Bin,Tony Bin,Sunday Silence,Hail to Reason,Tony Bin__X__Sunday Silence,Tony Bin__X__Hail to Reason,Tony Bin__X__Grandeur,3,Natalma:5x5;Nearctic:5x5;Northern Dancer:4x4,1.171875,12.5,12.5,0.0,0.0,0.0,0.0,0.0,6.25,3.125,0.0,0.0,3.125,12.5,0.0,0.0,25.0,0.0,0.0,0.0
2012101402,グレーターロンドン,https://db.netkeiba.com/horse/ped/2012101402/,PASS,Deep Impact,ロンドンブリッジ,ドクターデヴィアス Dr Devious,Sunday Silence,Alzao,オールフォーロンドン All for London,Evening Belle,Deep Impact,Hail to Reason,ドクターデヴィアス Dr Devious,ドクターデヴィアス Dr Devious,Deep Impact__X__ドクターデヴィアス Dr Devious,Hail to Reason__X__ドクターデヴィアス Dr Devious,Deep Impact__X__Evening Belle,1,Northern Dancer:4x5x5,0.5859375,25.0,12.5,0.0,0.0,0.0,0.0,12.5,12.5,6.25,0.0,0.0,0.0,0.0,0.0,0.0,0.0,6.25,0.0,0.0
2011104063,サトノアラジン,https://db.netkeiba.com/horse/ped/2011104063/,PASS,Deep Impact,マジックストーム Magic Storm,Storm Cat,Sunday Silence,Alzao,Foppy Dancer,Banquet Bell,Deep Impact,Hail to Reason,Storm Cat,Northern Dancer,Deep Impact__X__Storm Cat,Hail to Reason__X__Northern Dancer,Deep Impact__X__Banquet Bell,1,Northern Dancer:4x5x5,0.5859375,25.0,12.5,6.25,0.0,0.0,0.0,0.0,12.5,6.25,0.0,0.0,6.25,0.0,25.0,0.0,0.0,6.25,3.125,0.0
2014105949,セダブリランテス,https://db.netkeiba.com/horse/ped/2014105949/,PASS,ディープブリランテ,シルクユニバーサル,ブライアンズタイム Brian's Time,Deep Impact,Loup Sauvage,トロピカルサウンドII,Rififi,Deep Impact,Hail to Reason,Roberto,Hail to Reason,Deep Impact__X__Roberto,Hail to Reason__X__Hail to Reason,Deep Impact__X__Rififi,1,Hail to Reason:4x5,0.390625,12.5,0.0,6.25,0.0,12.5,0.0,0.0,6.25,9.375,0.0,0.0,0.0,3.125,0.0,0.0,0.0,3.125,3.125,0.0
2011104676,シホウ,https://db.netkeiba.com/horse/ped/2011104676/,PASS,King Kamehameha,ゴコウ,デインヒル Danehill,Kingmambo,ラストタイクーン Last Tycoon,Moment of Truth,Gaily,King Kamehameha,Native Dancer,Danzig,Northern Dancer,King Kamehameha__X__Danzig,Native Dancer__X__Northern Dancer,King Kamehameha__X__Gaily,3,Mill Reef:5x5;Natalma:5x5;Northern Dancer:4x5x5x5,1.3671875,0.0,15.625,12.5,25.0,0.0,0.0,12.5,0.0,0.0,0.0,0.0,6.25,6.25,0.0,0.0,0.0,0.0,6.25,3.125
2012104512,ハッピーユニバンス,https://db.netkeiba.com/horse/ped/2012104512/,PASS,ジャングルポケット,アドマイヤセラヴィ,Sunday Silence,Tony Bin,Nureyev,フランクアーギュメント Franc Argument,Lucky Gwen,Tony Bin,Tony Bin,Sunday Silence,Hail to Reason,Tony Bin__X__Sunday Silence,Tony Bin__X__Hail to Reason,Tony Bin__X__Lucky Gwen,1,Northern Dancer:4x5,0.390625,25.0,9.375,0.0,0.0,0.0,0.0,0.0,12.5,6.25,0.0,0.0,0.0,12.5,0.0,0.0,25.0,0.0,0.0,0.0
2013105318,ジュールポレール,https://db.netkeiba.com/horse/ped/2013105318/,PASS,Deep Impact,サマーナイトシティ,エリシオ Helissio,Sunday Silence,Alzao,ダイアモンドシティ Diamond City,Honey Ration,Deep Impact,Hail to Reason,Northern Dancer,Northern Dancer,Deep Impact__X__Northern Dancer,Hail to Reason__X__Northern Dancer,Deep Impact__X__Honey Ration,1,Northern Dancer:4x5,0.390625,25.0,9.375,12.5,0.0,0.0,0.0,0.0,12.5,6.25,3.125,0.0,0.0,0.0,0.0,0.0,0.0,6.25,6.25,3.125
2010100975,ウキヨノカゼ,https://db.netkeiba.com/horse/ped/2010100975/,PASS,オンファイア,アドマイヤダッシュ,フサイチコンコルド,Sunday Silence,Alzao,シンコウエンジェル,Duchess Peg,Sunday Silence,Hail to Reason,Nijinsky,Northern Dancer,Sunday Silence__X__Nijinsky,Hail to Reason__X__Northern Dancer,Sunday Silence__X__Duchess Peg,1,Northern Dancer:5x5x5,0.390625,25.0,9.375,0.0,0.0,0.0,6.25,0.0,12.5,6.25,0.0,0.0,6.25,0.0,0.0,0.0,0.0,6.25,0.0,0.0
2013104783,エテルナミノル,https://db.netkeiba.com/horse/ped/2013104783/,PASS,エンパイアメーカー Empire Maker,ダイワジェラート,フジキセキ,Unbridled,El Gran Senor,ビューティーメイク,Sweetness,Mr. Prospector,Native Dancer,Sunday Silence,Hail to Reason,Mr. Prospector__X__Sunday Silence,Native Dancer__X__Hail to Reason,Mr. Prospector__X__Sweetness,6,Anguar:5x5;Hail to Reason:5x5;In Reality:4x5x5x5;Le Fabuleux:4x4;Northern Dancer:4x5;Wild Risk:5x5,2.734375,12.5,9.375,6.25,0.0,6.25,0.0,0.0,6.25,6.25,0.0,0.0,0.0,0.0,0.0,0.0,0.0,6.25,3.125,0.0
2015104582,ケイティクレバー,https://db.netkeiba.com/horse/ped/2015104582/,PASS,ハービンジャー Harbinger,モルトフェリーチェ,Deep Impact,Dansili,Bering,レンドフェリーチェ,Love's Dream,Danzig,Northern Dancer,Deep Impact,Hail to Reason,Danzig__X__Deep Impact,Northern Dancer__X__Hail to Reason,Danzig__X__Love's Dream,2,Lyphard:5x5;Northern Dancer:5x5,0.1953125,12.5,6.25,0.0,0.0,3.125,0.0,6.25,6.25,3.125,0.0,0.0,0.0,0.0,0.0,0.0,0.0,6.25,0.0,0.0
2015104107,タイムフライヤー,https://db.netkeiba.com/horse/ped/2015104107/,PASS,Heart's Cry,タイムトラベリング,ブライアンズタイム Brian's Time,Sunday Silence,Tony Bin,ジョリーザザ Jolie Zaza,Damasi,Heart's Cry,Hail to Reason,Roberto,Hail to Reason,Heart's Cry__X__Roberto,Hail to Reason__X__Hail to Reason,Heart's Cry__X__Damasi,6,Goofed:5x5;Hail to Reason:4x4;Lyphard:4x4;Northern Dancer:5x5;Nothirdchance:5x5;Turn-to:5x5,2.34375,25.0,6.25,0.0,0.0,12.5,0.0,0.0,12.5,12.5,0.0,0.0,0.0,0.0,0.0,0.0,12.5,12.5,0.0,0.0
2015104899,マイハートビート,https://db.netkeiba.com/horse/ped/2015104899/,PASS,ゼンノロブロイ,トゥーピー Toupie,Intikhab,Sunday Silence,マイニング Mining,Turpitude,Charming Friend,Sunday Silence,Hail to Reason,Roberto,Hail to Reason,Sunday Silence__X__Roberto,Hail to Reason__X__Hail to Reason,Sunday Silence__X__Charming Friend,2,Hail to Reason:4x5;Mr. Prospector:4x5,0.78125,25.0,3.125,9.375,0.0,6.25,0.0,3.125,12.5,9.375,0.0,0.0,6.25,0.0,0.0,0.0,0.0,0.0,3.125,0.0
2015100513,アイトーン,https://db.netkeiba.com/horse/ped/2015100513/,PASS,キングズベスト King's Best,スペシャルディナー,スペシャルウィーク,Kingmambo,Lombard,ソフトパイン Soft Pine,Song Sparrow,Kingmambo,Native Dancer,Sunday Silence,Hail to Reason,Kingmambo__X__Sunday Silence,Native Dancer__X__Hail to Reason,Kingmambo__X__Song Sparrow,4,Gold Digger:4x5;Mr. Prospector:3x4;Northern Dancer:4x5;Raise a Native:4x5,2.734375,12.5,9.375,18.75,25.0,0.0,0.0,0.0,6.25,3.125,0.0,0.0,3.125,6.25,0.0,0.0,0.0,0.0,9.375,3.125
2015102676,ランリーナ,https://db.netkeiba.com/horse/ped/2015102676/,PASS,エイシンフラッシュ,アップルティー,Sunday Silence,キングズベスト King's Best,Platini,アドマイス Admise,Paracelle,Kingmambo,Native Dancer,Sunday Silence,Hail to Reason,Kingmambo__X__Sunday Silence,Native Dancer__X__Hail to Reason,Kingmambo__X__Paracelle,0,,0.0,25.0,0.0,6.25,12.5,0.0,0.0,0.0,12.5,6.25,0.0,0.0,0.0,3.125,0.0,0.0,0.0,0.0,3.125,0.0
2015104976,グレイル,https://db.netkeiba.com/horse/ped/2015104976/,PASS,Heart's Cry,プラチナチャリス,ロックオブジブラルタル,Sunday Silence,Tony Bin,シルバーチャリス,Level Sands,Heart's Cry,Hail to Reason,Danzig,Northern Dancer,Heart's Cry__X__Danzig,Hail to Reason__X__Northern Dancer,Heart's Cry__X__Level Sands,1,Northern Dancer:5x5x5,0.390625,25.0,9.375,0.0,0.0,3.125,0.0,6.25,12.5,6.25,0.0,0.0,0.0,0.0,0.0,0.0,12.5,6.25,0.0,0.0
2015101701,シスターフラッグ,https://db.netkeiba.com/horse/ped/2015101701/,PASS,ルーラーシップ,ミラクルフラッグ,スパイキュール,King Kamehameha,Tony Bin,ポイントフラッグ,アイアンルビー,King Kamehameha,Native Dancer,Sunday Silence,Hail to Reason,King Kamehameha__X__Sunday Silence,Native Dancer__X__Hail to Reason,King Kamehameha__X__アイアンルビー,1,Mr. Prospector:4x5,0.390625,12.5,3.125,9.375,12.5,0.0,0.0,0.0,6.25,3.125,0.0,0.0,0.0,3.125,0.0,0.0,12.5,0.0,3.125,0.0
2015104860,スラッシュメタル,https://db.netkeiba.com/horse/ped/2015104860/,PASS,ワークフォース Workforce,ゼマティス,ゼンノロブロイ,キングズベスト King's Best,Sadler's Wells,アコースティクス,Stumped,Kingmambo,Native Dancer,Sunday Silence,Hail to Reason,Kingmambo__X__Sunday Silence,Native Dancer__X__Hail to Reason,Kingmambo__X__Stumped,2,Mr. Prospector:4x5x5;Nureyev:5x5,0.9765625,12.5,6.25,12.5,12.5,0.0,12.5,3.125,6.25,3.125,0.0,0.0,0.0,6.25,0.0,0.0,0.0,0.0,3.125,0.0
2015101075,ナムラアッパレ,https://db.netkeiba.com/horse/ped/2015101075/,PASS,ネオユニヴァース,ナムラミーティア,サクラバクシンオー,Sunday Silence,Kris,ハナコスマイル,フリーズザシークレット,Sunday Silence,Hail to Reason,サクラバクシンオー,サクラバクシンオー,Sunday Silence__X__サクラバクシンオー,Hail to Reason__X__サクラバクシンオー,Sunday Silence__X__フリーズザシークレット,1,Northern Dancer:5x5,0.0,25.0,6.25,0.0,0.0,0.0,0.0,0.0,12.5,6.25,0.0,0.0,6.25,0.0,0.0,0.0,0.0,0.0,0.0,0.0
2012190003,イキートス,https://db.netkeiba.com/horse/ped/2012190003/,PASS,Adlerflug,Irika,Areion,In the Wings,ラストタイクーン Last Tycoon,Ingrid,Iriskonigin,Sadler's Wells,Northern Dancer,Areion,Areion,Sadler's Wells__X__Areion,Northern Dancer__X__Areion,Sadler's Wells__X__Iriskonigin,2,Mill Reef:5x5;Northern Dancer:4x5,0.0,0.0,9.375,0.0,0.0,0.0,12.5,0.0,0.0,0.0,0.0,0.0,3.125,0.0,0.0,0.0,0.0,0.0,0.0,0.0
2011100822,デルマサリーチャン,https://db.netkeiba.com/horse/ped/2011100822/,PASS,ホワイトマズル White Muzzle,ローザロッサ,ダンスインザダーク,ダンシングブレーヴ Dancing Brave,Ela-Mana-Mou,マンボステップ,Ste. Marie,Lyphard,Northern Dancer,Sunday Silence,Hail to Reason,Lyphard__X__Sunday Silence,Northern Dancer__X__Hail to Reason,Lyphard__X__Ste. Marie,1,Northern Dancer:4x5,0.390625,12.5,9.375,6.25,12.5,0.0,0.0,0.0,6.25,3.125,0.0,0.0,6.25,3.125,0.0,6.25,0.0,12.5,3.125,0.0
2013103806,ニシノジャーニー,https://db.netkeiba.com/horse/ped/2013103806/,PASS,ドリームジャーニー,ピュアーフレーム,Silver Deputy,Stay Gold,メジロマックイーン,Throttle,Display Copy,Stay Gold,Hail to Reason,Deputy Minister,Northern Dancer,Stay Gold__X__Deputy Minister,Hail to Reason__X__Northern Dancer,Stay Gold__X__Display Copy,2,Northern Dancer:5x5;Northern Taste:4x5,0.1953125,12.5,6.25,6.25,0.0,0.0,0.0,0.0,6.25,3.125,6.25,12.5,0.0,0.0,0.0,12.5,0.0,0.0,3.125,0.0
2014104202,スーパーマックス,https://db.netkeiba.com/horse/ped/2014104202/,PASS,リーチザクラウン,レヴェトン,Malibu Moon,スペシャルウィーク,Seattle Slew,イフティラース,Cafe Au Lait,Sunday Silence,Hail to Reason,A.P. Indy,Seattle Slew,Sunday Silence__X__A.P. Indy,Hail to Reason__X__Seattle Slew,Sunday Silence__X__Cafe Au Lait,7,Bold Reasoning:4x5;Gold Digger:5x5;Mr. Prospector:4x4;My Charmer:4x5;Raise a Native:5x5;Seattle Slew:3x4;Secretariat:5x5,3.7109375,12.5,0.0,12.5,0.0,0.0,0.0,0.0,6.25,3.125,18.75,12.5,3.125,0.0,0.0,0.0,0.0,0.0,6.25,0.0
2012110001,ストーンウェア,https://db.netkeiba.com/horse/ped/2012110001/,PASS,Birdstone,Antique Auction,Geiger Counter,Grindstone,Storm Bird,オールドスタッフ Old Stuff,Brazen,Mr. Prospector,Native Dancer,Mr. Prospector,Native Dancer,Mr. Prospector__X__Mr. Prospector,Native Dancer__X__Native Dancer,Mr. Prospector__X__Brazen,5,Mr. Prospector:3x5;Nashua:5x5;Natalma:5x5;Nearctic:5x5;Northern Dancer:4x4,2.1484375,0.0,12.5,15.625,0.0,0.0,0.0,0.0,0.0,0.0,0.0,0.0,0.0,0.0,0.0,0.0,0.0,0.0,6.25,3.125
2012100636,ケントオー,https://db.netkeiba.com/horse/ped/2012100636/,PASS,ダンスインザダーク,ポポチャン,トウカイテイオー,Sunday Silence,Nijinsky,アトラクト Attract,Baby League,Sunday Silence,Hail to Reason,トウカイテイオー,トウカイテイオー,Sunday Silence__X__トウカイテイオー,Hail to Reason__X__トウカイテイオー,Sunday Silence__X__Baby League,2,Nasrullah:5x5;Northern Dancer:4x5,0.390625,25.0,9.375,0.0,0.0,0.0,0.0,0.0,12.5,6.25,0.0,0.0,12.5,0.0,0.0,0.0,0.0,0.0,3.125,0.0
2012103980,クィーンチャーム,https://db.netkeiba.com/horse/ped/2012103980/,PASS,King Kamehameha,オリエントチャーム,Sunday Silence,Kingmambo,ラストタイクーン Last Tycoon,ニキーヤ Nikiya,Shoshanna,King Kamehameha,Native Dancer,Sunday Silence,Hail to Reason,King Kamehameha__X__Sunday Silence,Native Dancer__X__Hail to Reason,King Kamehameha__X__Shoshanna,3,Northern Dancer:4x5x5;Nureyev:3x4;Special:4x5,2.734375,25.0,12.5,12.5,25.0,0.0,0.0,0.0,12.5,6.25,0.0,0.0,3.125,18.75,0.0,0.0,0.0,0.0,6.25,3.125
2015102214,リュヌルージュ,https://db.netkeiba.com/horse/ped/2015102214/,PASS,モンテロッソ Monterosso,ムーンハウリング,メジロマックイーン,Dubawi,Barathea,アスカシーズ,ケンタツキー,Mr. Prospector,Native Dancer,メジロマックイーン,メジロマックイーン,Mr. Prospector__X__メジロマックイーン,Native Dancer__X__メジロマックイーン,Mr. Prospector__X__ケンタツキー,0,,0.0,0.0,3.125,3.125,0.0,0.0,6.25,0.0,0.0,0.0,0.0,0.0,0.0,0.0,0.0,0.0,0.0,0.0,3.125,0.0
2015101110,トーセンクリーガー,https://db.netkeiba.com/horse/ped/2015101110/,PASS,トーセンロレンス,トーセンスクリュー,フレンチデピュティ French Deputy,ダイワメジャー,Alzao,タイムレスツイスト Timeless Twist,Sub Home,Sunday Silence,Hail to Reason,Deputy Minister,Northern Dancer,Sunday Silence__X__Deputy Minister,Hail to Reason__X__Northern Dancer,Sunday Silence__X__Sub Home,1,Northern Dancer:5x5x5,0.390625,12.5,9.375,0.0,0.0,0.0,0.0,0.0,6.25,3.125,0.0,0.0,0.0,0.0,0.0,12.5,0.0,6.25,0.0,3.125
2015103079,ウォーターパルフェ,https://db.netkeiba.com/horse/ped/2015103079/,PASS,ルーラーシップ,ウォータープレミア,ネオユニヴァース,King Kamehameha,Tony Bin,ラパシオン,Versification,King Kamehameha,Native Dancer,Sunday Silence,Hail to Reason,King Kamehameha__X__Sunday Silence,Native Dancer__X__Hail to Reason,King Kamehameha__X__Versification,3,Lady Victoria:4x5;Northern Dancer:4x5;Northern Taste:3x4,2.34375,12.5,9.375,6.25,12.5,0.0,0.0,0.0,6.25,3.125,0.0,0.0,0.0,3.125,0.0,0.0,12.5,0.0,3.125,0.0
2015101174,ロードアクシス,https://db.netkeiba.com/horse/ped/2015101174/,PASS,ブレイクランアウト,エニーデイ,Arch,Smart Strike,フレンチデピュティ French Deputy,ゴールドデイ Gold Day,Sunny Vale,Mr. Prospector,Native Dancer,Roberto,Hail to Reason,Mr. Prospector__X__Roberto,Native Dancer__X__Hail to Reason,Mr. Prospector__X__Sunny Vale,3,Gold Digger:4x5;Mr. Prospector:3x4;Raise a Native:4x5,2.34375,0.0,3.125,18.75,0.0,6.25,0.0,6.25,0.0,3.125,0.0,0.0,3.125,0.0,0.0,6.25,0.0,0.0,9.375,3.125
2015105784,トライン,https://db.netkeiba.com/horse/ped/2015105784/,PASS,Deep Impact,マルケサ Marquesa,Kingmambo,Sunday Silence,Alzao,Dietrich,Minnie Hauk,Deep Impact,Hail to Reason,Kingmambo,Native Dancer,Deep Impact__X__Kingmambo,Hail to Reason__X__Native Dancer,Deep Impact__X__Minnie Hauk,1,Northern Dancer:5x5x5,0.390625,25.0,9.375,12.5,25.0,0.0,0.0,0.0,12.5,6.25,0.0,0.0,0.0,6.25,12.5,0.0,0.0,6.25,6.25,3.125
2015102692,シャルルマーニュ,https://db.netkeiba.com/horse/ped/2015102692/,PASS,ヴィクトワールピサ,エイブルアロー,サクラバクシンオー,ネオユニヴァース,Machiavellian,カネヤマシカダ,Cicada,Sunday Silence,Hail to Reason,サクラバクシンオー,サクラバクシンオー,Sunday Silence__X__サクラバクシンオー,Hail to Reason__X__サクラバクシンオー,Sunday Silence__X__Cicada,1,Halo:4x5,0.0,12.5,3.125,6.25,0.0,0.0,0.0,0.0,9.375,3.125,0.0,0.0,0.0,0.0,0.0,0.0,0.0,0.0,3.125,0.0
2015100258,サンリヴァル,https://db.netkeiba.com/horse/ped/2015100258/,PASS,ルーラーシップ,アンフィルージュ,アグネスタキオン,King Kamehameha,Tony Bin,ウメノファイバー,ストロングベビー,King Kamehameha,Native Dancer,Sunday Silence,Hail to Reason,King Kamehameha__X__Sunday Silence,Native Dancer__X__Hail to Reason,King Kamehameha__X__ストロングベビー,1,Northern Dancer:5x5,0.1953125,12.5,6.25,6.25,12.5,0.0,0.0,0.0,6.25,3.125,0.0,0.0,3.125,3.125,0.0,0.0,12.5,0.0,3.125,0.0
2015101707,ルーカス,https://db.netkeiba.com/horse/ped/2015101707/,PASS,スクリーンヒーロー,メジロフランシス,カーネギー Carnegie,グラスワンダー,Sunday Silence,メジロモントレー,メジロクイン,Roberto,Hail to Reason,Sadler's Wells,Northern Dancer,Roberto__X__Sadler's Wells,Hail to Reason__X__Northern Dancer,Roberto__X__メジロクイン,2,Hail to Reason:5x5;Northern Dancer:4x5x5x5,1.171875,12.5,15.625,0.0,0.0,6.25,12.5,6.25,6.25,6.25,0.0,0.0,0.0,0.0,0.0,0.0,0.0,6.25,0.0,0.0
2015105070,フラットレー,https://db.netkeiba.com/horse/ped/2015105070/,PASS,Heart's Cry,リッチダンサー Rich Dancer,Halling,Sunday Silence,Tony Bin,Fairy Flight,Invermore,Heart's Cry,Hail to Reason,Halling,Halling,Heart's Cry__X__Halling,Hail to Reason__X__Halling,Heart's Cry__X__Invermore,1,Northern Dancer:4x5,0.390625,25.0,9.375,0.0,0.0,0.0,0.0,0.0,12.5,6.25,0.0,0.0,3.125,0.0,0.0,0.0,12.5,6.25,0.0,0.0
2015104692,ジュンヴァルロ,https://db.netkeiba.com/horse/ped/2015104692/,PASS,New Approach,ウェイクミーアップ,ロックオブジブラルタル,Galileo,Ahonoora,Hymn of the Dawn,Kittiwake,Sadler's Wells,Northern Dancer,Danzig,Northern Dancer,Sadler's Wells__X__Danzig,Northern Dancer__X__Northern Dancer,Sadler's Wells__X__Kittiwake,2,His Majesty:5x5;Northern Dancer:4x5x5,0.78125,0.0,12.5,3.125,0.0,0.0,12.5,6.25,0.0,0.0,0.0,0.0,0.0,0.0,0.0,0.0,0.0,0.0,0.0,0.0
2015104287,ステイフーリッシュ,https://db.netkeiba.com/horse/ped/2015104287/,PASS,Stay Gold,カウアイレーン,King Kamehameha,Sunday Silence,ディクタス Dictus,シルバーレーン Silver Lane,Crawfish,Stay Gold,Hail to Reason,King Kamehameha,Native Dancer,Stay Gold__X__King Kamehameha,Hail to Reason__X__Native Dancer,Stay Gold__X__Crawfish,1,Hail to Reason:4x5,0.390625,25.0,3.125,6.25,12.5,6.25,0.0,0.0,12.5,9.375,0.0,0.0,0.0,3.125,0.0,0.0,0.0,0.0,3.125,0.0
2015105608,ワークアンドラブ,https://db.netkeiba.com/horse/ped/2015105608/,PASS,シニスターミニスター Sinister Minister,ハナライ,Medaglia d'Oro,Old Trieste,The Prime Minister,プリモスター,Bebop,A.P. Indy,Seattle Slew,Sadler's Wells,Northern Dancer,A.P. Indy__X__Sadler's Wells,Seattle Slew__X__Northern Dancer,A.P. Indy__X__Bebop,1,Mr. Prospector:5x5,0.1953125,12.5,3.125,6.25,0.0,0.0,6.25,0.0,6.25,3.125,6.25,12.5,0.0,0.0,0.0,6.25,0.0,0.0,0.0,0.0
2015110013,ジャンダルム,https://db.netkeiba.com/horse/ped/2015110013/,PASS,Kitten's Joy,ビリーヴ,Sunday Silence,El Prado,Lear Fan,グレートクリスティーヌ Great Christine,Sweety Kid,Sadler's Wells,Northern Dancer,Sunday Silence,Hail to Reason,Sadler's Wells__X__Sunday Silence,Northern Dancer__X__Hail to Reason,Sadler's Wells__X__Sweety Kid,4,Hail to Reason:4x5;Natalma:5x5;Nearctic:5x5x5;Northern Dancer:4x4,1.7578125,25.0,12.5,0.0,0.0,6.25,12.5,12.5,12.5,9.375,0.0,0.0,0.0,0.0,0.0,0.0,0.0,0.0,0.0,0.0
2015106174,シャフトオブライト,https://db.netkeiba.com/horse/ped/2015106174/,PASS,ディープスカイ,ブリリン,タイキシャトル,アグネスタキオン,Chief's Crown,ダイヤモンドクイン,ミスマルミチ,Sunday Silence,Hail to Reason,Halo,Hail to Reason,Sunday Silence__X__Halo,Hail to Reason__X__Hail to Reason,Sunday Silence__X__ミスマルミチ,5,Cosmah:5x5;Hail to Reason:5x5;Halo:4x4;Nijinsky:4x5x5;Northern Dancer:5x5,1.953125,12.5,6.25,0.0,0.0,0.0,0.0,6.25,12.5,6.25,0.0,0.0,12.5,0.0,0.0,0.0,0.0,0.0,0.0,0.0
2015109078,ナスノシンフォニー,https://db.netkeiba.com/horse/ped/2015109078/,PASS,Heart's Cry,ナスノシベリウス,Unbridled's Song,Sunday Silence,Tony Bin,Cradlesong,Minstress,Heart's Cry,Hail to Reason,Mr. Prospector,Native Dancer,Heart's Cry__X__Mr. Prospector,Hail to Reason__X__Native Dancer,Heart's Cry__X__Minstress,3,Fappiano:4x5;Halo:3x5;Northern Dancer:5x5,0.9765625,25.0,6.25,3.125,0.0,0.0,0.0,6.25,15.625,6.25,3.125,6.25,0.0,0.0,0.0,0.0,12.5,6.25,0.0,0.0
2012104737,レアリスタ,https://db.netkeiba.com/horse/ped/2012104737/,PASS,Stay Gold,トキオリアリティー,Meadowlake,Sunday Silence,ディクタス Dictus,What a Reality,Solita,Stay Gold,Hail to Reason,Meadowlake,Meadowlake,Stay Gold__X__Meadowlake,Hail to Reason__X__Meadowlake,Stay Gold__X__Solita,1,Nothirdchance:5x5,0.1953125,25.0,3.125,0.0,0.0,0.0,0.0,0.0,12.5,6.25,0.0,0.0,0.0,0.0,0.0,0.0,0.0,0.0,6.25,3.125
2011104083,トーセンマタコイヤ,https://db.netkeiba.com/horse/ped/2011104083/,PASS,Deep Impact,ミュージカルウェイ Musical Way,Gold Away,Sunday Silence,Alzao,Mulika,Jambo,Deep Impact,Hail to Reason,Nureyev,Northern Dancer,Deep Impact__X__Nureyev,Hail to Reason__X__Northern Dancer,Deep Impact__X__Jambo,1,Northern Dancer:5x5,0.1953125,25.0,6.25,6.25,0.0,0.0,0.0,0.0,12.5,6.25,0.0,0.0,0.0,6.25,0.0,0.0,0.0,6.25,3.125,0.0
2011103696,ショウナンマルシェ,https://db.netkeiba.com/horse/ped/2011103696/,PASS,マンハッタンカフェ,ラリーズン La Reason,Labeeb,Sunday Silence,Law Society,Reasoning,Insouciant,Sunday Silence,Hail to Reason,Roberto,Hail to Reason,Sunday Silence__X__Roberto,Hail to Reason__X__Hail to Reason,Sunday Silence__X__Insouciant,1,Hail to Reason:4x5x5,0.78125,25.0,0.0,0.0,0.0,6.25,0.0,0.0,12.5,12.5,0.0,0.0,0.0,0.0,0.0,0.0,0.0,0.0,0.0,0.0
2014101086,メイズオブオナー,https://db.netkeiba.com/horse/ped/2014101086/,PASS,Heart's Cry,キャサリンオブアラゴン Catherineofaragon,Holy Roman Emperor,Sunday Silence,Tony Bin,Monevassia,Santa Quilla,Heart's Cry,Hail to Reason,Danzig,Northern Dancer,Heart's Cry__X__Danzig,Hail to Reason__X__Northern Dancer,Heart's Cry__X__Santa Quilla,1,Northern Dancer:5x5x5x5,0.5859375,25.0,12.5,12.5,0.0,0.0,0.0,6.25,12.5,6.25,0.0,0.0,0.0,6.25,0.0,0.0,12.5,6.25,6.25,3.125
2013110057,タニノアーバンシー,https://db.netkeiba.com/horse/ped/2013110057/,PASS,Sea The Stars Sea the Stars,ウオッカ,タニノギムレット,Cape Cross,Miswaki,タニノシスター,ローズトウショウ,Danzig,Northern Dancer,Roberto,Hail to Reason,Danzig__X__Roberto,Northern Dancer__X__Hail to Reason,Danzig__X__ローズトウショウ,0,,0.0,0.0,3.125,6.25,0.0,6.25,0.0,6.25,0.0,3.125,0.0,0.0,0.0,0.0,0.0,0.0,0.0,0.0,3.125,0.0
2013103582,レイホーロマンス,https://db.netkeiba.com/horse/ped/2013103582/,PASS,ハービンジャー Harbinger,スズカローラン,Sunday Silence,Dansili,Bering,ローマンスズカII,Rose Red,Danzig,Northern Dancer,Sunday Silence,Hail to Reason,Danzig__X__Sunday Silence,Northern Dancer__X__Hail to Reason,Danzig__X__Rose Red,1,Northern Dancer:5x5x5,0.390625,25.0,9.375,0.0,0.0,0.0,0.0,6.25,12.5,6.25,12.5,0.0,0.0,0.0,0.0,0.0,0.0,3.125,0.0,0.0
2013106398,コパノマリーン,https://db.netkeiba.com/horse/ped/2013106398/,PASS,ヴィクトワールピサ,ヴォークリンデ,Singspiel,ネオユニヴァース,Machiavellian,ホワイトトルネード White Tornado,Fast Line,Sunday Silence,Hail to Reason,Sadler's Wells,Northern Dancer,Sunday Silence__X__Sadler's Wells,Hail to Reason__X__Northern Dancer,Sunday Silence__X__Fast Line,4,Cosmah:5x5;Hail to Reason:5x5;Halo:4x4x5;Northern Dancer:5x5,1.5625,12.5,6.25,6.25,0.0,3.125,6.25,0.0,15.625,6.25,0.0,0.0,0.0,0.0,0.0,0.0,0.0,0.0,3.125,0.0
2013105322,ワンブレスアウェイ,https://db.netkeiba.com/horse/ped/2013105322/,PASS,Stay Gold,ストレイキャット,Storm Cat,Sunday Silence,ディクタス Dictus,ローミンレイチェル Roamin Rachel,Plucky Roman,Stay Gold,Hail to Reason,Storm Cat,Northern Dancer,Stay Gold__X__Storm Cat,Hail to Reason__X__Northern Dancer,Stay Gold__X__Plucky Roman,1,Northern Dancer:4x5,0.390625,25.0,9.375,6.25,0.0,0.0,0.0,0.0,12.5,6.25,0.0,0.0,0.0,0.0,25.0,0.0,0.0,0.0,3.125,0.0
2015103201,イェッツト,https://db.netkeiba.com/horse/ped/2015103201/,PASS,カンパニー,イスタンブール,King Kamehameha,ミラクルアドマイヤ,Northern Taste,アレキサンドリア,Katies,Tony Bin,Tony Bin,King Kamehameha,Native Dancer,Tony Bin__X__King Kamehameha,Tony Bin__X__Native Dancer,Tony Bin__X__Katies,3,Mr. Prospector:4x5;Northern Dancer:4x5;Nureyev:5x5,0.390625,12.5,9.375,9.375,12.5,3.125,6.25,0.0,6.25,3.125,0.0,0.0,0.0,6.25,0.0,0.0,12.5,0.0,3.125,0.0
2015103120,コスモイグナーツ,https://db.netkeiba.com/horse/ped/2015103120/,PASS,エイシンフラッシュ,ナパ,スペシャルウィーク,キングズベスト King's Best,Platini,ラヴァーズチェイス,Grapa,Kingmambo,Native Dancer,Sunday Silence,Hail to Reason,Kingmambo__X__Sunday Silence,Native Dancer__X__Hail to Reason,Kingmambo__X__Grapa,0,,0.0,12.5,0.0,6.25,12.5,0.0,0.0,0.0,6.25,3.125,0.0,0.0,3.125,3.125,0.0,0.0,0.0,3.125,3.125,0.0
2015104553,ヤマノグラップル,https://db.netkeiba.com/horse/ped/2015104553/,PASS,ワークフォース Workforce,マルカパール,Sunday Silence,キングズベスト King's Best,Sadler's Wells,ディスコホール,Bright Prospect,Kingmambo,Native Dancer,Sunday Silence,Hail to Reason,Kingmambo__X__Sunday Silence,Native Dancer__X__Hail to Reason,Kingmambo__X__Bright Prospect,3,Natalma:5x5;Nearctic:5x5;Northern Dancer:4x4,1.171875,25.0,12.5,6.25,12.5,0.0,12.5,0.0,12.5,6.25,0.0,0.0,0.0,3.125,0.0,0.0,0.0,0.0,3.125,0.0
2015100548,ロジティナ,https://db.netkeiba.com/horse/ped/2015100548/,PASS,ロジユニヴァース,コヴェンティナ,シンボリクリスエス,ネオユニヴァース,Cape Cross,ライクリーティナ,Likely Swap,Sunday Silence,Hail to Reason,Roberto,Hail to Reason,Sunday Silence__X__Roberto,Hail to Reason__X__Hail to Reason,Sunday Silence__X__Likely Swap,8,Cosmah:5x5;Hail to Reason:5x5x5;Halo:4x4;Mountain Flower:5x5;Nureyev:4x5;Sunday Silence:3x3;Understanding:5x5;Wishing Well:4x4,6.0546875,25.0,3.125,3.125,0.0,6.25,0.0,3.125,12.5,9.375,3.125,0.0,0.0,9.375,0.0,0.0,0.0,0.0,0.0,0.0
2015105021,コズミックフォース,https://db.netkeiba.com/horse/ped/2015105021/,PASS,King Kamehameha,ミクロコスモス,ネオユニヴァース,Kingmambo,ラストタイクーン Last Tycoon,ユーアンミー Uanme,Reply,King Kamehameha,Native Dancer,Sunday Silence,Hail to Reason,King Kamehameha__X__Sunday Silence,Native Dancer__X__Hail to Reason,King Kamehameha__X__Reply,2,Mr. Prospector:3x5;Northern Dancer:5x5,0.78125,12.5,6.25,15.625,25.0,0.0,0.0,0.0,6.25,3.125,0.0,0.0,0.0,6.25,0.0,0.0,0.0,0.0,6.25,3.125
2015104161,エイムアンドエンド,https://db.netkeiba.com/horse/ped/2015104161/,PASS,エイシンフラッシュ,ロフティーエイム,Sunday Silence,キングズベスト King's Best,Platini,ウィッチフルシンキング Witchful Thinking,Ask for the Moon,Kingmambo,Native Dancer,Sunday Silence,Hail to Reason,Kingmambo__X__Sunday Silence,Native Dancer__X__Hail to Reason,Kingmambo__X__Ask for the Moon,0,,0.0,25.0,0.0,6.25,12.5,0.0,0.0,0.0,12.5,6.25,0.0,0.0,0.0,3.125,0.0,0.0,0.0,0.0,3.125,0.0
2015100887,ダブルシャープ,https://db.netkeiba.com/horse/ped/2015100887/,PASS,ベーカバド Behkabad,メジロルーシュバー,アグネスタキオン,Cape Cross,Kris,レールデュタン,キクジユヒメ,Danzig,Northern Dancer,Sunday Silence,Hail to Reason,Danzig__X__Sunday Silence,Northern Dancer__X__Hail to Reason,Danzig__X__キクジユヒメ,2,Nijinsky:4x5;Northern Dancer:5x5,0.1953125,12.5,6.25,0.0,0.0,0.0,0.0,6.25,6.25,3.125,0.0,0.0,9.375,0.0,0.0,0.0,0.0,0.0,0.0,0.0
2015105035,サクステッド,https://db.netkeiba.com/horse/ped/2015105035/,PASS,タートルボウル Turtle Bowl,メガクライト,アグネスタキオン,Dyhim Diamond,Top Ville,エラティス Elatis,Bambola,Northern Dancer,Northern Dancer,Sunday Silence,Hail to Reason,Northern Dancer__X__Sunday Silence,Northern Dancer__X__Hail to Reason,Northern Dancer__X__Bambola,3,Natalma:5x5;Nearctic:5x5;Northern Dancer:4x4,1.171875,12.5,12.5,0.0,0.0,0.0,0.0,0.0,6.25,3.125,0.0,0.0,3.125,0.0,0.0,0.0,0.0,0.0,3.125,0.0
2015110070,デルタバローズ,https://db.netkeiba.com/horse/ped/2015110070/,PASS,Into Mischief,Sweet Seventeen,ハードスパン Hard Spun,Harlan's Holiday,Tricky Creek,Play Ballado,Sharp Kitty,Storm Cat,Northern Dancer,Danzig,Northern Dancer,Storm Cat__X__Danzig,Northern Dancer__X__Northern Dancer,Storm Cat__X__Sharp Kitty,2,Hail to Reason:5x5;Halo:4x5,0.5859375,0.0,6.25,0.0,0.0,3.125,0.0,12.5,9.375,6.25,3.125,0.0,0.0,0.0,6.25,0.0,0.0,0.0,0.0,0.0
2015105923,ライトカラカゼ,https://db.netkeiba.com/horse/ped/2015105923/,PASS,Halo,スマイルコンテスト,サッカーボーイ,ダンシングブレーヴ Dancing Brave,Halo,コクトビューティー,チハヤエンゼル,Halo,Hail to Reason,サッカーボーイ,サッカーボーイ,Halo__X__サッカーボーイ,Hail to Reason__X__サッカーボーイ,Halo__X__チハヤエンゼル,3,Halo:1x2x3;Northern Dancer:4x5;Sir Gaylord:5x5,0.390625,0.0,9.375,0.0,0.0,0.0,0.0,0.0,87.5,6.25,0.0,0.0,0.0,0.0,0.0,0.0,0.0,12.5,0.0,0.0
2015103311,タイキフェルヴール,https://db.netkeiba.com/horse/ped/2015103311/,PASS,フリオーソ,アッシュベリー,Any Given Saturday,ブライアンズタイム Brian's Time,Mr. Prospector,アシェラフ Ashraaf,Sweet Tooth,Roberto,Hail to Reason,Mr. Prospector,Native Dancer,Roberto__X__Mr. Prospector,Hail to Reason__X__Native Dancer,Roberto__X__Sweet Tooth,4,Danzig:4x5;Mr. Prospector:3x5;Nashua:5x5;Northern Dancer:5x5,0.9765625,0.0,6.25,15.625,0.0,12.5,0.0,9.375,0.0,6.25,3.125,6.25,0.0,6.25,0.0,12.5,0.0,0.0,6.25,3.125
2015104198,ギャンブラー,https://db.netkeiba.com/horse/ped/2015104198/,PASS,ハービンジャー Harbinger,アイアムマリリン,マンハッタンカフェ,Dansili,Bering,ヒシシルバーメイド,Mortefontaine,Danzig,Northern Dancer,Sunday Silence,Hail to Reason,Danzig__X__Sunday Silence,Northern Dancer__X__Hail to Reason,Danzig__X__Mortefontaine,1,Northern Dancer:5x5,0.0,12.5,6.25,3.125,0.0,0.0,0.0,6.25,6.25,3.125,0.0,0.0,0.0,3.125,0.0,6.25,0.0,3.125,0.0,0.0
2015105459,ジョリルミエール,https://db.netkeiba.com/horse/ped/2015105459/,PASS,ヴァーミリアン,マチカネヒザクラ,デインヒル Danehill,エルコンドルパサー,Sunday Silence,マチカネアイーダ,Sovereign Lady,Kingmambo,Native Dancer,Danzig,Northern Dancer,Kingmambo__X__Danzig,Native Dancer__X__Northern Dancer,Kingmambo__X__Sovereign Lady,3,Natalma:5x5;Northern Dancer:4x5x5;Raise a Native:4x5,1.171875,12.5,12.5,6.25,12.5,0.0,6.25,12.5,6.25,3.125,3.125,0.0,0.0,3.125,0.0,0.0,0.0,0.0,9.375,3.125
2015101467,ジェネラーレウーノ,https://db.netkeiba.com/horse/ped/2015101467/,PASS,スクリーンヒーロー,シャンハイロック,ロックオブジブラルタル,グラスワンダー,Sunday Silence,ニシノローズ,Bemis Heights,Roberto,Hail to Reason,Danzig,Northern Dancer,Roberto__X__Danzig,Hail to Reason__X__Northern Dancer,Roberto__X__Bemis Heights,5,Danzig:4x4;Hail to Reason:5x5;His Majesty:5x5;Northern Dancer:5x5x5x5x5;Pas de Nom:5x5,2.34375,12.5,15.625,0.0,0.0,6.25,0.0,12.5,6.25,6.25,0.0,0.0,3.125,0.0,12.5,0.0,0.0,0.0,3.125,0.0
2012110011,サンタフェチーフ,https://db.netkeiba.com/horse/ped/2012110011/,PASS,Wiesenpfad,Saldentigerin,Tiger Hill,Waky Nao,Mark of Esteem,Salde,Senitza,Lyphard,Northern Dancer,Danzig,Northern Dancer,Lyphard__X__Danzig,Northern Dancer__X__Northern Dancer,Lyphard__X__Senitza,1,Northern Dancer:5x5,0.1953125,0.0,6.25,0.0,0.0,0.0,0.0,6.25,0.0,0.0,0.0,0.0,0.0,0.0,0.0,0.0,0.0,6.25,0.0,0.0
2012104503,パフォーマプロミス,https://db.netkeiba.com/horse/ped/2012104503/,PASS,Stay Gold,アイルビーバウンド,タニノギムレット,Sunday Silence,ディクタス Dictus,バウンドトゥダンス Bound to Dance,Natasha,Stay Gold,Hail to Reason,Roberto,Hail to Reason,Stay Gold__X__Roberto,Hail to Reason__X__Hail to Reason,Stay Gold__X__Natasha,3,Almahmoud:5x5;Hail to Reason:4x5;Northern Dancer:3x5,1.3671875,25.0,15.625,0.0,0.0,6.25,0.0,0.0,12.5,9.375,0.0,0.0,0.0,0.0,0.0,0.0,0.0,0.0,0.0,3.125
2013104849,ガンコ,https://db.netkeiba.com/horse/ped/2013104849/,PASS,ナカヤマフェスタ,シングアップロック,Singspiel,Stay Gold,タイトスポット Tight Spot,アンティーケリー Antiquary,Antwerpen,Stay Gold,Hail to Reason,Sadler's Wells,Northern Dancer,Stay Gold__X__Sadler's Wells,Hail to Reason__X__Northern Dancer,Stay Gold__X__Antwerpen,5,Cosmah:5x5;Danzig:4x5;Hail to Reason:5x5;Halo:4x4;Northern Dancer:5x5,1.5625,12.5,6.25,0.0,0.0,0.0,6.25,9.375,12.5,6.25,0.0,0.0,0.0,0.0,0.0,0.0,0.0,3.125,0.0,0.0
2013100647,カラビナ,https://db.netkeiba.com/horse/ped/2013100647/,PASS,Stay Gold,レリッシュザソート Relish The Thought,Sadler's Wells,Sunday Silence,ディクタス Dictus,Viz,Hold Hands,Stay Gold,Hail to Reason,Sadler's Wells,Northern Dancer,Stay Gold__X__Sadler's Wells,Hail to Reason__X__Northern Dancer,Stay Gold__X__Hold Hands,3,Almahmoud:5x5;Hail to Reason:4x5x5;Northern Dancer:3x5,1.7578125,25.0,15.625,0.0,0.0,6.25,25.0,0.0,12.5,12.5,0.0,0.0,0.0,0.0,0.0,0.0,0.0,0.0,0.0,3.125
2014106040,レジェンドセラー,https://db.netkeiba.com/horse/ped/2014106040/,PASS,ルーラーシップ,トップセラー,スペシャルウィーク,King Kamehameha,Tony Bin,プロモーション,Thankfull,King Kamehameha,Native Dancer,Sunday Silence,Hail to Reason,King Kamehameha__X__Sunday Silence,Native Dancer__X__Hail to Reason,King Kamehameha__X__Thankfull,1,Mr. Prospector:4x5,0.390625,12.5,3.125,9.375,12.5,0.0,0.0,0.0,6.25,3.125,0.0,0.0,3.125,3.125,0.0,0.0,12.5,0.0,3.125,0.0
2013103569,リッジマン,https://db.netkeiba.com/horse/ped/2013103569/,PASS,スウェプトオーヴァーボード Swept Overboard,アドマイヤモンロー,Caerleon,エンドスウィープ End Sweep,Cutlass,Steady,Courtesy,Mr. Prospector,Native Dancer,Nijinsky,Northern Dancer,Mr. Prospector__X__Nijinsky,Native Dancer__X__Northern Dancer,Mr. Prospector__X__Courtesy,5,Continue:4x5;Damascus:3x4;Kerala:4x5;Northern Dancer:4x5;Sword Dancer:4x5,3.125,0.0,9.375,6.25,0.0,0.0,0.0,0.0,0.0,3.125,0.0,0.0,12.5,0.0,0.0,0.0,0.0,0.0,3.125,0.0
2013110008,リッチーリッチー,https://db.netkeiba.com/horse/ped/2013110008/,PASS,Teofilo,Nick's Nikita,Pivotal,Galileo,デインヒル Danehill,Elaine's Honor,Dame Fritchie,Sadler's Wells,Northern Dancer,Nureyev,Northern Dancer,Sadler's Wells__X__Nureyev,Northern Dancer__X__Northern Dancer,Sadler's Wells__X__Dame Fritchie,4,Danzig:4x4;Northern Dancer:4x5x5x5;Pas de Nom:5x5;Special:5x5,2.34375,0.0,15.625,3.125,0.0,0.0,12.5,12.5,0.0,0.0,0.0,0.0,0.0,6.25,0.0,0.0,0.0,0.0,0.0,0.0
2014100933,ダウンザライン,https://db.netkeiba.com/horse/ped/2014100933/,PASS,アドマイヤオーラ,シルキージュエル,オペラハウス Opera House,アグネスタキオン,Caerleon,ルビータイガー Ruby Tiger,Blue Sash,Sunday Silence,Hail to Reason,Sadler's Wells,Northern Dancer,Sunday Silence__X__Sadler's Wells,Hail to Reason__X__Northern Dancer,Sunday Silence__X__Blue Sash,2,Nijinsky:4x5;Northern Dancer:4x5,0.390625,12.5,9.375,0.0,0.0,0.0,12.5,0.0,6.25,3.125,0.0,0.0,9.375,0.0,0.0,0.0,0.0,0.0,0.0,0.0
2015104931,オブセッション,https://db.netkeiba.com/horse/ped/2015104931/,PASS,Deep Impact,パーシステントリー Persistently,Smoke Glacken,Sunday Silence,Alzao,Just Reward,Blitey,Deep Impact,Hail to Reason,Mr. Prospector,Native Dancer,Deep Impact__X__Mr. Prospector,Hail to Reason__X__Native Dancer,Deep Impact__X__Blitey,2,Mr. Prospector:4x5;Northern Dancer:5x5x5,0.390625,25.0,9.375,9.375,0.0,0.0,0.0,0.0,12.5,6.25,0.0,0.0,3.125,0.0,0.0,12.5,0.0,6.25,3.125,0.0
2015101530,アラウン,https://db.netkeiba.com/horse/ped/2015101530/,PASS,オルフェーヴル,アリアプーラ Aria Pura,Flying Spur,Stay Gold,メジロマックイーン,Fortunata,Roedean,Stay Gold,Hail to Reason,Danzig,Northern Dancer,Stay Gold__X__Danzig,Hail to Reason__X__Northern Dancer,Stay Gold__X__Roedean,3,Northern Dancer:5x5;Northern Taste:4x5;Sir Ivor:5x5,0.1953125,12.5,6.25,6.25,0.0,0.0,0.0,6.25,6.25,3.125,0.0,0.0,0.0,0.0,0.0,0.0,0.0,0.0,3.125,0.0
2015104076,リビーリング,https://db.netkeiba.com/horse/ped/2015104076/,PASS,ヴィクトワールピサ,インコグニート,Gone West,ネオユニヴァース,Machiavellian,デインスカヤ Daneskaya,Femina,Sunday Silence,Hail to Reason,Mr. Prospector,Native Dancer,Sunday Silence__X__Mr. Prospector,Hail to Reason__X__Native Dancer,Sunday Silence__X__Femina,4,Gold Digger:4x5;Halo:4x5;Mr. Prospector:3x4;Raise a Native:4x5,2.34375,12.5,3.125,18.75,0.0,0.0,0.0,6.25,9.375,3.125,0.0,0.0,3.125,0.0,0.0,0.0,0.0,0.0,9.375,3.125
2015104517,アサクサスポット,https://db.netkeiba.com/horse/ped/2015104517/,PASS,ワークフォース Workforce,プライムアクトレス,エルコンドルパサー,キングズベスト King's Best,Sadler's Wells,プライムステージ,マジックゴデイス,Kingmambo,Native Dancer,Kingmambo,Native Dancer,Kingmambo__X__Kingmambo,Native Dancer__X__Native Dancer,Kingmambo__X__マジックゴデイス,10,Fairy Bridge:4x5;Gold Digger:5x5;Kingmambo:3x3;Miesque:4x4;Mr. Prospector:4x4;Northern Dancer:4x5x5;Nureyev:5x5;Pasadoble:5x5;Raise a Native:5x5;Sadler's Wells:3x4,8.203125,12.5,12.5,12.5,25.0,0.0,18.75,0.0,6.25,3.125,3.125,0.0,0.0,6.25,0.0,0.0,0.0,0.0,6.25,0.0
2015100831,トラストケンシン,https://db.netkeiba.com/horse/ped/2015100831/,PASS,Heart's Cry,アフェランドラ,エルコンドルパサー,Sunday Silence,Tony Bin,グレートキャティ,Sleek Belle,Heart's Cry,Hail to Reason,Kingmambo,Native Dancer,Heart's Cry__X__Kingmambo,Hail to Reason__X__Native Dancer,Heart's Cry__X__Sleek Belle,2,Mr. Prospector:4x5;Northern Dancer:5x5,0.1953125,25.0,6.25,9.375,12.5,0.0,6.25,0.0,12.5,6.25,3.125,0.0,0.0,3.125,0.0,0.0,12.5,6.25,3.125,0.0
2015105022,ワグネリアン,https://db.netkeiba.com/horse/ped/2015105022/,PASS,Deep Impact,ミスアンコール,King Kamehameha,Sunday Silence,Alzao,ブロードアピール,Water Cress,Deep Impact,Hail to Reason,King Kamehameha,Native Dancer,Deep Impact__X__King Kamehameha,Hail to Reason__X__Native Dancer,Deep Impact__X__Water Cress,0,,0.0,25.0,3.125,6.25,12.5,0.0,0.0,0.0,12.5,6.25,0.0,0.0,0.0,3.125,0.0,0.0,0.0,6.25,3.125,0.0
2015102367,ダノンプレミアム,https://db.netkeiba.com/horse/ped/2015102367/,PASS,Deep Impact,インディアナギャル Indiana Gal,Intikhab,Sunday Silence,Alzao,Genial Jenny,Crystal Palace,Deep Impact,Hail to Reason,Roberto,Hail to Reason,Deep Impact__X__Roberto,Hail to Reason__X__Hail to Reason,Deep Impact__X__Crystal Palace,3,Danzig:4x5;Hail to Reason:4x5;Northern Dancer:5x5,0.5859375,25.0,6.25,3.125,0.0,6.25,0.0,9.375,12.5,9.375,0.0,0.0,0.0,0.0,0.0,0.0,0.0,6.25,0.0,0.0
2012110113,ダッシングブレイズ,https://db.netkeiba.com/horse/ped/2012110113/,PASS,Kitten's Joy,Blazing Bliss,Honour and Glory,El Prado,Lear Fan,Miss What a Day,Songcraft,Sadler's Wells,Northern Dancer,Honour and Glory,Honour and Glory,Sadler's Wells__X__Honour and Glory,Northern Dancer__X__Honour and Glory,Sadler's Wells__X__Songcraft,1,Buckpasser:5x5,0.1953125,0.0,6.25,6.25,0.0,6.25,12.5,0.0,0.0,3.125,0.0,0.0,0.0,0.0,0.0,0.0,0.0,3.125,3.125,0.0
2011101337,コウエイワンマン,https://db.netkeiba.com/horse/ped/2011101337/,PASS,ジャングルポケット,ジョウテンセレブ,アジュディケーティング Adjudicating,Tony Bin,Nureyev,ミヤギミノル,ヒロノボリ,Tony Bin,Tony Bin,Danzig,Northern Dancer,Tony Bin__X__Danzig,Tony Bin__X__Northern Dancer,Tony Bin__X__ヒロノボリ,3,Natalma:5x5;Nearctic:5x5;Northern Dancer:4x4,1.171875,0.0,12.5,0.0,0.0,0.0,0.0,12.5,0.0,0.0,0.0,0.0,0.0,12.5,0.0,0.0,25.0,0.0,0.0,0.0
2014106081,ムイトオブリガード,https://db.netkeiba.com/horse/ped/2014106081/,PASS,ルーラーシップ,ピサノグラフ,Sunday Silence,King Kamehameha,Tony Bin,シンコウラブリイ,Madelon,King Kamehameha,Native Dancer,Sunday Silence,Hail to Reason,King Kamehameha__X__Sunday Silence,Native Dancer__X__Hail to Reason,King Kamehameha__X__Madelon,1,Northern Dancer:5x5,0.1953125,25.0,6.25,6.25,12.5,0.0,0.0,0.0,12.5,6.25,0.0,0.0,6.25,3.125,0.0,0.0,12.5,0.0,3.125,0.0
2014101985,チェスナットコート,https://db.netkeiba.com/horse/ped/2014101985/,PASS,Heart's Cry,ホワイトヴェール,クロフネ,Sunday Silence,Tony Bin,ネガノ Negano,Slight Deception,Heart's Cry,Hail to Reason,Deputy Minister,Northern Dancer,Heart's Cry__X__Deputy Minister,Hail to Reason__X__Northern Dancer,Heart's Cry__X__Slight Deception,1,Halo:3x4x5,2.34375,25.0,3.125,6.25,0.0,0.0,0.0,0.0,21.875,6.25,0.0,0.0,0.0,0.0,0.0,6.25,12.5,6.25,3.125,0.0
2010106467,ピンポン,https://db.netkeiba.com/horse/ped/2010106467/,PASS,Heart's Cry,ピアニスト,ホワイトマズル White Muzzle,Sunday Silence,Tony Bin,ミツワイーグル,Cycle,Heart's Cry,Hail to Reason,Lyphard,Northern Dancer,Heart's Cry__X__Lyphard,Hail to Reason__X__Northern Dancer,Heart's Cry__X__Cycle,3,Goofed:5x5;Lyphard:4x4;Northern Dancer:5x5x5,1.3671875,25.0,9.375,0.0,0.0,0.0,0.0,0.0,12.5,6.25,0.0,0.0,0.0,0.0,0.0,0.0,12.5,12.5,0.0,0.0
2014102897,トリオンフ,https://db.netkeiba.com/horse/ped/2014102897/,PASS,タートルボウル Turtle Bowl,メジロトンキニーズ,ダンスインザダーク,Dyhim Diamond,Top Ville,メジロクロヒメ,アサマユリ,Northern Dancer,Northern Dancer,Sunday Silence,Hail to Reason,Northern Dancer__X__Sunday Silence,Northern Dancer__X__Hail to Reason,Northern Dancer__X__アサマユリ,1,Northern Dancer:4x5x5,0.78125,12.5,12.5,0.0,0.0,0.0,0.0,0.0,6.25,3.125,0.0,0.0,6.25,0.0,0.0,0.0,0.0,6.25,0.0,0.0
2015103228,スリーヘリオス,https://db.netkeiba.com/horse/ped/2015103228/,PASS,ヘニーヒューズ Henny Hughes,ラビアンローズ,スペシャルウィーク,ヘネシー Hennessy,Meadowlake,ストリートパレード,Arachne,Storm Cat,Northern Dancer,Sunday Silence,Hail to Reason,Storm Cat__X__Sunday Silence,Northern Dancer__X__Hail to Reason,Storm Cat__X__Arachne,2,Raise a Native:5x5;Secretariat:5x5,0.390625,12.5,3.125,6.25,0.0,0.0,0.0,0.0,6.25,3.125,0.0,0.0,3.125,0.0,12.5,0.0,0.0,3.125,6.25,0.0
2015104987,キタノコマンドール,https://db.netkeiba.com/horse/ped/2015104987/,PASS,Deep Impact,ベネンシアドール,King Kamehameha,Sunday Silence,Alzao,フェアリードール Fairy Doll,Likely Swap,Deep Impact,Hail to Reason,King Kamehameha,Native Dancer,Deep Impact__X__King Kamehameha,Hail to Reason__X__Native Dancer,Deep Impact__X__Likely Swap,2,Northern Dancer:4x5;Nureyev:3x5,0.390625,25.0,9.375,6.25,12.5,0.0,0.0,0.0,12.5,6.25,0.0,0.0,0.0,15.625,0.0,0.0,0.0,6.25,3.125,0.0
2015102440,エポカドーロ,https://db.netkeiba.com/horse/ped/2015102440/,PASS,オルフェーヴル,ダイワパッション,フォーティナイナー Forty Niner,Stay Gold,メジロマックイーン,サンルージュ,Little Hills,Stay Gold,Hail to Reason,Mr. Prospector,Native Dancer,Stay Gold__X__Mr. Prospector,Hail to Reason__X__Native Dancer,Stay Gold__X__Little Hills,2,Northern Dancer:4x5;Northern Taste:4x5,0.390625,12.5,9.375,12.5,0.0,0.0,0.0,0.0,6.25,3.125,0.0,0.0,0.0,0.0,0.0,0.0,0.0,0.0,6.25,3.125
2015105033,オウケンムーン,https://db.netkeiba.com/horse/ped/2015105033/,PASS,オウケンブルースリ,ムーンフェイズ,エリシオ Helissio,ジャングルポケット,Silver Deputy,アフターザサン After the Sun,Stormy Love,Tony Bin,Tony Bin,Northern Dancer,Northern Dancer,Tony Bin__X__Northern Dancer,Tony Bin__X__Northern Dancer,Tony Bin__X__Stormy Love,4,Natalma:5x5;Nearctic:5x5;Northern Dancer:4x4x5x5;Special:5x5,1.7578125,0.0,18.75,3.125,0.0,0.0,0.0,0.0,0.0,3.125,3.125,0.0,0.0,6.25,0.0,6.25,12.5,0.0,0.0,0.0
2015100744,マイネルファンロン,https://db.netkeiba.com/horse/ped/2015100744/,PASS,Stay Gold,マイネテレジア,ロージズインメイ Roses in May,Sunday Silence,ディクタス Dictus,マイネヌーヴェル,Nouvelle Star,Stay Gold,Hail to Reason,Halo,Hail to Reason,Stay Gold__X__Halo,Hail to Reason__X__Hail to Reason,Stay Gold__X__Nouvelle Star,2,Hail to Reason:4x5;Halo:3x5,1.171875,25.0,3.125,0.0,0.0,6.25,0.0,0.0,15.625,9.375,0.0,0.0,0.0,0.0,0.0,0.0,0.0,0.0,0.0,0.0
2015105064,ステルヴィオ,https://db.netkeiba.com/horse/ped/2015105064/,PASS,ロードカナロア,ラルケット,ファルブラヴ Falbrav,King Kamehameha,Storm Cat,アズサユミ,スイートルナ,King Kamehameha,Native Dancer,Northern Dancer,Northern Dancer,King Kamehameha__X__Northern Dancer,Native Dancer__X__Northern Dancer,King Kamehameha__X__スイートルナ,1,Northern Dancer:4x5,0.390625,12.5,9.375,6.25,12.5,0.0,0.0,0.0,6.25,3.125,3.125,0.0,0.0,3.125,12.5,0.0,0.0,0.0,3.125,0.0
2015104793,サラキア,https://db.netkeiba.com/horse/ped/2015104793/,PASS,Deep Impact,サロミナ Salomina,Lomitas,Sunday Silence,Alzao,Saldentigerin,Salesiana,Deep Impact,Hail to Reason,Nijinsky,Northern Dancer,Deep Impact__X__Nijinsky,Hail to Reason__X__Northern Dancer,Deep Impact__X__Salesiana,1,Northern Dancer:5x5,0.1953125,25.0,6.25,0.0,0.0,0.0,0.0,3.125,12.5,6.25,0.0,0.0,6.25,0.0,0.0,0.0,0.0,6.25,0.0,0.0
2015105193,オスカールビー,https://db.netkeiba.com/horse/ped/2015105193/,PASS,Heart's Cry,リキセレナード,ジェイドロバリー Jade Robbery,Sunday Silence,Tony Bin,ムーンセレナード,Mr. B's Sister,Heart's Cry,Hail to Reason,Mr. Prospector,Native Dancer,Heart's Cry__X__Mr. Prospector,Hail to Reason__X__Native Dancer,Heart's Cry__X__Mr. B's Sister,1,Northern Dancer:5x5,0.1953125,25.0,6.25,12.5,0.0,0.0,0.0,0.0,12.5,6.25,0.0,0.0,6.25,0.0,0.0,0.0,12.5,6.25,6.25,3.125
2015106056,ウスベニノキミ,https://db.netkeiba.com/horse/ped/2015106056/,PASS,エイシンフラッシュ,ソリッドプラチナム,Stay Gold,キングズベスト King's Best,Platini,リザーブシート,Highclere,Kingmambo,Native Dancer,Stay Gold,Hail to Reason,Kingmambo__X__Stay Gold,Native Dancer__X__Hail to Reason,Kingmambo__X__Highclere,1,Halo:4x4,0.0,12.5,3.125,6.25,12.5,0.0,0.0,0.0,12.5,3.125,0.0,0.0,0.0,3.125,0.0,0.0,0.0,0.0,3.125,0.0
2015101376,サトノワルキューレ,https://db.netkeiba.com/horse/ped/2015101376/,PASS,Deep Impact,ヒアトゥウィン Here to Win,Roi Normand,Sunday Silence,Alzao,Ascot Belle,Bunting,Deep Impact,Hail to Reason,Raise a Native,Native Dancer,Deep Impact__X__Raise a Native,Hail to Reason__X__Native Dancer,Deep Impact__X__Bunting,1,Lyphard:4x5,0.390625,25.0,3.125,0.0,0.0,0.0,0.0,0.0,12.5,6.25,0.0,0.0,3.125,0.0,0.0,0.0,0.0,9.375,6.25,3.125
2015104453,ノーブルカリナン,https://db.netkeiba.com/horse/ped/2015104453/,PASS,Deep Impact,ノーブルジュエリー,Smarty Jones,Sunday Silence,Alzao,ノーブルステラ,Novenka,Deep Impact,Hail to Reason,Mr. Prospector,Native Dancer,Deep Impact__X__Mr. Prospector,Hail to Reason__X__Native Dancer,Deep Impact__X__Novenka,0,,0.0,25.0,3.125,3.125,0.0,0.0,0.0,0.0,12.5,6.25,0.0,0.0,0.0,0.0,0.0,0.0,0.0,6.25,0.0,0.0
2015102431,ファストライフ,https://db.netkeiba.com/horse/ped/2015102431/,PASS,スーパーホーネット,トゥファーアウェイ,チチカステナンゴ Chichicastenango,ロドリゴデトリアーノ Rodrigo de Triano,エルセニョール El Senor,クレープシュゼット,Crab Apple Lane,Northern Dancer,Northern Dancer,チチカステナンゴ Chichicastenango,チチカステナンゴ Chichicastenango,Northern Dancer__X__チチカステナンゴ Chichicastenango,Northern Dancer__X__チチカステナンゴ Chichicastenango,Northern Dancer__X__Crab Apple Lane,2,Nearctic:5x5;Northern Dancer:4x5,0.390625,6.25,9.375,0.0,0.0,3.125,0.0,0.0,3.125,0.0,0.0,0.0,0.0,0.0,0.0,0.0,0.0,0.0,0.0,0.0
2015104745,デュッセルドルフ,https://db.netkeiba.com/horse/ped/2015104745/,PASS,ノヴェリスト Novellist,ガラディナー,Sunday Silence,Monsun,Lagunas,ディナータイム Dinner Time,Perfect Pigeon,ノヴェリスト Novellist,ノヴェリスト Novellist,Sunday Silence,Hail to Reason,ノヴェリスト Novellist__X__Sunday Silence,ノヴェリスト Novellist__X__Hail to Reason,ノヴェリスト Novellist__X__Perfect Pigeon,2,Literat:5x5;Lyphard:5x5,0.0,25.0,3.125,0.0,0.0,0.0,0.0,0.0,12.5,6.25,0.0,0.0,3.125,0.0,0.0,0.0,0.0,6.25,0.0,0.0
2015105490,ラブラブラブ,https://db.netkeiba.com/horse/ped/2015105490/,PASS,オルフェーヴル,クインズプレイヤー,トウカイテイオー,Stay Gold,メジロマックイーン,フレイバーギフト,Lavant,Stay Gold,Hail to Reason,トウカイテイオー,トウカイテイオー,Stay Gold__X__トウカイテイオー,Hail to Reason__X__トウカイテイオー,Stay Gold__X__Lavant,3,Northern Dancer:5x5;Northern Taste:4x5;ファバージ:5x5,0.1953125,12.5,6.25,0.0,0.0,0.0,0.0,0.0,6.25,3.125,0.0,0.0,0.0,0.0,0.0,0.0,0.0,0.0,0.0,0.0
2015104910,ハイヒール,https://db.netkeiba.com/horse/ped/2015104910/,PASS,トーセンホマレボシ,ドリームスケイプ,エルコンドルパサー,Deep Impact,Northern Taste,ドリームビジョン,Sweet Clementine,Deep Impact,Hail to Reason,Kingmambo,Native Dancer,Deep Impact__X__Kingmambo,Hail to Reason__X__Native Dancer,Deep Impact__X__Sweet Clementine,8,Lady Angela:5x5;Lady Victoria:4x4;Mr. Prospector:4x5;Natalma:5x5;Nearctic:5x5;Northern Dancer:4x4x5;Northern Taste:3x3;Victoria Park:5x5,6.25,12.5,15.625,9.375,12.5,0.0,6.25,0.0,6.25,3.125,3.125,0.0,0.0,3.125,0.0,0.0,0.0,3.125,3.125,0.0
2015104456,オハナ,https://db.netkeiba.com/horse/ped/2015104456/,PASS,Deep Impact,ハウオリ,King Kamehameha,Sunday Silence,Alzao,ノースフライト,Bashful Girl,Deep Impact,Hail to Reason,King Kamehameha,Native Dancer,Deep Impact__X__King Kamehameha,Hail to Reason__X__Native Dancer,Deep Impact__X__Bashful Girl,0,,0.0,25.0,3.125,6.25,12.5,0.0,0.0,0.0,12.5,6.25,0.0,0.0,0.0,3.125,0.0,0.0,12.5,6.25,3.125,0.0
2015101364,カーサデルシエロ,https://db.netkeiba.com/horse/ped/2015101364/,PASS,ロードカナロア,ダイワエルシエーロ,Sunday Silence,King Kamehameha,Storm Cat,ロンドンブリッジ,Belle of the Ball,King Kamehameha,Native Dancer,Sunday Silence,Hail to Reason,King Kamehameha__X__Sunday Silence,Native Dancer__X__Hail to Reason,King Kamehameha__X__Belle of the Ball,1,Northern Dancer:5x5,0.1953125,25.0,6.25,6.25,12.5,0.0,0.0,6.25,12.5,6.25,0.0,0.0,0.0,3.125,12.5,0.0,0.0,0.0,3.125,0.0
2015105091,レッドベルローズ,https://db.netkeiba.com/horse/ped/2015105091/,PASS,Deep Impact,レッドファンタジア,Unbridled's Song,Sunday Silence,Alzao,Cat Chat,Hooplah,Deep Impact,Hail to Reason,Mr. Prospector,Native Dancer,Deep Impact__X__Mr. Prospector,Hail to Reason__X__Native Dancer,Deep Impact__X__Hooplah,1,Northern Dancer:5x5,0.1953125,25.0,6.25,3.125,0.0,0.0,0.0,0.0,12.5,6.25,0.0,0.0,0.0,0.0,12.5,0.0,0.0,6.25,0.0,0.0
2015104719,ヴェロニカグレース,https://db.netkeiba.com/horse/ped/2015104719/,PASS,ハービンジャー Harbinger,エンジェルフォール,ジャングルポケット,Dansili,Bering,アドマイヤサンデー,Moonmadness,Danzig,Northern Dancer,Tony Bin,Tony Bin,Danzig__X__Tony Bin,Northern Dancer__X__Tony Bin,Danzig__X__Moonmadness,1,Northern Dancer:5x5x5x5,0.78125,12.5,12.5,0.0,0.0,0.0,0.0,6.25,6.25,3.125,0.0,0.0,0.0,6.25,0.0,0.0,12.5,3.125,0.0,0.0
2015102478,ディアジラソル,https://db.netkeiba.com/horse/ped/2015102478/,PASS,アッミラーレ,ノーザンスター,カーネギー Carnegie,Sunday Silence,Carr de Naskra,ノーザンハマナス,Gal I Love,Sunday Silence,Hail to Reason,Sadler's Wells,Northern Dancer,Sunday Silence__X__Sadler's Wells,Hail to Reason__X__Northern Dancer,Sunday Silence__X__Gal I Love,3,Natalma:5x5;Nearctic:5x5;Northern Dancer:4x4,0.0,25.0,12.5,0.0,0.0,0.0,12.5,0.0,12.5,6.25,0.0,0.0,0.0,0.0,0.0,0.0,0.0,0.0,0.0,0.0
2015104664,パイオニアバイオ,https://db.netkeiba.com/horse/ped/2015104664/,PASS,ルーラーシップ,アニメイトバイオ,ゼンノロブロイ,King Kamehameha,Tony Bin,レーゲンボーゲン,プティットアミ,King Kamehameha,Native Dancer,Sunday Silence,Hail to Reason,King Kamehameha__X__Sunday Silence,Native Dancer__X__Hail to Reason,King Kamehameha__X__プティットアミ,1,Mr. Prospector:4x5,0.390625,12.5,3.125,9.375,12.5,0.0,0.0,0.0,6.25,3.125,0.0,0.0,0.0,3.125,0.0,6.25,12.5,0.0,3.125,0.0
2015104765,ノームコア,https://db.netkeiba.com/horse/ped/2015104765/,PASS,ハービンジャー Harbinger,クロノロジスト,クロフネ,Dansili,Bering,インディスユニゾン,Swinging Doll,Danzig,Northern Dancer,Deputy Minister,Northern Dancer,Danzig__X__Deputy Minister,Northern Dancer__X__Northern Dancer,Danzig__X__Swinging Doll,1,Northern Dancer:5x5,0.0,12.5,6.25,6.25,0.0,0.0,0.0,6.25,6.25,3.125,0.0,0.0,0.0,0.0,0.0,6.25,0.0,3.125,3.125,0.0
2015103053,カフジバンガード,https://db.netkeiba.com/horse/ped/2015103053/,PASS,ハービンジャー Harbinger,エミリア,Sunday Silence,Dansili,Bering,ダジルミージョリエ Dazzle Me Jolie,Real Delight,Danzig,Northern Dancer,Sunday Silence,Hail to Reason,Danzig__X__Sunday Silence,Northern Dancer__X__Hail to Reason,Danzig__X__Real Delight,1,Northern Dancer:5x5,0.0,25.0,6.25,0.0,0.0,0.0,0.0,6.25,12.5,6.25,0.0,0.0,0.0,0.0,0.0,0.0,0.0,3.125,0.0,0.0
2015102328,ユウセイフラッシュ,https://db.netkeiba.com/horse/ped/2015102328/,PASS,エイシンフラッシュ,チャイニーズフレア,タヤスツヨシ,キングズベスト King's Best,Platini,ダイナチャイナ,High Bid,Kingmambo,Native Dancer,Sunday Silence,Hail to Reason,Kingmambo__X__Sunday Silence,Native Dancer__X__Hail to Reason,Kingmambo__X__High Bid,0,,0.0,12.5,6.25,6.25,12.5,0.0,0.0,0.0,6.25,3.125,0.0,0.0,0.0,3.125,0.0,0.0,0.0,0.0,3.125,0.0
2015105598,スズカテイオー,https://db.netkeiba.com/horse/ped/2015105598/,PASS,Deep Impact,スプリングサンダー,クロフネ,Sunday Silence,Alzao,スプリングマンボ,Native Partner,Deep Impact,Hail to Reason,Deputy Minister,Northern Dancer,Deep Impact__X__Deputy Minister,Hail to Reason__X__Northern Dancer,Deep Impact__X__Native Partner,1,Northern Dancer:5x5,0.1953125,25.0,6.25,6.25,12.5,0.0,0.0,0.0,12.5,6.25,0.0,0.0,6.25,3.125,0.0,6.25,0.0,6.25,3.125,0.0
2015104643,ダブルフラット,https://db.netkeiba.com/horse/ped/2015104643/,PASS,マンハッタンカフェ,アガルタ,King Kamehameha,Sunday Silence,Law Society,ブロードアピール,Water Cress,Sunday Silence,Hail to Reason,King Kamehameha,Native Dancer,Sunday Silence__X__King Kamehameha,Hail to Reason__X__Native Dancer,Sunday Silence__X__Water Cress,1,Hoist the Flag:5x5,0.1953125,25.0,0.0,6.25,12.5,0.0,0.0,0.0,12.5,6.25,0.0,0.0,0.0,3.125,0.0,0.0,0.0,0.0,3.125,0.0
2015100020,マイネルサリューエ,https://db.netkeiba.com/horse/ped/2015100020/,PASS,ネオユニヴァース,エーピーサルート,エーピーダンサー,Sunday Silence,Kris,エーエージェント,Native Street,Sunday Silence,Hail to Reason,Nureyev,Northern Dancer,Sunday Silence__X__Nureyev,Hail to Reason__X__Northern Dancer,Sunday Silence__X__Native Street,1,Mr. Prospector:4x5,0.0,25.0,6.25,9.375,0.0,0.0,0.0,0.0,12.5,6.25,0.0,0.0,0.0,12.5,0.0,0.0,0.0,0.0,3.125,0.0
2015105292,ディープインラヴ,https://db.netkeiba.com/horse/ped/2015105292/,PASS,Deep Impact,ラヴアンドバブルズ Love And Bubbles,Loup Sauvage,Sunday Silence,Alzao,バブルドリーム Bubble Dream,Prodice,Deep Impact,Hail to Reason,Nasrullah,Nasrullah,Deep Impact__X__Nasrullah,Hail to Reason__X__Nasrullah,Deep Impact__X__Prodice,3,Busted:4x5;Lyphard:4x5;Northern Dancer:5x5,0.9765625,25.0,6.25,3.125,0.0,0.0,0.0,0.0,12.5,6.25,0.0,0.0,0.0,6.25,0.0,0.0,0.0,9.375,0.0,0.0
2015105628,ミッキーポジション,https://db.netkeiba.com/horse/ped/2015105628/,PASS,Deep Impact,ポジションリミット Position Limit,Bellamy Road,Sunday Silence,Alzao,Payable On Demand,Sunda Strait,Deep Impact,Hail to Reason,Danzig,Northern Dancer,Deep Impact__X__Danzig,Hail to Reason__X__Northern Dancer,Deep Impact__X__Sunda Strait,0,,0.0,25.0,3.125,3.125,0.0,0.0,0.0,3.125,12.5,6.25,0.0,0.0,0.0,0.0,0.0,0.0,0.0,6.25,0.0,0.0
2015106299,ゴーフォザサミット,https://db.netkeiba.com/horse/ped/2015106299/,PASS,Heart's Cry,ラグジャリー Luxury,Storm Cat,Sunday Silence,Tony Bin,Alleged Devotion,A Wind Is Rising,Heart's Cry,Hail to Reason,Storm Cat,Northern Dancer,Heart's Cry__X__Storm Cat,Hail to Reason__X__Northern Dancer,Heart's Cry__X__A Wind Is Rising,2,Northern Dancer:4x5;Prince John:5x5,0.390625,25.0,9.375,0.0,0.0,0.0,0.0,0.0,12.5,6.25,0.0,0.0,0.0,0.0,25.0,0.0,12.5,6.25,0.0,0.0
2015104724,スーパーフェザー,https://db.netkeiba.com/horse/ped/2015104724/,PASS,Deep Impact,オーサムフェザー Awesome Feather,Awesome of Course,Sunday Silence,Alzao,Precious Feather,Quick Touch,Deep Impact,Hail to Reason,Deputy Minister,Northern Dancer,Deep Impact__X__Deputy Minister,Hail to Reason__X__Northern Dancer,Deep Impact__X__Quick Touch,3,Goofed:5x5;Lyphard:4x4;Northern Dancer:5x5,1.171875,25.0,6.25,6.25,0.0,0.0,0.0,0.0,12.5,6.25,0.0,0.0,0.0,0.0,0.0,6.25,0.0,12.5,3.125,0.0
2015104909,ダノンマジェスティ,https://db.netkeiba.com/horse/ped/2015104909/,PASS,Deep Impact,ドバイマジェスティ Dubai Majesty,Essence of Dubai,Sunday Silence,Alzao,Great Majesty,Saracen Miss,Deep Impact,Hail to Reason,A.P. Indy,Seattle Slew,Deep Impact__X__A.P. Indy,Hail to Reason__X__Seattle Slew,Deep Impact__X__Saracen Miss,0,,0.0,25.0,3.125,3.125,0.0,0.0,0.0,0.0,12.5,6.25,3.125,6.25,0.0,0.0,0.0,0.0,0.0,6.25,0.0,0.0
2015104862,ノストラダムス,https://db.netkeiba.com/horse/ped/2015104862/,PASS,ハービンジャー Harbinger,ソムニア,スペシャルウィーク,Dansili,Bering,ドリームスケイプ,ハニーサツクルヴアイン,Danzig,Northern Dancer,Sunday Silence,Hail to Reason,Danzig__X__Sunday Silence,Northern Dancer__X__Hail to Reason,Danzig__X__ハニーサツクルヴアイン,1,Northern Dancer:5x5x5,0.390625,12.5,9.375,3.125,6.25,0.0,3.125,6.25,6.25,3.125,0.0,0.0,3.125,0.0,0.0,0.0,0.0,3.125,0.0,0.0
2015104549,テトラルキア,https://db.netkeiba.com/horse/ped/2015104549/,PASS,Heart's Cry,マリアロワイヤル Maria Royal,Montjeu,Sunday Silence,Tony Bin,Notable,Society Column,Heart's Cry,Hail to Reason,Sadler's Wells,Northern Dancer,Heart's Cry__X__Sadler's Wells,Hail to Reason__X__Northern Dancer,Heart's Cry__X__Society Column,1,Northern Dancer:4x5x5,0.5859375,25.0,12.5,3.125,0.0,0.0,12.5,0.0,12.5,6.25,0.0,0.0,0.0,0.0,0.0,0.0,12.5,6.25,0.0,0.0
2015104995,エタリオウ,https://db.netkeiba.com/horse/ped/2015104995/,PASS,Stay Gold,ホットチャチャ Hot Cha Cha,Cactus Ridge,Sunday Silence,ディクタス Dictus,Reduced Sentence,Clear Ceiling,Stay Gold,Hail to Reason,Storm Cat,Northern Dancer,Stay Gold__X__Storm Cat,Hail to Reason__X__Northern Dancer,Stay Gold__X__Clear Ceiling,0,,0.0,25.0,3.125,3.125,0.0,0.0,0.0,3.125,12.5,6.25,0.0,0.0,0.0,0.0,6.25,0.0,0.0,0.0,0.0,0.0
2015105627,クレディブル,https://db.netkeiba.com/horse/ped/2015105627/,PASS,スズカマンボ,ホワイトクルーザー,クロフネ,Sunday Silence,Kingmambo,ホワイトカーニバル,エリモルーシー,Sunday Silence,Hail to Reason,Deputy Minister,Northern Dancer,Sunday Silence__X__Deputy Minister,Hail to Reason__X__Northern Dancer,Sunday Silence__X__エリモルーシー,2,Mr. Prospector:4x5;Vice Regent:5x5,0.390625,25.0,3.125,9.375,12.5,0.0,0.0,0.0,12.5,6.25,0.0,0.0,6.25,3.125,0.0,6.25,0.0,0.0,3.125,0.0
2015101568,モンテグロッソ,https://db.netkeiba.com/horse/ped/2015101568/,PASS,モンテロッソ Monterosso,アドニータ Adonita,Singspiel,Dubawi,Barathea,アンナパラリーヴァ Anna Palariva,Anna Paola,Mr. Prospector,Native Dancer,Sadler's Wells,Northern Dancer,Mr. Prospector__X__Sadler's Wells,Native Dancer__X__Northern Dancer,Mr. Prospector__X__Anna Paola,4,Fairy Bridge:5x5;Northern Dancer:5x5x5;Sadler's Wells:4x4;Shirley Heights:5x5,1.5625,0.0,9.375,3.125,0.0,0.0,12.5,0.0,6.25,3.125,0.0,0.0,6.25,0.0,0.0,0.0,0.0,0.0,0.0,0.0
2015104639,サトノソルタス,https://db.netkeiba.com/horse/ped/2015104639/,PASS,Deep Impact,アイランドファッション Island Fashion,Petionville,Sunday Silence,Alzao,Danzig,Adriatic Blue,Deep Impact,Hail to Reason,Mr. Prospector,Native Dancer,Deep Impact__X__Mr. Prospector,Hail to Reason__X__Native Dancer,Deep Impact__X__Adriatic Blue,3,Danzig:2x3x4;Northern Dancer:5x5;Raise a Native:5x5,0.1953125,25.0,6.25,6.25,0.0,0.0,0.0,43.75,12.5,6.25,0.0,0.0,0.0,0.0,0.0,0.0,0.0,6.25,6.25,0.0
2015105105,フランツ,https://db.netkeiba.com/horse/ped/2015105105/,PASS,Deep Impact,ロベルタ,ブライアンズタイム Brian's Time,Sunday Silence,Alzao,グレースアドマイヤ,Sunny Valley,Deep Impact,Hail to Reason,Roberto,Hail to Reason,Deep Impact__X__Roberto,Hail to Reason__X__Hail to Reason,Deep Impact__X__Sunny Valley,4,Hail to Reason:4x4;Northern Dancer:5x5;Nothirdchance:5x5;Turn-to:5x5,1.3671875,25.0,6.25,0.0,0.0,12.5,6.25,0.0,12.5,12.5,0.0,0.0,0.0,0.0,0.0,0.0,12.5,6.25,0.0,0.0
2015104063,グローリーヴェイズ,https://db.netkeiba.com/horse/ped/2015104063/,PASS,Deep Impact,メジロツボネ,スウェプトオーヴァーボード Swept Overboard,Sunday Silence,Alzao,メジロルバート,アマゾンウォリアー,Deep Impact,Hail to Reason,Mr. Prospector,Native Dancer,Deep Impact__X__Mr. Prospector,Hail to Reason__X__Native Dancer,Deep Impact__X__アマゾンウォリアー,1,Lyphard:4x5,0.390625,25.0,3.125,3.125,0.0,0.0,0.0,0.0,12.5,6.25,0.0,0.0,0.0,0.0,0.0,0.0,0.0,9.375,0.0,0.0
2015104897,レノヴァール,https://db.netkeiba.com/horse/ped/2015104897/,PASS,Heart's Cry,データ Data,Roy,Sunday Silence,Tony Bin,Dama Imperial,Damietta,Heart's Cry,Hail to Reason,Mr. Prospector,Native Dancer,Heart's Cry__X__Mr. Prospector,Hail to Reason__X__Native Dancer,Heart's Cry__X__Damietta,1,Raise a Native:5x5,0.0,25.0,3.125,6.25,0.0,0.0,0.0,0.0,12.5,6.25,0.0,0.0,0.0,0.0,0.0,0.0,12.5,6.25,6.25,0.0
2015105050,リシュブール,https://db.netkeiba.com/horse/ped/2015105050/,PASS,King Kamehameha,ラストグルーヴ,Deep Impact,Kingmambo,ラストタイクーン Last Tycoon,エアグルーヴ,パロクサイド,King Kamehameha,Native Dancer,Deep Impact,Hail to Reason,King Kamehameha__X__Deep Impact,Native Dancer__X__Hail to Reason,King Kamehameha__X__パロクサイド,1,Northern Dancer:5x5x5,0.390625,12.5,9.375,12.5,25.0,0.0,0.0,0.0,6.25,3.125,0.0,0.0,0.0,6.25,0.0,0.0,12.5,3.125,6.25,3.125
2015110047,タニノフランケル,https://db.netkeiba.com/horse/ped/2015110047/,PASS,Frankel,ウオッカ,タニノギムレット,Galileo,デインヒル Danehill,タニノシスター,ローズトウショウ,Sadler's Wells,Northern Dancer,Roberto,Hail to Reason,Sadler's Wells__X__Roberto,Northern Dancer__X__Hail to Reason,Sadler's Wells__X__ローズトウショウ,1,Northern Dancer:4x5,0.0,0.0,9.375,3.125,0.0,6.25,12.5,6.25,0.0,3.125,0.0,0.0,0.0,0.0,0.0,0.0,0.0,0.0,0.0,0.0
2015102420,メイショウテッコン,https://db.netkeiba.com/horse/ped/2015102420/,PASS,マンハッタンカフェ,エーシンベロシティ,Lemon Drop Kid,Sunday Silence,Law Society,バーモントガール,Charisma Magic,Sunday Silence,Hail to Reason,Kingmambo,Native Dancer,Sunday Silence__X__Kingmambo,Hail to Reason__X__Native Dancer,Sunday Silence__X__Charisma Magic,1,Mr. Prospector:4x5,0.0,25.0,0.0,9.375,12.5,0.0,0.0,0.0,12.5,6.25,6.25,0.0,0.0,3.125,0.0,0.0,0.0,0.0,3.125,0.0
2015104713,アドマイヤアルバ,https://db.netkeiba.com/horse/ped/2015104713/,PASS,Heart's Cry,エリドゥバビロン,Bernstein,Sunday Silence,Tony Bin,Miss Suilleabhain,Charming Alibi,Heart's Cry,Hail to Reason,Storm Cat,Northern Dancer,Heart's Cry__X__Storm Cat,Hail to Reason__X__Northern Dancer,Heart's Cry__X__Charming Alibi,1,Northern Dancer:5x5,0.1953125,25.0,6.25,3.125,0.0,0.0,0.0,0.0,12.5,6.25,0.0,0.0,0.0,3.125,12.5,6.25,12.5,6.25,0.0,0.0
2015105087,レイエスプランドル,https://db.netkeiba.com/horse/ped/2015105087/,PASS,ハービンジャー Harbinger,レイナソフィア,スペシャルウィーク,Dansili,Bering,ゲルニカ Guernika,Always Tracks,Danzig,Northern Dancer,Sunday Silence,Hail to Reason,Danzig__X__Sunday Silence,Northern Dancer__X__Hail to Reason,Danzig__X__Always Tracks,2,Halo:4x4x5;Northern Dancer:5x5,0.0,12.5,6.25,3.125,0.0,0.0,0.0,6.25,15.625,3.125,0.0,0.0,3.125,0.0,0.0,0.0,0.0,3.125,0.0,0.0
2015100523,アルムフォルツァ,https://db.netkeiba.com/horse/ped/2015100523/,PASS,Heart's Cry,タガノスティード,チーフベアハート Chief Bearhart,Sunday Silence,Tony Bin,セプテンバーソング,ファンシミン,Heart's Cry,Hail to Reason,Danzig,Northern Dancer,Heart's Cry__X__Danzig,Hail to Reason__X__Northern Dancer,Heart's Cry__X__ファンシミン,2,Hail to Reason:4x5;Northern Dancer:5x5x5,0.78125,25.0,9.375,0.0,0.0,6.25,0.0,6.25,12.5,9.375,0.0,0.0,0.0,0.0,0.0,0.0,12.5,6.25,0.0,0.0
2015105032,ユーキャンスマイル,https://db.netkeiba.com/horse/ped/2015105032/,PASS,King Kamehameha,ムードインディゴ,ダンスインザダーク,Kingmambo,ラストタイクーン Last Tycoon,リープフォージョイ Leap for Joy,Parsimony,King Kamehameha,Native Dancer,Sunday Silence,Hail to Reason,King Kamehameha__X__Sunday Silence,Native Dancer__X__Hail to Reason,King Kamehameha__X__Parsimony,1,Northern Dancer:5x5x5,0.390625,12.5,9.375,12.5,25.0,0.0,0.0,0.0,6.25,3.125,0.0,0.0,6.25,6.25,0.0,0.0,0.0,0.0,6.25,3.125
2015100969,アールスター,https://db.netkeiba.com/horse/ped/2015100969/,PASS,ロードカナロア,ウェーブクイーン,サッカーボーイ,King Kamehameha,Storm Cat,マウンテンクィーン,クロサト,King Kamehameha,Native Dancer,サッカーボーイ,サッカーボーイ,King Kamehameha__X__サッカーボーイ,Native Dancer__X__サッカーボーイ,King Kamehameha__X__クロサト,1,Northern Dancer:5x5x5,0.390625,0.0,9.375,6.25,12.5,0.0,0.0,0.0,0.0,0.0,0.0,0.0,6.25,3.125,12.5,0.0,0.0,0.0,3.125,0.0
2015105280,シャルドネゴールド,https://db.netkeiba.com/horse/ped/2015105280/,PASS,Stay Gold,セルフプリザヴェーション Self Preservation,Lion Heart,Sunday Silence,ディクタス Dictus,Saintly Speaking,Venomous,Stay Gold,Hail to Reason,Storm Cat,Northern Dancer,Stay Gold__X__Storm Cat,Hail to Reason__X__Northern Dancer,Stay Gold__X__Venomous,2,Hail to Reason:4x5;Northern Dancer:5x5,0.5859375,25.0,6.25,3.125,0.0,0.0,0.0,0.0,12.5,9.375,0.0,0.0,0.0,0.0,6.25,0.0,0.0,6.25,0.0,0.0
2015101580,インターセクション,https://db.netkeiba.com/horse/ped/2015101580/,PASS,Street Cry,ヴァインストリート Vine Street,Singspiel,Machiavellian,Troy,ウッドヴァイン Wood Vine,Santa Quilla,Mr. Prospector,Native Dancer,Sadler's Wells,Northern Dancer,Mr. Prospector__X__Sadler's Wells,Native Dancer__X__Northern Dancer,Mr. Prospector__X__Santa Quilla,7,Cosmah:5x5;Gold Digger:4x5;Hail to Reason:5x5;Halo:4x4;Mr. Prospector:3x4;Northern Dancer:5x5;Raise a Native:4x5,3.515625,0.0,6.25,18.75,0.0,0.0,6.25,0.0,12.5,6.25,0.0,0.0,0.0,6.25,0.0,0.0,0.0,0.0,9.375,3.125
2012100877,ラインルーフ,https://db.netkeiba.com/horse/ped/2012100877/,PASS,フレンチデピュティ French Deputy,サルトリーガール,スペシャルウィーク,Deputy Minister,Hold Your Peace,アイレスバリーヒル Ailesbury Hill,Best in Show,Deputy Minister,Northern Dancer,Sunday Silence,Hail to Reason,Deputy Minister__X__Sunday Silence,Northern Dancer__X__Hail to Reason,Deputy Minister__X__Best in Show,4,Buckpasser:5x5;Natalma:5x5;Nearctic:5x5;Northern Dancer:4x4,1.171875,12.5,12.5,6.25,0.0,0.0,0.0,0.0,6.25,3.125,0.0,0.0,3.125,0.0,0.0,25.0,0.0,0.0,3.125,0.0
2012104549,カレンラストショー,https://db.netkeiba.com/horse/ped/2012104549/,PASS,タニノギムレット,ヴィヴィッドカラー,ダンスインザダーク,ブライアンズタイム Brian's Time,クリスタルパレス Crystal Palace,アドマイヤライト,Mortefontaine,Roberto,Hail to Reason,Sunday Silence,Hail to Reason,Roberto__X__Sunday Silence,Hail to Reason__X__Hail to Reason,Roberto__X__Mortefontaine,5,Bramalea:4x5;Graustark:4x5;Hail to Reason:4x5x5;Northern Dancer:5x5;Roberto:3x4,2.734375,12.5,6.25,0.0,0.0,18.75,0.0,0.0,6.25,12.5,0.0,0.0,6.25,6.25,0.0,0.0,0.0,0.0,0.0,0.0
2013104956,ハクサンルドルフ,https://db.netkeiba.com/horse/ped/2013104956/,PASS,アドマイヤムーン,キングスミール,Theatrical,エンドスウィープ End Sweep,Sunday Silence,スルーオール Slew All,Miss Fullhouse,Mr. Prospector,Native Dancer,Nureyev,Northern Dancer,Mr. Prospector__X__Nureyev,Native Dancer__X__Northern Dancer,Mr. Prospector__X__Miss Fullhouse,5,Gold Digger:5x5;Hail to Reason:5x5;Mr. Prospector:4x4;Northern Dancer:4x5;Raise a Native:5x5,1.7578125,12.5,9.375,12.5,0.0,0.0,0.0,0.0,6.25,6.25,12.5,0.0,0.0,12.5,0.0,0.0,0.0,0.0,6.25,0.0
2013105471,ナイトオブナイツ,https://db.netkeiba.com/horse/ped/2013105471/,PASS,ハービンジャー Harbinger,シャイニングアレキ,Sunday Silence,Dansili,Bering,シャイニンレーサー,Millicent,Danzig,Northern Dancer,Sunday Silence,Hail to Reason,Danzig__X__Sunday Silence,Northern Dancer__X__Hail to Reason,Danzig__X__Millicent,1,Northern Dancer:4x5x5,0.78125,25.0,12.5,0.0,0.0,0.0,0.0,6.25,12.5,6.25,0.0,0.0,0.0,0.0,0.0,0.0,0.0,3.125,0.0,0.0
2015104943,リリーノーブル,https://db.netkeiba.com/horse/ped/2015104943/,PASS,ルーラーシップ,ピュアチャプレット,クロフネ,King Kamehameha,Tony Bin,バプティスタ,ネヴアーキヤツチ,King Kamehameha,Native Dancer,Deputy Minister,Northern Dancer,King Kamehameha__X__Deputy Minister,Native Dancer__X__Northern Dancer,King Kamehameha__X__ネヴアーキヤツチ,1,Northern Taste:4x5,0.390625,12.5,3.125,6.25,12.5,0.0,0.0,0.0,6.25,3.125,0.0,0.0,0.0,3.125,0.0,6.25,12.5,0.0,3.125,0.0
2015105046,ラッキーライラック,https://db.netkeiba.com/horse/ped/2015105046/,PASS,オルフェーヴル,ライラックスアンドレース Lilacs and Lace,Flower Alley,Stay Gold,メジロマックイーン,Refinement,My Bupers,Stay Gold,Hail to Reason,Mr. Prospector,Native Dancer,Stay Gold__X__Mr. Prospector,Hail to Reason__X__Native Dancer,Stay Gold__X__My Bupers,3,Danzig:4x5;Mr. Prospector:5x5;Northern Taste:4x5,0.0,12.5,3.125,6.25,0.0,0.0,3.125,9.375,6.25,3.125,12.5,0.0,0.0,0.0,0.0,0.0,0.0,0.0,3.125,0.0
2015101373,マウレア,https://db.netkeiba.com/horse/ped/2015101373/,PASS,Deep Impact,バイザキャット Buy the Cat,Storm Cat,Sunday Silence,Alzao,Buy the Firm,Demolition,Deep Impact,Hail to Reason,Storm Cat,Northern Dancer,Deep Impact__X__Storm Cat,Hail to Reason__X__Northern Dancer,Deep Impact__X__Demolition,1,Northern Dancer:4x5,0.390625,25.0,9.375,0.0,0.0,0.0,0.0,0.0,12.5,6.25,0.0,0.0,0.0,0.0,25.0,0.0,0.0,6.25,3.125,0.0
2015104513,トーセンブレス,https://db.netkeiba.com/horse/ped/2015104513/,PASS,Deep Impact,ブルーミンバー,ファルブラヴ Falbrav,Sunday Silence,Alzao,タヤスブルーム,Grey Autumn,Deep Impact,Hail to Reason,Northern Dancer,Northern Dancer,Deep Impact__X__Northern Dancer,Hail to Reason__X__Northern Dancer,Deep Impact__X__Grey Autumn,1,Northern Dancer:4x5x5x5,0.78125,25.0,15.625,0.0,0.0,0.0,0.0,0.0,12.5,6.25,3.125,0.0,6.25,0.0,0.0,0.0,0.0,6.25,0.0,0.0
2015103350,カンタービレ,https://db.netkeiba.com/horse/ped/2015103350/,PASS,Deep Impact,シャンロッサ Chanrossa,Galileo,Sunday Silence,Alzao,Palacoona,Near Me Now,Deep Impact,Hail to Reason,Sadler's Wells,Northern Dancer,Deep Impact__X__Sadler's Wells,Hail to Reason__X__Northern Dancer,Deep Impact__X__Near Me Now,1,Northern Dancer:4x5x5,0.5859375,25.0,12.5,3.125,0.0,0.0,12.5,0.0,12.5,6.25,0.0,0.0,0.0,0.0,0.0,0.0,0.0,6.25,0.0,0.0
2015102382,オールフォーラヴ,https://db.netkeiba.com/horse/ped/2015102382/,PASS,Deep Impact,レディアルバローザ,King Kamehameha,Sunday Silence,Alzao,ワンフォーローズ One for Rose,Lady Barbizon,Deep Impact,Hail to Reason,King Kamehameha,Native Dancer,Deep Impact__X__King Kamehameha,Hail to Reason__X__Native Dancer,Deep Impact__X__Lady Barbizon,0,,0.0,25.0,3.125,6.25,12.5,0.0,0.0,0.0,12.5,6.25,0.0,0.0,0.0,3.125,0.0,0.0,0.0,6.25,3.125,0.0
2015101540,トーホウアルテミス,https://db.netkeiba.com/horse/ped/2015101540/,PASS,Heart's Cry,トーホウガイア,Unbridled's Song,Sunday Silence,Tony Bin,Agami,Cequillo,Heart's Cry,Hail to Reason,Mr. Prospector,Native Dancer,Heart's Cry__X__Mr. Prospector,Hail to Reason__X__Native Dancer,Heart's Cry__X__Cequillo,2,Nearctic:5x5;Northern Dancer:4x5,0.390625,25.0,9.375,3.125,0.0,0.0,0.0,0.0,12.5,6.25,0.0,0.0,0.0,12.5,0.0,0.0,12.5,6.25,3.125,0.0
2015104324,レッドサクヤ,https://db.netkeiba.com/horse/ped/2015104324/,PASS,Deep Impact,サクラサクII,デインヒル Danehill,Sunday Silence,Alzao,サクラフブキ Sakura Fubuki,Thong,Deep Impact,Hail to Reason,Danzig,Northern Dancer,Deep Impact__X__Danzig,Hail to Reason__X__Northern Dancer,Deep Impact__X__Thong,2,Natalma:5x5;Northern Dancer:4x5x5,0.5859375,25.0,12.5,6.25,0.0,0.0,0.0,12.5,12.5,6.25,0.0,0.0,6.25,0.0,0.0,0.0,0.0,6.25,3.125,0.0
2015105843,サヤカチャン,https://db.netkeiba.com/horse/ped/2015105843/,PASS,リーチザクラウン,アップルトウショウ,アンバーシャダイ,スペシャルウィーク,Seattle Slew,ダーリントウショウ,Donna Lollo,Sunday Silence,Hail to Reason,Northern Dancer,Northern Dancer,Sunday Silence__X__Northern Dancer,Hail to Reason__X__Northern Dancer,Sunday Silence__X__Donna Lollo,0,,0.0,12.5,6.25,6.25,0.0,0.0,0.0,0.0,6.25,3.125,12.5,0.0,3.125,0.0,0.0,0.0,0.0,0.0,3.125,0.0
2015104961,アーモンドアイ,https://db.netkeiba.com/horse/ped/2015104961/,PASS,ロードカナロア,フサイチパンドラ,Sunday Silence,King Kamehameha,Storm Cat,ロッタレース Lotta Lace,Stolen Hour,King Kamehameha,Native Dancer,Sunday Silence,Hail to Reason,King Kamehameha__X__Sunday Silence,Native Dancer__X__Hail to Reason,King Kamehameha__X__Stolen Hour,2,Northern Dancer:4x5;Nureyev:3x5,1.171875,25.0,9.375,6.25,12.5,0.0,0.0,0.0,12.5,6.25,0.0,0.0,0.0,15.625,12.5,0.0,0.0,0.0,3.125,0.0
2015110077,ランドネ,https://db.netkeiba.com/horse/ped/2015110077/,PASS,Blame,Loure,A.P. Indy,Arch,Seeking the Gold,ラヴィングプライド Loving Pride,French Charmer,Roberto,Hail to Reason,A.P. Indy,Seattle Slew,Roberto__X__A.P. Indy,Hail to Reason__X__Seattle Slew,Roberto__X__French Charmer,4,Buckpasser:5x5;Mr. Prospector:4x5;Northern Dancer:5x5x5;Special:4x5,1.3671875,0.0,9.375,9.375,0.0,6.25,0.0,6.25,0.0,3.125,12.5,25.0,6.25,6.25,0.0,0.0,0.0,0.0,3.125,0.0
2015100230,ウインラナキラ,https://db.netkeiba.com/horse/ped/2015100230/,PASS,King Kamehameha,コスモプラチナ,Stay Gold,Kingmambo,ラストタイクーン Last Tycoon,グレースマリヤ,チュウオーマリヤ,King Kamehameha,Native Dancer,Stay Gold,Hail to Reason,King Kamehameha__X__Stay Gold,Native Dancer__X__Hail to Reason,King Kamehameha__X__チュウオーマリヤ,2,Northern Dancer:5x5;Northern Taste:5x5,0.0,12.5,6.25,12.5,25.0,0.0,0.0,0.0,6.25,3.125,0.0,0.0,0.0,6.25,0.0,0.0,0.0,3.125,6.25,3.125
2015105108,ロサグラウカ,https://db.netkeiba.com/horse/ped/2015105108/,PASS,ルーラーシップ,ローザブランカ,クロフネ,King Kamehameha,Tony Bin,ローズバド,Riviere Doree,King Kamehameha,Native Dancer,Deputy Minister,Northern Dancer,King Kamehameha__X__Deputy Minister,Native Dancer__X__Northern Dancer,King Kamehameha__X__Riviere Doree,0,,0.0,12.5,3.125,6.25,12.5,0.0,0.0,0.0,6.25,3.125,0.0,0.0,0.0,3.125,0.0,6.25,12.5,3.125,3.125,0.0
2015100122,テーオーエナジー,https://db.netkeiba.com/horse/ped/2015100122/,PASS,カネヒキリ,シルキークラフト,Crafty Prospector,フジキセキ,Deputy Minister,オシアナ Oceana,Solar Display,Sunday Silence,Hail to Reason,Mr. Prospector,Native Dancer,Sunday Silence__X__Mr. Prospector,Hail to Reason__X__Native Dancer,Sunday Silence__X__Solar Display,6,Gold Digger:4x5;In Reality:4x5;Mr. Prospector:3x4;Native Dancer:5x5;Northern Dancer:3x5;Raise a Native:4x5,3.515625,12.5,15.625,18.75,0.0,0.0,0.0,0.0,6.25,3.125,0.0,0.0,0.0,0.0,0.0,12.5,0.0,0.0,9.375,6.25
2015104882,ブラストワンピース,https://db.netkeiba.com/horse/ped/2015104882/,PASS,ハービンジャー Harbinger,ツルマルワンピース,King Kamehameha,Dansili,Bering,ツルマルグラマー,Raise a Baby,Danzig,Northern Dancer,King Kamehameha,Native Dancer,Danzig__X__King Kamehameha,Northern Dancer__X__Native Dancer,Danzig__X__Raise a Baby,1,Northern Dancer:5x5x5,0.390625,6.25,9.375,6.25,12.5,0.0,0.0,6.25,3.125,0.0,0.0,0.0,0.0,3.125,0.0,0.0,0.0,3.125,3.125,0.0
2013101162,コウキチョウサン,https://db.netkeiba.com/horse/ped/2013101162/,PASS,Stay Gold,シャドウシルエット,シンボリクリスエス,Sunday Silence,ディクタス Dictus,ユーワジョイナー,Tarara,Stay Gold,Hail to Reason,Roberto,Hail to Reason,Stay Gold__X__Roberto,Hail to Reason__X__Hail to Reason,Stay Gold__X__Tarara,1,Hail to Reason:4x5,0.390625,25.0,3.125,0.0,0.0,6.25,0.0,0.0,12.5,9.375,3.125,0.0,0.0,0.0,0.0,0.0,0.0,0.0,0.0,0.0
2013104671,スティルウォーター,https://db.netkeiba.com/horse/ped/2013104671/,PASS,King Kamehameha,ソリッドプラチナム,Stay Gold,Kingmambo,ラストタイクーン Last Tycoon,リザーブシート,Highclere,King Kamehameha,Native Dancer,Stay Gold,Hail to Reason,King Kamehameha__X__Stay Gold,Native Dancer__X__Hail to Reason,King Kamehameha__X__Highclere,3,Halo:4x4;Mill Reef:4x5;Northern Dancer:5x5x5,0.78125,12.5,9.375,12.5,25.0,0.0,0.0,0.0,12.5,3.125,0.0,0.0,0.0,6.25,0.0,0.0,0.0,0.0,6.25,3.125
2012105115,ティーエスクライ,https://db.netkeiba.com/horse/ped/2012105115/,PASS,Heart's Cry,レイナワルツ,ブラックタイアフェアー Black Tie Affair,Sunday Silence,Tony Bin,レイナロバリー,ヤマニサクラ,Heart's Cry,Hail to Reason,Mr. Prospector,Native Dancer,Heart's Cry__X__Mr. Prospector,Hail to Reason__X__Native Dancer,Heart's Cry__X__ヤマニサクラ,3,Gold Digger:5x5;Mr. Prospector:4x4;Raise a Native:5x5,0.0,25.0,3.125,12.5,0.0,0.0,0.0,0.0,12.5,6.25,0.0,0.0,3.125,0.0,0.0,0.0,12.5,6.25,6.25,0.0
2012104781,ヴァフラーム,https://db.netkeiba.com/horse/ped/2012104781/,PASS,ハービンジャー Harbinger,ファーストチェア,ジャングルポケット,Dansili,Bering,マイケイティーズ,Mortefontaine,Danzig,Northern Dancer,Tony Bin,Tony Bin,Danzig__X__Tony Bin,Northern Dancer__X__Tony Bin,Danzig__X__Mortefontaine,1,Northern Dancer:5x5x5,0.390625,12.5,9.375,0.0,0.0,0.0,0.0,6.25,6.25,3.125,0.0,0.0,0.0,6.25,0.0,0.0,12.5,3.125,0.0,0.0
2013105998,アルジャンテ,https://db.netkeiba.com/horse/ped/2013105998/,PASS,Deep Impact,ナイキフェイバー,Favorite Trick,Sunday Silence,Alzao,Sixy Chic,Self Control,Deep Impact,Hail to Reason,Favorite Trick,Favorite Trick,Deep Impact__X__Favorite Trick,Hail to Reason__X__Favorite Trick,Deep Impact__X__Self Control,1,Promised Land:5x5,0.1953125,25.0,3.125,0.0,0.0,0.0,0.0,0.0,12.5,6.25,0.0,0.0,0.0,0.0,0.0,0.0,0.0,6.25,3.125,0.0
2013105945,フェイズベロシティ,https://db.netkeiba.com/horse/ped/2013105945/,PASS,King Kamehameha,スペシャルグルーヴ,スペシャルウィーク,Kingmambo,ラストタイクーン Last Tycoon,ソニックグルーヴ,シャダイフェザー,King Kamehameha,Native Dancer,Sunday Silence,Hail to Reason,King Kamehameha__X__Sunday Silence,Native Dancer__X__Hail to Reason,King Kamehameha__X__シャダイフェザー,1,Northern Dancer:5x5,0.0,12.5,6.25,12.5,25.0,0.0,0.0,0.0,6.25,3.125,0.0,0.0,3.125,6.25,0.0,6.25,6.25,0.0,6.25,3.125
2010101161,サイモンラムセス,https://db.netkeiba.com/horse/ped/2010101161/,PASS,ブラックタイド,コパノマルコリーニ,マヤノトップガン,Sunday Silence,Alzao,ステファーナ,ニアーリーズン,Sunday Silence,Hail to Reason,Roberto,Hail to Reason,Sunday Silence__X__Roberto,Hail to Reason__X__Hail to Reason,Sunday Silence__X__ニアーリーズン,4,Bramalea:5x5;Hail to Reason:4x5x5;Northern Dancer:5x5;Roberto:4x4,0.9765625,25.0,6.25,0.0,0.0,12.5,0.0,0.0,12.5,12.5,0.0,0.0,0.0,0.0,0.0,0.0,0.0,6.25,0.0,0.0
2013106121,サーブルオール,https://db.netkeiba.com/horse/ped/2013106121/,PASS,ハービンジャー Harbinger,モンローブロンド,アドマイヤベガ,Dansili,Bering,ソニンク Soninke,Luckhurst,Danzig,Northern Dancer,Sunday Silence,Hail to Reason,Danzig__X__Sunday Silence,Northern Dancer__X__Hail to Reason,Danzig__X__Luckhurst,2,Halo:4x5;Northern Dancer:5x5x5x5,0.78125,12.5,12.5,6.25,0.0,0.0,0.0,6.25,9.375,3.125,0.0,0.0,0.0,6.25,0.0,0.0,6.25,3.125,3.125,0.0
2012105979,パワーポケット,https://db.netkeiba.com/horse/ped/2012105979/,PASS,エンパイアメーカー Empire Maker,タカラグリーン,タマモクロス,Unbridled,El Gran Senor,グリーンソング Greensong,Americaine,Mr. Prospector,Native Dancer,タマモクロス,タマモクロス,Mr. Prospector__X__タマモクロス,Native Dancer__X__タマモクロス,Mr. Prospector__X__Americaine,3,In Reality:4x5;Northern Dancer:4x5;Val de Loir:5x5,0.390625,0.0,9.375,6.25,0.0,0.0,0.0,0.0,0.0,0.0,0.0,0.0,6.25,0.0,0.0,0.0,0.0,0.0,3.125,0.0
2013103687,クラウンディバイダ,https://db.netkeiba.com/horse/ped/2013103687/,PASS,ダイワメジャー,インコンパス Encompass,Sadler's Wells,Sunday Silence,Northern Taste,Totality,Noblesse,Sunday Silence,Hail to Reason,Sadler's Wells,Northern Dancer,Sunday Silence__X__Sadler's Wells,Hail to Reason__X__Northern Dancer,Sunday Silence__X__Noblesse,6,Almahmoud:5x5;Hail to Reason:4x5x5;Lady Angela:5x5;Natalma:4x5;Nearctic:4x5;Northern Dancer:3x4x5,3.90625,25.0,21.875,0.0,0.0,6.25,25.0,0.0,12.5,12.5,0.0,0.0,0.0,0.0,0.0,0.0,0.0,6.25,3.125,3.125
2011104182,エアアンセム,https://db.netkeiba.com/horse/ped/2011104182/,PASS,シンボリクリスエス,エアマグダラ,Sunday Silence,Kris S.,Gold Meridian,エアデジャヴー,Tobacco Trail,Roberto,Hail to Reason,Sunday Silence,Hail to Reason,Roberto__X__Sunday Silence,Hail to Reason__X__Hail to Reason,Roberto__X__Tobacco Trail,3,Hail to Reason:4x4;Nothirdchance:5x5;Turn-to:5x5,1.171875,25.0,6.25,0.0,0.0,12.5,0.0,0.0,12.5,12.5,6.25,0.0,0.0,0.0,0.0,0.0,0.0,0.0,0.0,0.0
2012103429,ゴールドサーベラス,https://db.netkeiba.com/horse/ped/2012103429/,PASS,スクリーンヒーロー,インシステント Insistent,Diesis,グラスワンダー,Sunday Silence,I Certainly Am,Imacomin,Roberto,Hail to Reason,Native Dancer,Native Dancer,Roberto__X__Native Dancer,Hail to Reason__X__Native Dancer,Roberto__X__Imacomin,3,Amerigo:5x5;Hail to Reason:5x5;Northern Dancer:5x5,0.1953125,12.5,6.25,0.0,0.0,6.25,0.0,6.25,6.25,6.25,0.0,0.0,0.0,0.0,0.0,0.0,0.0,0.0,3.125,3.125
2013105646,マウントゴールド,https://db.netkeiba.com/horse/ped/2013105646/,PASS,Stay Gold,マウントコブラ Mt. Kobla,Mt. Livermore,Sunday Silence,ディクタス Dictus,Kobla,Dear April,Stay Gold,Hail to Reason,Nasrullah,Nasrullah,Stay Gold__X__Nasrullah,Hail to Reason__X__Nasrullah,Stay Gold__X__Dear April,0,,0.0,25.0,3.125,0.0,0.0,0.0,0.0,0.0,12.5,6.25,0.0,0.0,3.125,0.0,0.0,0.0,0.0,0.0,3.125,0.0
2013102351,エーティーサンダー,https://db.netkeiba.com/horse/ped/2013102351/,PASS,マンハッタンカフェ,ラヴリーハントレス,Silver Hawk,Sunday Silence,Law Society,Ballymac Girl,Nucciolina,Sunday Silence,Hail to Reason,Roberto,Hail to Reason,Sunday Silence__X__Roberto,Hail to Reason__X__Hail to Reason,Sunday Silence__X__Nucciolina,3,Hail to Reason:4x4;Nothirdchance:5x5;Turn-to:5x5,1.171875,25.0,3.125,0.0,0.0,12.5,0.0,0.0,12.5,12.5,0.0,0.0,6.25,0.0,0.0,0.0,0.0,0.0,0.0,0.0
2013103196,エンジニア,https://db.netkeiba.com/horse/ped/2013103196/,PASS,Sea The Stars Sea the Stars,ロリーフォードリー Lolly For Dolly,Oratorio,Cape Cross,Miswaki,Heart Stopping,Disconiz,Danzig,Northern Dancer,Danzig,Northern Dancer,Danzig__X__Danzig,Northern Dancer__X__Northern Dancer,Danzig__X__Disconiz,6,Danzig:4x4;Gold Digger:5x5;Mr. Prospector:4x4;Northern Dancer:5x5;Pas de Nom:5x5;Raise a Native:5x5,2.34375,0.0,6.25,12.5,0.0,3.125,0.0,12.5,0.0,0.0,0.0,0.0,0.0,0.0,0.0,0.0,0.0,0.0,6.25,0.0
2012105419,スズカディープ,https://db.netkeiba.com/horse/ped/2012105419/,PASS,Deep Impact,ローマンスズカII,Seattle Slew,Sunday Silence,Alzao,ローズオブスズカ,Cambrienne,Deep Impact,Hail to Reason,Seattle Slew,Seattle Slew,Deep Impact__X__Seattle Slew,Hail to Reason__X__Seattle Slew,Deep Impact__X__Cambrienne,2,Hail to Reason:4x5;Northern Dancer:4x5x5,0.9765625,25.0,12.5,0.0,0.0,0.0,0.0,0.0,12.5,9.375,25.0,0.0,0.0,0.0,0.0,0.0,0.0,6.25,0.0,0.0
2015104597,サラス,https://db.netkeiba.com/horse/ped/2015104597/,PASS,オルフェーヴル,ララア Laragh,Tapit,Stay Gold,メジロマックイーン,Rose of Summer,プライズクロッシング,Stay Gold,Hail to Reason,A.P. Indy,Seattle Slew,Stay Gold__X__A.P. Indy,Hail to Reason__X__Seattle Slew,Stay Gold__X__プライズクロッシング,2,Northern Dancer:5x5;Northern Taste:4x5,0.1953125,12.5,6.25,3.125,0.0,0.0,6.25,0.0,6.25,3.125,3.125,6.25,3.125,0.0,0.0,0.0,0.0,0.0,0.0,0.0
2015104472,クイーングラス,https://db.netkeiba.com/horse/ped/2015104472/,PASS,ルーラーシップ,パイクスピーク,アグネスタキオン,King Kamehameha,Tony Bin,アルヴァーダ Arvada,Seven seas,King Kamehameha,Native Dancer,Sunday Silence,Hail to Reason,King Kamehameha__X__Sunday Silence,Native Dancer__X__Hail to Reason,King Kamehameha__X__Seven seas,1,Nijinsky:5x5,0.0,12.5,3.125,6.25,12.5,0.0,0.0,0.0,6.25,3.125,0.0,0.0,6.25,3.125,0.0,0.0,12.5,0.0,3.125,0.0
2015104947,メサルティム,https://db.netkeiba.com/horse/ped/2015104947/,PASS,ディープブリランテ,ピンクアリエス,King Kamehameha,Deep Impact,Loup Sauvage,ピノシェット Pinochet,Sunny Cove,Deep Impact,Hail to Reason,King Kamehameha,Native Dancer,Deep Impact__X__King Kamehameha,Hail to Reason__X__Native Dancer,Deep Impact__X__Sunny Cove,1,Nureyev:5x5,0.1953125,12.5,3.125,6.25,12.5,0.0,0.0,0.0,6.25,3.125,0.0,0.0,0.0,6.25,12.5,0.0,0.0,3.125,3.125,0.0
2015104988,カレンシリエージョ,https://db.netkeiba.com/horse/ped/2015104988/,PASS,ハービンジャー Harbinger,ベルアリュールII Belle Allure,Numerous,Dansili,Bering,Mare Aux Fees,Fidra,Danzig,Northern Dancer,Mr. Prospector,Native Dancer,Danzig__X__Mr. Prospector,Northern Dancer__X__Native Dancer,Danzig__X__Fidra,1,Northern Dancer:5x5x5,0.390625,0.0,9.375,12.5,0.0,0.0,0.0,6.25,0.0,0.0,0.0,0.0,6.25,0.0,0.0,0.0,0.0,3.125,6.25,3.125
2015102574,ロマンテソーロ,https://db.netkeiba.com/horse/ped/2015102574/,PASS,ヴィクトワールピサ,ロマンシエール,アグネスデジタル,ネオユニヴァース,Machiavellian,オグリローマン,センジユウ,Sunday Silence,Hail to Reason,Mr. Prospector,Native Dancer,Sunday Silence__X__Mr. Prospector,Hail to Reason__X__Native Dancer,Sunday Silence__X__センジユウ,4,Gold Digger:5x5;Halo:4x5;Mr. Prospector:4x4;Raise a Native:5x5,1.171875,12.5,0.0,12.5,0.0,0.0,0.0,3.125,9.375,3.125,0.0,0.0,0.0,0.0,0.0,0.0,0.0,0.0,6.25,0.0
2015104542,ハーレムライン,https://db.netkeiba.com/horse/ped/2015104542/,PASS,マンハッタンカフェ,マクリス,グルームダンサー Groom Dancer,Sunday Silence,Law Society,マックホープ,Feather Ball,Sunday Silence,Hail to Reason,Nasrullah,Nasrullah,Sunday Silence__X__Nasrullah,Hail to Reason__X__Nasrullah,Sunday Silence__X__Feather Ball,1,Northern Dancer:4x5,0.0,25.0,9.375,0.0,0.0,0.0,0.0,0.0,12.5,6.25,0.0,0.0,0.0,0.0,0.0,0.0,0.0,6.25,0.0,0.0
2015104242,アヴィオール,https://db.netkeiba.com/horse/ped/2015104242/,PASS,Redoute's Choice,ヴェルダ Velda,Observatory,デインヒル Danehill,Canny Lad,Viavigoni,Royal Myth,Danzig,Northern Dancer,Mr. Prospector,Native Dancer,Danzig__X__Mr. Prospector,Northern Dancer__X__Native Dancer,Danzig__X__Royal Myth,2,Natalma:5x5;Northern Dancer:4x5x5,0.5859375,0.0,12.5,6.25,0.0,6.25,0.0,12.5,0.0,3.125,0.0,0.0,6.25,0.0,0.0,0.0,0.0,0.0,3.125,0.0
2015101288,ホクセンジョウオー,https://db.netkeiba.com/horse/ped/2015101288/,PASS,サムライハート,モルフェキイ,モルフェデスペクタ,Sunday Silence,Tony Bin,ハセノグッドダンス,Le Moulin,Sunday Silence,Hail to Reason,Deputy Minister,Northern Dancer,Sunday Silence__X__Deputy Minister,Hail to Reason__X__Northern Dancer,Sunday Silence__X__Le Moulin,3,Halo:3x5;Sunday Silence:2x4;Wishing Well:3x5,4.6875,31.25,3.125,6.25,0.0,0.0,0.0,0.0,15.625,6.25,0.0,0.0,3.125,0.0,0.0,6.25,12.5,0.0,3.125,0.0
2015103535,ロフティフレーズ,https://db.netkeiba.com/horse/ped/2015103535/,PASS,ロードカナロア,モンクール,Deep Impact,King Kamehameha,Storm Cat,プレシャスキール,Quill,King Kamehameha,Native Dancer,Deep Impact,Hail to Reason,King Kamehameha__X__Deep Impact,Native Dancer__X__Hail to Reason,King Kamehameha__X__Quill,1,Northern Dancer:4x5,0.390625,12.5,9.375,6.25,12.5,0.0,0.0,0.0,6.25,3.125,0.0,0.0,0.0,3.125,12.5,0.0,0.0,3.125,3.125,0.0
2015104317,ギベオン,https://db.netkeiba.com/horse/ped/2015104317/,PASS,Deep Impact,コンテスティッド Contested,Ghostzapper,Sunday Silence,Alzao,Gold Vault,Flickering Star,Deep Impact,Hail to Reason,Deputy Minister,Northern Dancer,Deep Impact__X__Deputy Minister,Hail to Reason__X__Northern Dancer,Deep Impact__X__Flickering Star,0,,0.0,25.0,3.125,3.125,0.0,3.125,0.0,3.125,12.5,6.25,0.0,0.0,0.0,0.0,0.0,6.25,0.0,6.25,0.0,0.0
2015103980,ショウナンラーゼン,https://db.netkeiba.com/horse/ped/2015103980/,PASS,King Kamehameha,ヒカルドウキセイ,Sunday Silence,Kingmambo,ラストタイクーン Last Tycoon,カタリスト Catalyst,Electric Flash,King Kamehameha,Native Dancer,Sunday Silence,Hail to Reason,King Kamehameha__X__Sunday Silence,Native Dancer__X__Hail to Reason,King Kamehameha__X__Electric Flash,2,Northern Dancer:4x5x5;Special:5x5,0.9765625,25.0,12.5,12.5,25.0,0.0,12.5,0.0,12.5,6.25,0.0,0.0,0.0,6.25,0.0,0.0,0.0,0.0,6.25,3.125
2015104186,ゼーゲン,https://db.netkeiba.com/horse/ped/2015104186/,PASS,Deep Impact,ソベラニア Soberania,Monsun,Sunday Silence,Alzao,Sasuela,Bravour,Deep Impact,Hail to Reason,Monsun,Monsun,Deep Impact__X__Monsun,Hail to Reason__X__Monsun,Deep Impact__X__Bravour,0,,0.0,25.0,3.125,0.0,0.0,0.0,3.125,0.0,12.5,6.25,0.0,0.0,0.0,0.0,0.0,0.0,0.0,6.25,0.0,0.0
2015104810,ブレステイキング,https://db.netkeiba.com/horse/ped/2015104810/,PASS,Deep Impact,シユーマ Siyouma,Medicean,Sunday Silence,Alzao,Sichilla,Carrie's Rough,Deep Impact,Hail to Reason,Mr. Prospector,Native Dancer,Deep Impact__X__Mr. Prospector,Hail to Reason__X__Native Dancer,Deep Impact__X__Carrie's Rough,3,Halo:3x5;Mr. Prospector:4x5;Northern Dancer:5x5x5,1.171875,25.0,9.375,9.375,0.0,0.0,0.0,6.25,15.625,6.25,0.0,0.0,0.0,0.0,0.0,0.0,0.0,6.25,3.125,0.0
2015103344,メイショウロセツ,https://db.netkeiba.com/horse/ped/2015103344/,PASS,ノヴェリスト Novellist,エリモフィナーレ,Sunday Silence,Monsun,Lagunas,エリモアメジスト,Cosmah,ノヴェリスト Novellist,ノヴェリスト Novellist,Sunday Silence,Hail to Reason,ノヴェリスト Novellist__X__Sunday Silence,ノヴェリスト Novellist__X__Hail to Reason,ノヴェリスト Novellist__X__Cosmah,3,Cosmah:4x5;Literat:5x5;Northern Dancer:4x5,0.390625,25.0,9.375,0.0,0.0,0.0,0.0,0.0,12.5,6.25,12.5,0.0,3.125,0.0,0.0,0.0,0.0,0.0,0.0,0.0
2015105057,レイエンダ,https://db.netkeiba.com/horse/ped/2015105057/,PASS,King Kamehameha,ラドラーダ,シンボリクリスエス,Kingmambo,ラストタイクーン Last Tycoon,レディブロンド,Highclere,King Kamehameha,Native Dancer,Roberto,Hail to Reason,King Kamehameha__X__Roberto,Native Dancer__X__Hail to Reason,King Kamehameha__X__Highclere,4,Gold Digger:4x5;Mr. Prospector:3x4;Northern Dancer:5x5;Raise a Native:4x5,2.34375,0.0,6.25,18.75,25.0,6.25,0.0,0.0,0.0,3.125,3.125,0.0,0.0,6.25,0.0,0.0,0.0,3.125,9.375,3.125
2015104384,ビッグスモーキー,https://db.netkeiba.com/horse/ped/2015104384/,PASS,King Kamehameha,スモークンフローリック Smok'n Frolic,Smoke Glacken,Kingmambo,ラストタイクーン Last Tycoon,Cherokyfrolicflash,Boda,King Kamehameha,Native Dancer,Mr. Prospector,Native Dancer,King Kamehameha__X__Mr. Prospector,Native Dancer__X__Native Dancer,King Kamehameha__X__Boda,5,Gold Digger:4x5;Green Dancer:3x5;Mr. Prospector:3x4;Northern Dancer:5x5x5x5;Raise a Native:4x5,3.90625,0.0,12.5,18.75,25.0,0.0,0.0,0.0,0.0,0.0,0.0,0.0,6.25,6.25,0.0,0.0,0.0,0.0,9.375,3.125
2015105089,ハーベストムーン,https://db.netkeiba.com/horse/ped/2015105089/,PASS,マンハッタンカフェ,レツィーナ,キャプテンスティーヴ Captain Steve,Sunday Silence,Law Society,タニウインドタイム,Barbs Dancer,Sunday Silence,Hail to Reason,キャプテンスティーヴ Captain Steve,キャプテンスティーヴ Captain Steve,Sunday Silence__X__キャプテンスティーヴ Captain Steve,Hail to Reason__X__キャプテンスティーヴ Captain Steve,Sunday Silence__X__Barbs Dancer,1,Hail to Reason:4x5,0.390625,25.0,3.125,3.125,0.0,6.25,0.0,0.0,12.5,9.375,0.0,0.0,0.0,0.0,0.0,0.0,0.0,0.0,0.0,0.0
2014105484,レッドジェノヴァ,https://db.netkeiba.com/horse/ped/2014105484/,PASS,シンボリクリスエス,コロンバスサークル,ホワイトマズル White Muzzle,Kris S.,Gold Meridian,マンハッタンフィズ,Suleika,Roberto,Hail to Reason,Lyphard,Northern Dancer,Roberto__X__Lyphard,Hail to Reason__X__Northern Dancer,Roberto__X__Suleika,1,Hail to Reason:4x5,0.390625,12.5,3.125,0.0,0.0,12.5,0.0,0.0,6.25,9.375,6.25,0.0,0.0,0.0,0.0,0.0,0.0,6.25,0.0,0.0
2013101924,サンエイゴールド,https://db.netkeiba.com/horse/ped/2013101924/,PASS,Stay Gold,ノーチェリンダ Noche Linda,Barkerville,Sunday Silence,ディクタス Dictus,Noche de Gala,Naipur,Stay Gold,Hail to Reason,Mr. Prospector,Native Dancer,Stay Gold__X__Mr. Prospector,Hail to Reason__X__Native Dancer,Stay Gold__X__Naipur,1,Northern Dancer:5x5,0.1953125,25.0,6.25,12.5,0.0,0.0,0.0,0.0,12.5,6.25,0.0,0.0,6.25,0.0,0.0,0.0,0.0,0.0,6.25,3.125
2015104183,ラテュロス,https://db.netkeiba.com/horse/ped/2015104183/,PASS,Deep Impact,スウィートハース Sweet Hearth,Touch Gold,Sunday Silence,Alzao,Sweet Gold,Windsail,Deep Impact,Hail to Reason,Deputy Minister,Northern Dancer,Deep Impact__X__Deputy Minister,Hail to Reason__X__Northern Dancer,Deep Impact__X__Windsail,1,Northern Dancer:5x5x5,0.390625,25.0,9.375,0.0,0.0,0.0,0.0,0.0,12.5,6.25,0.0,0.0,0.0,0.0,0.0,12.5,0.0,6.25,0.0,0.0
2015100600,スカーレットカラー,https://db.netkeiba.com/horse/ped/2015100600/,PASS,ヴィクトワールピサ,ヴェントス,ウォーエンブレム War Emblem,ネオユニヴァース,Machiavellian,ブラッシングブライド Blushing Bride,Mettle,Sunday Silence,Hail to Reason,Mr. Prospector,Native Dancer,Sunday Silence__X__Mr. Prospector,Hail to Reason__X__Native Dancer,Sunday Silence__X__Mettle,4,Gold Digger:5x5;Halo:4x5;Mr. Prospector:4x4;Raise a Native:5x5,1.171875,12.5,0.0,12.5,0.0,0.0,0.0,0.0,9.375,3.125,0.0,0.0,0.0,0.0,0.0,0.0,0.0,0.0,6.25,0.0
2015104126,サトノガーネット,https://db.netkeiba.com/horse/ped/2015104126/,PASS,Deep Impact,ビートリックスキッド Beatrix Kiddo,Victory Note,Sunday Silence,Alzao,Laquifan,Vali,Deep Impact,Hail to Reason,Northern Dancer,Northern Dancer,Deep Impact__X__Northern Dancer,Hail to Reason__X__Northern Dancer,Deep Impact__X__Vali,4,Goofed:5x5;Hail to Reason:4x5;Lyphard:4x4;Northern Dancer:4x5x5,1.953125,25.0,12.5,0.0,0.0,6.25,0.0,0.0,12.5,9.375,0.0,0.0,0.0,0.0,0.0,0.0,0.0,12.5,0.0,0.0
2015103383,ミッキーチャーム,https://db.netkeiba.com/horse/ped/2015103383/,PASS,Deep Impact,リップルスメイド Ripples Maid,Dansili,Sunday Silence,Alzao,Rivers Rhapsody,Red Robe,Deep Impact,Hail to Reason,Danzig,Northern Dancer,Deep Impact__X__Danzig,Hail to Reason__X__Northern Dancer,Deep Impact__X__Red Robe,1,Northern Dancer:5x5,0.1953125,25.0,6.25,0.0,0.0,0.0,0.0,6.25,12.5,6.25,0.0,0.0,0.0,0.0,0.0,0.0,0.0,6.25,0.0,0.0
2015104352,ゴージャスランチ,https://db.netkeiba.com/horse/ped/2015104352/,PASS,マンハッタンカフェ,シーキングマイラブ,Seeking the Gold,Sunday Silence,Law Society,クイーンモード Queen Maud,Matina,Sunday Silence,Hail to Reason,Mr. Prospector,Native Dancer,Sunday Silence__X__Mr. Prospector,Hail to Reason__X__Native Dancer,Sunday Silence__X__Matina,0,,0.0,25.0,0.0,12.5,0.0,0.0,0.0,0.0,12.5,6.25,0.0,0.0,0.0,0.0,0.0,0.0,0.0,0.0,6.25,3.125
2015105036,プリモシーン,https://db.netkeiba.com/horse/ped/2015105036/,PASS,Deep Impact,モシーン Mosheen,Fastnet Rock,Sunday Silence,Alzao,Sumehra,Cathedra,Deep Impact,Hail to Reason,Danzig,Northern Dancer,Deep Impact__X__Danzig,Hail to Reason__X__Northern Dancer,Deep Impact__X__Cathedra,1,Northern Dancer:5x5x5,0.390625,25.0,9.375,0.0,0.0,0.0,0.0,6.25,12.5,6.25,0.0,0.0,3.125,6.25,0.0,0.0,0.0,6.25,0.0,0.0
2015104925,ダンサール,https://db.netkeiba.com/horse/ped/2015104925/,PASS,Heart's Cry,バラダセール Balada Sale,Not for Sale,Sunday Silence,Tony Bin,La Balada,Good Star,Heart's Cry,Hail to Reason,Not for Sale,Not for Sale,Heart's Cry__X__Not for Sale,Hail to Reason__X__Not for Sale,Heart's Cry__X__Good Star,1,Lyphard:4x5,0.390625,25.0,3.125,0.0,0.0,0.0,0.0,0.0,12.5,6.25,0.0,0.0,0.0,0.0,0.0,0.0,12.5,9.375,0.0,0.0
2015101654,アフリカンゴールド,https://db.netkeiba.com/horse/ped/2015101654/,PASS,Stay Gold,ブリクセン Blixen,Gone West,Sunday Silence,ディクタス Dictus,Danish,Mesopotamia,Stay Gold,Hail to Reason,Mr. Prospector,Native Dancer,Stay Gold__X__Mr. Prospector,Hail to Reason__X__Native Dancer,Stay Gold__X__Mesopotamia,1,Northern Dancer:5x5,0.1953125,25.0,6.25,12.5,0.0,0.0,0.0,6.25,12.5,6.25,0.0,0.0,0.0,0.0,0.0,0.0,0.0,0.0,6.25,3.125
2015105075,フィエールマン,https://db.netkeiba.com/horse/ped/2015105075/,PASS,Deep Impact,リュヌドール Lune d'Or,Green Tune,Sunday Silence,Alzao,Luth d'Or,Malveillante,Deep Impact,Hail to Reason,Nijinsky,Northern Dancer,Deep Impact__X__Nijinsky,Hail to Reason__X__Northern Dancer,Deep Impact__X__Malveillante,1,Northern Dancer:5x5,0.1953125,25.0,6.25,6.25,0.0,0.0,0.0,0.0,12.5,6.25,0.0,0.0,6.25,0.0,0.0,0.0,0.0,6.25,3.125,0.0
2015104797,グロンディオーズ,https://db.netkeiba.com/horse/ped/2015104797/,PASS,ルーラーシップ,シェリール,Sunday Silence,King Kamehameha,Tony Bin,ジェドゥーザムール J'ai Deux Amours,Parabola,King Kamehameha,Native Dancer,Sunday Silence,Hail to Reason,King Kamehameha__X__Sunday Silence,Native Dancer__X__Hail to Reason,King Kamehameha__X__Parabola,0,,0.0,25.0,3.125,6.25,12.5,0.0,0.0,0.0,12.5,6.25,0.0,0.0,0.0,3.125,0.0,0.0,12.5,0.0,3.125,0.0
2012101505,ブラックムーン,https://db.netkeiba.com/horse/ped/2012101505/,PASS,アドマイヤムーン,ロイヤルアタック,ジェネラス Generous,エンドスウィープ End Sweep,Sunday Silence,ヌーベルマリエ,Batteur,Mr. Prospector,Native Dancer,Nijinsky,Northern Dancer,Mr. Prospector__X__Nijinsky,Native Dancer__X__Northern Dancer,Mr. Prospector__X__Batteur,2,Northern Dancer:5x5;Tom Rolfe:4x5,0.5859375,12.5,6.25,6.25,0.0,0.0,0.0,0.0,6.25,3.125,0.0,0.0,6.25,0.0,0.0,0.0,0.0,0.0,3.125,0.0
2013102716,マコトガラハッド,https://db.netkeiba.com/horse/ped/2013102716/,PASS,スズカマンボ,マコトコーラン,ブライアンズタイム Brian's Time,Sunday Silence,Kingmambo,ビットオブフェイス Bit of Faith,Statute,Sunday Silence,Hail to Reason,Roberto,Hail to Reason,Sunday Silence__X__Roberto,Hail to Reason__X__Hail to Reason,Sunday Silence__X__Statute,5,Hail to Reason:4x4;Northern Dancer:4x5;Nothirdchance:5x5;Raise a Native:5x5;Turn-to:5x5,1.7578125,25.0,9.375,6.25,12.5,12.5,0.0,0.0,12.5,12.5,0.0,0.0,6.25,3.125,0.0,0.0,0.0,0.0,6.25,0.0
2013105230,ルックトゥワイス,https://db.netkeiba.com/horse/ped/2013105230/,PASS,Stay Gold,エスユーエフシー Esyoueffcee,Alzao,Sunday Silence,ディクタス Dictus,Familiar,Kerala,Stay Gold,Hail to Reason,Lyphard,Northern Dancer,Stay Gold__X__Lyphard,Hail to Reason__X__Northern Dancer,Stay Gold__X__Kerala,1,Northern Dancer:4x5,0.390625,25.0,9.375,0.0,0.0,0.0,0.0,0.0,12.5,6.25,0.0,0.0,0.0,0.0,0.0,0.0,0.0,12.5,0.0,0.0
2013105816,コルコバード,https://db.netkeiba.com/horse/ped/2013105816/,PASS,Stay Gold,エンシェントヒル,エンドスウィープ End Sweep,Sunday Silence,ディクタス Dictus,アズテックヒル Aztec Hill,ゲーベル,Stay Gold,Hail to Reason,Mr. Prospector,Native Dancer,Stay Gold__X__Mr. Prospector,Hail to Reason__X__Native Dancer,Stay Gold__X__ゲーベル,2,Northern Dancer:5x5;Raise a Native:5x5,0.1953125,25.0,6.25,6.25,0.0,0.0,0.0,0.0,12.5,6.25,0.0,0.0,0.0,0.0,0.0,0.0,0.0,0.0,6.25,0.0
2016104778,クラージュゲリエ,https://db.netkeiba.com/horse/ped/2016104778/,PASS,King Kamehameha,ジュモー,タニノギムレット,Kingmambo,ラストタイクーン Last Tycoon,ビスクドール,Likely Exchange,King Kamehameha,Native Dancer,Roberto,Hail to Reason,King Kamehameha__X__Roberto,Native Dancer__X__Hail to Reason,King Kamehameha__X__Likely Exchange,4,Hail to Reason:5x5;Northern Dancer:5x5x5;Nureyev:4x4;Special:5x5,1.3671875,12.5,9.375,12.5,25.0,6.25,0.0,0.0,6.25,6.25,0.0,0.0,0.0,12.5,0.0,0.0,0.0,0.0,6.25,3.125
2016104854,ワールドプレミア,https://db.netkeiba.com/horse/ped/2016104854/,PASS,Deep Impact,マンデラ Mandela,Acatenango,Sunday Silence,Alzao,Mandellicht,Mariapolis,Deep Impact,Hail to Reason,Acatenango,Acatenango,Deep Impact__X__Acatenango,Hail to Reason__X__Acatenango,Deep Impact__X__Mariapolis,1,Northern Dancer:4x5,0.390625,25.0,9.375,0.0,0.0,0.0,0.0,0.0,12.5,6.25,0.0,0.0,0.0,0.0,0.0,0.0,0.0,6.25,0.0,0.0
2016104431,スズカカナロア,https://db.netkeiba.com/horse/ped/2016104431/,PASS,ロードカナロア,エカルラート,Heart's Cry,King Kamehameha,Storm Cat,スカーレットローズ,La Menina,King Kamehameha,Native Dancer,Heart's Cry,Hail to Reason,King Kamehameha__X__Heart's Cry,Native Dancer__X__Hail to Reason,King Kamehameha__X__La Menina,1,Northern Dancer:4x5,0.390625,12.5,9.375,6.25,12.5,0.0,0.0,0.0,6.25,3.125,0.0,0.0,0.0,3.125,12.5,0.0,6.25,3.125,3.125,0.0
2016105011,ペルソナデザイン,https://db.netkeiba.com/horse/ped/2016105011/,PASS,Heart's Cry,コマーサント Commercante,Marchand de Sable,Sunday Silence,Tony Bin,Deception,Gay Fairy,Heart's Cry,Hail to Reason,Nureyev,Northern Dancer,Heart's Cry__X__Nureyev,Hail to Reason__X__Northern Dancer,Heart's Cry__X__Gay Fairy,2,Kalamoun:5x5;Northern Dancer:5x5,0.390625,25.0,6.25,0.0,0.0,0.0,0.0,0.0,12.5,6.25,0.0,0.0,0.0,6.25,0.0,0.0,12.5,6.25,0.0,0.0
2016106169,ミヤケ,https://db.netkeiba.com/horse/ped/2016106169/,PASS,ディープブリランテ,チャチャリーノ,Unbridled's Song,Deep Impact,Loup Sauvage,パーレイ Parlay,Brightest Star,Deep Impact,Hail to Reason,Mr. Prospector,Native Dancer,Deep Impact__X__Mr. Prospector,Hail to Reason__X__Native Dancer,Deep Impact__X__Brightest Star,0,,0.0,12.5,0.0,3.125,0.0,0.0,0.0,0.0,6.25,3.125,0.0,0.0,0.0,3.125,0.0,0.0,0.0,3.125,0.0,0.0
2016102396,ブレイキングドーン,https://db.netkeiba.com/horse/ped/2016102396/,PASS,ヴィクトワールピサ,アグネスサクラ,ホワイトマズル White Muzzle,ネオユニヴァース,Machiavellian,アグネスパサー,アグネスレディー,Sunday Silence,Hail to Reason,Lyphard,Northern Dancer,Sunday Silence__X__Lyphard,Hail to Reason__X__Northern Dancer,Sunday Silence__X__アグネスレディー,2,Halo:4x5;Mr. Prospector:4x5,0.390625,12.5,3.125,9.375,6.25,0.0,3.125,0.0,9.375,3.125,0.0,0.0,0.0,0.0,0.0,0.0,6.25,6.25,3.125,0.0
2016100305,セイカヤマノ,https://db.netkeiba.com/horse/ped/2016100305/,PASS,ローズキングダム,セイカシミズダニ,レジェンドテイオー,King Kamehameha,Sunday Silence,キオイルビー,名月,King Kamehameha,Native Dancer,Northern Dancer,Northern Dancer,King Kamehameha__X__Northern Dancer,Native Dancer__X__Northern Dancer,King Kamehameha__X__名月,0,,0.0,12.5,6.25,6.25,12.5,0.0,0.0,0.0,6.25,3.125,0.0,0.0,0.0,3.125,0.0,0.0,0.0,3.125,3.125,0.0
2016104626,ミッキーブラック,https://db.netkeiba.com/horse/ped/2016104626/,PASS,ブラックタイド,マラコスタムブラダ Malacostumbrada,Lizard Island,Sunday Silence,Alzao,Mapul Wells,Pulidez,Sunday Silence,Hail to Reason,Danzig,Northern Dancer,Sunday Silence__X__Danzig,Hail to Reason__X__Northern Dancer,Sunday Silence__X__Pulidez,1,Northern Dancer:5x5,0.1953125,25.0,6.25,0.0,0.0,0.0,6.25,3.125,12.5,6.25,0.0,0.0,3.125,0.0,0.0,0.0,0.0,6.25,0.0,0.0
2016104495,ショウリュウイクゾ,https://db.netkeiba.com/horse/ped/2016104495/,PASS,オルフェーヴル,ショウリュウムーン,King Kamehameha,Stay Gold,メジロマックイーン,ムーンザドリーム,ラインランド,Stay Gold,Hail to Reason,King Kamehameha,Native Dancer,Stay Gold__X__King Kamehameha,Hail to Reason__X__Native Dancer,Stay Gold__X__ラインランド,4,Halo:4x5;Northern Taste:4x5;Sunday Silence:3x4;Wishing Well:4x5,2.34375,18.75,3.125,6.25,12.5,0.0,0.0,0.0,9.375,3.125,0.0,0.0,3.125,3.125,0.0,0.0,0.0,0.0,3.125,0.0
2015104624,ハッピーグリン,https://db.netkeiba.com/horse/ped/2015104624/,PASS,ローエングリン,レディセラヴィ,アグネスタキオン,Singspiel,Garde Royale,レディセラフィム,Stick to Beauty,Sadler's Wells,Northern Dancer,Sunday Silence,Hail to Reason,Sadler's Wells__X__Sunday Silence,Northern Dancer__X__Hail to Reason,Sadler's Wells__X__Stick to Beauty,5,Cosmah:5x5;Hail to Reason:5x5x5;Halo:4x4;Nijinsky:4x5;Northern Dancer:5x5,1.5625,12.5,6.25,3.125,0.0,6.25,6.25,0.0,12.5,9.375,0.0,0.0,9.375,0.0,0.0,0.0,0.0,0.0,0.0,0.0
2012100276,ララエクラテール,https://db.netkeiba.com/horse/ped/2012100276/,PASS,Stay Gold,オリミツキネン,ジャッジアンジェルーチ Judge Angelucci,Sunday Silence,ディクタス Dictus,ウサロマン,ÇîÌ ̄,Stay Gold,Hail to Reason,ジャッジアンジェルーチ Judge Angelucci,ジャッジアンジェルーチ Judge Angelucci,Stay Gold__X__ジャッジアンジェルーチ Judge Angelucci,Hail to Reason__X__ジャッジアンジェルーチ Judge Angelucci,Stay Gold__X__ÇîÌ ̄,0,,0.0,25.0,3.125,0.0,0.0,0.0,0.0,0.0,12.5,6.25,0.0,0.0,0.0,0.0,0.0,0.0,0.0,0.0,0.0,0.0
2013105450,マサハヤダイヤ,https://db.netkeiba.com/horse/ped/2013105450/,PASS,ハービンジャー Harbinger,ココモオレンジ,King Kamehameha,Dansili,Bering,オレンジピール,Sally Ship,Danzig,Northern Dancer,King Kamehameha,Native Dancer,Danzig__X__King Kamehameha,Northern Dancer__X__Native Dancer,Danzig__X__Sally Ship,2,Northern Dancer:5x5;Raise a Native:5x5,0.0,12.5,6.25,6.25,12.5,0.0,0.0,6.25,6.25,3.125,0.0,0.0,0.0,3.125,0.0,0.0,0.0,3.125,6.25,0.0
2014105427,エアウィンザー,https://db.netkeiba.com/horse/ped/2014105427/,PASS,King Kamehameha,エアメサイア,Sunday Silence,Kingmambo,ラストタイクーン Last Tycoon,エアデジャヴー,Tobacco Trail,King Kamehameha,Native Dancer,Sunday Silence,Hail to Reason,King Kamehameha__X__Sunday Silence,Native Dancer__X__Hail to Reason,King Kamehameha__X__Tobacco Trail,1,Northern Dancer:4x5x5,0.78125,25.0,12.5,12.5,25.0,0.0,0.0,0.0,12.5,6.25,0.0,0.0,0.0,6.25,0.0,0.0,0.0,0.0,6.25,3.125
2011101125,オジュウチョウサン,https://db.netkeiba.com/horse/ped/2011101125/,PASS,Stay Gold,シャドウシルエット,シンボリクリスエス,Sunday Silence,ディクタス Dictus,ユーワジョイナー,Tarara,Stay Gold,Hail to Reason,Roberto,Hail to Reason,Stay Gold__X__Roberto,Hail to Reason__X__Hail to Reason,Stay Gold__X__Tarara,1,Hail to Reason:4x5,0.390625,25.0,3.125,0.0,0.0,6.25,0.0,0.0,12.5,9.375,3.125,0.0,0.0,0.0,0.0,0.0,0.0,0.0,0.0,0.0
2016103444,ニシノデイジー,https://db.netkeiba.com/horse/ped/2016103444/,PASS,ハービンジャー Harbinger,ニシノヒナギク,アグネスタキオン,Dansili,Bering,ニシノミライ,Fabulous Fraud,Danzig,Northern Dancer,Sunday Silence,Hail to Reason,Danzig__X__Sunday Silence,Northern Dancer__X__Hail to Reason,Danzig__X__Fabulous Fraud,2,Danzig:4x5;Northern Dancer:5x5,0.390625,12.5,6.25,0.0,0.0,0.0,0.0,9.375,6.25,3.125,0.0,0.0,3.125,0.0,0.0,0.0,0.0,3.125,0.0,0.0
2016106594,キングリスティア,https://db.netkeiba.com/horse/ped/2016106594/,PASS,ベルシャザール,リスティアアスリー,スピニングワールド Spinning World,King Kamehameha,Sunday Silence,エリモシューテング,Batteur,King Kamehameha,Native Dancer,Nureyev,Northern Dancer,King Kamehameha__X__Nureyev,Native Dancer__X__Northern Dancer,King Kamehameha__X__Batteur,2,Northern Dancer:4x5;Nureyev:3x5,1.171875,12.5,9.375,6.25,12.5,0.0,0.0,0.0,6.25,3.125,0.0,0.0,0.0,15.625,0.0,0.0,0.0,0.0,3.125,0.0
2016100550,ヒルノダカール,https://db.netkeiba.com/horse/ped/2016100550/,PASS,ヴィクトワールピサ,タイムフェアレディ,メジロマックイーン,ネオユニヴァース,Machiavellian,トキファイター,カネスカイ,Sunday Silence,Hail to Reason,メジロマックイーン,メジロマックイーン,Sunday Silence__X__メジロマックイーン,Hail to Reason__X__メジロマックイーン,Sunday Silence__X__カネスカイ,1,Halo:4x5,0.0,12.5,0.0,6.25,0.0,0.0,0.0,0.0,9.375,3.125,0.0,0.0,0.0,0.0,0.0,0.0,0.0,0.0,3.125,3.125
2016104505,サートゥルナーリア,https://db.netkeiba.com/horse/ped/2016104505/,PASS,ロードカナロア,シーザリオ,スペシャルウィーク,King Kamehameha,Storm Cat,キロフプリミエール Kirov Premiere,Pia,King Kamehameha,Native Dancer,Sunday Silence,Hail to Reason,King Kamehameha__X__Sunday Silence,Native Dancer__X__Hail to Reason,King Kamehameha__X__Pia,1,Northern Dancer:4x5,0.390625,12.5,9.375,6.25,12.5,0.0,12.5,0.0,6.25,3.125,0.0,0.0,3.125,3.125,12.5,0.0,0.0,0.0,3.125,0.0
2016103498,ハクサンタイヨウ,https://db.netkeiba.com/horse/ped/2016103498/,PASS,ブラックタイド,クルンプホルツ,シンボリクリスエス,Sunday Silence,Alzao,ニシノエルハーブ,Fille Sifflante,Sunday Silence,Hail to Reason,Roberto,Hail to Reason,Sunday Silence__X__Roberto,Hail to Reason__X__Hail to Reason,Sunday Silence__X__Fille Sifflante,4,Alzao:3x4;Hail to Reason:4x5;Lady Rebecca:4x5;Lyphard:4x5,2.734375,25.0,3.125,0.0,0.0,6.25,0.0,3.125,12.5,9.375,3.125,0.0,0.0,0.0,0.0,0.0,0.0,9.375,0.0,0.0
2016104702,アドマイヤジャスタ,https://db.netkeiba.com/horse/ped/2016104702/,PASS,ジャスタウェイ,アドマイヤテレサ,エリシオ Helissio,Heart's Cry,Wild Again,ヒード Heed,Spy Demon,Heart's Cry,Hail to Reason,Northern Dancer,Northern Dancer,Heart's Cry__X__Northern Dancer,Hail to Reason__X__Northern Dancer,Heart's Cry__X__Spy Demon,2,Nearctic:5x5;Northern Dancer:4x5,0.1953125,12.5,9.375,0.0,0.0,0.0,0.0,0.0,6.25,3.125,3.125,0.0,6.25,0.0,0.0,0.0,6.25,3.125,0.0,0.0
2016105169,ジャストアジゴロ,https://db.netkeiba.com/horse/ped/2016105169/,PASS,ノヴェリスト Novellist,ピューマカフェ,Sunday Silence,Monsun,Lagunas,セトフローリアンII Seto Flowerian,Wiley Trade,ノヴェリスト Novellist,ノヴェリスト Novellist,Sunday Silence,Hail to Reason,ノヴェリスト Novellist__X__Sunday Silence,ノヴェリスト Novellist__X__Hail to Reason,ノヴェリスト Novellist__X__Wiley Trade,2,Literat:5x5;Nijinsky:5x5,0.1953125,25.0,3.125,6.25,0.0,0.0,0.0,0.0,12.5,6.25,0.0,0.0,6.25,0.0,0.0,0.0,0.0,0.0,3.125,0.0
2016105087,マードレヴォイス,https://db.netkeiba.com/horse/ped/2016105087/,PASS,ダイワメジャー,ソウルフルヴォイス,King Kamehameha,Sunday Silence,Northern Taste,トレアンサンブル,マジックゴデイス,Sunday Silence,Hail to Reason,King Kamehameha,Native Dancer,Sunday Silence__X__King Kamehameha,Hail to Reason__X__Native Dancer,Sunday Silence__X__マジックゴデイス,3,Lady Victoria:4x5;Northern Dancer:4x5;Northern Taste:3x4,2.34375,25.0,9.375,6.25,12.5,0.0,0.0,0.0,12.5,6.25,0.0,0.0,0.0,3.125,0.0,0.0,12.5,0.0,3.125,0.0
2016105067,ヴァンドギャルド,https://db.netkeiba.com/horse/ped/2016105067/,PASS,Deep Impact,スキア,Motivator,Sunday Silence,Alzao,Light Quest,African Doll,Deep Impact,Hail to Reason,Sadler's Wells,Northern Dancer,Deep Impact__X__Sadler's Wells,Hail to Reason__X__Northern Dancer,Deep Impact__X__African Doll,1,Northern Dancer:5x5,0.1953125,25.0,6.25,3.125,0.0,0.0,6.25,3.125,12.5,6.25,0.0,0.0,0.0,0.0,0.0,0.0,0.0,6.25,0.0,0.0
2016106109,タニノドラマ,https://db.netkeiba.com/horse/ped/2016106109/,PASS,タニノギムレット,ブライダルベール,King Kamehameha,ブライアンズタイム Brian's Time,クリスタルパレス Crystal Palace,ファンシーブライド,Fanciful Miss,Roberto,Hail to Reason,King Kamehameha,Native Dancer,Roberto__X__King Kamehameha,Hail to Reason__X__Native Dancer,Roberto__X__Fanciful Miss,1,Graustark:4x5,0.0,0.0,6.25,6.25,12.5,12.5,0.0,0.0,0.0,6.25,0.0,0.0,0.0,3.125,0.0,0.0,0.0,0.0,3.125,0.0
2016100763,コスモカレンドゥラ,https://db.netkeiba.com/horse/ped/2016100763/,PASS,ノヴェリスト Novellist,ミルルーテウス,アグネスタキオン,Monsun,Lagunas,ミルレーサー Millracer,Milan Mill,ノヴェリスト Novellist,ノヴェリスト Novellist,Sunday Silence,Hail to Reason,ノヴェリスト Novellist__X__Sunday Silence,ノヴェリスト Novellist__X__Hail to Reason,ノヴェリスト Novellist__X__Milan Mill,2,Literat:5x5;Nijinsky:5x5,0.1953125,12.5,3.125,0.0,0.0,0.0,0.0,0.0,6.25,3.125,0.0,0.0,6.25,0.0,0.0,0.0,0.0,0.0,0.0,0.0
2014106166,ランガディア,https://db.netkeiba.com/horse/ped/2014106166/,PASS,King Kamehameha,マリーシャンタル,Sunday Silence,Kingmambo,ラストタイクーン Last Tycoon,ダイナカール,Feather Ball,King Kamehameha,Native Dancer,Sunday Silence,Hail to Reason,King Kamehameha__X__Sunday Silence,Native Dancer__X__Hail to Reason,King Kamehameha__X__Feather Ball,1,Northern Dancer:4x5x5,0.78125,25.0,12.5,12.5,25.0,0.0,0.0,0.0,12.5,6.25,0.0,0.0,0.0,6.25,0.0,0.0,0.0,0.0,6.25,3.125
2012104685,ヤングマンパワー,https://db.netkeiba.com/horse/ped/2012104685/,PASS,スニッツェル Snitzel,スナップショット,Sunday Silence,Redoute's Choice,Snippets,ルフィーラ Lufira,Tobira Celeste,Danzig,Northern Dancer,Sunday Silence,Hail to Reason,Danzig__X__Sunday Silence,Northern Dancer__X__Hail to Reason,Danzig__X__Tobira Celeste,1,Northern Dancer:4x5x5,0.78125,25.0,12.5,0.0,0.0,0.0,0.0,6.25,12.5,6.25,0.0,0.0,3.125,12.5,0.0,0.0,0.0,0.0,0.0,0.0
2016104344,カイザースクルーン,https://db.netkeiba.com/horse/ped/2016104344/,PASS,ルーラーシップ,アイスフォーリス,Stay Gold,King Kamehameha,Tony Bin,リリウム,Charming Alibi,King Kamehameha,Native Dancer,Stay Gold,Hail to Reason,King Kamehameha__X__Stay Gold,Native Dancer__X__Hail to Reason,King Kamehameha__X__Charming Alibi,1,Northern Taste:4x5,0.390625,12.5,3.125,6.25,12.5,0.0,0.0,0.0,6.25,3.125,0.0,0.0,0.0,3.125,0.0,3.125,12.5,0.0,3.125,0.0
2016104851,ヒンドゥタイムズ,https://db.netkeiba.com/horse/ped/2016104851/,PASS,ハービンジャー Harbinger,マハーバーラタ,Deep Impact,Dansili,Bering,マハーブ Mahab,The Bride,Danzig,Northern Dancer,Deep Impact,Hail to Reason,Danzig__X__Deep Impact,Northern Dancer__X__Hail to Reason,Danzig__X__The Bride,2,Lyphard:5x5;Northern Dancer:4x5x5,0.9765625,12.5,12.5,0.0,0.0,0.0,0.0,6.25,6.25,3.125,0.0,0.0,0.0,12.5,0.0,0.0,0.0,6.25,0.0,0.0
2016100302,クリスタルバローズ,https://db.netkeiba.com/horse/ped/2016100302/,PASS,ヴィクトワールピサ,クロスバラード,タイキシャトル,ネオユニヴァース,Machiavellian,エンドレスメロディ,Grecian Melody,Sunday Silence,Hail to Reason,Halo,Hail to Reason,Sunday Silence__X__Halo,Hail to Reason__X__Hail to Reason,Sunday Silence__X__Grecian Melody,4,Cosmah:5x5;Hail to Reason:5x5;Halo:4x4x5;Nijinsky:5x5,1.5625,12.5,0.0,6.25,0.0,3.125,0.0,0.0,15.625,6.25,0.0,0.0,6.25,0.0,0.0,0.0,0.0,0.0,3.125,0.0
2016104650,ランフォザローゼス,https://db.netkeiba.com/horse/ped/2016104650/,PASS,King Kamehameha,ラストグルーヴ,Deep Impact,Kingmambo,ラストタイクーン Last Tycoon,エアグルーヴ,パロクサイド,King Kamehameha,Native Dancer,Deep Impact,Hail to Reason,King Kamehameha__X__Deep Impact,Native Dancer__X__Hail to Reason,King Kamehameha__X__パロクサイド,1,Northern Dancer:5x5x5,0.390625,12.5,9.375,12.5,25.0,0.0,0.0,0.0,6.25,3.125,0.0,0.0,0.0,6.25,0.0,0.0,12.5,3.125,6.25,3.125
2016104711,カテドラル,https://db.netkeiba.com/horse/ped/2016104711/,PASS,Heart's Cry,アビラ Abyla,ロックオブジブラルタル,Sunday Silence,Tony Bin,Animatrice,Americaine,Heart's Cry,Hail to Reason,Danzig,Northern Dancer,Heart's Cry__X__Danzig,Hail to Reason__X__Northern Dancer,Heart's Cry__X__Americaine,1,Northern Dancer:5x5x5,0.390625,25.0,9.375,0.0,0.0,0.0,0.0,6.25,12.5,6.25,0.0,0.0,0.0,0.0,0.0,0.0,12.5,6.25,0.0,0.0
2016105239,ラストドラフト,https://db.netkeiba.com/horse/ped/2016105239/,PASS,ノヴェリスト Novellist,マルセリーナ,Deep Impact,Monsun,Lagunas,マルバイユ Marbye,Miss Puddleduck,ノヴェリスト Novellist,ノヴェリスト Novellist,Deep Impact,Hail to Reason,ノヴェリスト Novellist__X__Deep Impact,ノヴェリスト Novellist__X__Hail to Reason,ノヴェリスト Novellist__X__Miss Puddleduck,1,Literat:5x5,0.0,12.5,3.125,0.0,0.0,0.0,0.0,0.0,6.25,3.125,0.0,0.0,3.125,0.0,0.0,0.0,0.0,3.125,0.0,0.0
2016106428,カフジジュピター,https://db.netkeiba.com/horse/ped/2016106428/,PASS,Deep Impact,レインデート Rain Date,Unbridled's Song,Sunday Silence,Alzao,Missed the Storm,Twice Over,Deep Impact,Hail to Reason,Mr. Prospector,Native Dancer,Deep Impact__X__Mr. Prospector,Hail to Reason__X__Native Dancer,Deep Impact__X__Twice Over,1,Northern Dancer:5x5,0.1953125,25.0,6.25,3.125,0.0,0.0,0.0,0.0,12.5,6.25,0.0,0.0,0.0,0.0,12.5,0.0,0.0,6.25,0.0,0.0
2016104451,シークレットラン,https://db.netkeiba.com/horse/ped/2016104451/,PASS,ダンカーク Dunkirk,カールファターレ,King Kamehameha,Unbridled's Song,A.P. Indy,エルフィンフェザー,パロクサイド,Mr. Prospector,Native Dancer,King Kamehameha,Native Dancer,Mr. Prospector__X__King Kamehameha,Native Dancer__X__Native Dancer,Mr. Prospector__X__パロクサイド,2,Mr. Prospector:4x5;Raise a Native:5x5,0.5859375,12.5,3.125,9.375,12.5,0.0,0.0,0.0,6.25,3.125,6.25,12.5,0.0,3.125,0.0,0.0,0.0,0.0,6.25,0.0
2016103387,ナイママ,https://db.netkeiba.com/horse/ped/2016103387/,PASS,ダノンバラード,ニシノマドカ,ジャングルポケット,Deep Impact,Unbridled,ニシノプロミネンス,エリシヤ,Deep Impact,Hail to Reason,Tony Bin,Tony Bin,Deep Impact__X__Tony Bin,Hail to Reason__X__Tony Bin,Deep Impact__X__エリシヤ,4,Cosmah:5x5;Hail to Reason:5x5x5;Halo:4x4;Northern Dancer:5x5,0.390625,12.5,6.25,3.125,0.0,6.25,0.0,0.0,12.5,9.375,0.0,0.0,0.0,6.25,0.0,0.0,12.5,3.125,0.0,0.0
2016100585,リーガルメイン,https://db.netkeiba.com/horse/ped/2016100585/,PASS,ハービンジャー Harbinger,アディアフォーン,ダンスインザダーク,Dansili,Bering,ファレノプシス,Fiji,Danzig,Northern Dancer,Sunday Silence,Hail to Reason,Danzig__X__Sunday Silence,Northern Dancer__X__Hail to Reason,Danzig__X__Fiji,2,Hail to Reason:5x5;Northern Dancer:5x5x5,0.390625,12.5,9.375,0.0,0.0,6.25,0.0,6.25,6.25,6.25,0.0,0.0,6.25,0.0,6.25,0.0,0.0,3.125,0.0,0.0
2016105206,ダノンラスター,https://db.netkeiba.com/horse/ped/2016105206/,PASS,Deep Impact,プリンセスオブシルマー Princess of Sylmar,マジェスティックウォリアー Majestic Warrior,Sunday Silence,Alzao,Storm Dixie,Chic Chuck,Deep Impact,Hail to Reason,A.P. Indy,Seattle Slew,Deep Impact__X__A.P. Indy,Hail to Reason__X__Seattle Slew,Deep Impact__X__Chic Chuck,3,Dixieland Band:4x5;Mr. Prospector:5x5;Northern Dancer:5x5,0.1953125,25.0,6.25,6.25,0.0,0.0,0.0,0.0,12.5,6.25,6.25,12.5,0.0,0.0,6.25,0.0,0.0,6.25,0.0,0.0
2014105837,レイズアベール,https://db.netkeiba.com/horse/ped/2014105837/,PASS,Heart's Cry,ヴェイルオブアヴァロン Veil of Avalon,サンダーガルチ Thunder Gulch,Sunday Silence,Tony Bin,ウインドインハーヘア Wind in Her Hair,Highlight,Heart's Cry,Hail to Reason,Mr. Prospector,Native Dancer,Heart's Cry__X__Mr. Prospector,Hail to Reason__X__Native Dancer,Heart's Cry__X__Highlight,3,Goofed:5x5;Lyphard:4x4;Northern Dancer:5x5x5,1.3671875,25.0,9.375,6.25,0.0,0.0,0.0,0.0,12.5,6.25,0.0,0.0,0.0,0.0,0.0,0.0,12.5,12.5,3.125,0.0
2015104671,ウラヌスチャーム,https://db.netkeiba.com/horse/ped/2015104671/,PASS,ルーラーシップ,アメジストリング,フジキセキ,King Kamehameha,Tony Bin,インフェイヴァー In Favor,Dame Fritchie,King Kamehameha,Native Dancer,Sunday Silence,Hail to Reason,King Kamehameha__X__Sunday Silence,Native Dancer__X__Hail to Reason,King Kamehameha__X__Dame Fritchie,0,,0.0,12.5,3.125,6.25,12.5,0.0,0.0,0.0,6.25,3.125,0.0,0.0,0.0,3.125,0.0,0.0,12.5,0.0,3.125,3.125
2011103348,ヤマニンエルフィン,https://db.netkeiba.com/horse/ped/2011103348/,PASS,スウィフトカレント,ヤマニングロワール,フレンチデピュティ French Deputy,Sunday Silence,Machiavellian,ワンオブアクライン One of a Klein,By Me,Sunday Silence,Hail to Reason,Deputy Minister,Northern Dancer,Sunday Silence__X__Deputy Minister,Hail to Reason__X__Northern Dancer,Sunday Silence__X__By Me,2,Halo:3x5;Northern Dancer:4x5,0.0,25.0,9.375,6.25,0.0,0.0,0.0,12.5,15.625,6.25,0.0,0.0,0.0,0.0,0.0,12.5,0.0,0.0,3.125,0.0
2013102575,カフェブリッツ,https://db.netkeiba.com/horse/ped/2013102575/,PASS,マンハッタンカフェ,カフェララルー,ストラヴィンスキー,Sunday Silence,Law Society,Careless Kitten,Flynet,Sunday Silence,Hail to Reason,Nureyev,Northern Dancer,Sunday Silence__X__Nureyev,Hail to Reason__X__Northern Dancer,Sunday Silence__X__Flynet,0,,0.0,25.0,6.25,3.125,0.0,0.0,0.0,0.0,12.5,6.25,0.0,0.0,0.0,12.5,0.0,0.0,0.0,0.0,0.0,0.0
2013100677,ピッツバーグ,https://db.netkeiba.com/horse/ped/2013100677/,PASS,ダノンシャンティ,メジロフランシス,カーネギー Carnegie,フジキセキ,Mark of Esteem,メジロモントレー,メジロクイン,Sunday Silence,Hail to Reason,Sadler's Wells,Northern Dancer,Sunday Silence__X__Sadler's Wells,Hail to Reason__X__Northern Dancer,Sunday Silence__X__メジロクイン,4,Cosmah:5x5;Hail to Reason:5x5;Halo:4x4;Northern Dancer:4x5,0.0,12.5,9.375,0.0,0.0,0.0,12.5,0.0,12.5,6.25,0.0,0.0,0.0,0.0,0.0,0.0,0.0,6.25,0.0,0.0
2016104632,カントル,https://db.netkeiba.com/horse/ped/2016104632/,PASS,Deep Impact,ミスアンコール,King Kamehameha,Sunday Silence,Alzao,ブロードアピール,Water Cress,Deep Impact,Hail to Reason,King Kamehameha,Native Dancer,Deep Impact__X__King Kamehameha,Hail to Reason__X__Native Dancer,Deep Impact__X__Water Cress,0,,0.0,25.0,3.125,6.25,12.5,0.0,0.0,0.0,12.5,6.25,0.0,0.0,0.0,3.125,0.0,0.0,0.0,6.25,3.125,0.0
2016104921,サトノラディウス,https://db.netkeiba.com/horse/ped/2016104921/,PASS,Deep Impact,アーヴェイ Ave,Danehill Dancer,Sunday Silence,Alzao,Anna Amalia,Anna Paola,Deep Impact,Hail to Reason,Danzig,Northern Dancer,Deep Impact__X__Danzig,Hail to Reason__X__Northern Dancer,Deep Impact__X__Anna Paola,1,Northern Dancer:5x5x5,0.390625,25.0,9.375,0.0,0.0,0.0,6.25,6.25,12.5,6.25,0.0,0.0,0.0,0.0,0.0,0.0,0.0,6.25,0.0,0.0
2016104372,シュヴァルツリーゼ,https://db.netkeiba.com/horse/ped/2016104372/,PASS,Heart's Cry,ソベラニア Soberania,Monsun,Sunday Silence,Tony Bin,Sasuela,Bravour,Heart's Cry,Hail to Reason,Monsun,Monsun,Heart's Cry__X__Monsun,Hail to Reason__X__Monsun,Heart's Cry__X__Bravour,0,,0.0,25.0,3.125,0.0,0.0,0.0,3.125,0.0,12.5,6.25,0.0,0.0,0.0,0.0,0.0,0.0,12.5,6.25,0.0,0.0
2016100272,ヴァンケドミンゴ,https://db.netkeiba.com/horse/ped/2016100272/,PASS,ルーラーシップ,アンフィルージュ,アグネスタキオン,King Kamehameha,Tony Bin,ウメノファイバー,ストロングベビー,King Kamehameha,Native Dancer,Sunday Silence,Hail to Reason,King Kamehameha__X__Sunday Silence,Native Dancer__X__Hail to Reason,King Kamehameha__X__ストロングベビー,1,Northern Dancer:5x5,0.1953125,12.5,6.25,6.25,12.5,0.0,0.0,0.0,6.25,3.125,0.0,0.0,3.125,3.125,0.0,0.0,12.5,0.0,3.125,0.0
2016101770,ラバストーン,https://db.netkeiba.com/horse/ped/2016101770/,PASS,ナカヤマフェスタ,アドマイヤイチ,ヘクタープロテクター Hector Protector,Stay Gold,タイトスポット Tight Spot,タガノアイリス,バンバレラ,Stay Gold,Hail to Reason,Mr. Prospector,Native Dancer,Stay Gold__X__Mr. Prospector,Hail to Reason__X__Native Dancer,Stay Gold__X__バンバレラ,1,Never Bend:5x5,0.0,12.5,0.0,6.25,0.0,0.0,0.0,3.125,6.25,3.125,0.0,0.0,0.0,0.0,0.0,0.0,12.5,3.125,3.125,0.0
2016102192,メイショウテンゲン,https://db.netkeiba.com/horse/ped/2016102192/,PASS,Deep Impact,メイショウベルーガ,フレンチデピュティ French Deputy,Sunday Silence,Alzao,パパゴ Papago,Chocolate Beau,Deep Impact,Hail to Reason,Deputy Minister,Northern Dancer,Deep Impact__X__Deputy Minister,Hail to Reason__X__Northern Dancer,Deep Impact__X__Chocolate Beau,1,Northern Dancer:4x5x5,0.5859375,25.0,12.5,0.0,0.0,0.0,12.5,0.0,12.5,6.25,0.0,0.0,0.0,0.0,0.0,12.5,0.0,6.25,0.0,0.0
2016104422,アドマイヤマーズ,https://db.netkeiba.com/horse/ped/2016104422/,PASS,ダイワメジャー,ヴィアメディチ,Medicean,Sunday Silence,Northern Taste,Via Milano,Renee Martin,Sunday Silence,Hail to Reason,Mr. Prospector,Native Dancer,Sunday Silence__X__Mr. Prospector,Hail to Reason__X__Native Dancer,Sunday Silence__X__Renee Martin,2,Halo:3x5x5;Northern Dancer:4x5,1.953125,25.0,9.375,6.25,0.0,0.0,3.125,0.0,18.75,6.25,0.0,0.0,0.0,0.0,0.0,0.0,0.0,0.0,3.125,0.0
2016104659,サトノルークス,https://db.netkeiba.com/horse/ped/2016104659/,PASS,Deep Impact,リッスン Listen,Sadler's Wells,Sunday Silence,Alzao,Brigid,Prayer Bell,Deep Impact,Hail to Reason,Sadler's Wells,Northern Dancer,Deep Impact__X__Sadler's Wells,Hail to Reason__X__Northern Dancer,Deep Impact__X__Prayer Bell,4,Almahmoud:5x5;Hail to Reason:4x5;Native Dancer:5x5;Northern Dancer:3x5,1.3671875,25.0,15.625,0.0,0.0,0.0,25.0,0.0,12.5,9.375,0.0,0.0,0.0,0.0,0.0,0.0,0.0,6.25,6.25,6.25
2016103137,ファンタジスト,https://db.netkeiba.com/horse/ped/2016103137/,PASS,ロードカナロア,ディープインアスク,Deep Impact,King Kamehameha,Storm Cat,マーズプリンセス,Carnival Queen,King Kamehameha,Native Dancer,Deep Impact,Hail to Reason,King Kamehameha__X__Deep Impact,Native Dancer__X__Hail to Reason,King Kamehameha__X__Carnival Queen,3,Hail to Reason:5x5;His Majesty:5x5;Northern Dancer:5x5,0.390625,12.5,6.25,6.25,12.5,6.25,0.0,6.25,6.25,6.25,0.0,0.0,0.0,3.125,12.5,0.0,0.0,3.125,3.125,0.0
2016102179,ダノンキングリー,https://db.netkeiba.com/horse/ped/2016102179/,PASS,Deep Impact,マイグッドネス,Storm Cat,Sunday Silence,Alzao,Caressing,Queen Hostess,Deep Impact,Hail to Reason,Storm Cat,Northern Dancer,Deep Impact__X__Storm Cat,Hail to Reason__X__Northern Dancer,Deep Impact__X__Queen Hostess,1,Northern Dancer:4x5,0.390625,25.0,9.375,0.0,0.0,0.0,0.0,0.0,12.5,6.25,0.0,0.0,0.0,0.0,25.0,0.0,0.0,6.25,3.125,0.0
2016106252,ランスオブプラーナ,https://db.netkeiba.com/horse/ped/2016106252/,PASS,ケープブランコ Cape Blanco,マイプラーナ,マンハッタンカフェ,Galileo,Presidium,チェリーコウマン,チェリーエクスポ,Sadler's Wells,Northern Dancer,Sunday Silence,Hail to Reason,Sadler's Wells__X__Sunday Silence,Northern Dancer__X__Hail to Reason,Sadler's Wells__X__チェリーエクスポ,1,Northern Dancer:4x5,0.390625,12.5,9.375,3.125,0.0,0.0,12.5,0.0,6.25,3.125,0.0,0.0,0.0,0.0,0.0,0.0,0.0,0.0,3.125,0.0
2016104529,ヴェロックス,https://db.netkeiba.com/horse/ped/2016104529/,PASS,ジャスタウェイ,セルキス Selkis,Monsun,Heart's Cry,Wild Again,Schwarzach,Semiramis,Heart's Cry,Hail to Reason,Monsun,Monsun,Heart's Cry__X__Monsun,Hail to Reason__X__Monsun,Heart's Cry__X__Semiramis,0,,0.0,12.5,0.0,0.0,0.0,0.0,0.0,3.125,6.25,3.125,0.0,0.0,3.125,0.0,0.0,0.0,6.25,3.125,0.0,0.0
2016104035,ダディーズマインド,https://db.netkeiba.com/horse/ped/2016104035/,PASS,トーセンホマレボシ,ケイティーズギフト,フレンチデピュティ French Deputy,Deep Impact,Northern Taste,ケイティーズファースト Katies First,Brabantia,Deep Impact,Hail to Reason,Deputy Minister,Northern Dancer,Deep Impact__X__Deputy Minister,Hail to Reason__X__Northern Dancer,Deep Impact__X__Brabantia,2,Nearctic:5x5;Northern Dancer:4x5,0.5859375,12.5,9.375,3.125,0.0,0.0,0.0,0.0,6.25,3.125,0.0,0.0,0.0,0.0,0.0,12.5,0.0,3.125,0.0,0.0
2016103690,クリノガウディー,https://db.netkeiba.com/horse/ped/2016103690/,PASS,スクリーンヒーロー,クリノビリオネア,ディアブロ Diablo,グラスワンダー,Sunday Silence,オプトライアン,コーラン,Roberto,Hail to Reason,Halo,Hail to Reason,Roberto__X__Halo,Hail to Reason__X__Hail to Reason,Roberto__X__コーラン,5,Cosmah:5x5;Hail to Reason:5x5x5;Halo:4x4;Northern Dancer:5x5x5;Northern Taste:4x5,2.1484375,12.5,9.375,0.0,0.0,6.25,0.0,6.25,12.5,9.375,0.0,0.0,0.0,0.0,0.0,0.0,0.0,0.0,0.0,0.0
2016100527,タガノディアマンテ,https://db.netkeiba.com/horse/ped/2016100527/,PASS,オルフェーヴル,タガノレヴェントン,King Kamehameha,Stay Gold,メジロマックイーン,フィバリッシュ,Likely Swap,Stay Gold,Hail to Reason,King Kamehameha,Native Dancer,Stay Gold__X__King Kamehameha,Hail to Reason__X__Native Dancer,Stay Gold__X__Likely Swap,3,Northern Dancer:5x5;Northern Taste:4x5;Nureyev:4x5,0.1953125,12.5,6.25,6.25,12.5,0.0,0.0,0.0,6.25,3.125,0.0,0.0,0.0,9.375,0.0,0.0,12.5,0.0,3.125,0.0
2016101366,ローズテソーロ,https://db.netkeiba.com/horse/ped/2016101366/,PASS,Heart's Cry,ロマンシエール,アグネスデジタル,Sunday Silence,Tony Bin,オグリローマン,センジユウ,Heart's Cry,Hail to Reason,Mr. Prospector,Native Dancer,Heart's Cry__X__Mr. Prospector,Hail to Reason__X__Native Dancer,Heart's Cry__X__センジユウ,0,,0.0,25.0,3.125,6.25,0.0,0.0,0.0,3.125,12.5,6.25,0.0,0.0,0.0,0.0,0.0,0.0,12.5,6.25,3.125,0.0
2016104791,シャドウディーヴァ,https://db.netkeiba.com/horse/ped/2016104791/,PASS,Heart's Cry,ダイヤモンドディーバ Diamond Diva,Dansili,Sunday Silence,Tony Bin,Vivianna,Anjuli,Heart's Cry,Hail to Reason,Danzig,Northern Dancer,Heart's Cry__X__Danzig,Hail to Reason__X__Northern Dancer,Heart's Cry__X__Anjuli,1,Northern Dancer:5x5x5,0.390625,25.0,9.375,0.0,0.0,0.0,0.0,6.25,12.5,6.25,0.0,0.0,0.0,0.0,0.0,0.0,12.5,6.25,0.0,0.0
2016104588,エトワール,https://db.netkeiba.com/horse/ped/2016104588/,PASS,ハービンジャー Harbinger,ファシネイション,シンボリクリスエス,Dansili,Bering,グローリアスデイズ,Sun Princess,Danzig,Northern Dancer,Roberto,Hail to Reason,Danzig__X__Roberto,Northern Dancer__X__Hail to Reason,Danzig__X__Sun Princess,2,Hail to Reason:5x5;Northern Dancer:5x5,0.0,12.5,6.25,0.0,0.0,6.25,3.125,6.25,6.25,6.25,3.125,0.0,0.0,0.0,0.0,0.0,6.25,3.125,0.0,0.0
2016104836,ウィクトーリア,https://db.netkeiba.com/horse/ped/2016104836/,PASS,ヴィクトワールピサ,ブラックエンブレム,ウォーエンブレム War Emblem,ネオユニヴァース,Machiavellian,ヴァンドノワール,Sovereign,Sunday Silence,Hail to Reason,Mr. Prospector,Native Dancer,Sunday Silence__X__Mr. Prospector,Hail to Reason__X__Native Dancer,Sunday Silence__X__Sovereign,4,Gold Digger:5x5;Halo:4x5;Mr. Prospector:4x4x5;Raise a Native:5x5,1.5625,12.5,0.0,15.625,0.0,0.0,0.0,0.0,9.375,3.125,0.0,0.0,0.0,0.0,0.0,0.0,0.0,0.0,6.25,0.0
2016104614,ペレ,https://db.netkeiba.com/horse/ped/2016104614/,PASS,Heart's Cry,ホットチャチャ Hot Cha Cha,Cactus Ridge,Sunday Silence,Tony Bin,Reduced Sentence,Clear Ceiling,Heart's Cry,Hail to Reason,Storm Cat,Northern Dancer,Heart's Cry__X__Storm Cat,Hail to Reason__X__Northern Dancer,Heart's Cry__X__Clear Ceiling,0,,0.0,25.0,3.125,3.125,0.0,0.0,0.0,3.125,12.5,6.25,0.0,0.0,0.0,0.0,6.25,0.0,12.5,6.25,0.0,0.0
2016100926,ウインゼノビア,https://db.netkeiba.com/horse/ped/2016100926/,PASS,スクリーンヒーロー,ゴシップクイーン,フレンチデピュティ French Deputy,グラスワンダー,Sunday Silence,レディゴシップ,Legendra,Roberto,Hail to Reason,Deputy Minister,Northern Dancer,Roberto__X__Deputy Minister,Hail to Reason__X__Northern Dancer,Roberto__X__Legendra,5,Bold Ruler:5x5;Hail to Reason:5x5;Lady Victoria:4x5;Northern Dancer:4x5x5x5;Northern Taste:3x4,3.125,12.5,15.625,0.0,0.0,6.25,0.0,6.25,6.25,6.25,0.0,0.0,0.0,0.0,0.0,12.5,0.0,0.0,0.0,0.0
2016103300,アモレッタ,https://db.netkeiba.com/horse/ped/2016103300/,PASS,Deep Impact,オペラクローク Opera Cloak,Cape Cross,Sunday Silence,Alzao,Opera Comique,Pearly Queen,Deep Impact,Hail to Reason,Danzig,Northern Dancer,Deep Impact__X__Danzig,Hail to Reason__X__Northern Dancer,Deep Impact__X__Pearly Queen,3,Halo:3x5;Northern Dancer:5x5;Sir Ivor:5x5,1.171875,25.0,6.25,0.0,0.0,0.0,3.125,6.25,15.625,6.25,0.0,0.0,0.0,0.0,0.0,0.0,0.0,6.25,0.0,0.0
2016104622,パッシングスルー,https://db.netkeiba.com/horse/ped/2016104622/,PASS,ルーラーシップ,マイティースルー,クロフネ,King Kamehameha,Tony Bin,スルーオール Slew All,Miss Fullhouse,King Kamehameha,Native Dancer,Deputy Minister,Northern Dancer,King Kamehameha__X__Deputy Minister,Native Dancer__X__Northern Dancer,King Kamehameha__X__Miss Fullhouse,3,Gold Digger:5x5;Mr. Prospector:4x4;Raise a Native:5x5,1.171875,0.0,3.125,12.5,12.5,0.0,0.0,0.0,0.0,0.0,12.5,0.0,0.0,3.125,0.0,6.25,12.5,0.0,6.25,0.0
2016104858,ジョディー,https://db.netkeiba.com/horse/ped/2016104858/,PASS,ダイワメジャー,ミスティークII Mystique,Monsun,Sunday Silence,Northern Taste,Montfleur,Admiring,Sunday Silence,Hail to Reason,Monsun,Monsun,Sunday Silence__X__Monsun,Hail to Reason__X__Monsun,Sunday Silence__X__Admiring,3,Natalma:5x5;Nearctic:5x5;Northern Dancer:4x4,1.171875,25.0,12.5,0.0,0.0,0.0,12.5,0.0,12.5,6.25,0.0,0.0,0.0,0.0,0.0,0.0,0.0,0.0,0.0,0.0
2016105276,セラピア,https://db.netkeiba.com/horse/ped/2016105276/,PASS,オルフェーヴル,ララア Laragh,Tapit,Stay Gold,メジロマックイーン,Rose of Summer,プライズクロッシング,Stay Gold,Hail to Reason,A.P. Indy,Seattle Slew,Stay Gold__X__A.P. Indy,Hail to Reason__X__Seattle Slew,Stay Gold__X__プライズクロッシング,2,Northern Dancer:5x5;Northern Taste:4x5,0.1953125,12.5,6.25,3.125,0.0,0.0,6.25,0.0,6.25,3.125,3.125,6.25,3.125,0.0,0.0,0.0,0.0,0.0,0.0,0.0
2016102312,ネリッサ,https://db.netkeiba.com/horse/ped/2016102312/,PASS,タートルボウル Turtle Bowl,ポーシア,Deep Impact,Dyhim Diamond,Top Ville,レディオブヴェニス Lady of Venice,Veruschka,Northern Dancer,Northern Dancer,Deep Impact,Hail to Reason,Northern Dancer__X__Deep Impact,Northern Dancer__X__Hail to Reason,Northern Dancer__X__Veruschka,1,Lyphard:5x5,0.0,12.5,6.25,3.125,0.0,3.125,0.0,0.0,6.25,3.125,0.0,0.0,0.0,3.125,0.0,0.0,0.0,6.25,0.0,0.0
2016104649,エアジーン,https://db.netkeiba.com/horse/ped/2016104649/,PASS,ハービンジャー Harbinger,ラスティングソング,フジキセキ,Dansili,Bering,ハルーワソング Halwa Song,Ballade,Danzig,Northern Dancer,Sunday Silence,Hail to Reason,Danzig__X__Sunday Silence,Northern Dancer__X__Hail to Reason,Danzig__X__Ballade,2,Halo:4x5;Northern Dancer:4x5x5,0.78125,12.5,12.5,0.0,0.0,0.0,0.0,6.25,9.375,3.125,0.0,0.0,0.0,12.5,0.0,0.0,0.0,3.125,0.0,0.0
2016104596,フォークテイル,https://db.netkeiba.com/horse/ped/2016104596/,PASS,ロードカナロア,フォルクローレ,ダンスインザダーク,King Kamehameha,Storm Cat,アンデスレディー,レデイチヤツター,King Kamehameha,Native Dancer,Sunday Silence,Hail to Reason,King Kamehameha__X__Sunday Silence,Native Dancer__X__Hail to Reason,King Kamehameha__X__レデイチヤツター,1,Northern Dancer:4x5x5,0.5859375,12.5,12.5,6.25,12.5,0.0,0.0,0.0,6.25,3.125,0.0,0.0,6.25,3.125,12.5,0.0,0.0,0.0,3.125,0.0
2016104896,イノセントミューズ,https://db.netkeiba.com/horse/ped/2016104896/,PASS,ヴィクトワールピサ,アイアムラヴィング,ファルブラヴ Falbrav,ネオユニヴァース,Machiavellian,プラウドウイングス Proudwings,Perine,Sunday Silence,Hail to Reason,Northern Dancer,Northern Dancer,Sunday Silence__X__Northern Dancer,Hail to Reason__X__Northern Dancer,Sunday Silence__X__Perine,2,Halo:4x5;Sharpen Up:5x5,0.1953125,12.5,6.25,6.25,0.0,0.0,0.0,0.0,9.375,3.125,3.125,0.0,0.0,0.0,0.0,0.0,0.0,0.0,3.125,0.0
2016110034,ヴィエナブロー,https://db.netkeiba.com/horse/ped/2016110034/,PASS,Camelot,Danish Delight,Danehill Dancer,Montjeu,Kingmambo,Premiere Creation,Alea,Sadler's Wells,Northern Dancer,Danzig,Northern Dancer,Sadler's Wells__X__Danzig,Northern Dancer__X__Northern Dancer,Sadler's Wells__X__Alea,4,Danzig:4x5;Mr. Prospector:4x5x5;Northern Dancer:4x5;Razyana:4x5,1.953125,0.0,9.375,12.5,12.5,0.0,12.5,9.375,0.0,0.0,0.0,0.0,3.125,3.125,0.0,0.0,0.0,0.0,3.125,0.0
2016104240,クラサーヴィツァ,https://db.netkeiba.com/horse/ped/2016104240/,PASS,Heart's Cry,メジロルバート,メジロライアン,Sunday Silence,Tony Bin,メジロラモーヌ,War Betsy,Heart's Cry,Hail to Reason,Northern Dancer,Northern Dancer,Heart's Cry__X__Northern Dancer,Hail to Reason__X__Northern Dancer,Heart's Cry__X__War Betsy,3,Goofed:5x5;Lyphard:4x4;Northern Dancer:5x5x5,1.3671875,25.0,9.375,0.0,0.0,0.0,0.0,0.0,12.5,6.25,0.0,0.0,0.0,0.0,0.0,0.0,12.5,12.5,0.0,0.0
2016100706,レオンドーロ,https://db.netkeiba.com/horse/ped/2016100706/,PASS,スクリーンヒーロー,コスモルーシー,マイネルラヴ,グラスワンダー,Sunday Silence,ジュリアクイーン,Foreseer,Roberto,Hail to Reason,Mr. Prospector,Native Dancer,Roberto__X__Mr. Prospector,Hail to Reason__X__Native Dancer,Roberto__X__Foreseer,3,Hail to Reason:5x5;Mr. Prospector:4x5;Northern Dancer:5x5,0.0,12.5,6.25,9.375,0.0,6.25,0.0,6.25,6.25,6.25,0.0,0.0,3.125,0.0,0.0,0.0,0.0,3.125,3.125,0.0
2016104593,フェアリーポルカ,https://db.netkeiba.com/horse/ped/2016104593/,PASS,ルーラーシップ,フェアリーダンス,アグネスタキオン,King Kamehameha,Tony Bin,フェアリードール Fairy Doll,Likely Swap,King Kamehameha,Native Dancer,Sunday Silence,Hail to Reason,King Kamehameha__X__Sunday Silence,Native Dancer__X__Hail to Reason,King Kamehameha__X__Likely Swap,2,Northern Dancer:4x5;Nureyev:3x5,1.171875,12.5,9.375,6.25,12.5,0.0,0.0,0.0,6.25,3.125,0.0,0.0,3.125,15.625,0.0,0.0,12.5,0.0,3.125,0.0
2016104225,アドマイヤスコール,https://db.netkeiba.com/horse/ped/2016104225/,PASS,ディープブリランテ,ピンクプルメリア,Caerleon,Deep Impact,Loup Sauvage,ティグレスダムール Tigresse D'Amour,Lady Glory,Deep Impact,Hail to Reason,Nijinsky,Northern Dancer,Deep Impact__X__Nijinsky,Hail to Reason__X__Northern Dancer,Deep Impact__X__Lady Glory,2,Hail to Reason:5x5;Princequillo:5x5,0.1953125,12.5,6.25,0.0,0.0,0.0,0.0,0.0,6.25,6.25,0.0,0.0,12.5,3.125,0.0,0.0,0.0,3.125,0.0,6.25
2016104695,リオンリオン,https://db.netkeiba.com/horse/ped/2016104695/,PASS,ルーラーシップ,アゲヒバリ,クロフネ,King Kamehameha,Tony Bin,トゥザヴィクトリー,Likely Exchange,King Kamehameha,Native Dancer,Deputy Minister,Northern Dancer,King Kamehameha__X__Deputy Minister,Native Dancer__X__Northern Dancer,King Kamehameha__X__Likely Exchange,2,Northern Dancer:5x5;Nureyev:4x5,0.5859375,12.5,6.25,6.25,12.5,0.0,0.0,0.0,6.25,3.125,0.0,0.0,0.0,9.375,0.0,6.25,12.5,0.0,3.125,0.0
2016105867,セントウル,https://db.netkeiba.com/horse/ped/2016105867/,PASS,Heart's Cry,マルケサ Marquesa,Kingmambo,Sunday Silence,Tony Bin,Dietrich,Minnie Hauk,Heart's Cry,Hail to Reason,Kingmambo,Native Dancer,Heart's Cry__X__Kingmambo,Hail to Reason__X__Native Dancer,Heart's Cry__X__Minnie Hauk,1,Northern Dancer:5x5x5,0.390625,25.0,9.375,12.5,25.0,0.0,0.0,0.0,12.5,6.25,0.0,0.0,0.0,6.25,12.5,0.0,12.5,6.25,6.25,3.125
2016103250,ピースワンパラディ,https://db.netkeiba.com/horse/ped/2016103250/,PASS,ジャングルポケット,クリアソウル,アグネスデジタル,Tony Bin,Nureyev,キャトルセゾン,チヨダマサコ,Tony Bin,Tony Bin,Mr. Prospector,Native Dancer,Tony Bin__X__Mr. Prospector,Tony Bin__X__Native Dancer,Tony Bin__X__チヨダマサコ,0,,0.0,12.5,6.25,6.25,0.0,0.0,0.0,3.125,6.25,3.125,0.0,0.0,0.0,12.5,0.0,0.0,25.0,0.0,3.125,0.0
2016104415,ウーリリ,https://db.netkeiba.com/horse/ped/2016104415/,PASS,Deep Impact,ウィキウィキ,フレンチデピュティ French Deputy,Sunday Silence,Alzao,リアルナンバー Real Number,Nut,Deep Impact,Hail to Reason,Deputy Minister,Northern Dancer,Deep Impact__X__Deputy Minister,Hail to Reason__X__Northern Dancer,Deep Impact__X__Nut,2,Halo:3x4x5;Northern Dancer:5x5,2.5390625,25.0,6.25,0.0,0.0,0.0,0.0,0.0,21.875,6.25,0.0,0.0,0.0,0.0,0.0,12.5,0.0,6.25,0.0,0.0
2016104990,トーセンカンビーナ,https://db.netkeiba.com/horse/ped/2016104990/,PASS,Deep Impact,カンビーナ Cambina,Hawk Wing,Sunday Silence,Alzao,Await,Nevetta,Deep Impact,Hail to Reason,Mr. Prospector,Native Dancer,Deep Impact__X__Mr. Prospector,Hail to Reason__X__Native Dancer,Deep Impact__X__Nevetta,1,Northern Dancer:5x5x5,0.390625,25.0,9.375,6.25,0.0,0.0,0.0,0.0,12.5,6.25,0.0,0.0,3.125,6.25,0.0,0.0,0.0,6.25,3.125,0.0
2016104234,ピンシェル,https://db.netkeiba.com/horse/ped/2016104234/,PASS,ルーラーシップ,メジロドーベル,メジロライアン,King Kamehameha,Tony Bin,メジロビューティー,メジロクイン,King Kamehameha,Native Dancer,Northern Dancer,Northern Dancer,King Kamehameha__X__Northern Dancer,Native Dancer__X__Northern Dancer,King Kamehameha__X__メジロクイン,3,Lady Victoria:5x5;Northern Dancer:5x5;Northern Taste:4x4,1.171875,0.0,6.25,6.25,12.5,0.0,0.0,0.0,0.0,0.0,0.0,0.0,0.0,3.125,0.0,0.0,12.5,0.0,3.125,0.0
2016104397,タイセイモナーク,https://db.netkeiba.com/horse/ped/2016104397/,PASS,ルーラーシップ,アソルータ,ゼンノロブロイ,King Kamehameha,Tony Bin,フレンチバレリーナ,Sunny Valley,King Kamehameha,Native Dancer,Sunday Silence,Hail to Reason,King Kamehameha__X__Sunday Silence,Native Dancer__X__Hail to Reason,King Kamehameha__X__Sunny Valley,2,Mr. Prospector:4x5;Northern Dancer:5x5,0.5859375,12.5,6.25,9.375,12.5,0.0,6.25,0.0,6.25,3.125,0.0,0.0,0.0,3.125,0.0,6.25,12.5,0.0,3.125,0.0
2016104291,ディバインフォース,https://db.netkeiba.com/horse/ped/2016104291/,PASS,ワークフォース Workforce,ツクバビューティ,ゼンノロブロイ,キングズベスト King's Best,Sadler's Wells,エスユーエフシー Esyoueffcee,Aunt Tilt,Kingmambo,Native Dancer,Sunday Silence,Hail to Reason,Kingmambo__X__Sunday Silence,Native Dancer__X__Hail to Reason,Kingmambo__X__Aunt Tilt,2,Mr. Prospector:4x5;Northern Dancer:4x5,0.78125,12.5,9.375,9.375,12.5,0.0,12.5,0.0,6.25,3.125,0.0,0.0,0.0,3.125,0.0,0.0,0.0,6.25,3.125,0.0
2016104549,カウディーリョ,https://db.netkeiba.com/horse/ped/2016104549/,PASS,King Kamehameha,ディアデラノビア,Sunday Silence,Kingmambo,ラストタイクーン Last Tycoon,ポトリザリス Potrizaris,Zaris,King Kamehameha,Native Dancer,Sunday Silence,Hail to Reason,King Kamehameha__X__Sunday Silence,Native Dancer__X__Hail to Reason,King Kamehameha__X__Zaris,2,Northern Dancer:5x5;Raise a Native:4x5,0.390625,25.0,6.25,12.5,25.0,0.0,0.0,0.0,12.5,6.25,0.0,0.0,0.0,6.25,0.0,0.0,0.0,0.0,9.375,3.125
2016106022,アルママ,https://db.netkeiba.com/horse/ped/2016106022/,PASS,オルフェーヴル,ホエールキャプチャ,クロフネ,Stay Gold,メジロマックイーン,グローバルピース,チヨダマサコ,Stay Gold,Hail to Reason,Deputy Minister,Northern Dancer,Stay Gold__X__Deputy Minister,Hail to Reason__X__Northern Dancer,Stay Gold__X__チヨダマサコ,9,Cosmah:5x5;Hail to Reason:5x5;Halo:4x4;Mountain Flower:5x5;Northern Taste:4x5;Sunday Silence:3x3;Understanding:5x5;Wishing Well:4x4;リマンド:5x5,5.6640625,25.0,3.125,0.0,0.0,0.0,0.0,0.0,12.5,6.25,0.0,0.0,0.0,0.0,0.0,6.25,0.0,0.0,0.0,0.0
2016104623,マコトジュズマル,https://db.netkeiba.com/horse/ped/2016104623/,PASS,ハービンジャー Harbinger,マコトキンラン,Sunday Silence,Dansili,Bering,ブゼンキャンドル,ムーティイチ,Danzig,Northern Dancer,Sunday Silence,Hail to Reason,Danzig__X__Sunday Silence,Northern Dancer__X__Hail to Reason,Danzig__X__ムーティイチ,2,Lyphard:4x5;Northern Dancer:5x5x5,0.78125,25.0,9.375,0.0,0.0,0.0,0.0,6.25,12.5,6.25,0.0,0.0,0.0,0.0,0.0,0.0,0.0,9.375,0.0,0.0
2016104907,バラックパリンカ,https://db.netkeiba.com/horse/ped/2016104907/,PASS,ノヴェリスト Novellist,アプリコットフィズ,ジャングルポケット,Monsun,Lagunas,マンハッタンフィズ,Suleika,ノヴェリスト Novellist,ノヴェリスト Novellist,Tony Bin,Tony Bin,ノヴェリスト Novellist__X__Tony Bin,ノヴェリスト Novellist__X__Tony Bin,ノヴェリスト Novellist__X__Suleika,2,Literat:5x5;Northern Dancer:5x5,0.1953125,12.5,6.25,0.0,0.0,0.0,0.0,0.0,6.25,3.125,0.0,0.0,3.125,6.25,0.0,0.0,12.5,0.0,0.0,0.0
2016104720,キタサンバルカン,https://db.netkeiba.com/horse/ped/2016104720/,PASS,ルーラーシップ,ウィズザフロウ,アグネスタキオン,King Kamehameha,Tony Bin,プチノワール,Short Rations,King Kamehameha,Native Dancer,Sunday Silence,Hail to Reason,King Kamehameha__X__Sunday Silence,Native Dancer__X__Hail to Reason,King Kamehameha__X__Short Rations,2,Halo:4x5;Mr. Prospector:4x5,0.390625,12.5,3.125,9.375,12.5,0.0,3.125,0.0,9.375,3.125,0.0,0.0,3.125,3.125,0.0,0.0,12.5,0.0,3.125,0.0
2015104677,ロシュフォール,https://db.netkeiba.com/horse/ped/2015104677/,PASS,King Kamehameha,アンブロワーズ,フレンチデピュティ French Deputy,Kingmambo,ラストタイクーン Last Tycoon,フサイチミニヨン,Sunny Valley,King Kamehameha,Native Dancer,Deputy Minister,Northern Dancer,King Kamehameha__X__Deputy Minister,Native Dancer__X__Northern Dancer,King Kamehameha__X__Sunny Valley,1,Northern Dancer:5x5x5x5,0.78125,12.5,12.5,12.5,25.0,0.0,6.25,0.0,6.25,3.125,0.0,0.0,0.0,6.25,0.0,12.5,0.0,0.0,6.25,3.125
2015104773,メールドグラース,https://db.netkeiba.com/horse/ped/2015104773/,PASS,ルーラーシップ,グレイシアブルー,Sunday Silence,King Kamehameha,Tony Bin,ブルーラスター Blue Lustre,Bruyere,King Kamehameha,Native Dancer,Sunday Silence,Hail to Reason,King Kamehameha__X__Sunday Silence,Native Dancer__X__Hail to Reason,King Kamehameha__X__Bruyere,2,Northern Dancer:4x5;Nureyev:3x5,1.171875,25.0,9.375,6.25,12.5,0.0,0.0,0.0,12.5,6.25,0.0,0.0,0.0,15.625,0.0,0.0,12.5,0.0,3.125,0.0
2016106292,オールイズウェル,https://db.netkeiba.com/horse/ped/2016106292/,PASS,ルーラーシップ,ラブフール,ゼンノロブロイ,King Kamehameha,Tony Bin,サブリナシューズ,ミユキカマダ,King Kamehameha,Native Dancer,Sunday Silence,Hail to Reason,King Kamehameha__X__Sunday Silence,Native Dancer__X__Hail to Reason,King Kamehameha__X__ミユキカマダ,3,Kingmambo:3x4;Miesque:4x5;Mr. Prospector:4x5x5,2.734375,12.5,3.125,12.5,18.75,0.0,3.125,0.0,6.25,3.125,0.0,0.0,0.0,3.125,0.0,0.0,12.5,0.0,3.125,0.0
2016106065,ロジャーバローズ,https://db.netkeiba.com/horse/ped/2016106065/,PASS,Deep Impact,リトルブック Little Book,Librettist,Sunday Silence,Alzao,Cal Norma's Lady,Fair Astronomer,Deep Impact,Hail to Reason,Danzig,Northern Dancer,Deep Impact__X__Danzig,Hail to Reason__X__Northern Dancer,Deep Impact__X__Fair Astronomer,3,Goofed:5x5;Lyphard:3x4x4;Northern Dancer:4x5x5,3.125,25.0,12.5,0.0,0.0,0.0,0.0,12.5,12.5,6.25,3.125,0.0,0.0,0.0,0.0,0.0,0.0,25.0,0.0,0.0
2016104413,サトノソロモン,https://db.netkeiba.com/horse/ped/2016104413/,PASS,Deep Impact,イルーシヴウェーヴ Elusive Wave,Elusive City,Sunday Silence,Alzao,Multicolour Wave,Bold Honor,Deep Impact,Hail to Reason,Mr. Prospector,Native Dancer,Deep Impact__X__Mr. Prospector,Hail to Reason__X__Native Dancer,Deep Impact__X__Bold Honor,0,,0.0,25.0,3.125,3.125,0.0,0.0,0.0,3.125,12.5,6.25,0.0,0.0,3.125,0.0,0.0,0.0,0.0,6.25,0.0,0.0
2016104268,ハバナウインド,https://db.netkeiba.com/horse/ped/2016104268/,PASS,ハービンジャー Harbinger,グァンタナメラ,フジキセキ,Dansili,Bering,スカイアライアンス Sky Alliance,Go On With It,Danzig,Northern Dancer,Sunday Silence,Hail to Reason,Danzig__X__Sunday Silence,Northern Dancer__X__Hail to Reason,Danzig__X__Go On With It,1,Northern Dancer:5x5x5,0.390625,12.5,9.375,3.125,0.0,0.0,0.0,6.25,6.25,3.125,0.0,0.0,6.25,0.0,0.0,0.0,0.0,3.125,0.0,0.0
2016104682,フランクリン,https://db.netkeiba.com/horse/ped/2016104682/,PASS,Deep Impact,ロベルタ,ブライアンズタイム Brian's Time,Sunday Silence,Alzao,グレースアドマイヤ,Sunny Valley,Deep Impact,Hail to Reason,Roberto,Hail to Reason,Deep Impact__X__Roberto,Hail to Reason__X__Hail to Reason,Deep Impact__X__Sunny Valley,4,Hail to Reason:4x4;Northern Dancer:5x5;Nothirdchance:5x5;Turn-to:5x5,1.3671875,25.0,6.25,0.0,0.0,12.5,6.25,0.0,12.5,12.5,0.0,0.0,0.0,0.0,0.0,0.0,12.5,6.25,0.0,0.0
2016105582,ヤマカツシシマル,https://db.netkeiba.com/horse/ped/2016105582/,PASS,マンハッタンカフェ,ヤマカツマヤリス,クロフネ,Sunday Silence,Law Society,ヤマカツスズラン,タイムマンナ,Sunday Silence,Hail to Reason,Deputy Minister,Northern Dancer,Sunday Silence__X__Deputy Minister,Hail to Reason__X__Northern Dancer,Sunday Silence__X__タイムマンナ,0,,0.0,25.0,3.125,6.25,0.0,0.0,0.0,0.0,12.5,6.25,0.0,0.0,3.125,0.0,0.0,6.25,0.0,0.0,3.125,0.0
2016104222,トーセンスカイ,https://db.netkeiba.com/horse/ped/2016104222/,PASS,トーセンラー,シアトルサンセット Seattle Sunset,Belong to Me,Deep Impact,Lycius,Weekend in Seattle,Gay Missile,Deep Impact,Hail to Reason,Danzig,Northern Dancer,Deep Impact__X__Danzig,Hail to Reason__X__Northern Dancer,Deep Impact__X__Gay Missile,4,Hail to Reason:5x5;Lyphard:5x5;Northern Dancer:4x5;Raise a Native:5x5,0.78125,12.5,9.375,6.25,0.0,0.0,6.25,12.5,6.25,6.25,12.5,0.0,0.0,0.0,0.0,0.0,0.0,6.25,6.25,0.0
2016105292,レッドジェニアル,https://db.netkeiba.com/horse/ped/2016105292/,PASS,King Kamehameha,レッドアゲート,マンハッタンカフェ,Kingmambo,ラストタイクーン Last Tycoon,セカンドチャンス,モンテホープ,King Kamehameha,Native Dancer,Sunday Silence,Hail to Reason,King Kamehameha__X__Sunday Silence,Native Dancer__X__Hail to Reason,King Kamehameha__X__モンテホープ,4,Gold Digger:4x5;Mr. Prospector:3x4;Northern Dancer:5x5;Raise a Native:4x5,2.34375,12.5,6.25,18.75,25.0,0.0,0.0,0.0,6.25,3.125,0.0,0.0,3.125,6.25,0.0,0.0,0.0,0.0,9.375,3.125
2016110024,ヒーリングマインド,https://db.netkeiba.com/horse/ped/2016110024/,PASS,タニノギムレット,エンシェントアート Ancient Art,Monsun,ブライアンズタイム Brian's Time,クリスタルパレス Crystal Palace,シンコウエルメス,Russ-Marie,Roberto,Hail to Reason,Monsun,Monsun,Roberto__X__Monsun,Hail to Reason__X__Monsun,Roberto__X__Russ-Marie,1,Graustark:4x5,0.0,0.0,6.25,0.0,0.0,12.5,12.5,0.0,0.0,6.25,0.0,0.0,0.0,0.0,0.0,0.0,0.0,0.0,0.0,0.0
2016100915,モズベッロ,https://db.netkeiba.com/horse/ped/2016100915/,PASS,ディープブリランテ,ハーランズルビー Harlan's Ruby,Harlan's Holiday,Deep Impact,Loup Sauvage,Smiling Eyes,Queens Only,Deep Impact,Hail to Reason,Storm Cat,Northern Dancer,Deep Impact__X__Storm Cat,Hail to Reason__X__Northern Dancer,Deep Impact__X__Queens Only,3,Cosmah:5x5;Hail to Reason:5x5;Halo:4x4x5,1.5625,12.5,0.0,3.125,0.0,0.0,0.0,0.0,15.625,6.25,0.0,0.0,0.0,3.125,6.25,0.0,0.0,3.125,0.0,0.0
2016104750,クロノジェネシス,https://db.netkeiba.com/horse/ped/2016104750/,PASS,バゴ Bago,クロノロジスト,クロフネ,Nashwan,Nureyev,インディスユニゾン,Swinging Doll,Nasrullah,Nasrullah,Deputy Minister,Northern Dancer,Nasrullah__X__Deputy Minister,Nasrullah__X__Northern Dancer,Nasrullah__X__Swinging Doll,4,Gold Digger:5x5;Halo:4x5;Mr. Prospector:4x4;Raise a Native:5x5,1.5625,12.5,6.25,12.5,0.0,0.0,0.0,0.0,9.375,3.125,0.0,0.0,0.0,12.5,0.0,6.25,0.0,0.0,6.25,0.0
2016104880,コントラチェック,https://db.netkeiba.com/horse/ped/2016104880/,PASS,Deep Impact,リッチダンサー Rich Dancer,Halling,Sunday Silence,Alzao,Fairy Flight,Invermore,Deep Impact,Hail to Reason,Halling,Halling,Deep Impact__X__Halling,Hail to Reason__X__Halling,Deep Impact__X__Invermore,1,Northern Dancer:4x5,0.390625,25.0,9.375,0.0,0.0,0.0,0.0,0.0,12.5,6.25,0.0,0.0,3.125,0.0,0.0,0.0,0.0,6.25,0.0,0.0
2016105068,シェーングランツ,https://db.netkeiba.com/horse/ped/2016105068/,PASS,Deep Impact,スタセリタ Stacelita,Monsun,Sunday Silence,Alzao,Soignee,Southern Seas,Deep Impact,Hail to Reason,Monsun,Monsun,Deep Impact__X__Monsun,Hail to Reason__X__Monsun,Deep Impact__X__Southern Seas,1,Northern Dancer:5x5,0.1953125,25.0,6.25,0.0,0.0,0.0,0.0,0.0,12.5,6.25,0.0,0.0,0.0,0.0,0.0,0.0,0.0,6.25,0.0,0.0
2016104310,エールヴォア,https://db.netkeiba.com/horse/ped/2016104310/,PASS,ヴィクトワールピサ,フィーリングトーン,ワイルドラッシュ Wild Rush,ネオユニヴァース,Machiavellian,グレースランド,ロイヤルサッシュ,Sunday Silence,Hail to Reason,ワイルドラッシュ Wild Rush,ワイルドラッシュ Wild Rush,Sunday Silence__X__ワイルドラッシュ Wild Rush,Hail to Reason__X__ワイルドラッシュ Wild Rush,Sunday Silence__X__ロイヤルサッシュ,1,Halo:4x5,0.0,12.5,0.0,6.25,0.0,0.0,0.0,0.0,9.375,3.125,0.0,0.0,0.0,0.0,0.0,0.0,12.5,0.0,3.125,0.0
2016104899,アクアミラビリス,https://db.netkeiba.com/horse/ped/2016104899/,PASS,ヴィクトワールピサ,アクアリング,Anabaa,ネオユニヴァース,Machiavellian,シーリング Sea Ring,Azorelle,Sunday Silence,Hail to Reason,Danzig,Northern Dancer,Sunday Silence__X__Danzig,Hail to Reason__X__Northern Dancer,Sunday Silence__X__Azorelle,2,Halo:4x5;Riverman:4x5,0.0,12.5,6.25,6.25,0.0,0.0,0.0,12.5,9.375,3.125,0.0,0.0,0.0,0.0,0.0,0.0,0.0,3.125,3.125,0.0
2016104867,ダノンファンタジー,https://db.netkeiba.com/horse/ped/2016104867/,PASS,Deep Impact,ライフフォーセール Life For Sale,Not for Sale,Sunday Silence,Alzao,Doubt Fire,Oscilacao,Deep Impact,Hail to Reason,Not for Sale,Not for Sale,Deep Impact__X__Not for Sale,Hail to Reason__X__Not for Sale,Deep Impact__X__Oscilacao,1,Lyphard:4x5,0.390625,25.0,3.125,0.0,0.0,0.0,0.0,0.0,12.5,6.25,0.0,0.0,0.0,0.0,0.0,0.0,0.0,9.375,0.0,0.0
2016105089,カレンブーケドール,https://db.netkeiba.com/horse/ped/2016105089/,PASS,Deep Impact,ソラリア Solaria,Scat Daddy,Sunday Silence,Alzao,So Linda,Orizaba,Deep Impact,Hail to Reason,Storm Cat,Northern Dancer,Deep Impact__X__Storm Cat,Hail to Reason__X__Northern Dancer,Deep Impact__X__Orizaba,1,Mr. Prospector:4x5,0.0,25.0,3.125,9.375,0.0,0.0,0.0,0.0,12.5,6.25,0.0,0.0,3.125,0.0,3.125,0.0,0.0,6.25,3.125,0.0
2016102775,シゲルピンクダイヤ,https://db.netkeiba.com/horse/ped/2016102775/,PASS,ダイワメジャー,ムーンライトベイ,High Chaparral,Sunday Silence,Northern Taste,ムーンライトダンス Moonlight Dance,Stolen Date,Sunday Silence,Hail to Reason,Sadler's Wells,Northern Dancer,Sunday Silence__X__Sadler's Wells,Hail to Reason__X__Northern Dancer,Sunday Silence__X__Stolen Date,3,Natalma:5x5;Nearctic:5x5;Northern Dancer:4x4x5,1.5625,25.0,15.625,0.0,0.0,0.0,12.5,0.0,12.5,6.25,0.0,0.0,0.0,0.0,0.0,0.0,0.0,0.0,0.0,0.0
2016104648,ラヴズオンリーユー,https://db.netkeiba.com/horse/ped/2016104648/,PASS,Deep Impact,ラヴズオンリーミー Loves Only Me,Storm Cat,Sunday Silence,Alzao,Monevassia,Santa Quilla,Deep Impact,Hail to Reason,Storm Cat,Northern Dancer,Deep Impact__X__Storm Cat,Hail to Reason__X__Northern Dancer,Deep Impact__X__Santa Quilla,1,Northern Dancer:4x5x5,0.5859375,25.0,12.5,12.5,0.0,0.0,0.0,0.0,12.5,6.25,0.0,0.0,0.0,6.25,25.0,0.0,0.0,6.25,6.25,3.125
2016106064,ノーワン,https://db.netkeiba.com/horse/ped/2016106064/,PASS,Heart's Cry,プレイガール Playgirl,Caerleon,Sunday Silence,Tony Bin,Stage Struck,Sunland,Heart's Cry,Hail to Reason,Nijinsky,Northern Dancer,Heart's Cry__X__Nijinsky,Hail to Reason__X__Northern Dancer,Heart's Cry__X__Sunland,4,Hail to Reason:4x5;Natalma:5x5;Nearctic:5x5;Northern Dancer:4x4x5,1.171875,25.0,15.625,0.0,0.0,0.0,12.5,0.0,12.5,9.375,0.0,0.0,12.5,0.0,0.0,0.0,12.5,6.25,0.0,0.0
2016104829,ビーチサンバ,https://db.netkeiba.com/horse/ped/2016104829/,PASS,クロフネ,フサイチエアデール,Sunday Silence,フレンチデピュティ French Deputy,Classic Go Go,ラスティックベル Rustic Belle,Doll Ina,Deputy Minister,Northern Dancer,Sunday Silence,Hail to Reason,Deputy Minister__X__Sunday Silence,Northern Dancer__X__Hail to Reason,Deputy Minister__X__Doll Ina,1,Raise a Native:4x5,0.0,25.0,3.125,12.5,0.0,3.125,0.0,0.0,12.5,6.25,0.0,0.0,0.0,0.0,0.0,12.5,0.0,0.0,9.375,3.125
2016102189,メイショウショウブ,https://db.netkeiba.com/horse/ped/2016102189/,PASS,ダイワメジャー,メイショウスズラン,King Kamehameha,Sunday Silence,Northern Taste,クィーンズダガー Queens Dagger,Mortefontaine,Sunday Silence,Hail to Reason,King Kamehameha,Native Dancer,Sunday Silence__X__King Kamehameha,Hail to Reason__X__Native Dancer,Sunday Silence__X__Mortefontaine,1,Halo:3x5,0.78125,25.0,6.25,6.25,12.5,0.0,0.0,0.0,15.625,6.25,0.0,0.0,0.0,3.125,0.0,0.0,0.0,0.0,3.125,0.0
2016104604,フィリアプーラ,https://db.netkeiba.com/horse/ped/2016104604/,PASS,ハービンジャー Harbinger,プリンセスカメリア,Sunday Silence,Dansili,Bering,ラトラヴィアータ,One Clear Call,Danzig,Northern Dancer,Sunday Silence,Hail to Reason,Danzig__X__Sunday Silence,Northern Dancer__X__Hail to Reason,Danzig__X__One Clear Call,1,Northern Dancer:5x5x5,0.390625,25.0,9.375,0.0,0.0,0.0,0.0,6.25,12.5,6.25,0.0,0.0,0.0,0.0,0.0,0.0,0.0,3.125,0.0,0.0
2016103962,ヴィント,https://db.netkeiba.com/horse/ped/2016103962/,PASS,モンテロッソ Monterosso,シャッツ,グラスワンダー,Dubawi,Barathea,セイクリッドオース,サワーオレンジ,Mr. Prospector,Native Dancer,Roberto,Hail to Reason,Mr. Prospector__X__Roberto,Native Dancer__X__Hail to Reason,Mr. Prospector__X__サワーオレンジ,3,Hail to Reason:5x5;Northern Dancer:5x5;Roberto:4x5,0.1953125,12.5,6.25,3.125,0.0,9.375,6.25,6.25,6.25,6.25,0.0,0.0,0.0,0.0,0.0,0.0,0.0,0.0,0.0,0.0
2016101814,エメラルファイト,https://db.netkeiba.com/horse/ped/2016101814/,PASS,クロフネ,セトウチソーラー,スペシャルウィーク,フレンチデピュティ French Deputy,Classic Go Go,サマーヴォヤージュ Summer Voyage,Ciboulette,Deputy Minister,Northern Dancer,Sunday Silence,Hail to Reason,Deputy Minister__X__Sunday Silence,Northern Dancer__X__Hail to Reason,Deputy Minister__X__Ciboulette,1,Northern Dancer:5x5x5,0.390625,12.5,9.375,0.0,0.0,3.125,0.0,0.0,6.25,3.125,0.0,0.0,3.125,0.0,0.0,12.5,0.0,0.0,0.0,0.0
2016100723,マイネルサーパス,https://db.netkeiba.com/horse/ped/2016100723/,PASS,アイルハヴアナザー I'll Have Another,マイネアクティース,タマモクロス,Flower Alley,Arch,ヒカルダンサー,ワカハタ,Mr. Prospector,Native Dancer,タマモクロス,タマモクロス,Mr. Prospector__X__タマモクロス,Native Dancer__X__タマモクロス,Mr. Prospector__X__ワカハタ,2,Danzig:4x5x5;Mr. Prospector:5x5,0.0,0.0,6.25,6.25,0.0,3.125,3.125,12.5,0.0,0.0,0.0,0.0,0.0,0.0,0.0,0.0,0.0,0.0,0.0,0.0
2015104689,アイスバブル,https://db.netkeiba.com/horse/ped/2015104689/,PASS,Deep Impact,ウィンターコスモス,King Kamehameha,Sunday Silence,Alzao,ミスパスカリ,コレラ,Deep Impact,Hail to Reason,King Kamehameha,Native Dancer,Deep Impact__X__King Kamehameha,Hail to Reason__X__Native Dancer,Deep Impact__X__コレラ,1,Mr. Prospector:4x5,0.0,25.0,3.125,9.375,12.5,0.0,0.0,0.0,12.5,6.25,0.0,0.0,0.0,3.125,0.0,0.0,0.0,6.25,3.125,0.0
2014102894,パリンジェネシス,https://db.netkeiba.com/horse/ped/2014102894/,PASS,タートルボウル Turtle Bowl,メジロジョーンズ,メジロライアン,Dyhim Diamond,Top Ville,メジロビューティー,メジロクイン,Northern Dancer,Northern Dancer,Northern Dancer,Northern Dancer,Northern Dancer__X__Northern Dancer,Northern Dancer__X__Northern Dancer,Northern Dancer__X__メジロクイン,2,Charlottesville:5x5;Northern Dancer:4x5,0.5859375,0.0,9.375,0.0,0.0,0.0,0.0,0.0,0.0,0.0,0.0,0.0,0.0,0.0,0.0,0.0,0.0,0.0,0.0,0.0
2015104656,センテリュオ,https://db.netkeiba.com/horse/ped/2015104656/,PASS,Deep Impact,アドマイヤキラメキ,エンドスウィープ End Sweep,Sunday Silence,Alzao,エヴリウィスパー,Political Payoff,Deep Impact,Hail to Reason,Mr. Prospector,Native Dancer,Deep Impact__X__Mr. Prospector,Hail to Reason__X__Native Dancer,Deep Impact__X__Political Payoff,2,Mr. Prospector:4x5;Northern Dancer:4x5x5,0.5859375,25.0,12.5,9.375,0.0,0.0,0.0,0.0,12.5,6.25,0.0,0.0,0.0,0.0,0.0,0.0,0.0,6.25,3.125,0.0
2014105053,チカノワール,https://db.netkeiba.com/horse/ped/2014105053/,PASS,ハービンジャー Harbinger,フレアキャスケード,エルコンドルパサー,Dansili,Bering,ダンツプリンセス,アベイブリッジ,Danzig,Northern Dancer,Kingmambo,Native Dancer,Danzig__X__Kingmambo,Northern Dancer__X__Native Dancer,Danzig__X__アベイブリッジ,1,Northern Dancer:5x5x5x5,0.78125,12.5,12.5,6.25,12.5,0.0,6.25,6.25,6.25,3.125,3.125,0.0,0.0,3.125,0.0,0.0,0.0,3.125,3.125,0.0
2015104163,アドラータ,https://db.netkeiba.com/horse/ped/2015104163/,PASS,オルフェーヴル,アドアード Adored,Galileo,Stay Gold,メジロマックイーン,Sudden Hope,Miss Justice,Stay Gold,Hail to Reason,Sadler's Wells,Northern Dancer,Stay Gold__X__Sadler's Wells,Hail to Reason__X__Northern Dancer,Stay Gold__X__Miss Justice,2,Northern Dancer:4x5;Northern Taste:4x5,0.390625,12.5,9.375,3.125,0.0,0.0,12.5,0.0,6.25,3.125,0.0,0.0,0.0,0.0,0.0,0.0,0.0,0.0,0.0,0.0
2015105025,レーツェル,https://db.netkeiba.com/horse/ped/2015105025/,PASS,マンハッタンカフェ,ミスティークII Mystique,Monsun,Sunday Silence,Law Society,Montfleur,Admiring,Sunday Silence,Hail to Reason,Monsun,Monsun,Sunday Silence__X__Monsun,Hail to Reason__X__Monsun,Sunday Silence__X__Admiring,0,,0.0,25.0,6.25,0.0,0.0,0.0,12.5,0.0,12.5,6.25,0.0,0.0,0.0,0.0,0.0,0.0,0.0,0.0,0.0,0.0
2015105093,レッドランディーニ,https://db.netkeiba.com/horse/ped/2015105093/,PASS,Deep Impact,レッドメデューサ,Mr. Greeley,Sunday Silence,Alzao,Catchascatchcan,Ostrya,Deep Impact,Hail to Reason,Mr. Prospector,Native Dancer,Deep Impact__X__Mr. Prospector,Hail to Reason__X__Native Dancer,Deep Impact__X__Ostrya,0,,0.0,25.0,3.125,6.25,0.0,0.0,0.0,0.0,12.5,6.25,0.0,0.0,0.0,0.0,0.0,0.0,0.0,6.25,3.125,0.0
2011103836,ベルキャニオン,https://db.netkeiba.com/horse/ped/2011103836/,PASS,Deep Impact,クロウキャニオン,フレンチデピュティ French Deputy,Sunday Silence,Alzao,クロカミ,Margravine,Deep Impact,Hail to Reason,Deputy Minister,Northern Dancer,Deep Impact__X__Deputy Minister,Hail to Reason__X__Northern Dancer,Deep Impact__X__Margravine,1,Northern Dancer:5x5x5,0.390625,25.0,9.375,0.0,0.0,0.0,0.0,0.0,12.5,6.25,0.0,0.0,6.25,0.0,0.0,12.5,0.0,6.25,0.0,0.0
2014101558,レッドローゼス,https://db.netkeiba.com/horse/ped/2014101558/,PASS,Stay Gold,リヴィアローズ,Galileo,Sunday Silence,ディクタス Dictus,Kiftsgate Rose,Konafa,Stay Gold,Hail to Reason,Sadler's Wells,Northern Dancer,Stay Gold__X__Sadler's Wells,Hail to Reason__X__Northern Dancer,Stay Gold__X__Konafa,2,Mr. Prospector:5x5;Northern Dancer:4x5,0.390625,25.0,9.375,6.25,0.0,0.0,12.5,0.0,12.5,6.25,0.0,0.0,0.0,3.125,0.0,0.0,0.0,0.0,0.0,0.0
2013103934,カルヴァリオ,https://db.netkeiba.com/horse/ped/2013103934/,PASS,マツリダゴッホ,オークルーム,ペンタイア Pentire,Sunday Silence,Bel Bolide,クアドリフォリオ,エアーズ,Sunday Silence,Hail to Reason,Northern Dancer,Northern Dancer,Sunday Silence__X__Northern Dancer,Hail to Reason__X__Northern Dancer,Sunday Silence__X__エアーズ,1,Never Bend:5x5,0.1953125,25.0,6.25,0.0,0.0,0.0,0.0,0.0,12.5,6.25,0.0,0.0,0.0,0.0,0.0,0.0,0.0,0.0,0.0,0.0
2013105872,アーバンキッド,https://db.netkeiba.com/horse/ped/2013105872/,PASS,Heart's Cry,コックニー,Swain,Sunday Silence,Tony Bin,セニョラージェ Seigniorage,Lodge,Heart's Cry,Hail to Reason,Swain,Swain,Heart's Cry__X__Swain,Hail to Reason__X__Swain,Heart's Cry__X__Lodge,1,Northern Dancer:4x5,0.390625,25.0,9.375,0.0,0.0,0.0,0.0,0.0,12.5,6.25,0.0,0.0,0.0,12.5,0.0,0.0,12.5,6.25,0.0,0.0
2015103452,ゴールドギア,https://db.netkeiba.com/horse/ped/2015103452/,PASS,ロードカナロア,ギンザボナンザ,ゼンノロブロイ,King Kamehameha,Storm Cat,アルウェン,Idmon,King Kamehameha,Native Dancer,Sunday Silence,Hail to Reason,King Kamehameha__X__Sunday Silence,Native Dancer__X__Hail to Reason,King Kamehameha__X__Idmon,2,Mr. Prospector:4x5;Northern Dancer:5x5,0.5859375,12.5,6.25,9.375,12.5,0.0,0.0,0.0,6.25,3.125,0.0,0.0,0.0,3.125,12.5,0.0,12.5,0.0,3.125,0.0
2015101636,アイスストーム,https://db.netkeiba.com/horse/ped/2015101636/,PASS,ストーミングホーム Storming Home,デザートチル Desert Chill,Red Ransom,Machiavellian,Shareef Dancer,ストームソング Storm Song,Fleet Victress,Mr. Prospector,Native Dancer,Roberto,Hail to Reason,Mr. Prospector__X__Roberto,Native Dancer__X__Hail to Reason,Mr. Prospector__X__Fleet Victress,8,Gold Digger:4x5;Hail to Reason:4x5;Mr. Prospector:3x4x5;Nashua:5x5;Natalma:5x5;Nearctic:5x5;Northern Dancer:4x5;Raise a Native:4x5,2.34375,0.0,9.375,21.875,0.0,12.5,0.0,0.0,6.25,9.375,0.0,0.0,0.0,0.0,0.0,0.0,0.0,0.0,9.375,3.125
2012102157,シャイニービーム,https://db.netkeiba.com/horse/ped/2012102157/,PASS,カンパニー,クリスタルコースト,Sunday Silence,ミラクルアドマイヤ,Northern Taste,プラチナウェーブ Platinum Wave,Capelet,Tony Bin,Tony Bin,Sunday Silence,Hail to Reason,Tony Bin__X__Sunday Silence,Tony Bin__X__Hail to Reason,Tony Bin__X__Capelet,3,Mr. Prospector:3x5;Northern Dancer:4x5;Turn-to:5x5,0.78125,25.0,9.375,15.625,0.0,0.0,6.25,0.0,12.5,6.25,0.0,0.0,0.0,0.0,0.0,0.0,12.5,0.0,6.25,3.125
2013102273,エイシンティンクル,https://db.netkeiba.com/horse/ped/2013102273/,PASS,Deep Impact,キャタリナ,Storm Cat,Sunday Silence,Alzao,Carolina Saga,Shama,Deep Impact,Hail to Reason,Storm Cat,Northern Dancer,Deep Impact__X__Storm Cat,Hail to Reason__X__Northern Dancer,Deep Impact__X__Shama,1,Northern Dancer:4x5,0.390625,25.0,9.375,0.0,0.0,0.0,0.0,0.0,12.5,6.25,0.0,0.0,0.0,0.0,25.0,0.0,0.0,6.25,0.0,0.0
2013105535,サトノキングダム,https://db.netkeiba.com/horse/ped/2013105535/,PASS,Deep Impact,ダリシア Dalicia,Acatenango,Sunday Silence,Alzao,Dynamis,Diu,Deep Impact,Hail to Reason,Acatenango,Acatenango,Deep Impact__X__Acatenango,Hail to Reason__X__Acatenango,Deep Impact__X__Diu,3,Goofed:5x5;Lyphard:4x4;Northern Dancer:5x5,1.171875,25.0,6.25,0.0,0.0,0.0,0.0,0.0,12.5,6.25,0.0,0.0,0.0,0.0,0.0,0.0,0.0,12.5,0.0,0.0
2013105900,アクート,https://db.netkeiba.com/horse/ped/2013105900/,PASS,Stay Gold,シャーペンエッジ,クロフネ,Sunday Silence,ディクタス Dictus,シャープキック,クレアーブリッジ,Stay Gold,Hail to Reason,Deputy Minister,Northern Dancer,Stay Gold__X__Deputy Minister,Hail to Reason__X__Northern Dancer,Stay Gold__X__クレアーブリッジ,1,Northern Taste:4x5,0.390625,25.0,3.125,0.0,0.0,0.0,0.0,0.0,12.5,6.25,0.0,0.0,0.0,0.0,0.0,6.25,0.0,0.0,0.0,0.0
2015104665,ジナンボー,https://db.netkeiba.com/horse/ped/2015104665/,PASS,Deep Impact,アパパネ,King Kamehameha,Sunday Silence,Alzao,ソルティビッド,Easterborn,Deep Impact,Hail to Reason,King Kamehameha,Native Dancer,Deep Impact__X__King Kamehameha,Hail to Reason__X__Native Dancer,Deep Impact__X__Easterborn,0,,0.0,25.0,3.125,6.25,12.5,0.0,0.0,0.0,12.5,6.25,0.0,0.0,0.0,3.125,0.0,6.25,0.0,6.25,3.125,0.0
2015104188,カヴァル,https://db.netkeiba.com/horse/ped/2015104188/,PASS,エイシンフラッシュ,ペニーホイッスル,Sunday Silence,キングズベスト King's Best,Platini,ラークホイッスル Larkwhistle,Rimark,Kingmambo,Native Dancer,Sunday Silence,Hail to Reason,Kingmambo__X__Sunday Silence,Native Dancer__X__Hail to Reason,Kingmambo__X__Rimark,1,Mr. Prospector:4x5,0.390625,25.0,0.0,9.375,12.5,0.0,0.0,0.0,12.5,6.25,0.0,0.0,0.0,3.125,0.0,6.25,0.0,0.0,3.125,0.0
2016104462,クールウォーター,https://db.netkeiba.com/horse/ped/2016104462/,PASS,Deep Impact,クロウキャニオン,フレンチデピュティ French Deputy,Sunday Silence,Alzao,クロカミ,Margravine,Deep Impact,Hail to Reason,Deputy Minister,Northern Dancer,Deep Impact__X__Deputy Minister,Hail to Reason__X__Northern Dancer,Deep Impact__X__Margravine,1,Northern Dancer:5x5x5,0.390625,25.0,9.375,0.0,0.0,0.0,0.0,0.0,12.5,6.25,0.0,0.0,6.25,0.0,0.0,12.5,0.0,6.25,0.0,0.0
2016104523,スパークオブライフ,https://db.netkeiba.com/horse/ped/2016104523/,PASS,ルーラーシップ,スパークオンアイス,シンボリクリスエス,King Kamehameha,Tony Bin,アゲヒバリ,Dream Deal,King Kamehameha,Native Dancer,Roberto,Hail to Reason,King Kamehameha__X__Roberto,Native Dancer__X__Hail to Reason,King Kamehameha__X__Dream Deal,1,Nureyev:5x5,0.1953125,6.25,3.125,6.25,12.5,6.25,0.0,0.0,3.125,3.125,3.125,0.0,0.0,6.25,0.0,3.125,12.5,0.0,3.125,0.0
2016104671,レッドベルディエス,https://db.netkeiba.com/horse/ped/2016104671/,PASS,Deep Impact,レッドファンタジア,Unbridled's Song,Sunday Silence,Alzao,Cat Chat,Hooplah,Deep Impact,Hail to Reason,Mr. Prospector,Native Dancer,Deep Impact__X__Mr. Prospector,Hail to Reason__X__Native Dancer,Deep Impact__X__Hooplah,1,Northern Dancer:5x5,0.1953125,25.0,6.25,3.125,0.0,0.0,0.0,0.0,12.5,6.25,0.0,0.0,0.0,0.0,12.5,0.0,0.0,6.25,0.0,0.0
2016103825,トーセンガーネット,https://db.netkeiba.com/horse/ped/2016103825/,PASS,アグネスデジタル,トーセンヴェール,クロフネ,Crafty Prospector,Chief's Crown,ツィンクルヴェール,Satan's Pride,Mr. Prospector,Native Dancer,Deputy Minister,Northern Dancer,Mr. Prospector__X__Deputy Minister,Native Dancer__X__Northern Dancer,Mr. Prospector__X__Satan's Pride,1,Northern Dancer:5x5,0.1953125,12.5,6.25,12.5,0.0,0.0,0.0,6.25,6.25,3.125,0.0,0.0,0.0,0.0,0.0,6.25,0.0,6.25,6.25,3.125
2016104736,グラディーヴァ,https://db.netkeiba.com/horse/ped/2016104736/,PASS,ハービンジャー Harbinger,カノーロ,Deep Impact,Dansili,Bering,ソニックグルーヴ,シャダイフェザー,Danzig,Northern Dancer,Deep Impact,Hail to Reason,Danzig__X__Deep Impact,Northern Dancer__X__Hail to Reason,Danzig__X__シャダイフェザー,2,Lyphard:5x5;Northern Dancer:5x5,0.1953125,12.5,6.25,0.0,0.0,0.0,0.0,6.25,6.25,3.125,0.0,0.0,0.0,0.0,0.0,6.25,6.25,6.25,0.0,0.0
2016105431,ウエスタンランポ,https://db.netkeiba.com/horse/ped/2016105431/,PASS,ベーカバド Behkabad,ウエスタンクィーン,エルコンドルパサー,Cape Cross,Kris,ウエスタンシャープ,Diamond Ring,Danzig,Northern Dancer,Kingmambo,Native Dancer,Danzig__X__Kingmambo,Northern Dancer__X__Native Dancer,Danzig__X__Diamond Ring,1,Northern Dancer:5x5,0.1953125,12.5,6.25,6.25,12.5,0.0,6.25,6.25,6.25,3.125,3.125,0.0,0.0,3.125,0.0,0.0,0.0,0.0,3.125,0.0
2016110141,メイクハッピー,https://db.netkeiba.com/horse/ped/2016110141/,PASS,Square Eddie,Silar Rules,Ten Most Wanted,Smart Strike,El Gran Senor,Morning Meadow,Sunny Morn,Mr. Prospector,Native Dancer,Deputy Minister,Northern Dancer,Mr. Prospector__X__Deputy Minister,Native Dancer__X__Northern Dancer,Mr. Prospector__X__Sunny Morn,2,Raise a Native:4x5;Smartaire:5x5,0.390625,0.0,6.25,12.5,0.0,0.0,0.0,0.0,0.0,0.0,0.0,0.0,0.0,0.0,0.0,6.25,0.0,0.0,9.375,3.125
2016104262,アップライトスピン,https://db.netkeiba.com/horse/ped/2016104262/,PASS,Deep Impact,オリジナルスピンII Original Spin,Distorted Humor,Sunday Silence,Alzao,We Love Granny,Granny's Pet,Deep Impact,Hail to Reason,Mr. Prospector,Native Dancer,Deep Impact__X__Mr. Prospector,Hail to Reason__X__Native Dancer,Deep Impact__X__Granny's Pet,2,Danzig:3x4;Northern Dancer:5x5,0.1953125,25.0,6.25,6.25,0.0,0.0,0.0,18.75,12.5,6.25,0.0,0.0,0.0,0.0,0.0,0.0,0.0,6.25,3.125,0.0
2016104772,ザダル,https://db.netkeiba.com/horse/ped/2016104772/,PASS,トーセンラー,シーザシー,Lemon Drop Kid,Deep Impact,Lycius,Magic Broad,Verset Holiday,Deep Impact,Hail to Reason,Kingmambo,Native Dancer,Deep Impact__X__Kingmambo,Hail to Reason__X__Native Dancer,Deep Impact__X__Verset Holiday,5,Gold Digger:5x5;Hail to Reason:5x5;Lyphard:5x5;Mr. Prospector:4x4;Raise a Native:5x5,1.3671875,12.5,3.125,12.5,12.5,0.0,6.25,0.0,6.25,6.25,6.25,0.0,0.0,3.125,0.0,0.0,0.0,6.25,6.25,0.0
2016103463,マテリアルワールド,https://db.netkeiba.com/horse/ped/2016103463/,PASS,メイショウサムソン,メイショウカレン,パラダイスクリーク Paradise Creek,オペラハウス Opera House,ダンシングブレーヴ Dancing Brave,ビワテースト,Let's Face It,Sadler's Wells,Northern Dancer,パラダイスクリーク Paradise Creek,パラダイスクリーク Paradise Creek,Sadler's Wells__X__パラダイスクリーク Paradise Creek,Northern Dancer__X__パラダイスクリーク Paradise Creek,Sadler's Wells__X__Let's Face It,4,Derring-Do:5x5;Natalma:5x5;Nearctic:5x5;Northern Dancer:4x4x5x5,2.34375,0.0,18.75,0.0,0.0,0.0,12.5,0.0,0.0,0.0,0.0,0.0,0.0,0.0,0.0,0.0,0.0,6.25,0.0,0.0
2016100981,ミューチャリー,https://db.netkeiba.com/horse/ped/2016100981/,PASS,パイロ Pyro,ゴッドビラブドミー,ブライアンズタイム Brian's Time,Pulpit,Wild Again,ゴッドインチーフ,Street's Glory,A.P. Indy,Seattle Slew,Roberto,Hail to Reason,A.P. Indy__X__Roberto,Seattle Slew__X__Hail to Reason,A.P. Indy__X__Street's Glory,2,Mr. Prospector:4x5;Roberto:3x5,0.390625,0.0,0.0,9.375,0.0,15.625,0.0,3.125,0.0,6.25,6.25,12.5,0.0,0.0,0.0,0.0,0.0,3.125,3.125,0.0
2016101209,オセアグレイト,https://db.netkeiba.com/horse/ped/2016101209/,PASS,オルフェーヴル,ブルーダヌーブ Blue Danube,Bahri,Stay Gold,メジロマックイーン,シンコウエルメス,Russ-Marie,Stay Gold,Hail to Reason,Nasrullah,Nasrullah,Stay Gold__X__Nasrullah,Hail to Reason__X__Nasrullah,Stay Gold__X__Russ-Marie,2,Northern Dancer:4x5x5;Northern Taste:4x5,0.5859375,12.5,12.5,0.0,0.0,0.0,12.5,0.0,6.25,3.125,0.0,0.0,6.25,0.0,0.0,0.0,0.0,0.0,0.0,0.0
2016104629,エングレーバー,https://db.netkeiba.com/horse/ped/2016104629/,PASS,オルフェーヴル,マルティンスターク,シンボリクリスエス,Stay Gold,メジロマックイーン,ラテルネ,Sassetta,Stay Gold,Hail to Reason,Roberto,Hail to Reason,Stay Gold__X__Roberto,Hail to Reason__X__Hail to Reason,Stay Gold__X__Sassetta,2,Hail to Reason:5x5;Northern Taste:4x5,0.1953125,12.5,3.125,0.0,0.0,6.25,0.0,0.0,6.25,6.25,3.125,0.0,0.0,0.0,0.0,0.0,12.5,0.0,0.0,0.0
2016102362,エターナルヴィテス,https://db.netkeiba.com/horse/ped/2016102362/,PASS,トゥザグローリー,テツムーン,アドマイヤムーン,King Kamehameha,Sunday Silence,シアトルビューティ,Hobe Sound,King Kamehameha,Native Dancer,Mr. Prospector,Native Dancer,King Kamehameha__X__Mr. Prospector,Native Dancer__X__Native Dancer,King Kamehameha__X__Hobe Sound,5,Halo:4x5;Mr. Prospector:4x5;Nureyev:4x5;Sunday Silence:3x4;Wishing Well:4x5,2.734375,18.75,3.125,9.375,12.5,0.0,0.0,0.0,9.375,3.125,6.25,0.0,0.0,9.375,0.0,0.0,0.0,0.0,3.125,0.0
2016105093,アトミックフォース,https://db.netkeiba.com/horse/ped/2016105093/,PASS,ワークフォース Workforce,タックスシェルター,フジキセキ,キングズベスト King's Best,Sadler's Wells,タックスヘイブン,Pardon My Speed,Kingmambo,Native Dancer,Sunday Silence,Hail to Reason,Kingmambo__X__Sunday Silence,Native Dancer__X__Hail to Reason,Kingmambo__X__Pardon My Speed,1,Raise a Native:4x5,0.390625,12.5,6.25,6.25,12.5,0.0,12.5,0.0,6.25,3.125,0.0,0.0,0.0,3.125,0.0,0.0,0.0,0.0,9.375,3.125
2016105367,ルヴォルグ,https://db.netkeiba.com/horse/ped/2016105367/,PASS,Deep Impact,キトゥンカブードル Kitten Kaboodle,Kitten's Joy,Sunday Silence,Alzao,Easy Slam,Morgaise,Deep Impact,Hail to Reason,Sadler's Wells,Northern Dancer,Deep Impact__X__Sadler's Wells,Hail to Reason__X__Northern Dancer,Deep Impact__X__Morgaise,2,Northern Dancer:5x5;Sir Ivor:5x5,0.390625,25.0,6.25,3.125,0.0,3.125,6.25,0.0,12.5,6.25,0.0,0.0,3.125,0.0,0.0,0.0,0.0,6.25,0.0,0.0
2015105742,トニーファイブ,https://db.netkeiba.com/horse/ped/2015105742/,PASS,メイショウボーラー,デザートチャーム,Dubai Destination,タイキシャトル,Storm Cat,ヴィエールソンリ Vielle Senlis,Home And Away,Halo,Hail to Reason,Kingmambo,Native Dancer,Halo__X__Kingmambo,Hail to Reason__X__Native Dancer,Halo__X__Home And Away,3,Hoist the Flag:5x5;Mr. Prospector:4x5;Nijinsky:5x5,0.1953125,0.0,3.125,9.375,12.5,0.0,0.0,0.0,6.25,3.125,3.125,0.0,6.25,3.125,12.5,0.0,0.0,0.0,3.125,0.0
2016100269,ジョウショームード,https://db.netkeiba.com/horse/ped/2016100269/,PASS,ローズキングダム,ジョウショーコトミ,リンカーン,King Kamehameha,Sunday Silence,ジョウショーツリー,サクラパルダ,King Kamehameha,Native Dancer,Sunday Silence,Hail to Reason,King Kamehameha__X__Sunday Silence,Native Dancer__X__Hail to Reason,King Kamehameha__X__サクラパルダ,8,Cosmah:5x5;Hail to Reason:5x5;Halo:4x4;Mountain Flower:5x5;Mr. Prospector:4x5;Sunday Silence:3x3;Understanding:5x5;Wishing Well:4x4,5.859375,25.0,0.0,9.375,12.5,0.0,3.125,0.0,12.5,6.25,0.0,0.0,0.0,3.125,0.0,0.0,6.25,3.125,3.125,0.0
2016110103,ユニコーンライオン,https://db.netkeiba.com/horse/ped/2016110103/,PASS,No Nay Never,Muravka,High Chaparral,Scat Daddy,Elusive Quality,Tabdea,Thoroly Blue,Storm Cat,Northern Dancer,Sadler's Wells,Northern Dancer,Storm Cat__X__Sadler's Wells,Northern Dancer__X__Northern Dancer,Storm Cat__X__Thoroly Blue,4,Mr. Prospector:4x5;Natalma:5x5;Nearctic:5x5;Northern Dancer:4x4x5,0.78125,0.0,15.625,9.375,0.0,0.0,12.5,0.0,0.0,0.0,0.0,0.0,3.125,0.0,3.125,0.0,0.0,0.0,3.125,0.0
2016105272,シフルマン,https://db.netkeiba.com/horse/ped/2016105272/,PASS,ハービンジャー Harbinger,ラブリネスオブパリ,Sunday Silence,Dansili,Bering,ファビラスラフイン,Deesse des Mers,Danzig,Northern Dancer,Sunday Silence,Hail to Reason,Danzig__X__Sunday Silence,Northern Dancer__X__Hail to Reason,Danzig__X__Deesse des Mers,1,Northern Dancer:4x5x5,0.78125,25.0,12.5,0.0,0.0,0.0,0.0,6.25,12.5,6.25,0.0,0.0,0.0,0.0,0.0,0.0,0.0,3.125,0.0,0.0
2015104649,シルヴァンシャー,https://db.netkeiba.com/horse/ped/2015104649/,PASS,Deep Impact,アゼリ Azeri,ジェイドハンター Jade Hunter,Sunday Silence,Alzao,Zodiac Miss,Miss Glasso,Deep Impact,Hail to Reason,Mr. Prospector,Native Dancer,Deep Impact__X__Mr. Prospector,Hail to Reason__X__Native Dancer,Deep Impact__X__Miss Glasso,2,Lyphard:4x5;Northern Dancer:5x5,0.5859375,25.0,6.25,12.5,0.0,0.0,0.0,0.0,12.5,6.25,0.0,0.0,0.0,0.0,0.0,0.0,0.0,9.375,6.25,3.125
2016104839,ブランノワール,https://db.netkeiba.com/horse/ped/2016104839/,PASS,ロードカナロア,プチノワール,Singspiel,King Kamehameha,Storm Cat,リッチアフェアー Rich Affair,Short Commons,King Kamehameha,Native Dancer,Sadler's Wells,Northern Dancer,King Kamehameha__X__Sadler's Wells,Native Dancer__X__Northern Dancer,King Kamehameha__X__Short Commons,5,Gold Digger:5x5;Halo:4x5;Mr. Prospector:4x4;Northern Dancer:5x5;Raise a Native:5x5,1.3671875,0.0,6.25,12.5,12.5,0.0,6.25,0.0,9.375,3.125,0.0,0.0,0.0,3.125,12.5,0.0,0.0,0.0,6.25,0.0
2016104029,トゥーフラッシー,https://db.netkeiba.com/horse/ped/2016104029/,PASS,ブラックタイド,アースファイヤー,クロフネ,Sunday Silence,Alzao,プリンセスデリーデ Princesse d'Elide,Urshalim,Sunday Silence,Hail to Reason,Deputy Minister,Northern Dancer,Sunday Silence__X__Deputy Minister,Hail to Reason__X__Northern Dancer,Sunday Silence__X__Urshalim,1,Sir Ivor:4x5,0.390625,25.0,3.125,0.0,0.0,0.0,0.0,0.0,12.5,6.25,0.0,0.0,0.0,0.0,0.0,6.25,0.0,6.25,0.0,0.0
2016105230,レッドアネモス,https://db.netkeiba.com/horse/ped/2016105230/,PASS,ヴィクトワールピサ,マチカネハヤテ,サクラバクシンオー,ネオユニヴァース,Machiavellian,ベルセゾン,Hasty Hitter,Sunday Silence,Hail to Reason,サクラバクシンオー,サクラバクシンオー,Sunday Silence__X__サクラバクシンオー,Hail to Reason__X__サクラバクシンオー,Sunday Silence__X__Hasty Hitter,5,Gold Digger:5x5;Halo:4x5;Mr. Prospector:4x4;Northern Dancer:5x5;Raise a Native:5x5,1.171875,12.5,6.25,12.5,0.0,0.0,0.0,0.0,9.375,3.125,0.0,0.0,0.0,0.0,0.0,0.0,0.0,6.25,6.25,0.0
2016105101,サトノダムゼル,https://db.netkeiba.com/horse/ped/2016105101/,PASS,Deep Impact,ダリシア Dalicia,Acatenango,Sunday Silence,Alzao,Dynamis,Diu,Deep Impact,Hail to Reason,Acatenango,Acatenango,Deep Impact__X__Acatenango,Hail to Reason__X__Acatenango,Deep Impact__X__Diu,3,Goofed:5x5;Lyphard:4x4;Northern Dancer:5x5,1.171875,25.0,6.25,0.0,0.0,0.0,0.0,0.0,12.5,6.25,0.0,0.0,0.0,0.0,0.0,0.0,0.0,12.5,0.0,0.0
2016104514,エスポワール,https://db.netkeiba.com/horse/ped/2016104514/,PASS,オルフェーヴル,スカーレット,シンボリクリスエス,Stay Gold,メジロマックイーン,グレースアドマイヤ,Sunny Valley,Stay Gold,Hail to Reason,Roberto,Hail to Reason,Stay Gold__X__Roberto,Hail to Reason__X__Hail to Reason,Stay Gold__X__Sunny Valley,3,Hail to Reason:5x5;Northern Dancer:5x5;Northern Taste:4x5,0.390625,12.5,6.25,0.0,0.0,6.25,6.25,0.0,6.25,6.25,3.125,0.0,0.0,0.0,0.0,0.0,12.5,0.0,0.0,0.0
2016105051,シングフォーユー,https://db.netkeiba.com/horse/ped/2016105051/,PASS,ジャスタウェイ,シングライクバード,シンボリクリスエス,Heart's Cry,Wild Again,シングライクトーク,ロイヤルレジナ,Heart's Cry,Hail to Reason,Roberto,Hail to Reason,Heart's Cry__X__Roberto,Hail to Reason__X__Hail to Reason,Heart's Cry__X__ロイヤルレジナ,3,Hail to Reason:5x5;Nearctic:5x5;Roberto:4x5,0.390625,12.5,6.25,0.0,0.0,9.375,0.0,0.0,6.25,6.25,3.125,0.0,0.0,0.0,0.0,0.0,6.25,3.125,0.0,0.0
2016104668,カリボール,https://db.netkeiba.com/horse/ped/2016104668/,PASS,ジャスタウェイ,レイズアンドコール,サクラバクシンオー,Heart's Cry,Wild Again,モーリストンベル Morriston Belle,Laura Bell,Heart's Cry,Hail to Reason,サクラバクシンオー,サクラバクシンオー,Heart's Cry__X__サクラバクシンオー,Hail to Reason__X__サクラバクシンオー,Heart's Cry__X__Laura Bell,2,Nearctic:5x5;Northern Dancer:4x5,0.1953125,12.5,9.375,0.0,0.0,0.0,0.0,0.0,6.25,3.125,0.0,0.0,0.0,0.0,0.0,0.0,6.25,3.125,0.0,0.0
2016104656,ヒシゲッコウ,https://db.netkeiba.com/horse/ped/2016104656/,PASS,ルーラーシップ,ラルケット,ファルブラヴ Falbrav,King Kamehameha,Tony Bin,アズサユミ,スイートルナ,King Kamehameha,Native Dancer,Northern Dancer,Northern Dancer,King Kamehameha__X__Northern Dancer,Native Dancer__X__Northern Dancer,King Kamehameha__X__スイートルナ,1,Northern Dancer:4x5,0.390625,12.5,9.375,6.25,12.5,0.0,0.0,0.0,6.25,3.125,3.125,0.0,0.0,3.125,0.0,0.0,12.5,0.0,3.125,0.0
2016105526,メロディーレーン,https://db.netkeiba.com/horse/ped/2016105526/,PASS,オルフェーヴル,メーヴェ,Motivator,Stay Gold,メジロマックイーン,Top Table,Courtessa,Stay Gold,Hail to Reason,Sadler's Wells,Northern Dancer,Stay Gold__X__Sadler's Wells,Hail to Reason__X__Northern Dancer,Stay Gold__X__Courtessa,2,Northern Dancer:5x5x5;Northern Taste:4x5,0.390625,12.5,9.375,3.125,0.0,0.0,6.25,0.0,6.25,3.125,0.0,0.0,0.0,0.0,0.0,0.0,0.0,0.0,0.0,0.0
2016104816,ホウオウサーベル,https://db.netkeiba.com/horse/ped/2016104816/,PASS,Heart's Cry,バランセラ Barancella,Acatenango,Sunday Silence,Tony Bin,Baranciaga,Marlia,Heart's Cry,Hail to Reason,Acatenango,Acatenango,Heart's Cry__X__Acatenango,Hail to Reason__X__Acatenango,Heart's Cry__X__Marlia,1,Lyphard:4x5,0.390625,25.0,3.125,0.0,0.0,0.0,0.0,0.0,12.5,6.25,0.0,0.0,0.0,0.0,0.0,0.0,12.5,9.375,0.0,0.0
2015100344,ケイアイノーテック,https://db.netkeiba.com/horse/ped/2015100344/,PASS,Deep Impact,ケイアイガーベラ,Smarty Jones,Sunday Silence,Alzao,アンナステルツ Anna Sterz,Terentia,Deep Impact,Hail to Reason,Mr. Prospector,Native Dancer,Deep Impact__X__Mr. Prospector,Hail to Reason__X__Native Dancer,Deep Impact__X__Terentia,1,Northern Dancer:4x5,0.390625,25.0,9.375,3.125,0.0,0.0,0.0,12.5,12.5,6.25,0.0,0.0,0.0,0.0,0.0,0.0,0.0,6.25,0.0,0.0
2015105008,タイセイトレイル,https://db.netkeiba.com/horse/ped/2015105008/,PASS,Heart's Cry,マザーウェル,シンボリクリスエス,Sunday Silence,Tony Bin,シンコウラブリイ,Madelon,Heart's Cry,Hail to Reason,Roberto,Hail to Reason,Heart's Cry__X__Roberto,Hail to Reason__X__Hail to Reason,Heart's Cry__X__Madelon,2,Hail to Reason:4x5;Northern Dancer:5x5,0.5859375,25.0,6.25,0.0,0.0,6.25,0.0,0.0,12.5,9.375,3.125,0.0,6.25,0.0,0.0,0.0,12.5,6.25,0.0,0.0
2014102146,リリックドラマ,https://db.netkeiba.com/horse/ped/2014102146/,PASS,Stay Gold,ヴェルヴェットクイーン Velvet Queen,Singspiel,Sunday Silence,ディクタス Dictus,Velvet Moon,Fighting,Stay Gold,Hail to Reason,Sadler's Wells,Northern Dancer,Stay Gold__X__Sadler's Wells,Hail to Reason__X__Northern Dancer,Stay Gold__X__Fighting,4,Cosmah:4x5;Hail to Reason:4x5;Halo:3x4;Northern Dancer:5x5x5,2.734375,25.0,9.375,0.0,0.0,0.0,6.25,6.25,18.75,9.375,0.0,0.0,0.0,0.0,0.0,0.0,0.0,0.0,0.0,0.0
2015104921,アロハリリー,https://db.netkeiba.com/horse/ped/2015104921/,PASS,Heart's Cry,ハワイアンウインド,King Kamehameha,Sunday Silence,Tony Bin,ライクザウインド,Highclere,Heart's Cry,Hail to Reason,King Kamehameha,Native Dancer,Heart's Cry__X__King Kamehameha,Hail to Reason__X__Native Dancer,Heart's Cry__X__Highclere,2,Lyphard:4x5;Northern Dancer:5x5,0.5859375,25.0,6.25,6.25,12.5,0.0,0.0,6.25,12.5,6.25,0.0,0.0,0.0,3.125,0.0,0.0,12.5,9.375,3.125,0.0
2014100208,ウインイクシード,https://db.netkeiba.com/horse/ped/2014100208/,PASS,マンハッタンカフェ,イクスキューズ,ボストンハーバー Boston Harbor,Sunday Silence,Law Society,クリスティキャット Christiecat,Uvira,Sunday Silence,Hail to Reason,Seattle Slew,Seattle Slew,Sunday Silence__X__Seattle Slew,Hail to Reason__X__Seattle Slew,Sunday Silence__X__Uvira,0,,0.0,25.0,3.125,0.0,0.0,0.0,0.0,0.0,12.5,6.25,6.25,0.0,0.0,0.0,0.0,0.0,0.0,0.0,3.125,0.0
2014100616,ブライトムーン,https://db.netkeiba.com/horse/ped/2014100616/,PASS,ルーラーシップ,ルアシェイア,フジキセキ,King Kamehameha,Tony Bin,ファレノプシス,Fiji,King Kamehameha,Native Dancer,Sunday Silence,Hail to Reason,King Kamehameha__X__Sunday Silence,Native Dancer__X__Hail to Reason,King Kamehameha__X__Fiji,1,Hail to Reason:5x5,0.0,12.5,3.125,6.25,12.5,6.25,0.0,0.0,6.25,6.25,0.0,0.0,0.0,3.125,6.25,0.0,12.5,0.0,3.125,0.0
2015104834,ポンデザール,https://db.netkeiba.com/horse/ped/2015104834/,PASS,Heart's Cry,ジョコンダII Jioconda,Rossini,Sunday Silence,Tony Bin,La Joconde,Patosky,Heart's Cry,Hail to Reason,Mr. Prospector,Native Dancer,Heart's Cry__X__Mr. Prospector,Hail to Reason__X__Native Dancer,Heart's Cry__X__Patosky,3,Mr. Prospector:4x5;Northern Dancer:5x5;Sir Ivor:5x5,0.1953125,25.0,6.25,9.375,0.0,0.0,0.0,0.0,12.5,6.25,0.0,0.0,0.0,0.0,0.0,0.0,12.5,6.25,3.125,0.0
2014105249,アルメリアブルーム,https://db.netkeiba.com/horse/ped/2014105249/,PASS,ドリームジャーニー,アルメーリヒ,ネオユニヴァース,Stay Gold,メジロマックイーン,プアプー Peu a Peu,Prairie Stella,Stay Gold,Hail to Reason,Sunday Silence,Hail to Reason,Stay Gold__X__Sunday Silence,Hail to Reason__X__Hail to Reason,Stay Gold__X__Prairie Stella,9,Cosmah:5x5;Hail to Reason:5x5;Halo:4x4;Mountain Flower:5x5;Northern Taste:4x5;Sharpen Up:5x5;Sunday Silence:3x3;Understanding:5x5;Wishing Well:4x4,5.46875,25.0,3.125,0.0,0.0,0.0,0.0,0.0,12.5,6.25,0.0,0.0,0.0,0.0,0.0,0.0,0.0,3.125,0.0,0.0
2015101465,ミスマンマミーア,https://db.netkeiba.com/horse/ped/2015101465/,PASS,タニノギムレット,サンデーメモリー,Sunday Silence,ブライアンズタイム Brian's Time,クリスタルパレス Crystal Palace,タヤスメモリー,Hollybrook,Roberto,Hail to Reason,Sunday Silence,Hail to Reason,Roberto__X__Sunday Silence,Hail to Reason__X__Hail to Reason,Roberto__X__Hollybrook,4,Graustark:4x5;Hail to Reason:4x4;Nothirdchance:5x5;Turn-to:5x5,1.171875,25.0,0.0,6.25,0.0,12.5,0.0,0.0,12.5,12.5,0.0,0.0,0.0,0.0,0.0,0.0,0.0,3.125,3.125,0.0
2017101146,トウカイデュエル,https://db.netkeiba.com/horse/ped/2017101146/,PASS,ジャスタウェイ,トウカイオスカー,トウカイテイオー,Heart's Cry,Wild Again,ブリリアントミスト,Up Oars,Heart's Cry,Hail to Reason,トウカイテイオー,トウカイテイオー,Heart's Cry__X__トウカイテイオー,Hail to Reason__X__トウカイテイオー,Heart's Cry__X__Up Oars,1,Hail to Reason:5x5,0.1953125,12.5,3.125,0.0,0.0,6.25,0.0,0.0,6.25,6.25,0.0,0.0,0.0,0.0,0.0,0.0,6.25,3.125,0.0,0.0
2017105972,ヴァルナ,https://db.netkeiba.com/horse/ped/2017105972/,PASS,エピファネイア,アリデッド,ダンスインザダーク,シンボリクリスエス,スペシャルウィーク,スワンプリンセス Swan Princess,Crystal Palace,Roberto,Hail to Reason,Sunday Silence,Hail to Reason,Roberto__X__Sunday Silence,Hail to Reason__X__Hail to Reason,Roberto__X__Crystal Palace,5,Hail to Reason:5x5;Halo:4x5;Northern Dancer:4x5x5;Sunday Silence:3x4;Wishing Well:4x5,3.125,18.75,12.5,0.0,0.0,6.25,6.25,0.0,9.375,6.25,3.125,0.0,6.25,12.5,0.0,0.0,0.0,0.0,0.0,0.0
2017102699,ジャストナウ,https://db.netkeiba.com/horse/ped/2017102699/,PASS,ジャスタウェイ,フリティラリア,アドマイヤムーン,Heart's Cry,Wild Again,リリウム,Charming Alibi,Heart's Cry,Hail to Reason,Mr. Prospector,Native Dancer,Heart's Cry__X__Mr. Prospector,Hail to Reason__X__Native Dancer,Heart's Cry__X__Charming Alibi,3,Halo:4x5;Sunday Silence:3x4;Wishing Well:4x5,2.34375,18.75,0.0,3.125,0.0,0.0,0.0,0.0,9.375,3.125,0.0,0.0,0.0,0.0,0.0,3.125,6.25,3.125,0.0,0.0
2017103839,ロールオブサンダー,https://db.netkeiba.com/horse/ped/2017103839/,PASS,エピファネイア,ミッキーハナコ,アドマイヤムーン,シンボリクリスエス,スペシャルウィーク,サウンドザビーチ,ワールドソロン,Roberto,Hail to Reason,Mr. Prospector,Native Dancer,Roberto__X__Mr. Prospector,Hail to Reason__X__Native Dancer,Roberto__X__ワールドソロン,4,Halo:5x5;Mr. Prospector:4x5;Sunday Silence:4x4;Wishing Well:5x5,1.171875,12.5,3.125,9.375,0.0,6.25,6.25,0.0,6.25,3.125,3.125,0.0,0.0,0.0,0.0,0.0,0.0,0.0,3.125,0.0
2017105329,インザムード,https://db.netkeiba.com/horse/ped/2017105329/,PASS,ノヴェリスト Novellist,サンエルピス,King Kamehameha,Monsun,Lagunas,フサイチパンドラ,Best in Show,ノヴェリスト Novellist,ノヴェリスト Novellist,King Kamehameha,Native Dancer,ノヴェリスト Novellist__X__King Kamehameha,ノヴェリスト Novellist__X__Native Dancer,ノヴェリスト Novellist__X__Best in Show,3,Literat:5x5;Northern Dancer:5x5;Nureyev:4x5,0.1953125,12.5,6.25,6.25,12.5,0.0,0.0,0.0,6.25,3.125,0.0,0.0,3.125,9.375,0.0,0.0,0.0,0.0,3.125,0.0
2017105576,ミヤマザクラ,https://db.netkeiba.com/horse/ped/2017105576/,PASS,Deep Impact,ミスパスカリ,Mr. Greeley,Sunday Silence,Alzao,ブルーアヴェニュー Blue Avenue,Catania,Deep Impact,Hail to Reason,Mr. Prospector,Native Dancer,Deep Impact__X__Mr. Prospector,Hail to Reason__X__Native Dancer,Deep Impact__X__Catania,0,,0.0,25.0,3.125,6.25,0.0,3.125,0.0,0.0,12.5,6.25,0.0,0.0,0.0,0.0,0.0,0.0,0.0,6.25,3.125,0.0
2017102017,ショウナンバレリオ,https://db.netkeiba.com/horse/ped/2017102017/,PASS,エピファネイア,ウインデンファーレ,ダンスインザダーク,シンボリクリスエス,スペシャルウィーク,リーガルジョイ Regal Joy,Close Control,Roberto,Hail to Reason,Sunday Silence,Hail to Reason,Roberto__X__Sunday Silence,Hail to Reason__X__Hail to Reason,Roberto__X__Close Control,5,Hail to Reason:5x5;Halo:4x5;Northern Dancer:5x5;Sunday Silence:3x4;Wishing Well:4x5,2.734375,18.75,6.25,0.0,0.0,6.25,6.25,0.0,9.375,6.25,3.125,0.0,6.25,0.0,0.0,0.0,0.0,0.0,0.0,3.125
2017105434,マイラプソディ,https://db.netkeiba.com/horse/ped/2017105434/,PASS,Heart's Cry,テディーズプロミス Teddy's Promise,Salt Lake,Sunday Silence,Tony Bin,Braids and Beads,Prides Promise,Heart's Cry,Hail to Reason,Deputy Minister,Northern Dancer,Heart's Cry__X__Deputy Minister,Hail to Reason__X__Northern Dancer,Heart's Cry__X__Prides Promise,1,Northern Dancer:5x5,0.1953125,25.0,6.25,0.0,0.0,0.0,0.0,0.0,12.5,6.25,6.25,0.0,3.125,0.0,0.0,12.5,12.5,6.25,3.125,0.0
2017103793,ヒシタイザン,https://db.netkeiba.com/horse/ped/2017103793/,PASS,トーセンホマレボシ,サンキュースマイル,ブライアンズタイム Brian's Time,Deep Impact,Northern Taste,スマイルトゥモロー,シルクベエンチア,Deep Impact,Hail to Reason,Roberto,Hail to Reason,Deep Impact__X__Roberto,Hail to Reason__X__Hail to Reason,Deep Impact__X__シルクベエンチア,2,Hail to Reason:4x5;Lyphard:5x5,0.5859375,12.5,6.25,3.125,0.0,12.5,0.0,0.0,6.25,9.375,0.0,0.0,0.0,0.0,0.0,0.0,0.0,6.25,0.0,0.0
2014102892,ヴァントシルム,https://db.netkeiba.com/horse/ped/2014102892/,PASS,ジャングルポケット,メジロシャレード,マンハッタンカフェ,Tony Bin,Nureyev,メジロドーベル,メジロボサツ,Tony Bin,Tony Bin,Sunday Silence,Hail to Reason,Tony Bin__X__Sunday Silence,Tony Bin__X__Hail to Reason,Tony Bin__X__メジロボサツ,0,,0.0,12.5,6.25,0.0,0.0,0.0,0.0,0.0,6.25,3.125,0.0,0.0,0.0,12.5,0.0,0.0,25.0,0.0,0.0,0.0
2014103040,エイシンクリック,https://db.netkeiba.com/horse/ped/2014103040/,PASS,ルーラーシップ,エイシンサンサン,キャロルハウス Carroll House,King Kamehameha,Tony Bin,エイシンギャロップ,Fancy Jet,King Kamehameha,Native Dancer,キャロルハウス Carroll House,キャロルハウス Carroll House,King Kamehameha__X__キャロルハウス Carroll House,Native Dancer__X__キャロルハウス Carroll House,King Kamehameha__X__Fancy Jet,4,Lady Victoria:4x5;Northern Dancer:4x5;Northern Taste:3x4;Nureyev:5x5,2.5390625,0.0,9.375,6.25,12.5,0.0,0.0,0.0,0.0,0.0,0.0,0.0,0.0,6.25,0.0,0.0,12.5,0.0,3.125,0.0
2014103156,ベイビーステップ,https://db.netkeiba.com/horse/ped/2014103156/,PASS,タイキシャトル,カルテブランシェ,ゴールドアリュール,Devil's Bag,Caerleon,シェナンドアリバー,Shuvee,Halo,Hail to Reason,Sunday Silence,Hail to Reason,Halo__X__Sunday Silence,Hail to Reason__X__Hail to Reason,Halo__X__Shuvee,4,Cosmah:4x5;Hail to Reason:4x5;Halo:3x4;Northern Dancer:5x5,2.5390625,12.5,6.25,0.0,0.0,0.0,0.0,0.0,18.75,9.375,0.0,0.0,6.25,6.25,0.0,0.0,0.0,3.125,0.0,0.0
2012103405,ベステンダンク,https://db.netkeiba.com/horse/ped/2012103405/,PASS,タイキシャトル,ユキノマーメイド,スペシャルウィーク,Devil's Bag,Caerleon,サスペンスクイーン,Roseliere,Halo,Hail to Reason,Sunday Silence,Hail to Reason,Halo__X__Sunday Silence,Hail to Reason__X__Hail to Reason,Halo__X__Roseliere,6,Cosmah:4x5;Flaming Page:5x5;Hail to Reason:4x5;Halo:3x4;Nijinsky:4x4x5;Northern Dancer:5x5,3.90625,12.5,6.25,6.25,0.0,0.0,0.0,0.0,18.75,9.375,0.0,0.0,15.625,0.0,0.0,0.0,0.0,0.0,3.125,0.0
2016101163,ロードマイウェイ,https://db.netkeiba.com/horse/ped/2016101163/,PASS,ジャスタウェイ,フェリス,ジャングルポケット,Heart's Cry,Wild Again,レディミューズ,ロイコン,Heart's Cry,Hail to Reason,Tony Bin,Tony Bin,Heart's Cry__X__Tony Bin,Hail to Reason__X__Tony Bin,Heart's Cry__X__ロイコン,3,Severn Bridge:4x5;Tony Bin:3x4;カンパラ:4x5,2.34375,12.5,3.125,3.125,0.0,0.0,0.0,0.0,6.25,3.125,0.0,0.0,3.125,6.25,0.0,0.0,18.75,3.125,0.0,0.0
2014102157,テリトーリアル,https://db.netkeiba.com/horse/ped/2014102157/,PASS,Teofilo,コンサヴァトワー Conservatoire,Street Cry,Galileo,デインヒル Danehill,Mezzo Soprano,Ballade,Sadler's Wells,Northern Dancer,Mr. Prospector,Native Dancer,Sadler's Wells__X__Mr. Prospector,Northern Dancer__X__Native Dancer,Sadler's Wells__X__Ballade,3,Halo:5x5;Mr. Prospector:4x5;Northern Dancer:4x5,0.390625,0.0,9.375,9.375,0.0,0.0,12.5,6.25,6.25,0.0,0.0,0.0,0.0,0.0,0.0,0.0,0.0,0.0,3.125,0.0
2014103266,メイショウエイコウ,https://db.netkeiba.com/horse/ped/2014103266/,PASS,サマーバード Summer Bird,メイショウフクヒメ,バブルガムフェロー,Birdstone,Summer Squall,キタノファンタジー,ヒガシエイト,サマーバード Summer Bird,サマーバード Summer Bird,Sunday Silence,Hail to Reason,サマーバード Summer Bird__X__Sunday Silence,サマーバード Summer Bird__X__Hail to Reason,サマーバード Summer Bird__X__ヒガシエイト,4,Nijinsky:4x5;Northern Dancer:5x5x5x5;South Ocean:5x5;Storm Bird:4x4,1.171875,12.5,12.5,0.0,0.0,0.0,0.0,0.0,6.25,3.125,0.0,0.0,9.375,0.0,0.0,0.0,0.0,6.25,0.0,0.0
2015104830,ジェシー,https://db.netkeiba.com/horse/ped/2015104830/,PASS,エイシンフラッシュ,ジェシカ,Tony Bin,キングズベスト King's Best,Platini,セシルカット,パロクサイド,Kingmambo,Native Dancer,Tony Bin,Tony Bin,Kingmambo__X__Tony Bin,Native Dancer__X__Tony Bin,Kingmambo__X__パロクサイド,0,,0.0,12.5,3.125,6.25,12.5,0.0,0.0,0.0,6.25,3.125,0.0,0.0,0.0,3.125,0.0,0.0,25.0,0.0,3.125,0.0
2017105973,ブラックホール,https://db.netkeiba.com/horse/ped/2017105973/,PASS,ゴールドシップ,ヴィーヴァブーケ,King Kamehameha,Stay Gold,メジロマックイーン,ブルーリッジリバー,Consentida,Stay Gold,Hail to Reason,King Kamehameha,Native Dancer,Stay Gold__X__King Kamehameha,Hail to Reason__X__Native Dancer,Stay Gold__X__Consentida,4,Halo:4x5;Northern Taste:4x5;Sunday Silence:3x4;Wishing Well:4x5,2.734375,18.75,3.125,6.25,12.5,0.0,0.0,0.0,9.375,3.125,0.0,0.0,0.0,3.125,0.0,0.0,0.0,0.0,3.125,0.0
2017101835,コントレイル,https://db.netkeiba.com/horse/ped/2017101835/,PASS,Deep Impact,ロードクロサイト,Unbridled's Song,Sunday Silence,Alzao,Folklore,バジー,Deep Impact,Hail to Reason,Mr. Prospector,Native Dancer,Deep Impact__X__Mr. Prospector,Hail to Reason__X__Native Dancer,Deep Impact__X__バジー,1,Fappiano:4x5,0.0,25.0,3.125,3.125,0.0,0.0,0.0,0.0,12.5,6.25,0.0,0.0,0.0,0.0,6.25,0.0,0.0,6.25,0.0,0.0
2017104906,ブルーミングスカイ,https://db.netkeiba.com/horse/ped/2017104906/,PASS,Deep Impact,ブルーミンバー,ファルブラヴ Falbrav,Sunday Silence,Alzao,タヤスブルーム,Grey Autumn,Deep Impact,Hail to Reason,Northern Dancer,Northern Dancer,Deep Impact__X__Northern Dancer,Hail to Reason__X__Northern Dancer,Deep Impact__X__Grey Autumn,1,Northern Dancer:4x5x5x5,0.78125,25.0,15.625,0.0,0.0,0.0,0.0,0.0,12.5,6.25,3.125,0.0,6.25,0.0,0.0,0.0,0.0,6.25,0.0,0.0
2017102833,ガロアクリーク,https://db.netkeiba.com/horse/ped/2017102833/,PASS,キンシャサノキセキ,ゴールドレリック Gold Relic,Kingmambo,フジキセキ,Pleasant Colony,Gold Bust,Glaneuse,Sunday Silence,Hail to Reason,Kingmambo,Native Dancer,Sunday Silence__X__Kingmambo,Hail to Reason__X__Native Dancer,Sunday Silence__X__Glaneuse,3,Goofed:5x5;Lyphard:4x4;Northern Dancer:5x5x5,1.3671875,12.5,9.375,12.5,25.0,0.0,0.0,0.0,6.25,3.125,0.0,0.0,0.0,6.25,0.0,0.0,0.0,12.5,6.25,3.125
2017105567,ヴェルトライゼンデ,https://db.netkeiba.com/horse/ped/2017105567/,PASS,ドリームジャーニー,マンデラ Mandela,Acatenango,Stay Gold,メジロマックイーン,Mandellicht,Mariapolis,Stay Gold,Hail to Reason,Acatenango,Acatenango,Stay Gold__X__Acatenango,Hail to Reason__X__Acatenango,Stay Gold__X__Mariapolis,2,Northern Dancer:4x5;Northern Taste:4x5,0.390625,12.5,9.375,0.0,0.0,0.0,0.0,0.0,6.25,3.125,0.0,0.0,0.0,0.0,0.0,0.0,0.0,0.0,0.0,0.0
2017104700,ナリノモンターニュ,https://db.netkeiba.com/horse/ped/2017104700/,PASS,ヴィクトワールピサ,オメガアイランド,エルコンドルパサー,ネオユニヴァース,Machiavellian,アイリッシュダンス,Princess Revoked,Sunday Silence,Hail to Reason,Kingmambo,Native Dancer,Sunday Silence__X__Kingmambo,Hail to Reason__X__Native Dancer,Sunday Silence__X__Princess Revoked,5,Gold Digger:5x5;Halo:4x5;Mr. Prospector:4x4;Northern Dancer:5x5;Raise a Native:5x5,1.171875,12.5,6.25,12.5,12.5,0.0,6.25,0.0,9.375,3.125,3.125,0.0,0.0,3.125,0.0,0.0,12.5,6.25,6.25,0.0
2017105422,ワーケア,https://db.netkeiba.com/horse/ped/2017105422/,PASS,Heart's Cry,チェリーコレクト Cherry Collect,Oratorio,Sunday Silence,Tony Bin,Holy Moon,Madina,Heart's Cry,Hail to Reason,Danzig,Northern Dancer,Heart's Cry__X__Danzig,Hail to Reason__X__Northern Dancer,Heart's Cry__X__Madina,2,Nijinsky:5x5;Northern Dancer:5x5,0.1953125,25.0,6.25,0.0,0.0,0.0,0.0,6.25,12.5,6.25,0.0,0.0,6.25,0.0,0.0,0.0,12.5,6.25,0.0,0.0
2017109010,クリノブレーヴ,https://db.netkeiba.com/horse/ped/2017109010/,PASS,オーシャンブルー,イースタリーブリーズ Easterly Breeze,Fusaichi Pegasus,Stay Gold,Dashing Blade,Nakiska Wind,Song of Victory,Stay Gold,Hail to Reason,Mr. Prospector,Native Dancer,Stay Gold__X__Mr. Prospector,Hail to Reason__X__Native Dancer,Stay Gold__X__Song of Victory,3,Halo:4x5;Lyphard:3x5;Northern Dancer:4x5,1.171875,12.5,9.375,12.5,0.0,0.0,0.0,6.25,9.375,3.125,0.0,0.0,0.0,0.0,0.0,0.0,0.0,15.625,6.25,3.125
2017106711,パンサラッサ,https://db.netkeiba.com/horse/ped/2017106711/,PASS,ロードカナロア,ミスペンバリー,Montjeu,King Kamehameha,Storm Cat,Stitching,Shore,King Kamehameha,Native Dancer,Sadler's Wells,Northern Dancer,King Kamehameha__X__Sadler's Wells,Native Dancer__X__Northern Dancer,King Kamehameha__X__Shore,1,Northern Dancer:4x5,0.390625,0.0,9.375,6.25,12.5,0.0,12.5,0.0,0.0,0.0,0.0,0.0,0.0,3.125,12.5,0.0,0.0,0.0,3.125,0.0
2017104232,ディアセオリー,https://db.netkeiba.com/horse/ped/2017104232/,PASS,サムライハート,サイレントベッド,ソウルオブザマター Soul of the Matter,Sunday Silence,Tony Bin,ビストロドゥパリ,Continue,Sunday Silence,Hail to Reason,ソウルオブザマター Soul of the Matter,ソウルオブザマター Soul of the Matter,Sunday Silence__X__ソウルオブザマター Soul of the Matter,Hail to Reason__X__ソウルオブザマター Soul of the Matter,Sunday Silence__X__Continue,1,Northern Dancer:5x5,0.1953125,25.0,6.25,6.25,0.0,0.0,6.25,0.0,12.5,6.25,0.0,0.0,0.0,0.0,0.0,0.0,12.5,0.0,3.125,0.0
2017105649,オーソリティ,https://db.netkeiba.com/horse/ped/2017105649/,PASS,オルフェーヴル,ロザリンド,シンボリクリスエス,Stay Gold,メジロマックイーン,シーザリオ,Principia,Stay Gold,Hail to Reason,Roberto,Hail to Reason,Stay Gold__X__Roberto,Hail to Reason__X__Hail to Reason,Stay Gold__X__Principia,6,Hail to Reason:5x5;Halo:4x5;Northern Dancer:5x5;Northern Taste:4x5;Sunday Silence:3x4;Wishing Well:4x5,2.734375,18.75,6.25,0.0,0.0,6.25,6.25,0.0,9.375,6.25,3.125,0.0,0.0,0.0,0.0,0.0,0.0,0.0,0.0,0.0
2017104614,ラグビーボーイ,https://db.netkeiba.com/horse/ped/2017104614/,PASS,エイシンフラッシュ,マチカネセキガハラ,フジキセキ,キングズベスト King's Best,Platini,マチカネチコウヨレ,Belthazar,Kingmambo,Native Dancer,Sunday Silence,Hail to Reason,Kingmambo__X__Sunday Silence,Native Dancer__X__Hail to Reason,Kingmambo__X__Belthazar,1,Raise a Native:5x5,0.1953125,12.5,3.125,6.25,12.5,0.0,0.0,0.0,6.25,3.125,0.0,0.0,0.0,3.125,0.0,12.5,0.0,0.0,6.25,0.0
2017105194,ラインベック,https://db.netkeiba.com/horse/ped/2017105194/,PASS,Deep Impact,アパパネ,King Kamehameha,Sunday Silence,Alzao,ソルティビッド,Easterborn,Deep Impact,Hail to Reason,King Kamehameha,Native Dancer,Deep Impact__X__King Kamehameha,Hail to Reason__X__Native Dancer,Deep Impact__X__Easterborn,0,,0.0,25.0,3.125,6.25,12.5,0.0,0.0,0.0,12.5,6.25,0.0,0.0,0.0,3.125,0.0,6.25,0.0,6.25,3.125,0.0
2014102617,アンノートル,https://db.netkeiba.com/horse/ped/2014102617/,PASS,アイルハヴアナザー I'll Have Another,タイキシャイン,タイキシャトル,Flower Alley,Arch,タイキトゥインクル,デイオラマ,Mr. Prospector,Native Dancer,Halo,Hail to Reason,Mr. Prospector__X__Halo,Native Dancer__X__Hail to Reason,Mr. Prospector__X__デイオラマ,4,Danzig:4x5x5;Hail to Reason:5x5;Mr. Prospector:5x5;Roberto:4x5,0.390625,0.0,0.0,6.25,0.0,9.375,3.125,12.5,6.25,6.25,0.0,0.0,3.125,0.0,0.0,0.0,0.0,0.0,0.0,0.0
2012101586,イレイション,https://db.netkeiba.com/horse/ped/2012101586/,PASS,ディープスカイ,フェリシタス Felicitous,キングズベスト King's Best,アグネスタキオン,Chief's Crown,Embassy,Nonnie,Sunday Silence,Hail to Reason,Kingmambo,Native Dancer,Sunday Silence__X__Kingmambo,Hail to Reason__X__Native Dancer,Sunday Silence__X__Nonnie,0,,0.0,12.5,3.125,6.25,12.5,0.0,0.0,6.25,6.25,3.125,0.0,0.0,3.125,3.125,0.0,0.0,0.0,3.125,3.125,0.0
2016105136,サヴォワールエメ,https://db.netkeiba.com/horse/ped/2016105136/,PASS,ダイワメジャー,ニアメ Niamey,Pivotal,Sunday Silence,Northern Taste,Napoli,Best in Show,Sunday Silence,Hail to Reason,Nureyev,Northern Dancer,Sunday Silence__X__Nureyev,Hail to Reason__X__Northern Dancer,Sunday Silence__X__Best in Show,3,Natalma:5x5;Nearctic:5x5;Northern Dancer:4x4x5,1.5625,25.0,15.625,0.0,0.0,0.0,0.0,0.0,12.5,6.25,0.0,0.0,0.0,6.25,0.0,0.0,0.0,0.0,0.0,0.0
2015103392,モルフェオルフェ,https://db.netkeiba.com/horse/ped/2015103392/,PASS,オルフェーヴル,スマッシュ,King Kamehameha,Stay Gold,メジロマックイーン,ロフティーエイム,Halloween,Stay Gold,Hail to Reason,King Kamehameha,Native Dancer,Stay Gold__X__King Kamehameha,Hail to Reason__X__Native Dancer,Stay Gold__X__Halloween,8,Cosmah:5x5;Hail to Reason:5x5;Halo:4x4;Mountain Flower:5x5;Northern Taste:4x5;Sunday Silence:3x3;Understanding:5x5;Wishing Well:4x4,5.46875,25.0,3.125,6.25,12.5,0.0,0.0,0.0,12.5,6.25,0.0,0.0,0.0,3.125,0.0,0.0,0.0,0.0,3.125,0.0
2014104278,ウインシャトレーヌ,https://db.netkeiba.com/horse/ped/2014104278/,PASS,ダイワメジャー,タニノハイクレア,クロフネ,Sunday Silence,Northern Taste,インヴァイト Invite,Highlight,Sunday Silence,Hail to Reason,Deputy Minister,Northern Dancer,Sunday Silence__X__Deputy Minister,Hail to Reason__X__Northern Dancer,Sunday Silence__X__Highlight,3,Natalma:5x5;Nearctic:5x5;Northern Dancer:4x4,1.171875,25.0,12.5,0.0,0.0,0.0,0.0,0.0,12.5,6.25,0.0,0.0,0.0,0.0,0.0,6.25,0.0,0.0,0.0,0.0
2017101299,クリスタルブラック,https://db.netkeiba.com/horse/ped/2017101299/,PASS,キズナ,アッシュケーク,タイキシャトル,Deep Impact,Storm Cat,ケイアイグローリー,True Pitch,Deep Impact,Hail to Reason,Halo,Hail to Reason,Deep Impact__X__Halo,Hail to Reason__X__Hail to Reason,Deep Impact__X__True Pitch,3,Cosmah:5x5;Hail to Reason:5x5x5;Halo:4x4,1.3671875,12.5,3.125,0.0,0.0,6.25,0.0,0.0,12.5,9.375,0.0,0.0,3.125,0.0,12.5,0.0,0.0,3.125,0.0,0.0
2017104888,リメンバーメモリー,https://db.netkeiba.com/horse/ped/2017104888/,PASS,キズナ,フィオドラ Feodora,Lord of England,Deep Impact,Storm Cat,Forever Nice,Spray,Deep Impact,Hail to Reason,Lord of England,Lord of England,Deep Impact__X__Lord of England,Hail to Reason__X__Lord of England,Deep Impact__X__Spray,0,,0.0,12.5,3.125,0.0,0.0,0.0,0.0,0.0,6.25,3.125,0.0,0.0,3.125,0.0,12.5,0.0,0.0,3.125,0.0,0.0
2017101057,チュウワジョーダン,https://db.netkeiba.com/horse/ped/2017101057/,PASS,トーセンジョーダン,チュウワプリンセス,スペシャルウィーク,ジャングルポケット,Northern Taste,シビル,Blue Double,Tony Bin,Tony Bin,Sunday Silence,Hail to Reason,Tony Bin__X__Sunday Silence,Tony Bin__X__Hail to Reason,Tony Bin__X__Blue Double,2,Nearctic:5x5;Northern Dancer:4x5,0.1953125,12.5,9.375,3.125,0.0,0.0,0.0,0.0,6.25,3.125,0.0,0.0,3.125,6.25,0.0,0.0,12.5,0.0,0.0,0.0
2017104917,キングオブドラゴン,https://db.netkeiba.com/horse/ped/2017104917/,PASS,Heart's Cry,ベガスナイト,コロナドズクエスト Coronado's Quest,Sunday Silence,Tony Bin,Words of War,Classicist,Heart's Cry,Hail to Reason,Mr. Prospector,Native Dancer,Heart's Cry__X__Mr. Prospector,Hail to Reason__X__Native Dancer,Heart's Cry__X__Classicist,0,,0.0,25.0,3.125,6.25,0.0,0.0,0.0,0.0,12.5,6.25,0.0,0.0,0.0,0.0,0.0,0.0,12.5,6.25,3.125,0.0
2017106553,ゼノヴァース,https://db.netkeiba.com/horse/ped/2017106553/,PASS,Deep Impact,リズムオブライト Rhythm of Light,Beat Hollow,Sunday Silence,Alzao,Luminda,Batave,Deep Impact,Hail to Reason,Sadler's Wells,Northern Dancer,Deep Impact__X__Sadler's Wells,Hail to Reason__X__Northern Dancer,Deep Impact__X__Batave,2,Lyphard:4x5;Northern Dancer:4x5x5,0.9765625,25.0,12.5,0.0,0.0,0.0,12.5,6.25,12.5,6.25,0.0,0.0,0.0,0.0,0.0,0.0,0.0,9.375,0.0,0.0
2017105379,ディアスティマ,https://db.netkeiba.com/horse/ped/2017105379/,PASS,Deep Impact,スウィートリーズン Sweet Reason,ストリートセンス Street Sense,Sunday Silence,Alzao,Livermore Leslie,Winter Breeze,Deep Impact,Hail to Reason,Mr. Prospector,Native Dancer,Deep Impact__X__Mr. Prospector,Hail to Reason__X__Native Dancer,Deep Impact__X__Winter Breeze,2,Crimson Satan:5x5;Northern Dancer:5x5,0.1953125,25.0,6.25,3.125,0.0,0.0,0.0,0.0,12.5,6.25,0.0,0.0,0.0,0.0,0.0,0.0,0.0,6.25,0.0,0.0
2017105585,ヒュッゲ,https://db.netkeiba.com/horse/ped/2017105585/,PASS,Heart's Cry,ムーンライトダンス Moonlight Dance,Sinndar,Sunday Silence,Tony Bin,Style of Life,Stolen Hour,Heart's Cry,Hail to Reason,Danzig,Northern Dancer,Heart's Cry__X__Danzig,Hail to Reason__X__Northern Dancer,Heart's Cry__X__Stolen Hour,1,Northern Dancer:4x5,0.390625,25.0,9.375,0.0,0.0,0.0,0.0,3.125,12.5,6.25,0.0,0.0,0.0,0.0,0.0,0.0,12.5,6.25,0.0,0.0
2017105937,キムケンドリーム,https://db.netkeiba.com/horse/ped/2017105937/,PASS,オルフェーヴル,スターペスミツコ,カーネギー Carnegie,Stay Gold,メジロマックイーン,マーチンミユキ,コランディア,Stay Gold,Hail to Reason,Sadler's Wells,Northern Dancer,Stay Gold__X__Sadler's Wells,Hail to Reason__X__Northern Dancer,Stay Gold__X__コランディア,2,Northern Dancer:4x5x5;Northern Taste:4x5,0.5859375,12.5,12.5,0.0,0.0,0.0,12.5,0.0,6.25,3.125,0.0,0.0,6.25,0.0,0.0,0.0,0.0,0.0,0.0,0.0
2017103572,ビターエンダー,https://db.netkeiba.com/horse/ped/2017103572/,PASS,オルフェーヴル,ビタースウィート,Afleet Alex,Stay Gold,メジロマックイーン,ムーンライトガーデンズ Moonlight Gardens,Illgotten Gains,Stay Gold,Hail to Reason,Mr. Prospector,Native Dancer,Stay Gold__X__Mr. Prospector,Hail to Reason__X__Native Dancer,Stay Gold__X__Illgotten Gains,2,Mr. Prospector:5x5;Northern Taste:4x5,0.0,12.5,3.125,6.25,0.0,0.0,0.0,0.0,6.25,3.125,0.0,0.0,0.0,3.125,0.0,0.0,0.0,0.0,0.0,0.0
2017104810,ヴィアメント,https://db.netkeiba.com/horse/ped/2017104810/,PASS,King Kamehameha,ダイワズーム,Heart's Cry,Kingmambo,ラストタイクーン Last Tycoon,フォルナリーナ,Cold Reply,King Kamehameha,Native Dancer,Heart's Cry,Hail to Reason,King Kamehameha__X__Heart's Cry,Native Dancer__X__Hail to Reason,King Kamehameha__X__Cold Reply,3,Halo:4x4x5;Mr. Prospector:3x5;Northern Dancer:5x5,0.78125,12.5,6.25,15.625,25.0,0.0,0.0,0.0,15.625,3.125,6.25,0.0,0.0,6.25,0.0,0.0,6.25,3.125,6.25,3.125
2017105186,スカイグルーヴ,https://db.netkeiba.com/horse/ped/2017105186/,PASS,エピファネイア,アドマイヤセプター,King Kamehameha,シンボリクリスエス,スペシャルウィーク,アドマイヤグルーヴ,シャダイフェザー,Roberto,Hail to Reason,King Kamehameha,Native Dancer,Roberto__X__King Kamehameha,Hail to Reason__X__Native Dancer,Roberto__X__シャダイフェザー,4,Hail to Reason:5x5;Halo:4x5;Sunday Silence:3x4;Wishing Well:4x5,2.5390625,18.75,3.125,6.25,12.5,6.25,6.25,0.0,9.375,6.25,3.125,0.0,0.0,3.125,0.0,0.0,6.25,0.0,3.125,0.0
2014105265,マスターコード,https://db.netkeiba.com/horse/ped/2014105265/,PASS,ハービンジャー Harbinger,コードネーム,Sunday Silence,Dansili,Bering,トリッキーコード Tricky Code,Sally Catbird,Danzig,Northern Dancer,Sunday Silence,Hail to Reason,Danzig__X__Sunday Silence,Northern Dancer__X__Hail to Reason,Danzig__X__Sally Catbird,1,Northern Dancer:5x5,0.0,25.0,6.25,0.0,0.0,0.0,0.0,6.25,12.5,6.25,0.0,0.0,0.0,0.0,0.0,0.0,0.0,3.125,0.0,0.0
2015105090,レッドレオン,https://db.netkeiba.com/horse/ped/2015105090/,PASS,Deep Impact,レッドエルザ,Smart Strike,Sunday Silence,Alzao,Belva,Royal Warrant,Deep Impact,Hail to Reason,Mr. Prospector,Native Dancer,Deep Impact__X__Mr. Prospector,Hail to Reason__X__Native Dancer,Deep Impact__X__Royal Warrant,1,Northern Dancer:5x5,0.1953125,25.0,6.25,12.5,0.0,0.0,0.0,0.0,12.5,6.25,0.0,0.0,0.0,6.25,0.0,0.0,0.0,6.25,6.25,3.125
2014105081,プリンスオブペスカ,https://db.netkeiba.com/horse/ped/2014105081/,PASS,Heart's Cry,プリンセスペスカ,チーフベアハート Chief Bearhart,Sunday Silence,Tony Bin,テンザンキラリ,アンビシャス,Heart's Cry,Hail to Reason,Danzig,Northern Dancer,Heart's Cry__X__Danzig,Hail to Reason__X__Northern Dancer,Heart's Cry__X__アンビシャス,1,Northern Dancer:5x5,0.1953125,25.0,6.25,0.0,0.0,0.0,0.0,6.25,12.5,6.25,0.0,0.0,0.0,0.0,0.0,0.0,12.5,6.25,0.0,0.0
2015100106,クロスケ,https://db.netkeiba.com/horse/ped/2015100106/,PASS,キャプテントゥーレ,フェニックスワン,ブライアンズタイム Brian's Time,アグネスタキオン,Tony Bin,イシノウェーブ,Style,Sunday Silence,Hail to Reason,Roberto,Hail to Reason,Sunday Silence__X__Roberto,Hail to Reason__X__Hail to Reason,Sunday Silence__X__Style,2,Hail to Reason:4x5;ロイヤルスキー:4x5,0.390625,12.5,3.125,6.25,0.0,12.5,0.0,0.0,6.25,9.375,0.0,0.0,3.125,0.0,0.0,0.0,12.5,6.25,3.125,0.0
2013104277,ステイブラビッシモ,https://db.netkeiba.com/horse/ped/2013104277/,PASS,Stay Gold,スイートフラッグ,Kingmambo,Sunday Silence,ディクタス Dictus,Serengeti Day,Missy Baba,Stay Gold,Hail to Reason,Kingmambo,Native Dancer,Stay Gold__X__Kingmambo,Hail to Reason__X__Native Dancer,Stay Gold__X__Missy Baba,1,Northern Dancer:5x5,0.1953125,25.0,6.25,12.5,25.0,0.0,0.0,0.0,12.5,6.25,0.0,0.0,0.0,6.25,0.0,0.0,0.0,0.0,6.25,3.125
2013106094,サトノティターン,https://db.netkeiba.com/horse/ped/2013106094/,PASS,シンボリクリスエス,マチカネチコウヨレ,Deputy Minister,Kris S.,Gold Meridian,Alysbelle,Blinking Owl,Roberto,Hail to Reason,Deputy Minister,Northern Dancer,Roberto__X__Deputy Minister,Hail to Reason__X__Northern Dancer,Roberto__X__Blinking Owl,0,,0.0,0.0,6.25,0.0,0.0,12.5,0.0,0.0,0.0,6.25,6.25,0.0,0.0,0.0,0.0,25.0,0.0,0.0,6.25,3.125
2015105076,バレリオ,https://db.netkeiba.com/horse/ped/2015105076/,PASS,Stay Gold,リリウム,クロフネ,Sunday Silence,ディクタス Dictus,ベゴニア Begonia,Adorada,Stay Gold,Hail to Reason,Deputy Minister,Northern Dancer,Stay Gold__X__Deputy Minister,Hail to Reason__X__Northern Dancer,Stay Gold__X__Adorada,0,,0.0,25.0,3.125,0.0,0.0,0.0,0.0,0.0,12.5,6.25,0.0,0.0,0.0,0.0,0.0,6.25,0.0,0.0,0.0,0.0
2017105472,サトノフラッグ,https://db.netkeiba.com/horse/ped/2017105472/,PASS,Deep Impact,バラダセール Balada Sale,Not for Sale,Sunday Silence,Alzao,La Balada,Good Star,Deep Impact,Hail to Reason,Not for Sale,Not for Sale,Deep Impact__X__Not for Sale,Hail to Reason__X__Not for Sale,Deep Impact__X__Good Star,1,Lyphard:4x5,0.390625,25.0,3.125,0.0,0.0,0.0,0.0,0.0,12.5,6.25,0.0,0.0,0.0,0.0,0.0,0.0,0.0,9.375,0.0,0.0
2017106153,エンデュミオン,https://db.netkeiba.com/horse/ped/2017106153/,PASS,ヴィクトワールピサ,ヒラボクビジン,ブライアンズタイム Brian's Time,ネオユニヴァース,Machiavellian,オリジナルスピン Original Spin,Centrocon,Sunday Silence,Hail to Reason,Roberto,Hail to Reason,Sunday Silence__X__Roberto,Hail to Reason__X__Hail to Reason,Sunday Silence__X__Centrocon,8,Coup de Folie:4x4;Gold Digger:5x5;Hail to Reason:4x5;Halo:4x5x5;Machiavellian:3x3;Mr. Prospector:4x4;Raise a Native:5x5;Raise the Standard:5x5,6.25,12.5,0.0,12.5,0.0,12.5,0.0,3.125,12.5,9.375,0.0,0.0,0.0,0.0,0.0,0.0,0.0,0.0,6.25,0.0
2017102855,オーロアドーネ,https://db.netkeiba.com/horse/ped/2017102855/,PASS,エピファネイア,サラファン,アグネスタキオン,シンボリクリスエス,スペシャルウィーク,ティリオブストラッフォード Tilli of Strafford,Natalma,Roberto,Hail to Reason,Sunday Silence,Hail to Reason,Roberto__X__Sunday Silence,Hail to Reason__X__Hail to Reason,Roberto__X__Natalma,5,Hail to Reason:5x5;Halo:4x5x5;Northern Dancer:5x5;Sunday Silence:3x4;Wishing Well:4x5,2.9296875,18.75,6.25,0.0,0.0,6.25,6.25,0.0,12.5,6.25,3.125,0.0,3.125,0.0,0.0,12.5,0.0,0.0,0.0,0.0
2017101429,ウインカーネリアン,https://db.netkeiba.com/horse/ped/2017101429/,PASS,スクリーンヒーロー,コスモクリスタル,マイネルラヴ,グラスワンダー,Sunday Silence,クリスチャンネーム,Blue Queen,Roberto,Hail to Reason,Mr. Prospector,Native Dancer,Roberto__X__Mr. Prospector,Hail to Reason__X__Native Dancer,Roberto__X__Blue Queen,2,Hail to Reason:5x5;Northern Dancer:5x5,0.0,12.5,6.25,6.25,0.0,6.25,0.0,6.25,6.25,6.25,0.0,0.0,0.0,0.0,0.0,0.0,0.0,3.125,3.125,0.0
2017106125,メイショウボサツ,https://db.netkeiba.com/horse/ped/2017106125/,PASS,エピファネイア,ユメノオーラ,マイネルラヴ,シンボリクリスエス,スペシャルウィーク,レッダンゴールド,ホクトヒシヨウ,Roberto,Hail to Reason,Mr. Prospector,Native Dancer,Roberto__X__Mr. Prospector,Hail to Reason__X__Native Dancer,Roberto__X__ホクトヒシヨウ,5,Hail to Reason:5x5;Halo:4x5;Sunday Silence:3x4;Wishing Well:4x5;マルゼンスキー:5x5,2.734375,18.75,3.125,6.25,0.0,6.25,6.25,0.0,9.375,6.25,3.125,0.0,0.0,0.0,0.0,0.0,0.0,3.125,3.125,0.0
2017104756,アラタ,https://db.netkeiba.com/horse/ped/2017104756/,PASS,King Kamehameha,サンシャイン,Heart's Cry,Kingmambo,ラストタイクーン Last Tycoon,バルドウィナ Baldwina,Balbona,King Kamehameha,Native Dancer,Heart's Cry,Hail to Reason,King Kamehameha__X__Heart's Cry,Native Dancer__X__Hail to Reason,King Kamehameha__X__Balbona,1,Northern Dancer:5x5,0.0,12.5,6.25,12.5,25.0,0.0,0.0,0.0,6.25,3.125,0.0,0.0,0.0,6.25,0.0,0.0,6.25,3.125,6.25,3.125
2017100583,ディヴィナシオン,https://db.netkeiba.com/horse/ped/2017100583/,PASS,ヴィクトワールピサ,フギン,ストリートセンス Street Sense,ネオユニヴァース,Machiavellian,アリアプーラ Aria Pura,Expulsion,Sunday Silence,Hail to Reason,Mr. Prospector,Native Dancer,Sunday Silence__X__Mr. Prospector,Hail to Reason__X__Native Dancer,Sunday Silence__X__Expulsion,4,Coup de Folie:4x5;Halo:4x5;Machiavellian:3x4;Mr. Prospector:4x5x5,2.734375,12.5,3.125,12.5,0.0,0.0,0.0,3.125,9.375,3.125,0.0,0.0,0.0,0.0,0.0,0.0,0.0,0.0,3.125,0.0
2016104414,ケイデンスコール,https://db.netkeiba.com/horse/ped/2016104414/,PASS,ロードカナロア,インダクティ,Heart's Cry,King Kamehameha,Storm Cat,ホールオブフェーム,ロイヤルサッシュ,King Kamehameha,Native Dancer,Heart's Cry,Hail to Reason,King Kamehameha__X__Heart's Cry,Native Dancer__X__Hail to Reason,King Kamehameha__X__ロイヤルサッシュ,0,,0.0,12.5,3.125,6.25,12.5,0.0,0.0,0.0,6.25,3.125,0.0,0.0,0.0,3.125,12.5,0.0,6.25,3.125,3.125,0.0
2016104635,ボスジラ,https://db.netkeiba.com/horse/ped/2016104635/,PASS,Deep Impact,ミスパスカリ,Mr. Greeley,Sunday Silence,Alzao,ブルーアヴェニュー Blue Avenue,Catania,Deep Impact,Hail to Reason,Mr. Prospector,Native Dancer,Deep Impact__X__Mr. Prospector,Hail to Reason__X__Native Dancer,Deep Impact__X__Catania,0,,0.0,25.0,3.125,6.25,0.0,3.125,0.0,0.0,12.5,6.25,0.0,0.0,0.0,0.0,0.0,0.0,0.0,6.25,3.125,0.0
2012101430,マイネルカレッツァ,https://db.netkeiba.com/horse/ped/2012101430/,PASS,Stay Gold,ポップコーンプリンセス Popcorn Princess,Old Trieste,Sunday Silence,ディクタス Dictus,ジパングアリダー,Bushfield,Stay Gold,Hail to Reason,A.P. Indy,Seattle Slew,Stay Gold__X__A.P. Indy,Hail to Reason__X__Seattle Slew,Stay Gold__X__Bushfield,0,,0.0,25.0,3.125,0.0,0.0,0.0,0.0,0.0,12.5,6.25,6.25,12.5,0.0,0.0,0.0,0.0,0.0,0.0,6.25,3.125
2016102867,サンアップルトン,https://db.netkeiba.com/horse/ped/2016102867/,PASS,ゼンノロブロイ,シナル,King Kamehameha,Sunday Silence,マイニング Mining,イブキスタイリスト,クリアアンバー,Sunday Silence,Hail to Reason,King Kamehameha,Native Dancer,Sunday Silence__X__King Kamehameha,Hail to Reason__X__Native Dancer,Sunday Silence__X__クリアアンバー,3,Gold Digger:5x5;Mr. Prospector:4x4;Raise a Native:5x5,1.171875,25.0,3.125,12.5,12.5,0.0,0.0,0.0,12.5,6.25,0.0,0.0,0.0,3.125,0.0,0.0,12.5,0.0,6.25,0.0
2017105241,レクセランス,https://db.netkeiba.com/horse/ped/2017105241/,PASS,Deep Impact,エクセレンスII Xcellence,Champs Elysees,Sunday Silence,Alzao,Xanadu Bliss,Tripolizza,Deep Impact,Hail to Reason,Danzig,Northern Dancer,Deep Impact__X__Danzig,Hail to Reason__X__Northern Dancer,Deep Impact__X__Tripolizza,2,Northern Dancer:5x5;Sir Ivor:5x5,0.390625,25.0,6.25,0.0,0.0,0.0,0.0,6.25,12.5,6.25,0.0,0.0,0.0,0.0,0.0,0.0,0.0,6.25,0.0,0.0
2017101805,コルテジア,https://db.netkeiba.com/horse/ped/2017101805/,PASS,シンボリクリスエス,シェルエメール,ジャングルポケット,Kris S.,Gold Meridian,ポンデローザ,Miss Petard,Roberto,Hail to Reason,Tony Bin,Tony Bin,Roberto__X__Tony Bin,Hail to Reason__X__Tony Bin,Roberto__X__Miss Petard,2,Hail to Reason:4x5;Northern Dancer:5x5,0.390625,12.5,6.25,0.0,0.0,12.5,0.0,0.0,6.25,9.375,6.25,0.0,6.25,6.25,0.0,0.0,12.5,0.0,0.0,0.0
2017101755,テンピン,https://db.netkeiba.com/horse/ped/2017101755/,PASS,ジャスタウェイ,プリティカポレイ,クロフネ,Heart's Cry,Wild Again,タイムフェアレディ,キシューファイター,Heart's Cry,Hail to Reason,Deputy Minister,Northern Dancer,Heart's Cry__X__Deputy Minister,Hail to Reason__X__Northern Dancer,Heart's Cry__X__キシューファイター,1,Icecapade:4x5,0.390625,12.5,0.0,0.0,0.0,0.0,0.0,0.0,6.25,3.125,0.0,0.0,0.0,0.0,0.0,6.25,6.25,3.125,0.0,0.0
2017102170,ディープボンド,https://db.netkeiba.com/horse/ped/2017102170/,PASS,キズナ,ゼフィランサス,Halo,Deep Impact,Storm Cat,モガミヒメ,クリヒデ,Deep Impact,Hail to Reason,Halo,Hail to Reason,Deep Impact__X__Halo,Hail to Reason__X__Hail to Reason,Deep Impact__X__クリヒデ,5,Cosmah:5x5;Hail to Reason:5x5;Halo:2x3x4x4;Lyphard:4x5;Northern Dancer:5x5,6.4453125,12.5,6.25,0.0,0.0,0.0,0.0,0.0,50.0,6.25,0.0,0.0,3.125,0.0,12.5,0.0,0.0,9.375,3.125,0.0
2017105327,サリオス,https://db.netkeiba.com/horse/ped/2017105327/,PASS,Heart's Cry,サロミナ Salomina,Lomitas,Sunday Silence,Tony Bin,Saldentigerin,Salesiana,Heart's Cry,Hail to Reason,Nijinsky,Northern Dancer,Heart's Cry__X__Nijinsky,Hail to Reason__X__Northern Dancer,Heart's Cry__X__Salesiana,1,Northern Dancer:5x5,0.1953125,25.0,6.25,0.0,0.0,0.0,0.0,3.125,12.5,6.25,0.0,0.0,6.25,0.0,0.0,0.0,12.5,6.25,0.0,0.0
2017110067,アメリカンシード,https://db.netkeiba.com/horse/ped/2017110067/,PASS,Tapit,Sweet Talker,Stormin Fever,Pulpit,Unbridled,Another Vegetarian,Nato,A.P. Indy,Seattle Slew,Storm Cat,Northern Dancer,A.P. Indy__X__Storm Cat,Seattle Slew__X__Northern Dancer,A.P. Indy__X__Nato,6,Bold Reasoning:5x5;Mr. Prospector:4x5;My Charmer:5x5;Northern Dancer:5x5;Seattle Slew:4x4;Secretariat:5x5,1.5625,0.0,6.25,9.375,0.0,0.0,0.0,0.0,0.0,0.0,12.5,12.5,6.25,0.0,12.5,0.0,0.0,0.0,3.125,0.0
2017110026,ダーリントンホール,https://db.netkeiba.com/horse/ped/2017110026/,PASS,New Approach,Miss Kenton,Pivotal,Galileo,Ahonoora,Do the Honours,Fager's Glory,Sadler's Wells,Northern Dancer,Nureyev,Northern Dancer,Sadler's Wells__X__Nureyev,Northern Dancer__X__Northern Dancer,Sadler's Wells__X__Fager's Glory,2,Northern Dancer:4x5;Special:5x5,0.5859375,0.0,9.375,3.125,0.0,0.0,12.5,0.0,0.0,0.0,0.0,0.0,0.0,6.25,0.0,0.0,0.0,0.0,0.0,0.0
2017101833,キメラヴェリテ,https://db.netkeiba.com/horse/ped/2017101833/,PASS,キズナ,ルミエールヴェリテ,Cozzene,Deep Impact,Storm Cat,Play School,Play On Words,Deep Impact,Hail to Reason,Cozzene,Cozzene,Deep Impact__X__Cozzene,Hail to Reason__X__Cozzene,Deep Impact__X__Play On Words,2,Northern Dancer:5x5;Secretariat:5x5,0.390625,12.5,6.25,0.0,0.0,0.0,0.0,6.25,6.25,3.125,0.0,0.0,0.0,0.0,12.5,0.0,0.0,3.125,0.0,0.0
2017105111,エレヴァテッツァ,https://db.netkeiba.com/horse/ped/2017105111/,PASS,Deep Impact,スキッフル,Tony Bin,Sunday Silence,Alzao,ザスキート The Skeat,Luminant,Deep Impact,Hail to Reason,Tony Bin,Tony Bin,Deep Impact__X__Tony Bin,Hail to Reason__X__Tony Bin,Deep Impact__X__Luminant,1,Northern Dancer:4x5,0.390625,25.0,9.375,0.0,0.0,0.0,0.0,0.0,12.5,6.25,0.0,0.0,0.0,12.5,0.0,0.0,25.0,6.25,0.0,0.0
2017105893,セイウンヴィーナス,https://db.netkeiba.com/horse/ped/2017105893/,PASS,カレンブラックヒル,マルモリバニー,ダンスインザダーク,ダイワメジャー,Grindstone,ゴールドバニー,フジタカジョウ,Sunday Silence,Hail to Reason,Sunday Silence,Hail to Reason,Sunday Silence__X__Sunday Silence,Hail to Reason__X__Hail to Reason,Sunday Silence__X__フジタカジョウ,8,Cosmah:5x5;Hail to Reason:5x5;Halo:4x4;Mountain Flower:5x5;Northern Dancer:5x5;Sunday Silence:3x3;Understanding:5x5;Wishing Well:4x4,5.6640625,25.0,6.25,3.125,0.0,0.0,0.0,0.0,12.5,6.25,0.0,0.0,6.25,0.0,6.25,0.0,0.0,0.0,0.0,0.0
2017101431,ウインマリリン,https://db.netkeiba.com/horse/ped/2017101431/,PASS,スクリーンヒーロー,コスモチェーロ,Fusaichi Pegasus,グラスワンダー,Sunday Silence,Shorwon,Knockfin,Roberto,Hail to Reason,Mr. Prospector,Native Dancer,Roberto__X__Mr. Prospector,Hail to Reason__X__Native Dancer,Roberto__X__Knockfin,5,Danzig:4x4;Hail to Reason:5x5;Halo:4x5;Northern Dancer:5x5x5;Pas de Nom:5x5,1.7578125,12.5,9.375,12.5,0.0,6.25,0.0,12.5,9.375,6.25,0.0,0.0,0.0,0.0,0.0,0.0,0.0,0.0,6.25,3.125
2017101821,シャンドフルール,https://db.netkeiba.com/horse/ped/2017101821/,PASS,キズナ,バイコースタル Bicoastal,Gone West,Deep Impact,Storm Cat,Ocean Queen,Tsessebe,Deep Impact,Hail to Reason,Mr. Prospector,Native Dancer,Deep Impact__X__Mr. Prospector,Hail to Reason__X__Native Dancer,Deep Impact__X__Tsessebe,2,Northern Dancer:5x5;Secretariat:4x5,0.5859375,12.5,6.25,12.5,0.0,0.0,0.0,0.0,6.25,3.125,0.0,0.0,3.125,6.25,12.5,0.0,0.0,3.125,6.25,3.125
2017104620,ルトロヴァイユ,https://db.netkeiba.com/horse/ped/2017104620/,PASS,エピファネイア,メジロシャレード,マンハッタンカフェ,シンボリクリスエス,スペシャルウィーク,メジロドーベル,メジロボサツ,Roberto,Hail to Reason,Sunday Silence,Hail to Reason,Roberto__X__Sunday Silence,Hail to Reason__X__Hail to Reason,Roberto__X__メジロボサツ,4,Hail to Reason:5x5;Halo:4x5;Sunday Silence:3x4;Wishing Well:4x5,2.5390625,18.75,3.125,0.0,0.0,6.25,6.25,0.0,9.375,6.25,3.125,0.0,0.0,0.0,0.0,0.0,0.0,0.0,0.0,0.0
2017103666,ウィスパリンホープ,https://db.netkeiba.com/horse/ped/2017103666/,PASS,Heart's Cry,ブロームフォンテン Bloemfontain,Cape Cross,Sunday Silence,Tony Bin,Carotene,Mistress Gwynne,Heart's Cry,Hail to Reason,Danzig,Northern Dancer,Heart's Cry__X__Danzig,Hail to Reason__X__Northern Dancer,Heart's Cry__X__Mistress Gwynne,1,Northern Dancer:5x5,0.1953125,25.0,6.25,0.0,0.0,0.0,0.0,6.25,12.5,6.25,0.0,0.0,0.0,0.0,0.0,0.0,12.5,6.25,0.0,0.0
2017105426,ホウオウピースフル,https://db.netkeiba.com/horse/ped/2017105426/,PASS,オルフェーヴル,ツルマルワンピース,King Kamehameha,Stay Gold,メジロマックイーン,ツルマルグラマー,Raise a Baby,Stay Gold,Hail to Reason,King Kamehameha,Native Dancer,Stay Gold__X__King Kamehameha,Hail to Reason__X__Native Dancer,Stay Gold__X__Raise a Baby,5,Halo:4x5;Northern Dancer:5x5;Northern Taste:4x5;Sunday Silence:3x4;Wishing Well:4x5,2.5390625,18.75,6.25,6.25,12.5,0.0,0.0,0.0,9.375,3.125,0.0,0.0,0.0,3.125,0.0,0.0,0.0,0.0,3.125,0.0
2017104784,リヴァージュ,https://db.netkeiba.com/horse/ped/2017104784/,PASS,ノヴェリスト Novellist,スカーレットポピー,アグネスタキオン,Monsun,Lagunas,スカーレットブーケ,La Menina,ノヴェリスト Novellist,ノヴェリスト Novellist,Sunday Silence,Hail to Reason,ノヴェリスト Novellist__X__Sunday Silence,ノヴェリスト Novellist__X__Hail to Reason,ノヴェリスト Novellist__X__La Menina,3,Literat:5x5;Nijinsky:5x5;Northern Dancer:4x5,0.5859375,12.5,9.375,0.0,0.0,0.0,0.0,0.0,6.25,3.125,0.0,0.0,6.25,0.0,0.0,0.0,0.0,0.0,0.0,0.0
2017104478,ヒューマンコメディ,https://db.netkeiba.com/horse/ped/2017104478/,PASS,Heart's Cry,チョコレートリリー,ウォーエンブレム War Emblem,Sunday Silence,Tony Bin,ラフィンムード,Eole des Mers,Heart's Cry,Hail to Reason,Mr. Prospector,Native Dancer,Heart's Cry__X__Mr. Prospector,Hail to Reason__X__Native Dancer,Heart's Cry__X__Eole des Mers,2,Mr. Prospector:4x5;Northern Dancer:5x5,0.1953125,25.0,6.25,9.375,6.25,0.0,3.125,0.0,12.5,6.25,0.0,0.0,0.0,0.0,0.0,0.0,12.5,6.25,3.125,0.0
2017105604,レッドルレーヴ,https://db.netkeiba.com/horse/ped/2017105604/,PASS,King Kamehameha,ラストグルーヴ,Deep Impact,Kingmambo,ラストタイクーン Last Tycoon,エアグルーヴ,パロクサイド,King Kamehameha,Native Dancer,Deep Impact,Hail to Reason,King Kamehameha__X__Deep Impact,Native Dancer__X__Hail to Reason,King Kamehameha__X__パロクサイド,1,Northern Dancer:5x5x5,0.390625,12.5,9.375,12.5,25.0,0.0,0.0,0.0,6.25,3.125,0.0,0.0,0.0,6.25,0.0,0.0,12.5,3.125,6.25,3.125
2017105619,ヴォリアーモ,https://db.netkeiba.com/horse/ped/2017105619/,PASS,ルーラーシップ,リビアーモ,アドマイヤベガ,King Kamehameha,Tony Bin,ラトラヴィアータ,One Clear Call,King Kamehameha,Native Dancer,Sunday Silence,Hail to Reason,King Kamehameha__X__Sunday Silence,Native Dancer__X__Hail to Reason,King Kamehameha__X__One Clear Call,6,Lady Victoria:5x5;Northern Dancer:5x5x5;Northern Taste:4x4;Severn Bridge:4x5;Tony Bin:3x4;カンパラ:4x5,3.7109375,12.5,9.375,6.25,12.5,0.0,0.0,0.0,6.25,3.125,0.0,0.0,0.0,3.125,0.0,0.0,18.75,0.0,3.125,0.0
2017105232,シャレード,https://db.netkeiba.com/horse/ped/2017105232/,PASS,ダイワメジャー,ヴィヤダーナ Viyadana,Azamour,Sunday Silence,Northern Taste,Visor,Continue,Sunday Silence,Hail to Reason,Northern Dancer,Northern Dancer,Sunday Silence__X__Northern Dancer,Hail to Reason__X__Northern Dancer,Sunday Silence__X__Continue,3,Natalma:5x5;Nearctic:5x5;Northern Dancer:4x4,1.171875,25.0,12.5,12.5,0.0,3.125,0.0,0.0,12.5,6.25,0.0,0.0,0.0,0.0,0.0,0.0,0.0,0.0,6.25,3.125
2017100029,テイエムフローラ,https://db.netkeiba.com/horse/ped/2017100029/,PASS,スクリーンヒーロー,マヤノマヤ,タイキシャトル,グラスワンダー,Sunday Silence,ナリタフローラ,チュウオーマリヤ,Roberto,Hail to Reason,Halo,Hail to Reason,Roberto__X__Halo,Hail to Reason__X__Hail to Reason,Roberto__X__チュウオーマリヤ,9,Cosmah:5x5x5;Hail to Reason:5x5x5x5;Halo:4x4x4;Mountain Flower:5x5;Nijinsky:5x5;Northern Dancer:5x5;Sunday Silence:3x3;Understanding:5x5;Wishing Well:4x4,7.03125,25.0,6.25,0.0,0.0,6.25,0.0,6.25,18.75,12.5,0.0,0.0,6.25,0.0,0.0,0.0,0.0,0.0,0.0,0.0
2017102192,ショウナンハレルヤ,https://db.netkeiba.com/horse/ped/2017102192/,PASS,キズナ,ショウナンガーデン,クロフネ,Deep Impact,Storm Cat,キューピッズハート Cupid's Heart,Fairy Footsteps,Deep Impact,Hail to Reason,Deputy Minister,Northern Dancer,Deep Impact__X__Deputy Minister,Hail to Reason__X__Northern Dancer,Deep Impact__X__Fairy Footsteps,0,,0.0,12.5,3.125,3.125,0.0,0.0,0.0,3.125,6.25,3.125,0.0,0.0,0.0,0.0,12.5,6.25,0.0,3.125,0.0,0.0
2017105212,フアナ,https://db.netkeiba.com/horse/ped/2017105212/,PASS,ルーラーシップ,イサベル,Deep Impact,King Kamehameha,Tony Bin,スカーレット,Sun Princess,King Kamehameha,Native Dancer,Deep Impact,Hail to Reason,King Kamehameha__X__Deep Impact,Native Dancer__X__Hail to Reason,King Kamehameha__X__Sun Princess,3,Severn Bridge:4x5;Tony Bin:3x4;カンパラ:4x5,2.34375,12.5,3.125,6.25,12.5,3.125,3.125,0.0,6.25,3.125,0.0,0.0,0.0,3.125,0.0,0.0,18.75,3.125,3.125,0.0
2017106193,レッドサーシャ,https://db.netkeiba.com/horse/ped/2017106193/,PASS,スピルバーグ,アクアシャンデリア,Galileo,Deep Impact,Lycius,ショウダウン,Allara,Deep Impact,Hail to Reason,Sadler's Wells,Northern Dancer,Deep Impact__X__Sadler's Wells,Hail to Reason__X__Northern Dancer,Deep Impact__X__Allara,7,Alzao:4x4;Fairy Bridge:4x5;Lady Rebecca:5x5;Lyphard:5x5x5;Mr. Prospector:4x5;Northern Dancer:4x5;Sadler's Wells:3x4,4.1015625,12.5,9.375,9.375,0.0,0.0,18.75,0.0,6.25,3.125,0.0,0.0,0.0,0.0,0.0,0.0,0.0,9.375,3.125,0.0
2017105374,フィリオアレグロ,https://db.netkeiba.com/horse/ped/2017105374/,PASS,Deep Impact,ジョコンダII Jioconda,Rossini,Sunday Silence,Alzao,La Joconde,Patosky,Deep Impact,Hail to Reason,Mr. Prospector,Native Dancer,Deep Impact__X__Mr. Prospector,Hail to Reason__X__Native Dancer,Deep Impact__X__Patosky,3,Mr. Prospector:4x5;Northern Dancer:5x5;Sir Ivor:5x5x5,0.5859375,25.0,6.25,9.375,0.0,0.0,0.0,0.0,12.5,6.25,0.0,0.0,0.0,0.0,0.0,0.0,0.0,6.25,3.125,0.0
2017103174,ディアマンミノル,https://db.netkeiba.com/horse/ped/2017103174/,PASS,オルフェーヴル,イソノスワロー,デヒア Dehere,Stay Gold,メジロマックイーン,イソノルーブル,モウテイ,Stay Gold,Hail to Reason,Deputy Minister,Northern Dancer,Stay Gold__X__Deputy Minister,Hail to Reason__X__Northern Dancer,Stay Gold__X__モウテイ,2,Northern Dancer:5x5x5;Northern Taste:4x5,0.390625,12.5,9.375,0.0,0.0,0.0,0.0,0.0,6.25,3.125,0.0,0.0,6.25,0.0,0.0,12.5,0.0,0.0,0.0,0.0
2017104314,レアリザトゥール,https://db.netkeiba.com/horse/ped/2017104314/,PASS,スクリーンヒーロー,リリアンタイム,ブライアンズタイム Brian's Time,グラスワンダー,Sunday Silence,リキマドレード,Loudrangle,Roberto,Hail to Reason,Roberto,Hail to Reason,Roberto__X__Roberto,Hail to Reason__X__Hail to Reason,Roberto__X__Loudrangle,7,Bramalea:4x5;Danzig:4x4;Hail to Reason:4x5x5;Halo:4x4x5;Northern Dancer:5x5x5;Pas de Nom:5x5;Roberto:3x4,5.2734375,12.5,9.375,6.25,0.0,18.75,0.0,12.5,15.625,12.5,0.0,0.0,0.0,0.0,0.0,0.0,0.0,0.0,3.125,0.0
2017105612,ヴァルコス,https://db.netkeiba.com/horse/ped/2017105612/,PASS,ノヴェリスト Novellist,ランズエッジ,ダンスインザダーク,Monsun,Lagunas,ウインドインハーヘア Wind in Her Hair,Highlight,ノヴェリスト Novellist,ノヴェリスト Novellist,Sunday Silence,Hail to Reason,ノヴェリスト Novellist__X__Sunday Silence,ノヴェリスト Novellist__X__Hail to Reason,ノヴェリスト Novellist__X__Highlight,3,Literat:5x5;Nijinsky:4x5;Northern Dancer:5x5x5,0.78125,12.5,9.375,0.0,0.0,0.0,0.0,0.0,6.25,3.125,0.0,0.0,9.375,0.0,0.0,0.0,0.0,6.25,0.0,0.0
2017105028,アピテソーロ,https://db.netkeiba.com/horse/ped/2017105028/,PASS,ブラックタイド,チェリーフォレスト,サクラバクシンオー,Sunday Silence,Alzao,フォレストゾーン,Garden Fresh,Sunday Silence,Hail to Reason,サクラバクシンオー,サクラバクシンオー,Sunday Silence__X__サクラバクシンオー,Hail to Reason__X__サクラバクシンオー,Sunday Silence__X__Garden Fresh,1,Northern Dancer:5x5,0.1953125,25.0,6.25,0.0,0.0,0.0,0.0,0.0,12.5,6.25,0.0,0.0,0.0,0.0,6.25,0.0,0.0,6.25,0.0,0.0
2017105477,アイアンバローズ,https://db.netkeiba.com/horse/ped/2017105477/,PASS,オルフェーヴル,パレスルーマー Palace Rumor,Royal Anthem,Stay Gold,メジロマックイーン,Whisperifyoudare,Ecstatica,Stay Gold,Hail to Reason,Nureyev,Northern Dancer,Stay Gold__X__Nureyev,Hail to Reason__X__Northern Dancer,Stay Gold__X__Ecstatica,3,Hail to Reason:5x5;Northern Dancer:5x5;Northern Taste:4x5,0.390625,12.5,6.25,0.0,0.0,6.25,0.0,0.0,6.25,6.25,0.0,0.0,0.0,6.25,0.0,0.0,0.0,0.0,0.0,0.0
2017105402,ダノンセレスタ,https://db.netkeiba.com/horse/ped/2017105402/,PASS,Heart's Cry,セレスタ Seresta,Jump Start,Sunday Silence,Tony Bin,Serata,Tangaroa,Heart's Cry,Hail to Reason,A.P. Indy,Seattle Slew,Heart's Cry__X__A.P. Indy,Hail to Reason__X__Seattle Slew,Heart's Cry__X__Tangaroa,1,Mr. Prospector:4x5,0.0,25.0,3.125,9.375,0.0,3.125,0.0,0.0,12.5,6.25,6.25,12.5,0.0,0.0,6.25,0.0,12.5,6.25,3.125,0.0
2017104652,フィロロッソ,https://db.netkeiba.com/horse/ped/2017104652/,PASS,ハービンジャー Harbinger,アルティメイトラブ,シンボリクリスエス,Dansili,Bering,コイウタ,Chancy Dance,Danzig,Northern Dancer,Roberto,Hail to Reason,Danzig__X__Roberto,Northern Dancer__X__Hail to Reason,Danzig__X__Chancy Dance,1,Northern Dancer:5x5,0.0,6.25,6.25,3.125,0.0,6.25,0.0,6.25,3.125,3.125,3.125,0.0,0.0,0.0,0.0,0.0,0.0,3.125,0.0,0.0
2017103467,サーストンカイドー,https://db.netkeiba.com/horse/ped/2017103467/,PASS,エピファネイア,ゴールドチェイス,アドマイヤムーン,シンボリクリスエス,スペシャルウィーク,セクレゴールド Secregold,Mixed Marriage,Roberto,Hail to Reason,Mr. Prospector,Native Dancer,Roberto__X__Mr. Prospector,Hail to Reason__X__Native Dancer,Roberto__X__Mixed Marriage,4,Halo:5x5;Mr. Prospector:4x5;Sunday Silence:4x4;Wishing Well:5x5,1.171875,12.5,3.125,9.375,0.0,6.25,6.25,0.0,6.25,3.125,3.125,0.0,0.0,0.0,0.0,0.0,0.0,0.0,3.125,0.0
2017105109,フライライクバード,https://db.netkeiba.com/horse/ped/2017105109/,PASS,スクリーンヒーロー,シングライクバード,シンボリクリスエス,グラスワンダー,Sunday Silence,シングライクトーク,ロイヤルレジナ,Roberto,Hail to Reason,Roberto,Hail to Reason,Roberto__X__Roberto,Hail to Reason__X__Hail to Reason,Roberto__X__ロイヤルレジナ,6,Bramalea:5x5;Hail to Reason:5x5x5;Lady Victoria:4x5;Northern Dancer:4x5x5;Northern Taste:3x4;Roberto:4x4x5,4.4921875,12.5,12.5,0.0,0.0,15.625,0.0,6.25,6.25,9.375,3.125,0.0,0.0,0.0,0.0,0.0,0.0,0.0,0.0,0.0
2017105106,プリマヴィスタ,https://db.netkeiba.com/horse/ped/2017105106/,PASS,Heart's Cry,サンヴァンサン,クロフネ,Sunday Silence,Tony Bin,ルミネンス,Proud Pattie,Heart's Cry,Hail to Reason,Deputy Minister,Northern Dancer,Heart's Cry__X__Deputy Minister,Hail to Reason__X__Northern Dancer,Heart's Cry__X__Proud Pattie,1,Northern Dancer:5x5,0.1953125,25.0,6.25,6.25,0.0,0.0,0.0,0.0,12.5,6.25,0.0,0.0,3.125,0.0,0.0,6.25,12.5,6.25,3.125,0.0
2017101160,コンドゥクシオン,https://db.netkeiba.com/horse/ped/2017101160/,PASS,ダイワメジャー,アドマイヤハッピー,Tony Bin,Sunday Silence,Northern Taste,カーリーエンジェル,パロクサイド,Sunday Silence,Hail to Reason,Tony Bin,Tony Bin,Sunday Silence__X__Tony Bin,Hail to Reason__X__Tony Bin,Sunday Silence__X__パロクサイド,4,Lady Victoria:4x5;Northern Dancer:4x5;Northern Taste:3x4;Victoria Park:5x5,2.5390625,25.0,9.375,0.0,0.0,0.0,0.0,0.0,12.5,6.25,0.0,0.0,0.0,0.0,0.0,0.0,25.0,0.0,0.0,0.0
2017105789,メイショウダジン,https://db.netkeiba.com/horse/ped/2017105789/,PASS,トランセンド,エメラルドタワー,アドマイヤマックス,ワイルドラッシュ Wild Rush,Tony Bin,フルーツマーケット,Sally Stark,トランセンド,トランセンド,Sunday Silence,Hail to Reason,トランセンド__X__Sunday Silence,トランセンド__X__Hail to Reason,トランセンド__X__Sally Stark,4,Cosmah:5x5;Hail to Reason:5x5;Halo:4x4;Northern Taste:4x5,0.0,12.5,3.125,0.0,0.0,0.0,0.0,0.0,12.5,6.25,0.0,0.0,0.0,0.0,0.0,0.0,12.5,0.0,0.0,0.0
2017110069,アンセッドヴァウ,https://db.netkeiba.com/horse/ped/2017110069/,PASS,Giant's Causeway,Country Cafe,Lion Heart,Storm Cat,Rahy,Pretty 'n Smart,Mlle. Liebe,Storm Cat,Northern Dancer,Storm Cat,Northern Dancer,Storm Cat__X__Storm Cat,Northern Dancer__X__Northern Dancer,Storm Cat__X__Mlle. Liebe,6,Hail to Reason:5x5;Northern Dancer:4x5;Secretariat:4x5;Storm Bird:3x5;Storm Cat:2x4;Terlingua:3x5,5.6640625,0.0,9.375,3.125,0.0,6.25,0.0,0.0,3.125,6.25,0.0,0.0,0.0,0.0,31.25,0.0,0.0,0.0,0.0,0.0
2017105350,シルヴェリオ,https://db.netkeiba.com/horse/ped/2017105350/,PASS,Heart's Cry,シルヴァースカヤ Silverskaya,Silver Hawk,Sunday Silence,Tony Bin,Boubskaia,Fast Jane,Heart's Cry,Hail to Reason,Roberto,Hail to Reason,Heart's Cry__X__Roberto,Hail to Reason__X__Hail to Reason,Heart's Cry__X__Fast Jane,4,Hail to Reason:4x4;Northern Dancer:5x5;Nothirdchance:5x5;Turn-to:5x5,1.3671875,25.0,6.25,0.0,0.0,12.5,0.0,0.0,12.5,12.5,0.0,0.0,6.25,0.0,0.0,0.0,12.5,6.25,0.0,0.0
2017105141,キッズアガチャー,https://db.netkeiba.com/horse/ped/2017105141/,PASS,ヴィクトワールピサ,ベイトゥベイ Bay to Bay,Sligo Bay,ネオユニヴァース,Machiavellian,Bala,First of Dawn,Sunday Silence,Hail to Reason,Sadler's Wells,Northern Dancer,Sunday Silence__X__Sadler's Wells,Hail to Reason__X__Northern Dancer,Sunday Silence__X__First of Dawn,4,Cosmah:5x5;Hail to Reason:5x5;Halo:4x4x5;Mr. Prospector:4x5,1.953125,12.5,6.25,9.375,0.0,0.0,12.5,0.0,15.625,6.25,0.0,0.0,0.0,0.0,0.0,0.0,0.0,0.0,3.125,0.0
2017103293,ホウオウエクレール,https://db.netkeiba.com/horse/ped/2017103293/,PASS,ブラックタイド,タマヒカル,パラダイスクリーク Paradise Creek,Sunday Silence,Alzao,トーワナゴン,タークマンナ,Sunday Silence,Hail to Reason,パラダイスクリーク Paradise Creek,パラダイスクリーク Paradise Creek,Sunday Silence__X__パラダイスクリーク Paradise Creek,Hail to Reason__X__パラダイスクリーク Paradise Creek,Sunday Silence__X__タークマンナ,1,Northern Dancer:5x5x5,0.390625,25.0,9.375,0.0,0.0,0.0,0.0,0.0,12.5,6.25,0.0,0.0,0.0,0.0,0.0,0.0,0.0,6.25,0.0,0.0
2017105214,アドマイヤビルゴ,https://db.netkeiba.com/horse/ped/2017105214/,PASS,Deep Impact,イルーシヴウェーヴ Elusive Wave,Elusive City,Sunday Silence,Alzao,Multicolour Wave,Bold Honor,Deep Impact,Hail to Reason,Mr. Prospector,Native Dancer,Deep Impact__X__Mr. Prospector,Hail to Reason__X__Native Dancer,Deep Impact__X__Bold Honor,0,,0.0,25.0,3.125,3.125,0.0,0.0,0.0,3.125,12.5,6.25,0.0,0.0,3.125,0.0,0.0,0.0,0.0,6.25,0.0,0.0
2017109123,イロゴトシ,https://db.netkeiba.com/horse/ped/2017109123/,PASS,ヴァンセンヌ,イロジカケ,クロフネ,Deep Impact,ニホンピロウイナー,リッジローズ Ridge Rose,Rosetta Stone,Deep Impact,Hail to Reason,Deputy Minister,Northern Dancer,Deep Impact__X__Deputy Minister,Hail to Reason__X__Northern Dancer,Deep Impact__X__Rosetta Stone,1,Northern Dancer:4x5,0.390625,12.5,9.375,3.125,0.0,0.0,12.5,0.0,6.25,3.125,0.0,0.0,3.125,0.0,0.0,6.25,0.0,3.125,0.0,0.0
2017104719,ファルコニア,https://db.netkeiba.com/horse/ped/2017104719/,PASS,Deep Impact,カンビーナ Cambina,Hawk Wing,Sunday Silence,Alzao,Await,Nevetta,Deep Impact,Hail to Reason,Mr. Prospector,Native Dancer,Deep Impact__X__Mr. Prospector,Hail to Reason__X__Native Dancer,Deep Impact__X__Nevetta,1,Northern Dancer:5x5x5,0.390625,25.0,9.375,6.25,0.0,0.0,0.0,0.0,12.5,6.25,0.0,0.0,3.125,6.25,0.0,0.0,0.0,6.25,3.125,0.0
2017105331,マンオブスピリット,https://db.netkeiba.com/horse/ped/2017105331/,PASS,ルーラーシップ,サンデースマイルII Sunday Smile,Sunday Silence,King Kamehameha,Tony Bin,センセーション Sensation,Finance,King Kamehameha,Native Dancer,Sunday Silence,Hail to Reason,King Kamehameha__X__Sunday Silence,Native Dancer__X__Hail to Reason,King Kamehameha__X__Finance,3,Northern Dancer:5x5;Nureyev:4x5;Raise a Native:5x5,0.78125,25.0,6.25,6.25,12.5,0.0,0.0,0.0,12.5,6.25,0.0,0.0,0.0,9.375,0.0,0.0,12.5,0.0,6.25,0.0
2017100316,サペラヴィ,https://db.netkeiba.com/horse/ped/2017100316/,PASS,ローズキングダム,セミニョン,マンハッタンカフェ,King Kamehameha,Sunday Silence,トリアノン,セントソフィア,King Kamehameha,Native Dancer,Sunday Silence,Hail to Reason,King Kamehameha__X__Sunday Silence,Native Dancer__X__Hail to Reason,King Kamehameha__X__セントソフィア,11,Cosmah:5x5;Gold Digger:5x5;Hail to Reason:5x5;Halo:4x4;Lyphard:5x5;Mountain Flower:5x5;Mr. Prospector:4x4;Raise a Native:5x5;Sunday Silence:3x3;Understanding:5x5;Wishing Well:4x4,6.8359375,25.0,0.0,12.5,12.5,0.0,0.0,0.0,12.5,6.25,0.0,0.0,0.0,3.125,0.0,0.0,0.0,6.25,6.25,0.0
2017104092,プレシオーソ,https://db.netkeiba.com/horse/ped/2017104092/,PASS,ブラックタイド,エアラホーヤ,ボストンハーバー Boston Harbor,Sunday Silence,Alzao,テンザンストーム,Natashka,Sunday Silence,Hail to Reason,Seattle Slew,Seattle Slew,Sunday Silence__X__Seattle Slew,Hail to Reason__X__Seattle Slew,Sunday Silence__X__Natashka,1,Northern Dancer:5x5x5,0.390625,25.0,9.375,3.125,0.0,0.0,0.0,0.0,12.5,6.25,6.25,0.0,0.0,0.0,12.5,0.0,0.0,6.25,0.0,0.0
2014106335,インビジブルレイズ,https://db.netkeiba.com/horse/ped/2014106335/,PASS,Heart's Cry,クレバースプリント,サクラバクシンオー,Sunday Silence,Tony Bin,スギノプリンセス,グローブターフ,Heart's Cry,Hail to Reason,サクラバクシンオー,サクラバクシンオー,Heart's Cry__X__サクラバクシンオー,Hail to Reason__X__サクラバクシンオー,Heart's Cry__X__グローブターフ,3,Lady Victoria:5x5;Northern Dancer:5x5x5x5;Northern Taste:4x4,0.5859375,25.0,12.5,0.0,0.0,0.0,0.0,0.0,12.5,6.25,0.0,0.0,6.25,0.0,0.0,0.0,12.5,6.25,0.0,0.0
2015105461,カツジ,https://db.netkeiba.com/horse/ped/2015105461/,PASS,Deep Impact,メリッサ,ホワイトマズル White Muzzle,Sunday Silence,Alzao,ストーミーラン,サンマリノ,Deep Impact,Hail to Reason,Lyphard,Northern Dancer,Deep Impact__X__Lyphard,Hail to Reason__X__Northern Dancer,Deep Impact__X__サンマリノ,3,Goofed:5x5;Lyphard:4x4;Northern Dancer:5x5x5,1.3671875,25.0,9.375,0.0,0.0,0.0,0.0,0.0,12.5,6.25,0.0,0.0,0.0,0.0,0.0,0.0,12.5,12.5,0.0,0.0
2015104417,レッドガラン,https://db.netkeiba.com/horse/ped/2015104417/,PASS,ロードカナロア,ダンスオンザルーフ,シンボリクリスエス,King Kamehameha,Storm Cat,ダンシングサンデー,Native Partner,King Kamehameha,Native Dancer,Roberto,Hail to Reason,King Kamehameha__X__Roberto,Native Dancer__X__Hail to Reason,King Kamehameha__X__Native Partner,2,Hail to Reason:5x5;Northern Dancer:5x5,0.1953125,12.5,6.25,6.25,12.5,6.25,0.0,0.0,6.25,6.25,3.125,0.0,6.25,3.125,12.5,0.0,0.0,0.0,3.125,0.0
2016104729,ブラヴァス,https://db.netkeiba.com/horse/ped/2016104729/,PASS,King Kamehameha,ヴィルシーナ,Deep Impact,Kingmambo,ラストタイクーン Last Tycoon,ハルーワスウィート,Glorious Song,King Kamehameha,Native Dancer,Deep Impact,Hail to Reason,King Kamehameha__X__Deep Impact,Native Dancer__X__Hail to Reason,King Kamehameha__X__Glorious Song,7,Gold Digger:4x5;Halo:4x5;Mr. Prospector:3x4;Northern Dancer:5x5x5;Nureyev:4x4;Raise a Native:4x5;Special:5x5,3.7109375,12.5,9.375,18.75,25.0,0.0,0.0,0.0,9.375,3.125,0.0,0.0,0.0,12.5,0.0,0.0,0.0,3.125,9.375,3.125
2015101105,トーセンスーリヤ,https://db.netkeiba.com/horse/ped/2015101105/,PASS,ローエングリン,トーセンガラシャ,デュランダル,Singspiel,Garde Royale,フェリアード,Damascene,Sadler's Wells,Northern Dancer,Sunday Silence,Hail to Reason,Sadler's Wells__X__Sunday Silence,Northern Dancer__X__Hail to Reason,Sadler's Wells__X__Damascene,4,Cosmah:5x5;Hail to Reason:5x5;Halo:4x4;Northern Dancer:5x5x5,1.5625,12.5,9.375,0.0,0.0,0.0,6.25,0.0,12.5,6.25,0.0,0.0,0.0,6.25,0.0,0.0,0.0,0.0,0.0,0.0
2013104803,ドゥオーモ,https://db.netkeiba.com/horse/ped/2013104803/,PASS,Deep Impact,アスクコマンダー,コマンダーインチーフ Commander in Chief,Sunday Silence,Alzao,エイブルカグラ,ラバテラ,Deep Impact,Hail to Reason,Lyphard,Northern Dancer,Deep Impact__X__Lyphard,Hail to Reason__X__Northern Dancer,Deep Impact__X__ラバテラ,6,Goofed:5x5;Hail to Reason:4x5;Lyphard:4x4;Northern Dancer:5x5;Raise a Native:5x5;Roberto:4x5,1.5625,25.0,6.25,6.25,0.0,9.375,0.0,0.0,12.5,9.375,0.0,0.0,3.125,0.0,0.0,0.0,0.0,12.5,6.25,0.0
2014100063,プレシャスブルー,https://db.netkeiba.com/horse/ped/2014100063/,PASS,Deep Impact,オンワードミシェル,アンバーシャダイ,Sunday Silence,Alzao,オンワードウッド,Sweet Solera,Deep Impact,Hail to Reason,Northern Dancer,Northern Dancer,Deep Impact__X__Northern Dancer,Hail to Reason__X__Northern Dancer,Deep Impact__X__Sweet Solera,1,Northern Dancer:4x5x5,0.5859375,25.0,12.5,0.0,0.0,0.0,0.0,0.0,12.5,6.25,0.0,0.0,0.0,0.0,0.0,0.0,0.0,6.25,0.0,0.0
2017104637,デゼル,https://db.netkeiba.com/horse/ped/2017104637/,PASS,Deep Impact,アヴニールセルタン Avenir Certain,Le Havre,Sunday Silence,Alzao,Puggy,Lucayan Princess,Deep Impact,Hail to Reason,Le Havre,Le Havre,Deep Impact__X__Le Havre,Hail to Reason__X__Le Havre,Deep Impact__X__Lucayan Princess,1,Northern Dancer:5x5,0.1953125,25.0,6.25,3.125,0.0,0.0,0.0,0.0,12.5,6.25,0.0,0.0,0.0,0.0,0.0,0.0,0.0,6.25,0.0,0.0
2017100404,クラヴァシュドール,https://db.netkeiba.com/horse/ped/2017100404/,PASS,Heart's Cry,パスオブドリームズ Path of Dreams,Giant's Causeway,Sunday Silence,Tony Bin,Path of Thunder,シユジンスキー,Heart's Cry,Hail to Reason,Storm Cat,Northern Dancer,Heart's Cry__X__Storm Cat,Hail to Reason__X__Northern Dancer,Heart's Cry__X__シユジンスキー,2,Northern Dancer:5x5;Storm Bird:4x5,0.1953125,25.0,6.25,3.125,0.0,3.125,0.0,0.0,12.5,6.25,0.0,0.0,0.0,0.0,12.5,0.0,12.5,6.25,0.0,0.0
2017101792,アブレイズ,https://db.netkeiba.com/horse/ped/2017101792/,PASS,キズナ,エディン,ジャングルポケット,Deep Impact,Storm Cat,ナインミューズ,Korveya,Deep Impact,Hail to Reason,Tony Bin,Tony Bin,Deep Impact__X__Tony Bin,Hail to Reason__X__Tony Bin,Deep Impact__X__Korveya,2,Halo:4x5;Northern Dancer:5x5,0.5859375,12.5,6.25,3.125,0.0,0.0,0.0,0.0,9.375,3.125,0.0,0.0,3.125,6.25,12.5,0.0,12.5,3.125,0.0,0.0
2017100720,デアリングタクト,https://db.netkeiba.com/horse/ped/2017100720/,PASS,エピファネイア,デアリングバード,King Kamehameha,シンボリクリスエス,スペシャルウィーク,デアリングハート,Impetuous Lady,Roberto,Hail to Reason,King Kamehameha,Native Dancer,Roberto__X__King Kamehameha,Hail to Reason__X__Native Dancer,Roberto__X__Impetuous Lady,6,Danzig:3x4;Hail to Reason:5x5;Halo:4x5;Northern Dancer:5x5;Sunday Silence:3x4;Wishing Well:4x5,2.734375,18.75,6.25,6.25,12.5,6.25,6.25,18.75,9.375,6.25,3.125,0.0,0.0,3.125,0.0,0.0,0.0,0.0,3.125,0.0
2017105613,リアアメリア,https://db.netkeiba.com/horse/ped/2017105613/,PASS,Deep Impact,リアアントニア Ria Antonia,Rockport Harbor,Sunday Silence,Alzao,Beer Baroness,Pleasure Moment,Deep Impact,Hail to Reason,Rockport Harbor,Rockport Harbor,Deep Impact__X__Rockport Harbor,Hail to Reason__X__Rockport Harbor,Deep Impact__X__Pleasure Moment,0,,0.0,25.0,3.125,3.125,0.0,0.0,0.0,3.125,12.5,6.25,0.0,0.0,0.0,0.0,0.0,0.0,0.0,6.25,0.0,0.0
2017101415,ウインマイティー,https://db.netkeiba.com/horse/ped/2017101415/,PASS,ゴールドシップ,アオバコリン,カコイーシーズ Cacoethes,Stay Gold,メジロマックイーン,コリンヌドゥブルイェール Colline de Bruyere,Natashka,Stay Gold,Hail to Reason,Raise a Native,Native Dancer,Stay Gold__X__Raise a Native,Hail to Reason__X__Native Dancer,Stay Gold__X__Natashka,0,,0.0,12.5,6.25,0.0,0.0,0.0,0.0,0.0,6.25,3.125,0.0,0.0,3.125,0.0,0.0,0.0,0.0,0.0,6.25,3.125
2017102342,スマイルカナ,https://db.netkeiba.com/horse/ped/2017102342/,PASS,Deep Impact,エーシンクールディ,Distorted Humor,Sunday Silence,Alzao,キャタリナ,Sea Saga,Deep Impact,Hail to Reason,Mr. Prospector,Native Dancer,Deep Impact__X__Mr. Prospector,Hail to Reason__X__Native Dancer,Deep Impact__X__Sea Saga,2,Danzig:3x4;Northern Dancer:5x5x5,0.390625,25.0,9.375,6.25,0.0,0.0,0.0,18.75,12.5,6.25,0.0,0.0,0.0,0.0,12.5,0.0,0.0,6.25,3.125,0.0
2017100437,インターミッション,https://db.netkeiba.com/horse/ped/2017100437/,PASS,Deep Impact,レイカーラ,King Kamehameha,Sunday Silence,Alzao,カーラパワー Carla Power,Adele Toumignon,Deep Impact,Hail to Reason,King Kamehameha,Native Dancer,Deep Impact__X__King Kamehameha,Hail to Reason__X__Native Dancer,Deep Impact__X__Adele Toumignon,1,Northern Dancer:5x5,0.1953125,25.0,6.25,6.25,12.5,0.0,0.0,0.0,12.5,6.25,0.0,0.0,6.25,3.125,0.0,0.0,0.0,6.25,3.125,0.0
2017104973,リリーピュアハート,https://db.netkeiba.com/horse/ped/2017104973/,PASS,Deep Impact,リリーオブザヴァレー Lily of the Valley,Galileo,Sunday Silence,Alzao,Pennegale,Brief Attire,Deep Impact,Hail to Reason,Sadler's Wells,Northern Dancer,Deep Impact__X__Sadler's Wells,Hail to Reason__X__Northern Dancer,Deep Impact__X__Brief Attire,1,Northern Dancer:4x5,0.390625,25.0,9.375,3.125,0.0,0.0,12.5,0.0,12.5,6.25,0.0,0.0,0.0,0.0,0.0,0.0,0.0,6.25,0.0,0.0
2017104804,マジックキャッスル,https://db.netkeiba.com/horse/ped/2017104804/,PASS,Deep Impact,ソーマジック,シンボリクリスエス,Sunday Silence,Alzao,スーア Xua,Beau Darling,Deep Impact,Hail to Reason,Roberto,Hail to Reason,Deep Impact__X__Roberto,Hail to Reason__X__Hail to Reason,Deep Impact__X__Beau Darling,2,Hail to Reason:4x5;Northern Dancer:4x5,0.78125,25.0,9.375,0.0,0.0,6.25,0.0,0.0,12.5,9.375,3.125,0.0,0.0,0.0,0.0,0.0,0.0,6.25,0.0,0.0
2017106613,ウーマンズハート,https://db.netkeiba.com/horse/ped/2017106613/,PASS,Heart's Cry,レディオブパーシャ,Shamardal,Sunday Silence,Tony Bin,ビールジャント Birjand,Irish Wave,Heart's Cry,Hail to Reason,Storm Cat,Northern Dancer,Heart's Cry__X__Storm Cat,Hail to Reason__X__Northern Dancer,Heart's Cry__X__Irish Wave,1,Northern Dancer:5x5,0.1953125,25.0,6.25,3.125,0.0,0.0,0.0,6.25,12.5,6.25,0.0,0.0,0.0,0.0,6.25,0.0,12.5,6.25,0.0,0.0
2017101797,フィオリキアリ,https://db.netkeiba.com/horse/ped/2017101797/,PASS,キズナ,クリアリーコンフューズド Clearly Confused,Successful Appeal,Deep Impact,Storm Cat,Nice of You,Miss Jig,Deep Impact,Hail to Reason,Successful Appeal,Successful Appeal,Deep Impact__X__Successful Appeal,Hail to Reason__X__Successful Appeal,Deep Impact__X__Miss Jig,0,,0.0,12.5,3.125,6.25,0.0,0.0,0.0,0.0,6.25,3.125,0.0,0.0,0.0,0.0,12.5,0.0,0.0,3.125,3.125,0.0
2017101823,チェーンオブラブ,https://db.netkeiba.com/horse/ped/2017101823/,PASS,Heart's Cry,フェアエレン,Street Cry,Sunday Silence,Tony Bin,Palais Versailles,Exclusive Dancer,Heart's Cry,Hail to Reason,Mr. Prospector,Native Dancer,Heart's Cry__X__Mr. Prospector,Hail to Reason__X__Native Dancer,Heart's Cry__X__Exclusive Dancer,3,Halo:3x5;Mr. Prospector:4x5;Northern Dancer:5x5,0.9765625,25.0,6.25,9.375,0.0,0.0,0.0,6.25,15.625,6.25,3.125,6.25,0.0,0.0,0.0,0.0,12.5,6.25,3.125,0.0
2017100043,マルターズディオサ,https://db.netkeiba.com/horse/ped/2017100043/,PASS,キズナ,トップオブドーラ,Grand Slam,Deep Impact,Storm Cat,Maltese Dianne,Social Column,Deep Impact,Hail to Reason,Mr. Prospector,Native Dancer,Deep Impact__X__Mr. Prospector,Hail to Reason__X__Native Dancer,Deep Impact__X__Social Column,2,Northern Dancer:5x5x5;Secretariat:5x5,0.5859375,12.5,9.375,6.25,0.0,0.0,0.0,0.0,6.25,3.125,0.0,0.0,0.0,6.25,12.5,0.0,0.0,3.125,3.125,0.0
2017105485,サンクテュエール,https://db.netkeiba.com/horse/ped/2017105485/,PASS,Deep Impact,ヒルダズパッション Hilda's Passion,Canadian Frontier,Sunday Silence,Alzao,Executricker,Lost Virtue,Deep Impact,Hail to Reason,Mr. Prospector,Native Dancer,Deep Impact__X__Mr. Prospector,Hail to Reason__X__Native Dancer,Deep Impact__X__Lost Virtue,2,Northern Dancer:5x5;Sir Ivor:5x5,0.390625,25.0,6.25,6.25,0.0,0.0,6.25,0.0,12.5,6.25,6.25,0.0,0.0,3.125,0.0,0.0,0.0,6.25,3.125,0.0
2017104753,サトノインプレッサ,https://db.netkeiba.com/horse/ped/2017104753/,PASS,Deep Impact,サプレザ Sahpresa,Sahm,Sunday Silence,Alzao,Sorpresa,Mysterious Lady,Deep Impact,Hail to Reason,Mr. Prospector,Native Dancer,Deep Impact__X__Mr. Prospector,Hail to Reason__X__Native Dancer,Deep Impact__X__Mysterious Lady,1,Northern Dancer:5x5,0.1953125,25.0,6.25,12.5,0.0,0.0,6.25,0.0,12.5,6.25,0.0,0.0,0.0,0.0,0.0,0.0,0.0,6.25,6.25,3.125
2017105317,アルジャンナ,https://db.netkeiba.com/horse/ped/2017105317/,PASS,Deep Impact,コンドコマンド Condo Commando,Tiz Wonderful,Sunday Silence,Alzao,Yearly Report,Fiscal Fun,Deep Impact,Hail to Reason,Tiz Wonderful,Tiz Wonderful,Deep Impact__X__Tiz Wonderful,Hail to Reason__X__Tiz Wonderful,Deep Impact__X__Fiscal Fun,0,,0.0,25.0,3.125,3.125,0.0,0.0,0.0,0.0,12.5,6.25,6.25,0.0,0.0,0.0,3.125,0.0,0.0,6.25,0.0,0.0
2016104376,キングオブコージ,https://db.netkeiba.com/horse/ped/2016104376/,PASS,ロードカナロア,ファイノメナ,Galileo,King Kamehameha,Storm Cat,Caumshinaun,Drama,King Kamehameha,Native Dancer,Sadler's Wells,Northern Dancer,King Kamehameha__X__Sadler's Wells,Native Dancer__X__Northern Dancer,King Kamehameha__X__Drama,3,Mr. Prospector:4x5;Northern Dancer:4x5;Storm Bird:4x5,1.171875,0.0,9.375,9.375,12.5,0.0,12.5,0.0,0.0,0.0,0.0,0.0,0.0,3.125,12.5,0.0,0.0,0.0,3.125,0.0
2015106153,サトノフェイバー,https://db.netkeiba.com/horse/ped/2015106153/,PASS,ゼンノロブロイ,ヴィヴァシャスヴィヴィアン Vivacious Vivian,Distorted Humor,Sunday Silence,マイニング Mining,Tuzla,Mia Pola,Sunday Silence,Hail to Reason,Mr. Prospector,Native Dancer,Sunday Silence__X__Mr. Prospector,Hail to Reason__X__Native Dancer,Sunday Silence__X__Mia Pola,4,Danzig:3x4;Gold Digger:5x5;Mr. Prospector:4x4;Raise a Native:5x5,1.171875,25.0,3.125,12.5,0.0,3.125,0.0,18.75,12.5,6.25,0.0,0.0,0.0,0.0,0.0,0.0,0.0,0.0,6.25,0.0
2015104895,ドミナートゥス,https://db.netkeiba.com/horse/ped/2015104895/,PASS,ルーラーシップ,デグラーティア,フジキセキ,King Kamehameha,Tony Bin,デフィニット,Glancing,King Kamehameha,Native Dancer,Sunday Silence,Hail to Reason,King Kamehameha__X__Sunday Silence,Native Dancer__X__Hail to Reason,King Kamehameha__X__Glancing,0,,0.0,12.5,3.125,6.25,12.5,0.0,0.0,0.0,6.25,3.125,0.0,0.0,3.125,3.125,0.0,6.25,12.5,0.0,3.125,0.0
2014101505,ナルハヤ,https://db.netkeiba.com/horse/ped/2014101505/,PASS,サクラプレジデント,カルナアヴァンセ,Halo,Sunday Silence,マルゼンスキー,エスピヨン,Clever Bird,Sunday Silence,Hail to Reason,Halo,Hail to Reason,Sunday Silence__X__Halo,Hail to Reason__X__Hail to Reason,Sunday Silence__X__Clever Bird,4,Cosmah:4x5;Hail to Reason:4x5;Halo:2x3x3x4;Northern Dancer:5x5,11.9140625,25.0,6.25,0.0,0.0,0.0,0.0,0.0,56.25,9.375,0.0,0.0,6.25,0.0,0.0,0.0,0.0,6.25,0.0,0.0
2015104610,リンディーホップ,https://db.netkeiba.com/horse/ped/2015104610/,PASS,Heart's Cry,ルンバロッカ Rumba Loca,Sri Pekan,Sunday Silence,Tony Bin,Rumba Azul,Grey Fleck,Heart's Cry,Hail to Reason,Roberto,Hail to Reason,Heart's Cry__X__Roberto,Hail to Reason__X__Hail to Reason,Heart's Cry__X__Grey Fleck,2,Hail to Reason:4x5;Northern Dancer:4x5,0.78125,25.0,9.375,0.0,0.0,6.25,0.0,0.0,12.5,9.375,0.0,0.0,0.0,0.0,0.0,0.0,12.5,6.25,3.125,0.0
2015100713,リープフラウミルヒ,https://db.netkeiba.com/horse/ped/2015100713/,PASS,Stay Gold,ピノブラン,クロフネ,Sunday Silence,ディクタス Dictus,フェートデュヴァン,Gliding By,Stay Gold,Hail to Reason,Deputy Minister,Northern Dancer,Stay Gold__X__Deputy Minister,Hail to Reason__X__Northern Dancer,Stay Gold__X__Gliding By,1,Northern Dancer:5x5,0.1953125,25.0,6.25,0.0,0.0,0.0,0.0,0.0,12.5,6.25,0.0,0.0,6.25,0.0,0.0,6.25,0.0,0.0,0.0,0.0
2015104159,パルクデラモール,https://db.netkeiba.com/horse/ped/2015104159/,PASS,Deep Impact,レディシャツィ,Privately Held,Sunday Silence,Alzao,Shatzi,Nosey Body,Deep Impact,Hail to Reason,Privately Held,Privately Held,Deep Impact__X__Privately Held,Hail to Reason__X__Privately Held,Deep Impact__X__Nosey Body,2,Northern Dancer:5x5;Sir Ivor:5x5,0.390625,25.0,6.25,0.0,0.0,0.0,0.0,0.0,12.5,6.25,6.25,0.0,0.0,0.0,0.0,0.0,0.0,6.25,0.0,0.0
2016103346,サマーセント,https://db.netkeiba.com/horse/ped/2016103346/,PASS,ハービンジャー Harbinger,プリムローズレーン,Sunday Silence,Dansili,Bering,オエノセラ Oenothera,Electric Flash,Danzig,Northern Dancer,Sunday Silence,Hail to Reason,Danzig__X__Sunday Silence,Northern Dancer__X__Hail to Reason,Danzig__X__Electric Flash,1,Northern Dancer:4x5x5,0.78125,25.0,12.5,0.0,0.0,0.0,0.0,6.25,12.5,6.25,0.0,0.0,0.0,0.0,0.0,0.0,0.0,3.125,0.0,0.0
2016104426,マルシュロレーヌ,https://db.netkeiba.com/horse/ped/2016104426/,PASS,オルフェーヴル,ヴィートマルシェ,フレンチデピュティ French Deputy,Stay Gold,メジロマックイーン,キョウエイマーチ,トミニシキ,Stay Gold,Hail to Reason,Deputy Minister,Northern Dancer,Stay Gold__X__Deputy Minister,Hail to Reason__X__Northern Dancer,Stay Gold__X__トミニシキ,2,Northern Dancer:5x5x5;Northern Taste:4x5,0.390625,12.5,9.375,0.0,0.0,0.0,0.0,0.0,6.25,3.125,0.0,0.0,0.0,0.0,0.0,12.5,0.0,6.25,0.0,0.0
2015103627,バイオスパーク,https://db.netkeiba.com/horse/ped/2015103627/,PASS,オルフェーヴル,ナナヨーティアラ,マイネルラヴ,Stay Gold,メジロマックイーン,ナナヨーストーム,ポリックモアー,Stay Gold,Hail to Reason,Mr. Prospector,Native Dancer,Stay Gold__X__Mr. Prospector,Hail to Reason__X__Native Dancer,Stay Gold__X__ポリックモアー,2,Hail to Reason:5x5;Northern Taste:4x5,0.1953125,12.5,3.125,6.25,0.0,6.25,0.0,0.0,6.25,6.25,0.0,0.0,0.0,0.0,0.0,0.0,0.0,3.125,3.125,0.0
2016104672,レッドサイオン,https://db.netkeiba.com/horse/ped/2016104672/,PASS,ロードカナロア,レッドベルフィーユ,アグネスタキオン,King Kamehameha,Storm Cat,マンダララ Mandalara,Mounayn,King Kamehameha,Native Dancer,Sunday Silence,Hail to Reason,King Kamehameha__X__Sunday Silence,Native Dancer__X__Hail to Reason,King Kamehameha__X__Mounayn,0,,0.0,12.5,3.125,6.25,12.5,0.0,0.0,0.0,6.25,3.125,0.0,0.0,3.125,3.125,12.5,0.0,0.0,0.0,3.125,0.0
2016106518,トーラスジェミニ,https://db.netkeiba.com/horse/ped/2016106518/,PASS,キングズベスト King's Best,エリモエトワール,マンハッタンカフェ,Kingmambo,Lombard,ステラーオデッセイ Stellar Odyssey,Almahmoud,Kingmambo,Native Dancer,Sunday Silence,Hail to Reason,Kingmambo__X__Sunday Silence,Native Dancer__X__Hail to Reason,Kingmambo__X__Almahmoud,4,Almahmoud:5x5;Cosmah:4x5;Native Dancer:5x5;Northern Dancer:3x5,0.9765625,12.5,15.625,12.5,25.0,0.0,0.0,0.0,6.25,3.125,0.0,0.0,0.0,6.25,0.0,0.0,0.0,0.0,6.25,6.25
2016102929,ショウナンバルディ,https://db.netkeiba.com/horse/ped/2016102929/,PASS,キングズベスト King's Best,バノヴィナ Banovina,Redoute's Choice,Kingmambo,Lombard,Macedon Lady,Taipasha,Kingmambo,Native Dancer,Danzig,Northern Dancer,Kingmambo__X__Danzig,Native Dancer__X__Northern Dancer,Kingmambo__X__Taipasha,2,Bletchingly:5x5;Northern Dancer:5x5,0.1953125,0.0,6.25,12.5,25.0,0.0,0.0,6.25,0.0,0.0,0.0,0.0,3.125,6.25,0.0,0.0,0.0,0.0,6.25,3.125
2016105198,ランブリングアレー,https://db.netkeiba.com/horse/ped/2016105198/,PASS,Deep Impact,ブルーミングアレー,シンボリクリスエス,Sunday Silence,Alzao,プリンセスオリビア Princess Olivia,Dumfries,Deep Impact,Hail to Reason,Roberto,Hail to Reason,Deep Impact__X__Roberto,Hail to Reason__X__Hail to Reason,Deep Impact__X__Dumfries,3,Hail to Reason:4x5;Lyphard:4x5;Northern Dancer:5x5,0.9765625,25.0,6.25,6.25,0.0,6.25,6.25,0.0,12.5,9.375,3.125,0.0,0.0,0.0,0.0,0.0,0.0,9.375,3.125,0.0
2015102735,サンレイポケット,https://db.netkeiba.com/horse/ped/2015102735/,PASS,ジャングルポケット,アドマイヤパンチ,ワイルドラッシュ Wild Rush,Tony Bin,Nureyev,ロイヤルカード,Sunny Valley,Tony Bin,Tony Bin,ワイルドラッシュ Wild Rush,ワイルドラッシュ Wild Rush,Tony Bin__X__ワイルドラッシュ Wild Rush,Tony Bin__X__ワイルドラッシュ Wild Rush,Tony Bin__X__Sunny Valley,2,Nearctic:5x5;Northern Dancer:4x5,0.5859375,12.5,9.375,0.0,0.0,0.0,0.0,0.0,6.25,3.125,0.0,0.0,0.0,12.5,0.0,0.0,25.0,0.0,0.0,0.0
2017104691,ホウオウエミーズ,https://db.netkeiba.com/horse/ped/2017104691/,PASS,ロードカナロア,エミーズスマイル,アグネスタキオン,King Kamehameha,Storm Cat,エミスフェール,Desert Lass,King Kamehameha,Native Dancer,Sunday Silence,Hail to Reason,King Kamehameha__X__Sunday Silence,Native Dancer__X__Hail to Reason,King Kamehameha__X__Desert Lass,0,,0.0,12.5,3.125,6.25,12.5,0.0,0.0,0.0,6.25,3.125,0.0,0.0,3.125,3.125,12.5,0.0,6.25,3.125,3.125,0.0
2017102406,コトブキテティス,https://db.netkeiba.com/horse/ped/2017102406/,PASS,ハービンジャー Harbinger,エヴァ,King Kamehameha,Dansili,Bering,ラブフォーエバー,Magic,Danzig,Northern Dancer,King Kamehameha,Native Dancer,Danzig__X__King Kamehameha,Northern Dancer__X__Native Dancer,Danzig__X__Magic,1,Northern Dancer:5x5x5,0.390625,12.5,9.375,6.25,12.5,0.0,0.0,6.25,6.25,3.125,0.0,0.0,0.0,3.125,0.0,0.0,0.0,3.125,3.125,0.0
2017105600,ラヴユーライヴ,https://db.netkeiba.com/horse/ped/2017105600/,PASS,Deep Impact,ラヴズオンリーミー Loves Only Me,Storm Cat,Sunday Silence,Alzao,Monevassia,Santa Quilla,Deep Impact,Hail to Reason,Storm Cat,Northern Dancer,Deep Impact__X__Storm Cat,Hail to Reason__X__Northern Dancer,Deep Impact__X__Santa Quilla,1,Northern Dancer:4x5x5,0.5859375,25.0,12.5,12.5,0.0,0.0,0.0,0.0,12.5,6.25,0.0,0.0,0.0,6.25,25.0,0.0,0.0,6.25,6.25,3.125
2017101147,ストリートピアノ,https://db.netkeiba.com/horse/ped/2017101147/,PASS,クロフネ,トウカイメリー,マンハッタンカフェ,フレンチデピュティ French Deputy,Classic Go Go,トウカイロータス,トウカイクイン,Deputy Minister,Northern Dancer,Sunday Silence,Hail to Reason,Deputy Minister__X__Sunday Silence,Northern Dancer__X__Hail to Reason,Deputy Minister__X__トウカイクイン,2,Never Bend:5x5;Northern Dancer:5x5,0.390625,12.5,6.25,0.0,0.0,3.125,0.0,0.0,6.25,3.125,0.0,0.0,0.0,0.0,0.0,12.5,0.0,6.25,0.0,0.0
2017102936,ミスニューヨーク,https://db.netkeiba.com/horse/ped/2017102936/,PASS,キングズベスト King's Best,マンハッタンミート,マンハッタンカフェ,Kingmambo,Lombard,ダノンエトランゼル,Migratory,Kingmambo,Native Dancer,Sunday Silence,Hail to Reason,Kingmambo__X__Sunday Silence,Native Dancer__X__Hail to Reason,Kingmambo__X__Migratory,1,Mr. Prospector:3x5,0.78125,12.5,3.125,15.625,25.0,0.0,0.0,0.0,6.25,3.125,0.0,0.0,3.125,6.25,0.0,0.0,0.0,0.0,6.25,3.125
2017106387,スマートリアン,https://db.netkeiba.com/horse/ped/2017106387/,PASS,キズナ,スマートオーシャン,Mr. Greeley,Deep Impact,Storm Cat,Ocean Queen,Tsessebe,Deep Impact,Hail to Reason,Mr. Prospector,Native Dancer,Deep Impact__X__Mr. Prospector,Hail to Reason__X__Native Dancer,Deep Impact__X__Tsessebe,2,Northern Dancer:5x5;Secretariat:5x5,0.390625,12.5,6.25,6.25,0.0,0.0,0.0,0.0,6.25,3.125,0.0,0.0,3.125,6.25,12.5,0.0,0.0,3.125,3.125,0.0
2017105452,クロスセル,https://db.netkeiba.com/horse/ped/2017105452/,PASS,ルーラーシップ,トップセラー,スペシャルウィーク,King Kamehameha,Tony Bin,プロモーション,Thankfull,King Kamehameha,Native Dancer,Sunday Silence,Hail to Reason,King Kamehameha__X__Sunday Silence,Native Dancer__X__Hail to Reason,King Kamehameha__X__Thankfull,1,Mr. Prospector:4x5,0.390625,12.5,3.125,9.375,12.5,0.0,0.0,0.0,6.25,3.125,0.0,0.0,3.125,3.125,0.0,0.0,12.5,0.0,3.125,0.0
2017105089,フェルマーテ,https://db.netkeiba.com/horse/ped/2017105089/,PASS,ゴールドシップ,カルマート,シンボリクリスエス,Stay Gold,メジロマックイーン,キープクワイエット,グローブターフ,Stay Gold,Hail to Reason,Roberto,Hail to Reason,Stay Gold__X__Roberto,Hail to Reason__X__Hail to Reason,Stay Gold__X__グローブターフ,5,Hail to Reason:5x5;Halo:4x5;Northern Taste:5x5;Sunday Silence:3x4;Wishing Well:4x5,2.734375,18.75,0.0,0.0,0.0,6.25,0.0,0.0,9.375,6.25,3.125,0.0,0.0,0.0,0.0,0.0,0.0,0.0,0.0,0.0
2017105366,シーズンズギフト,https://db.netkeiba.com/horse/ped/2017105366/,PASS,エピファネイア,シーズンズベスト,ゼンノロブロイ,シンボリクリスエス,スペシャルウィーク,シーズアン Seazun,Blue Sash,Roberto,Hail to Reason,Sunday Silence,Hail to Reason,Roberto__X__Sunday Silence,Hail to Reason__X__Hail to Reason,Roberto__X__Blue Sash,6,Habitat:5x5;Hail to Reason:5x5;Halo:4x5;Northern Dancer:5x5;Sunday Silence:3x4;Wishing Well:4x5,2.9296875,18.75,6.25,3.125,0.0,6.25,6.25,6.25,9.375,6.25,3.125,0.0,0.0,0.0,0.0,0.0,0.0,0.0,0.0,0.0
2017103441,パラスアテナ,https://db.netkeiba.com/horse/ped/2017103441/,PASS,ルーラーシップ,ステラリード,スペシャルウィーク,King Kamehameha,Tony Bin,ウェルシュステラ,Welsh Flame,King Kamehameha,Native Dancer,Sunday Silence,Hail to Reason,King Kamehameha__X__Sunday Silence,Native Dancer__X__Hail to Reason,King Kamehameha__X__Welsh Flame,2,Mr. Prospector:4x5;Northern Dancer:5x5,0.5859375,12.5,6.25,9.375,12.5,0.0,6.25,0.0,6.25,3.125,0.0,0.0,3.125,3.125,0.0,0.0,12.5,0.0,3.125,0.0
2017101777,ヤマニンプティパ,https://db.netkeiba.com/horse/ped/2017101777/,PASS,ブラックタイド,ヤマニンプチフール,フレンチデピュティ French Deputy,Sunday Silence,Alzao,ワンオブアクライン One of a Klein,By Me,Sunday Silence,Hail to Reason,Deputy Minister,Northern Dancer,Sunday Silence__X__Deputy Minister,Hail to Reason__X__Northern Dancer,Sunday Silence__X__By Me,1,Northern Dancer:4x5x5,0.5859375,25.0,12.5,0.0,0.0,0.0,0.0,12.5,12.5,6.25,0.0,0.0,0.0,0.0,0.0,12.5,0.0,6.25,0.0,0.0
2017105105,セウラサーリ,https://db.netkeiba.com/horse/ped/2017105105/,PASS,オルフェーヴル,サマーナイトシティ,エリシオ Helissio,Stay Gold,メジロマックイーン,ダイアモンドシティ Diamond City,Honey Ration,Stay Gold,Hail to Reason,Northern Dancer,Northern Dancer,Stay Gold__X__Northern Dancer,Hail to Reason__X__Northern Dancer,Stay Gold__X__Honey Ration,2,Northern Dancer:4x5;Northern Taste:4x5,0.390625,12.5,9.375,12.5,0.0,0.0,0.0,0.0,6.25,3.125,3.125,0.0,0.0,0.0,0.0,0.0,0.0,0.0,6.25,3.125
2017104963,オーマイダーリン,https://db.netkeiba.com/horse/ped/2017104963/,PASS,Deep Impact,ラブーム La Boum,Monsun,Sunday Silence,Alzao,La Bouche,Loanda,Deep Impact,Hail to Reason,Monsun,Monsun,Deep Impact__X__Monsun,Hail to Reason__X__Monsun,Deep Impact__X__Loanda,1,Northern Dancer:5x5,0.1953125,25.0,6.25,0.0,0.0,0.0,6.25,0.0,12.5,6.25,0.0,0.0,0.0,0.0,0.0,0.0,0.0,6.25,0.0,0.0
2017106203,アカイイト,https://db.netkeiba.com/horse/ped/2017106203/,PASS,キズナ,ウアジェト,シンボリクリスエス,Deep Impact,Storm Cat,リーチトゥピース,Manchester Miss,Deep Impact,Hail to Reason,Roberto,Hail to Reason,Deep Impact__X__Roberto,Hail to Reason__X__Hail to Reason,Deep Impact__X__Manchester Miss,2,Hail to Reason:5x5;Halo:4x5,0.5859375,12.5,3.125,3.125,0.0,6.25,0.0,0.0,9.375,6.25,3.125,0.0,0.0,0.0,12.5,0.0,0.0,3.125,0.0,0.0
2017105126,チャイカ,https://db.netkeiba.com/horse/ped/2017105126/,PASS,ロードカナロア,ノブレスオブリッジ,Sunday Silence,King Kamehameha,Storm Cat,スイートダイアナ,Pochette,King Kamehameha,Native Dancer,Sunday Silence,Hail to Reason,King Kamehameha__X__Sunday Silence,Native Dancer__X__Hail to Reason,King Kamehameha__X__Pochette,1,Northern Dancer:5x5,0.1953125,25.0,6.25,6.25,12.5,0.0,0.0,0.0,12.5,6.25,0.0,0.0,0.0,3.125,12.5,0.0,0.0,6.25,3.125,0.0
2017104141,ムジカ,https://db.netkeiba.com/horse/ped/2017104141/,PASS,エピファネイア,ローズアダージョ,Deep Impact,シンボリクリスエス,スペシャルウィーク,ファーストナイト First Night,A Wind Is Rising,Roberto,Hail to Reason,Deep Impact,Hail to Reason,Roberto__X__Deep Impact,Hail to Reason__X__Hail to Reason,Roberto__X__A Wind Is Rising,7,Fairy Bridge:4x5;Hail to Reason:5x5;Halo:4x5;Northern Dancer:4x5;Sadler's Wells:3x4;Sunday Silence:3x4;Wishing Well:4x5,4.8828125,18.75,9.375,0.0,0.0,6.25,18.75,0.0,9.375,6.25,3.125,0.0,0.0,0.0,0.0,0.0,0.0,3.125,0.0,0.0
2017104964,シャムロックヒル,https://db.netkeiba.com/horse/ped/2017104964/,PASS,キズナ,ララア Laragh,Tapit,Deep Impact,Storm Cat,Rose of Summer,プライズクロッシング,Deep Impact,Hail to Reason,A.P. Indy,Seattle Slew,Deep Impact__X__A.P. Indy,Hail to Reason__X__Seattle Slew,Deep Impact__X__プライズクロッシング,1,Northern Dancer:5x5,0.1953125,12.5,6.25,3.125,0.0,0.0,6.25,0.0,6.25,3.125,3.125,6.25,3.125,0.0,12.5,0.0,0.0,3.125,0.0,0.0
2017103814,エレナアヴァンティ,https://db.netkeiba.com/horse/ped/2017103814/,PASS,アドマイヤムーン,ドリームカムカム,メジロライアン,エンドスウィープ End Sweep,Sunday Silence,ドリーミングガール,Gourabe,Mr. Prospector,Native Dancer,Northern Dancer,Northern Dancer,Mr. Prospector__X__Northern Dancer,Native Dancer__X__Northern Dancer,Mr. Prospector__X__Gourabe,1,Northern Dancer:4x5x5,0.5859375,12.5,12.5,6.25,0.0,0.0,0.0,0.0,6.25,3.125,0.0,0.0,0.0,0.0,0.0,0.0,0.0,0.0,3.125,0.0
2017105067,ラインオブダンス,https://db.netkeiba.com/horse/ped/2017105067/,PASS,Heart's Cry,アドマイヤダンサー,エルコンドルパサー,Sunday Silence,Tony Bin,キャサリーンパー Catherine Parr,Royal Arrival,Heart's Cry,Hail to Reason,Kingmambo,Native Dancer,Heart's Cry__X__Kingmambo,Hail to Reason__X__Native Dancer,Heart's Cry__X__Royal Arrival,1,Northern Dancer:5x5,0.1953125,25.0,6.25,6.25,12.5,0.0,6.25,0.0,12.5,6.25,3.125,0.0,0.0,3.125,0.0,0.0,12.5,6.25,3.125,0.0
2017101230,ピースディオン,https://db.netkeiba.com/horse/ped/2017101230/,PASS,ロジユニヴァース,ロジディオン,サニングデール,ネオユニヴァース,Cape Cross,ウメノディオン,ヒサクイン,Sunday Silence,Hail to Reason,サニングデール,サニングデール,Sunday Silence__X__サニングデール,Hail to Reason__X__サニングデール,Sunday Silence__X__ヒサクイン,0,,0.0,12.5,0.0,3.125,0.0,3.125,0.0,3.125,6.25,3.125,0.0,0.0,0.0,3.125,0.0,0.0,0.0,0.0,0.0,0.0
2017105495,ラインハイト,https://db.netkeiba.com/horse/ped/2017105495/,PASS,Heart's Cry,ピューリティー Purity,パントレセレブル Peintre Celebre,Sunday Silence,Tony Bin,Pariana,Pixie Tower,Heart's Cry,Hail to Reason,Nureyev,Northern Dancer,Heart's Cry__X__Nureyev,Hail to Reason__X__Northern Dancer,Heart's Cry__X__Pixie Tower,2,Lyphard:4x5;Northern Dancer:4x5x5,0.9765625,25.0,12.5,0.0,0.0,0.0,6.25,0.0,12.5,6.25,0.0,0.0,0.0,12.5,0.0,0.0,12.5,9.375,3.125,0.0
2017101966,マイネルソラス,https://db.netkeiba.com/horse/ped/2017101966/,PASS,ゴールドシップ,マイネアロマ,ロージズインメイ Roses in May,Stay Gold,メジロマックイーン,ダイイチビビット,イツトー,Stay Gold,Hail to Reason,Halo,Hail to Reason,Stay Gold__X__Halo,Hail to Reason__X__Hail to Reason,Stay Gold__X__イツトー,1,Halo:4x5,0.390625,12.5,0.0,0.0,0.0,0.0,0.0,0.0,9.375,3.125,0.0,0.0,0.0,0.0,0.0,0.0,12.5,0.0,0.0,0.0
2017104819,ダノンファスト,https://db.netkeiba.com/horse/ped/2017104819/,PASS,King Kamehameha,ダンスファンタジア,ファルブラヴ Falbrav,Kingmambo,ラストタイクーン Last Tycoon,ダンスインザムード,Native Partner,King Kamehameha,Native Dancer,Northern Dancer,Northern Dancer,King Kamehameha__X__Northern Dancer,Native Dancer__X__Northern Dancer,King Kamehameha__X__Native Partner,2,Northern Dancer:4x5x5x5;Special:5x5,1.3671875,12.5,15.625,12.5,25.0,0.0,0.0,0.0,6.25,3.125,3.125,0.0,6.25,6.25,0.0,0.0,0.0,0.0,6.25,3.125
2017103000,バビット,https://db.netkeiba.com/horse/ped/2017103000/,PASS,ナカヤマフェスタ,アートリョウコ,タイキシャトル,Stay Gold,タイトスポット Tight Spot,グランスオークス Granse Oaks,Missy Baba,Stay Gold,Hail to Reason,Halo,Hail to Reason,Stay Gold__X__Halo,Hail to Reason__X__Hail to Reason,Stay Gold__X__Missy Baba,3,Cosmah:5x5;Hail to Reason:5x5;Halo:4x4,1.171875,12.5,6.25,0.0,0.0,0.0,0.0,3.125,12.5,6.25,0.0,0.0,3.125,12.5,0.0,0.0,0.0,3.125,0.0,0.0
2017100477,リスペクト,https://db.netkeiba.com/horse/ped/2017100477/,PASS,エピファネイア,ラヴィアンフルール,Stay Gold,シンボリクリスエス,スペシャルウィーク,フィジーガール,ロージズデー,Roberto,Hail to Reason,Stay Gold,Hail to Reason,Roberto__X__Stay Gold,Hail to Reason__X__Hail to Reason,Roberto__X__ロージズデー,5,Hail to Reason:5x5;Halo:4x5;Sunday Silence:3x4;Wishing Well:4x5;マルゼンスキー:4x5,2.9296875,18.75,3.125,0.0,0.0,6.25,6.25,0.0,9.375,6.25,3.125,0.0,3.125,0.0,0.0,0.0,0.0,0.0,3.125,0.0
2017105508,ココロノトウダイ,https://db.netkeiba.com/horse/ped/2017105508/,PASS,エイシンフラッシュ,フェアリーダンス,アグネスタキオン,キングズベスト King's Best,Platini,フェアリードール Fairy Doll,Likely Swap,Kingmambo,Native Dancer,Sunday Silence,Hail to Reason,Kingmambo__X__Sunday Silence,Native Dancer__X__Hail to Reason,Kingmambo__X__Likely Swap,1,Nureyev:3x5,0.78125,12.5,6.25,6.25,12.5,0.0,0.0,0.0,6.25,3.125,0.0,0.0,3.125,15.625,0.0,0.0,0.0,0.0,3.125,0.0
2017105097,グランデマーレ,https://db.netkeiba.com/horse/ped/2017105097/,PASS,ロードカナロア,グランデアモーレ,ネオユニヴァース,King Kamehameha,Storm Cat,ヒカルアモーレ,Martingale,King Kamehameha,Native Dancer,Sunday Silence,Hail to Reason,King Kamehameha__X__Sunday Silence,Native Dancer__X__Hail to Reason,King Kamehameha__X__Martingale,0,,0.0,12.5,3.125,6.25,12.5,0.0,0.0,0.0,6.25,3.125,0.0,0.0,0.0,3.125,12.5,3.125,0.0,0.0,3.125,0.0
2017101707,ロバートソンキー,https://db.netkeiba.com/horse/ped/2017101707/,PASS,ルーラーシップ,トウカイメガミ,Sunday Silence,King Kamehameha,Tony Bin,トウカイテネシー,トウカイクイン,King Kamehameha,Native Dancer,Sunday Silence,Hail to Reason,King Kamehameha__X__Sunday Silence,Native Dancer__X__Hail to Reason,King Kamehameha__X__トウカイクイン,1,Northern Dancer:5x5,0.1953125,25.0,6.25,6.25,12.5,0.0,0.0,0.0,12.5,6.25,0.0,0.0,0.0,3.125,0.0,0.0,12.5,0.0,3.125,0.0
2017110029,ターキッシュパレス,https://db.netkeiba.com/horse/ped/2017110029/,PASS,Golden Horn,リージェンシーロマンス Regency Romance,ディクタット Diktat,Cape Cross,Dubai Destination,Criquette,Cambrienne,Danzig,Northern Dancer,ディクタット Diktat,ディクタット Diktat,Danzig__X__ディクタット Diktat,Northern Dancer__X__ディクタット Diktat,Danzig__X__Cambrienne,5,Ahonoora:4x5;Balidaress:4x5;Northern Dancer:5x5x5;Park Appeal:3x4;Roberto:5x5,2.734375,0.0,9.375,3.125,6.25,6.25,6.25,6.25,0.0,0.0,0.0,0.0,0.0,6.25,0.0,0.0,0.0,0.0,0.0,0.0
2017104815,ディープキング,https://db.netkeiba.com/horse/ped/2017104815/,PASS,Deep Impact,ダリシア Dalicia,Acatenango,Sunday Silence,Alzao,Dynamis,Diu,Deep Impact,Hail to Reason,Acatenango,Acatenango,Deep Impact__X__Acatenango,Hail to Reason__X__Acatenango,Deep Impact__X__Diu,3,Goofed:5x5;Lyphard:4x4;Northern Dancer:5x5,1.171875,25.0,6.25,0.0,0.0,0.0,0.0,0.0,12.5,6.25,0.0,0.0,0.0,0.0,0.0,0.0,0.0,12.5,0.0,0.0
2017101695,シンボ,https://db.netkeiba.com/horse/ped/2017101695/,PASS,ベーカバド Behkabad,オギノシュタイン,Deep Impact,Cape Cross,Kris,タイランツフェイム,フジタカジョウ,Danzig,Northern Dancer,Deep Impact,Hail to Reason,Danzig__X__Deep Impact,Northern Dancer__X__Hail to Reason,Danzig__X__フジタカジョウ,1,Never Bend:4x5,0.390625,12.5,3.125,0.0,0.0,0.0,0.0,6.25,6.25,3.125,0.0,0.0,0.0,0.0,0.0,0.0,0.0,3.125,0.0,0.0
2016104611,カセドラルベル,https://db.netkeiba.com/horse/ped/2016104611/,PASS,Heart's Cry,ベルスリーブ,シンボリクリスエス,Sunday Silence,Tony Bin,バーシャ Basha,Marshua,Heart's Cry,Hail to Reason,Roberto,Hail to Reason,Heart's Cry__X__Roberto,Hail to Reason__X__Hail to Reason,Heart's Cry__X__Marshua,2,Hail to Reason:4x5;Northern Dancer:5x5,0.5859375,25.0,6.25,0.0,0.0,6.25,0.0,6.25,12.5,9.375,3.125,0.0,0.0,0.0,0.0,0.0,12.5,6.25,3.125,0.0
2017103862,ダンツエリーゼ,https://db.netkeiba.com/horse/ped/2017103862/,PASS,キズナ,ワスレナグサ,アグネスデジタル,Deep Impact,Storm Cat,ディマイング Deming,Sea Saga,Deep Impact,Hail to Reason,Mr. Prospector,Native Dancer,Deep Impact__X__Mr. Prospector,Hail to Reason__X__Native Dancer,Deep Impact__X__Sea Saga,3,Gold Digger:5x5;Mr. Prospector:4x4;Raise a Native:5x5,0.0,12.5,3.125,12.5,0.0,0.0,0.0,3.125,6.25,3.125,0.0,0.0,0.0,0.0,12.5,0.0,0.0,3.125,6.25,0.0
2017106583,ソフトフルート,https://db.netkeiba.com/horse/ped/2017106583/,PASS,Deep Impact,ストロベリーフェア Strawberry Fair,Kingmambo,Sunday Silence,Alzao,ストームソング Storm Song,Fleet Victress,Deep Impact,Hail to Reason,Kingmambo,Native Dancer,Deep Impact__X__Kingmambo,Hail to Reason__X__Native Dancer,Deep Impact__X__Fleet Victress,2,Mr. Prospector:3x5;Northern Dancer:5x5x5,0.390625,25.0,9.375,15.625,25.0,0.0,0.0,0.0,12.5,6.25,0.0,0.0,0.0,6.25,0.0,0.0,0.0,6.25,6.25,3.125
2017105408,ダノングロワール,https://db.netkeiba.com/horse/ped/2017105408/,PASS,Heart's Cry,ソーメニーウェイズ So Many Ways,Sightseeing,Sunday Silence,Tony Bin,Happy Scene,Six Months Long,Heart's Cry,Hail to Reason,A.P. Indy,Seattle Slew,Heart's Cry__X__A.P. Indy,Hail to Reason__X__Seattle Slew,Heart's Cry__X__Six Months Long,1,Seattle Slew:5x5,0.0,25.0,3.125,3.125,0.0,0.0,0.0,0.0,12.5,6.25,6.25,6.25,0.0,0.0,0.0,6.25,12.5,6.25,0.0,0.0
2017105525,アリストテレス,https://db.netkeiba.com/horse/ped/2017105525/,PASS,エピファネイア,ブルーダイアモンド,Deep Impact,シンボリクリスエス,スペシャルウィーク,グレースアドマイヤ,Sunny Valley,Roberto,Hail to Reason,Deep Impact,Hail to Reason,Roberto__X__Deep Impact,Hail to Reason__X__Hail to Reason,Roberto__X__Sunny Valley,7,Fairy Bridge:5x5;Hail to Reason:5x5;Halo:4x5;Northern Dancer:5x5;Sadler's Wells:4x4;Sunday Silence:3x4;Wishing Well:4x5,3.7109375,18.75,6.25,0.0,0.0,6.25,12.5,0.0,9.375,6.25,3.125,0.0,0.0,0.0,0.0,0.0,12.5,3.125,0.0,0.0
2015104408,ワセダインブルー,https://db.netkeiba.com/horse/ped/2015104408/,PASS,ハービンジャー Harbinger,ダノンフローラ,アグネスタキオン,Dansili,Bering,ファンジカ Fanjica,Ivanjica,Danzig,Northern Dancer,Sunday Silence,Hail to Reason,Danzig__X__Sunday Silence,Northern Dancer__X__Hail to Reason,Danzig__X__Ivanjica,1,Northern Dancer:5x5x5,0.390625,12.5,9.375,0.0,0.0,0.0,0.0,6.25,6.25,3.125,0.0,0.0,3.125,0.0,0.0,0.0,0.0,3.125,0.0,0.0
2015101645,ソロフレーズ,https://db.netkeiba.com/horse/ped/2015101645/,PASS,ディープスカイ,パラフレーズ Paraphrase,Pivotal,アグネスタキオン,Chief's Crown,Epitome,Royal Statute,Sunday Silence,Hail to Reason,Nureyev,Northern Dancer,Sunday Silence__X__Nureyev,Hail to Reason__X__Northern Dancer,Sunday Silence__X__Royal Statute,2,Bustino:5x5;Northern Dancer:5x5,0.1953125,12.5,6.25,6.25,0.0,0.0,0.0,6.25,6.25,3.125,0.0,0.0,3.125,6.25,0.0,0.0,0.0,0.0,3.125,0.0
2016109023,サムシングジャスト,https://db.netkeiba.com/horse/ped/2016109023/,PASS,ヴィクトワールピサ,ツルマルオトメ,タイキシャトル,ネオユニヴァース,Machiavellian,メモリーズオブロニー Memories of Ronny,Blue Whirl,Sunday Silence,Hail to Reason,Halo,Hail to Reason,Sunday Silence__X__Halo,Hail to Reason__X__Hail to Reason,Sunday Silence__X__Blue Whirl,3,Cosmah:5x5;Hail to Reason:5x5;Halo:4x4x5,1.5625,12.5,3.125,6.25,0.0,0.0,0.0,0.0,15.625,6.25,0.0,0.0,3.125,0.0,12.5,0.0,0.0,0.0,3.125,0.0
2015104293,カーロバンビーナ,https://db.netkeiba.com/horse/ped/2015104293/,PASS,Deep Impact,カンビーナ Cambina,Hawk Wing,Sunday Silence,Alzao,Await,Nevetta,Deep Impact,Hail to Reason,Mr. Prospector,Native Dancer,Deep Impact__X__Mr. Prospector,Hail to Reason__X__Native Dancer,Deep Impact__X__Nevetta,1,Northern Dancer:5x5x5,0.390625,25.0,9.375,6.25,0.0,0.0,0.0,0.0,12.5,6.25,0.0,0.0,3.125,6.25,0.0,0.0,0.0,6.25,3.125,0.0
2018105050,ビップランバン,https://db.netkeiba.com/horse/ped/2018105050/,PASS,エイシンフラッシュ,シェリール,Sunday Silence,キングズベスト King's Best,Platini,ジェドゥーザムール J'ai Deux Amours,Parabola,Kingmambo,Native Dancer,Sunday Silence,Hail to Reason,Kingmambo__X__Sunday Silence,Native Dancer__X__Hail to Reason,Kingmambo__X__Parabola,0,,0.0,25.0,0.0,6.25,12.5,0.0,0.0,0.0,12.5,6.25,0.0,0.0,0.0,3.125,0.0,0.0,0.0,0.0,3.125,0.0
2018106532,バスラットレオン,https://db.netkeiba.com/horse/ped/2018106532/,PASS,キズナ,バスラットアマル,New Approach,Deep Impact,Storm Cat,ザミリア Zameyla,Athy Angel,Deep Impact,Hail to Reason,Sadler's Wells,Northern Dancer,Deep Impact__X__Sadler's Wells,Hail to Reason__X__Northern Dancer,Deep Impact__X__Athy Angel,2,Ahonoora:4x5;Northern Dancer:5x5,0.1953125,12.5,6.25,0.0,0.0,0.0,6.25,3.125,6.25,3.125,0.0,0.0,0.0,0.0,12.5,0.0,0.0,3.125,0.0,0.0
2018102953,テリオスルイ,https://db.netkeiba.com/horse/ped/2018102953/,PASS,ジャングルポケット,モモイロアゲハ,ダンスインザダーク,Tony Bin,Nureyev,シルクファビュラス,Heather Road,Tony Bin,Tony Bin,Sunday Silence,Hail to Reason,Tony Bin__X__Sunday Silence,Tony Bin__X__Hail to Reason,Tony Bin__X__Heather Road,4,Cosmah:5x5;Hail to Reason:5x5;Halo:4x4;Northern Dancer:4x5x5,0.78125,12.5,12.5,0.0,0.0,0.0,0.0,6.25,12.5,6.25,0.0,0.0,6.25,12.5,0.0,0.0,25.0,0.0,0.0,0.0
2018103928,グラティトゥー,https://db.netkeiba.com/horse/ped/2018103928/,PASS,エピファネイア,ペブルガーデン,Deep Impact,シンボリクリスエス,スペシャルウィーク,ワシントンシティ Washington City,Miss Pazuko,Roberto,Hail to Reason,Deep Impact,Hail to Reason,Roberto__X__Deep Impact,Hail to Reason__X__Hail to Reason,Roberto__X__Miss Pazuko,4,Hail to Reason:5x5;Halo:4x5;Sunday Silence:3x4;Wishing Well:4x5,2.5390625,18.75,3.125,0.0,0.0,6.25,6.25,0.0,9.375,6.25,3.125,0.0,0.0,0.0,0.0,0.0,0.0,3.125,0.0,0.0
2018105251,グロリアムンディ,https://db.netkeiba.com/horse/ped/2018105251/,PASS,King Kamehameha,ベットーレ,Blu Air Force,Kingmambo,ラストタイクーン Last Tycoon,Happy Sue,Toutski,King Kamehameha,Native Dancer,Roberto,Hail to Reason,King Kamehameha__X__Roberto,Native Dancer__X__Hail to Reason,King Kamehameha__X__Toutski,2,Northern Dancer:5x5x5;Sex Appeal:4x5,0.78125,0.0,9.375,12.5,25.0,3.125,0.0,0.0,0.0,0.0,0.0,0.0,0.0,6.25,0.0,0.0,0.0,0.0,6.25,3.125
2018105293,マカオンドール,https://db.netkeiba.com/horse/ped/2018105293/,PASS,ゴールドシップ,ミリオンウィッシーズ Million Wishes,Darshaan,Stay Gold,メジロマックイーン,Moonlight's Box,Raise the Standard,Stay Gold,Hail to Reason,Darshaan,Darshaan,Stay Gold__X__Darshaan,Hail to Reason__X__Darshaan,Stay Gold__X__Raise the Standard,1,Halo:4x5,0.390625,12.5,6.25,6.25,0.0,0.0,0.0,0.0,9.375,3.125,0.0,0.0,0.0,12.5,0.0,0.0,0.0,0.0,3.125,0.0
2018104669,ダノンドリーマー,https://db.netkeiba.com/horse/ped/2018104669/,PASS,ルーラーシップ,ダノンジャンヌ,Deep Impact,King Kamehameha,Tony Bin,エアジャメヴー,Hidden Trail,King Kamehameha,Native Dancer,Deep Impact,Hail to Reason,King Kamehameha__X__Deep Impact,Native Dancer__X__Hail to Reason,King Kamehameha__X__Hidden Trail,3,Lady Victoria:5x5;Northern Dancer:5x5;Northern Taste:4x4,1.171875,12.5,6.25,6.25,12.5,3.125,0.0,0.0,6.25,3.125,0.0,0.0,0.0,3.125,0.0,0.0,12.5,3.125,3.125,0.0
2018105074,ワンダフルタウン,https://db.netkeiba.com/horse/ped/2018105074/,PASS,ルーラーシップ,シーオブラブ,Deep Impact,King Kamehameha,Tony Bin,バランセラ Barancella,Matuschka,King Kamehameha,Native Dancer,Deep Impact,Hail to Reason,King Kamehameha__X__Deep Impact,Native Dancer__X__Hail to Reason,King Kamehameha__X__Matuschka,0,,0.0,12.5,3.125,6.25,12.5,0.0,0.0,0.0,6.25,3.125,0.0,0.0,0.0,3.125,0.0,0.0,12.5,3.125,3.125,0.0
2018105060,ラーゴム,https://db.netkeiba.com/horse/ped/2018105060/,PASS,オルフェーヴル,シュガーショック Sugar Shock,Candy Ride,Stay Gold,メジロマックイーン,Enthusiastically,Field Point Road,Stay Gold,Hail to Reason,Candy Ride,Candy Ride,Stay Gold__X__Candy Ride,Hail to Reason__X__Candy Ride,Stay Gold__X__Field Point Road,3,Danzig:4x5;Fappiano:5x5;Northern Taste:4x5,0.0,12.5,3.125,3.125,0.0,0.0,0.0,9.375,6.25,3.125,0.0,0.0,0.0,0.0,0.0,0.0,0.0,0.0,0.0,0.0
2018101970,タガノカイ,https://db.netkeiba.com/horse/ped/2018101970/,PASS,ノヴェリスト Novellist,ボディーダンシング,ホワイトマズル White Muzzle,Monsun,Lagunas,ダンシングサンデー,Native Partner,ノヴェリスト Novellist,ノヴェリスト Novellist,Lyphard,Northern Dancer,ノヴェリスト Novellist__X__Lyphard,ノヴェリスト Novellist__X__Northern Dancer,ノヴェリスト Novellist__X__Native Partner,3,Literat:5x5;Nijinsky:4x5;Northern Dancer:5x5x5,0.78125,12.5,9.375,0.0,0.0,0.0,0.0,0.0,6.25,3.125,0.0,0.0,9.375,0.0,0.0,0.0,0.0,6.25,0.0,0.0
2013103671,ヨシオ,https://db.netkeiba.com/horse/ped/2013103671/,PASS,ヨハネスブルグ Johannesburg,フローラルホーム,ケイムホーム Came Home,ヘネシー Hennessy,オジジアン Ogygian,タイキフローラ,Madelon,Storm Cat,Northern Dancer,Mr. Prospector,Native Dancer,Storm Cat__X__Mr. Prospector,Northern Dancer__X__Native Dancer,Storm Cat__X__Madelon,4,Gold Digger:5x5;Mr. Prospector:4x4;Raise a Native:5x5;Secretariat:5x5x5,1.5625,0.0,3.125,12.5,0.0,0.0,0.0,0.0,3.125,0.0,0.0,0.0,0.0,0.0,12.5,0.0,0.0,0.0,6.25,0.0
2013102117,オーシャンビュー,https://db.netkeiba.com/horse/ped/2013102117/,PASS,マヤノトップガン,アスコットビコー,フジキセキ,ブライアンズタイム Brian's Time,Blushing Groom,スタンピード,Flaming Heart,Roberto,Hail to Reason,Sunday Silence,Hail to Reason,Roberto__X__Sunday Silence,Hail to Reason__X__Hail to Reason,Roberto__X__Flaming Heart,2,Hail to Reason:4x5;Wild Risk:5x5,0.5859375,12.5,6.25,0.0,0.0,12.5,12.5,0.0,6.25,9.375,0.0,0.0,0.0,0.0,0.0,0.0,0.0,0.0,0.0,0.0
2016102201,ヒュミドール,https://db.netkeiba.com/horse/ped/2016102201/,PASS,オルフェーヴル,アヴェクトワ,チチカステナンゴ Chichicastenango,Stay Gold,メジロマックイーン,キストゥヘヴン,ゴールデンドラゴン,Stay Gold,Hail to Reason,チチカステナンゴ Chichicastenango,チチカステナンゴ Chichicastenango,Stay Gold__X__チチカステナンゴ Chichicastenango,Hail to Reason__X__チチカステナンゴ Chichicastenango,Stay Gold__X__ゴールデンドラゴン,6,Halo:4x5;Lady Victoria:5x5;Northern Dancer:5x5x5;Northern Taste:4x4x5;Sunday Silence:3x4;Wishing Well:4x5,4.1015625,18.75,9.375,0.0,0.0,0.0,0.0,0.0,9.375,3.125,0.0,0.0,0.0,0.0,0.0,0.0,3.125,0.0,0.0,0.0
2017100464,エヒト,https://db.netkeiba.com/horse/ped/2017100464/,PASS,ルーラーシップ,ヒーラ,Deep Impact,King Kamehameha,Tony Bin,セントフロンティア,Glancing,King Kamehameha,Native Dancer,Deep Impact,Hail to Reason,King Kamehameha__X__Deep Impact,Native Dancer__X__Hail to Reason,King Kamehameha__X__Glancing,1,Northern Dancer:5x5x5,0.390625,12.5,9.375,6.25,12.5,0.0,6.25,6.25,6.25,3.125,0.0,0.0,0.0,3.125,0.0,0.0,12.5,3.125,3.125,0.0
2013100446,キングニミッツ,https://db.netkeiba.com/horse/ped/2013100446/,PASS,スパイキュール,サヴァント,Kingmambo,Sunday Silence,Crafty Prospector,Savannah Song,Feira de Rio,Sunday Silence,Hail to Reason,Kingmambo,Native Dancer,Sunday Silence__X__Kingmambo,Hail to Reason__X__Native Dancer,Sunday Silence__X__Feira de Rio,3,Gold Digger:4x5;Mr. Prospector:3x4;Raise a Native:4x5,2.34375,25.0,3.125,18.75,25.0,0.0,0.0,0.0,12.5,6.25,0.0,0.0,0.0,6.25,0.0,0.0,0.0,0.0,9.375,3.125
2017105335,レイパパレ,https://db.netkeiba.com/horse/ped/2017105335/,PASS,Deep Impact,シェルズレイ,クロフネ,Sunday Silence,Alzao,オイスターチケット,モンテホープ,Deep Impact,Hail to Reason,Deputy Minister,Northern Dancer,Deep Impact__X__Deputy Minister,Hail to Reason__X__Northern Dancer,Deep Impact__X__モンテホープ,0,,0.0,25.0,3.125,0.0,0.0,0.0,0.0,0.0,12.5,6.25,0.0,0.0,0.0,0.0,0.0,6.25,6.25,6.25,0.0,0.0
2016104618,ボッケリーニ,https://db.netkeiba.com/horse/ped/2016104618/,PASS,King Kamehameha,ポップコーンジャズ,ダンスインザダーク,Kingmambo,ラストタイクーン Last Tycoon,グレイスルーマー,ペルースポート,King Kamehameha,Native Dancer,Sunday Silence,Hail to Reason,King Kamehameha__X__Sunday Silence,Native Dancer__X__Hail to Reason,King Kamehameha__X__ペルースポート,1,Northern Dancer:5x5x5,0.390625,12.5,9.375,12.5,25.0,3.125,0.0,0.0,6.25,3.125,0.0,0.0,6.25,6.25,0.0,0.0,12.5,0.0,6.25,3.125
2015104444,ワイプティアーズ,https://db.netkeiba.com/horse/ped/2015104444/,PASS,ダイワメジャー,ナミダガキラリ,Fusaichi Pegasus,Sunday Silence,Northern Taste,Leading Light,High Day,Sunday Silence,Hail to Reason,Mr. Prospector,Native Dancer,Sunday Silence__X__Mr. Prospector,Hail to Reason__X__Native Dancer,Sunday Silence__X__High Day,5,Hail to Reason:4x4;Halo:3x5;Northern Dancer:4x5;Nothirdchance:5x5;Turn-to:5x5,2.34375,25.0,9.375,12.5,0.0,0.0,0.0,6.25,15.625,12.5,0.0,0.0,0.0,0.0,0.0,0.0,0.0,0.0,6.25,3.125
2015104714,レッドヴェイロン,https://db.netkeiba.com/horse/ped/2015104714/,PASS,King Kamehameha,エリモピクシー,ダンシングブレーヴ Dancing Brave,Kingmambo,ラストタイクーン Last Tycoon,エリモシューテング,Batteur,King Kamehameha,Native Dancer,Lyphard,Northern Dancer,King Kamehameha__X__Lyphard,Native Dancer__X__Northern Dancer,King Kamehameha__X__Batteur,1,Northern Dancer:4x5x5,0.78125,0.0,12.5,12.5,25.0,0.0,0.0,0.0,0.0,0.0,0.0,0.0,0.0,6.25,0.0,0.0,0.0,12.5,6.25,3.125
2018105280,オーソクレース,https://db.netkeiba.com/horse/ped/2018105280/,PASS,エピファネイア,マリアライト,Deep Impact,シンボリクリスエス,スペシャルウィーク,クリソプレーズ,Rajput Princess,Roberto,Hail to Reason,Deep Impact,Hail to Reason,Roberto__X__Deep Impact,Hail to Reason__X__Hail to Reason,Roberto__X__Rajput Princess,5,Hail to Reason:5x5;Halo:4x5;Sadler's Wells:4x5;Sunday Silence:3x4;Wishing Well:4x5,2.9296875,18.75,3.125,3.125,6.25,6.25,9.375,0.0,9.375,6.25,3.125,0.0,0.0,0.0,0.0,0.0,0.0,3.125,0.0,0.0
2018105012,ヨーホーレイク,https://db.netkeiba.com/horse/ped/2018105012/,PASS,Deep Impact,クロウキャニオン,フレンチデピュティ French Deputy,Sunday Silence,Alzao,クロカミ,Margravine,Deep Impact,Hail to Reason,Deputy Minister,Northern Dancer,Deep Impact__X__Deputy Minister,Hail to Reason__X__Northern Dancer,Deep Impact__X__Margravine,1,Northern Dancer:5x5x5,0.390625,25.0,9.375,0.0,0.0,0.0,0.0,0.0,12.5,6.25,0.0,0.0,6.25,0.0,0.0,12.5,0.0,6.25,0.0,0.0
2018104700,ランドオブリバティ,https://db.netkeiba.com/horse/ped/2018104700/,PASS,Deep Impact,ドバウィハイツ Dubawi Heights,Dubawi,Sunday Silence,Alzao,Rosie's Posy,Zebra Grass,Deep Impact,Hail to Reason,Mr. Prospector,Native Dancer,Deep Impact__X__Mr. Prospector,Hail to Reason__X__Native Dancer,Deep Impact__X__Zebra Grass,0,,0.0,25.0,3.125,3.125,0.0,0.0,0.0,0.0,12.5,6.25,0.0,0.0,3.125,0.0,0.0,0.0,0.0,6.25,0.0,0.0
2018102033,ヴィゴーレ,https://db.netkeiba.com/horse/ped/2018102033/,PASS,キズナ,ヴァイセフラウ,King Kamehameha,Deep Impact,Storm Cat,ラティール,タミーズターン,Deep Impact,Hail to Reason,King Kamehameha,Native Dancer,Deep Impact__X__King Kamehameha,Hail to Reason__X__Native Dancer,Deep Impact__X__タミーズターン,0,,0.0,12.5,3.125,6.25,12.5,0.0,0.0,0.0,6.25,3.125,0.0,0.0,0.0,3.125,12.5,0.0,0.0,3.125,3.125,0.0
2018105088,テンカハル,https://db.netkeiba.com/horse/ped/2018105088/,PASS,King Kamehameha,ジンジャーパンチ Ginger Punch,Awesome Again,Kingmambo,ラストタイクーン Last Tycoon,Nappelon,Angelines Choice,King Kamehameha,Native Dancer,Deputy Minister,Northern Dancer,King Kamehameha__X__Deputy Minister,Native Dancer__X__Northern Dancer,King Kamehameha__X__Angelines Choice,2,Mr. Prospector:3x5;Northern Dancer:5x5x5,1.171875,0.0,9.375,15.625,25.0,0.0,0.0,0.0,0.0,0.0,0.0,0.0,0.0,6.25,0.0,12.5,0.0,0.0,6.25,3.125
2018100664,ホールシバン,https://db.netkeiba.com/horse/ped/2018100664/,PASS,パイロ Pyro,サマリーズ,ハードスパン Hard Spun,Pulpit,Wild Again,ミスアドーラブル Miss Adorable,Desiree,A.P. Indy,Seattle Slew,Danzig,Northern Dancer,A.P. Indy__X__Danzig,Seattle Slew__X__Northern Dancer,A.P. Indy__X__Desiree,5,Gold Digger:4x5;Mr. Prospector:3x4;Nearctic:5x5;Raise a Native:4x5;Seattle Slew:4x5,2.9296875,0.0,6.25,18.75,0.0,3.125,0.0,12.5,0.0,0.0,9.375,12.5,0.0,0.0,0.0,0.0,0.0,0.0,9.375,3.125
2018110086,バニシングポイント,https://db.netkeiba.com/horse/ped/2018110086/,PASS,Tapit,Unrivaled Belle,Unbridled's Song,Pulpit,Unbridled,Queenie Belle,Wardoura,A.P. Indy,Seattle Slew,Mr. Prospector,Native Dancer,A.P. Indy__X__Mr. Prospector,Seattle Slew__X__Native Dancer,A.P. Indy__X__Wardoura,7,Charedi:5x5;Fappiano:4x4;Gana Facil:4x4;Killaloe:5x5;Le Fabuleux:5x5;Mr. Prospector:4x5x5;Unbridled:3x3,5.859375,0.0,3.125,12.5,0.0,0.0,0.0,0.0,0.0,0.0,6.25,12.5,6.25,0.0,0.0,0.0,0.0,0.0,3.125,0.0
2018103274,アオイショー,https://db.netkeiba.com/horse/ped/2018103274/,PASS,ロードカナロア,スイチョウカ,シンボリクリスエス,King Kamehameha,Storm Cat,メイカ,ファイアフラワー,King Kamehameha,Native Dancer,Roberto,Hail to Reason,King Kamehameha__X__Roberto,Native Dancer__X__Hail to Reason,King Kamehameha__X__ファイアフラワー,0,,0.0,6.25,3.125,6.25,12.5,6.25,0.0,0.0,3.125,3.125,3.125,0.0,3.125,3.125,12.5,0.0,0.0,0.0,3.125,0.0
2018104963,ダノンザキッド,https://db.netkeiba.com/horse/ped/2018104963/,PASS,ジャスタウェイ,エピックラヴ Epic Love,Dansili,Heart's Cry,Wild Again,Leopard Hunt,Desca,Heart's Cry,Hail to Reason,Danzig,Northern Dancer,Heart's Cry__X__Danzig,Hail to Reason__X__Northern Dancer,Heart's Cry__X__Desca,1,Lyphard:5x5,0.1953125,12.5,3.125,0.0,0.0,0.0,0.0,6.25,6.25,3.125,0.0,0.0,0.0,0.0,0.0,0.0,6.25,6.25,0.0,0.0
2018103559,タイトルホルダー,https://db.netkeiba.com/horse/ped/2018103559/,PASS,ドゥラメンテ,メーヴェ,Motivator,King Kamehameha,Sunday Silence,Top Table,Courtessa,King Kamehameha,Native Dancer,Sadler's Wells,Northern Dancer,King Kamehameha__X__Sadler's Wells,Native Dancer__X__Northern Dancer,King Kamehameha__X__Courtessa,2,Mr. Prospector:4x5;Northern Dancer:5x5,0.390625,12.5,6.25,9.375,12.5,0.0,6.25,0.0,6.25,3.125,0.0,0.0,0.0,3.125,0.0,0.0,6.25,0.0,3.125,0.0
2018104883,アドマイヤザーゲ,https://db.netkeiba.com/horse/ped/2018104883/,PASS,ドゥラメンテ,アコースティクス,Cape Cross,King Kamehameha,Sunday Silence,ソニンク Soninke,Luckhurst,King Kamehameha,Native Dancer,Danzig,Northern Dancer,King Kamehameha__X__Danzig,Native Dancer__X__Northern Dancer,King Kamehameha__X__Luckhurst,6,Gold Digger:5x5;Halo:4x5;Mr. Prospector:4x4;Northern Dancer:5x5;Nureyev:4x5;Raise a Native:5x5,1.953125,12.5,6.25,12.5,12.5,0.0,0.0,6.25,9.375,3.125,0.0,0.0,0.0,9.375,0.0,0.0,6.25,0.0,6.25,0.0
2018104942,シュヴァリエローズ,https://db.netkeiba.com/horse/ped/2018104942/,PASS,Deep Impact,ヴィアンローズ Viane Rose,Sevres Rose,Sunday Silence,Alzao,Princesse de Viane,Singapore Girl,Deep Impact,Hail to Reason,Nijinsky,Northern Dancer,Deep Impact__X__Nijinsky,Hail to Reason__X__Northern Dancer,Deep Impact__X__Singapore Girl,1,Northern Dancer:5x5,0.1953125,25.0,6.25,0.0,0.0,0.0,0.0,0.0,12.5,6.25,0.0,0.0,6.25,0.0,0.0,0.0,0.0,6.25,0.0,0.0
2018102366,モリデンアロー,https://db.netkeiba.com/horse/ped/2018102366/,PASS,エスポワールシチー,アローフィールド,シャーディー Shaadi,ゴールドアリュール,ブライアンズタイム Brian's Time,シバルーラー,フゼッタ,Sunday Silence,Hail to Reason,Danzig,Northern Dancer,Sunday Silence__X__Danzig,Hail to Reason__X__Northern Dancer,Sunday Silence__X__フゼッタ,2,Hail to Reason:5x5;Northern Dancer:4x5,0.390625,12.5,9.375,0.0,0.0,6.25,0.0,12.5,6.25,6.25,0.0,0.0,0.0,6.25,0.0,0.0,0.0,0.0,0.0,0.0
2018104801,セイハロートゥユー,https://db.netkeiba.com/horse/ped/2018104801/,PASS,King Kamehameha,マンハッタンセレブ,Sunday Silence,Kingmambo,ラストタイクーン Last Tycoon,サトルチェンジ Subtle Change,Schwarzblaurot,King Kamehameha,Native Dancer,Sunday Silence,Hail to Reason,King Kamehameha__X__Sunday Silence,Native Dancer__X__Hail to Reason,King Kamehameha__X__Schwarzblaurot,1,Northern Dancer:5x5,0.0,25.0,6.25,12.5,25.0,0.0,0.0,0.0,12.5,6.25,0.0,0.0,0.0,6.25,0.0,0.0,0.0,0.0,6.25,3.125
2016104877,ヒシイグアス,https://db.netkeiba.com/horse/ped/2016104877/,PASS,Heart's Cry,ラリズ La Liz,Bernstein,Sunday Silence,Tony Bin,La Marlene,Mado,Heart's Cry,Hail to Reason,Storm Cat,Northern Dancer,Heart's Cry__X__Storm Cat,Hail to Reason__X__Northern Dancer,Heart's Cry__X__Mado,2,Halo:3x4x5;Northern Dancer:5x5,2.5390625,25.0,6.25,0.0,0.0,0.0,0.0,0.0,21.875,6.25,0.0,0.0,0.0,0.0,12.5,0.0,12.5,6.25,0.0,0.0
2016105802,ロザムール,https://db.netkeiba.com/horse/ped/2016105802/,PASS,ローズキングダム,グレートテン,Caerleon,King Kamehameha,Sunday Silence,アイヴォリーイメージ Ivory Image,Alive Alivo,King Kamehameha,Native Dancer,Nijinsky,Northern Dancer,King Kamehameha__X__Nijinsky,Native Dancer__X__Northern Dancer,King Kamehameha__X__Alive Alivo,1,Hail to Reason:5x5,0.1953125,12.5,6.25,6.25,12.5,0.0,0.0,0.0,6.25,6.25,0.0,0.0,12.5,3.125,0.0,0.0,0.0,3.125,3.125,0.0
2016104807,ドナウデルタ,https://db.netkeiba.com/horse/ped/2016104807/,PASS,ロードカナロア,ドナウブルー,Deep Impact,King Kamehameha,Storm Cat,ドナブリーニ Donna Blini,Beau Darling,King Kamehameha,Native Dancer,Deep Impact,Hail to Reason,King Kamehameha__X__Deep Impact,Native Dancer__X__Hail to Reason,King Kamehameha__X__Beau Darling,2,Lyphard:5x5;Northern Dancer:5x5,0.1953125,12.5,6.25,6.25,12.5,0.0,0.0,6.25,6.25,3.125,0.0,0.0,0.0,3.125,12.5,0.0,0.0,6.25,3.125,0.0
2016104470,ディアンドル,https://db.netkeiba.com/horse/ped/2016104470/,PASS,ルーラーシップ,グリューネワルト,スペシャルウィーク,King Kamehameha,Tony Bin,シェーンクライト,Ridell,King Kamehameha,Native Dancer,Sunday Silence,Hail to Reason,King Kamehameha__X__Sunday Silence,Native Dancer__X__Hail to Reason,King Kamehameha__X__Ridell,1,Northern Dancer:5x5,0.1953125,12.5,6.25,6.25,12.5,0.0,0.0,0.0,6.25,3.125,0.0,0.0,3.125,3.125,0.0,0.0,12.5,0.0,3.125,0.0
2016104670,レッドアステル,https://db.netkeiba.com/horse/ped/2016104670/,PASS,Deep Impact,レッドエルザ,Smart Strike,Sunday Silence,Alzao,Belva,Royal Warrant,Deep Impact,Hail to Reason,Mr. Prospector,Native Dancer,Deep Impact__X__Mr. Prospector,Hail to Reason__X__Native Dancer,Deep Impact__X__Royal Warrant,1,Northern Dancer:5x5,0.1953125,25.0,6.25,12.5,0.0,0.0,0.0,0.0,12.5,6.25,0.0,0.0,0.0,6.25,0.0,0.0,0.0,6.25,6.25,3.125
2018100184,タイムトゥヘヴン,https://db.netkeiba.com/horse/ped/2018100184/,PASS,ロードカナロア,キストゥヘヴン,アドマイヤベガ,King Kamehameha,Storm Cat,ロングバージン,第五カナデアンガール,King Kamehameha,Native Dancer,Sunday Silence,Hail to Reason,King Kamehameha__X__Sunday Silence,Native Dancer__X__Hail to Reason,King Kamehameha__X__第五カナデアンガール,1,Northern Dancer:4x5x5,0.5859375,12.5,12.5,6.25,12.5,0.0,0.0,0.0,6.25,3.125,0.0,0.0,0.0,3.125,12.5,0.0,6.25,0.0,3.125,0.0
2018102943,タイソウ,https://db.netkeiba.com/horse/ped/2018102943/,PASS,モーリス,セラミックガール,ダイワメジャー,スクリーンヒーロー,カーネギー Carnegie,アスクレピアス,Burghclere,Roberto,Hail to Reason,Sunday Silence,Hail to Reason,Roberto__X__Sunday Silence,Hail to Reason__X__Hail to Reason,Roberto__X__Burghclere,6,Halo:4x5x5;Northern Dancer:5x5;Northern Taste:4x5;Riverman:5x5;Sunday Silence:3x4;Wishing Well:4x5,3.3203125,18.75,6.25,3.125,0.0,3.125,6.25,3.125,12.5,3.125,0.0,0.0,0.0,0.0,0.0,0.0,0.0,3.125,0.0,0.0
2018105277,グラティアス,https://db.netkeiba.com/horse/ped/2018105277/,PASS,Heart's Cry,マラコスタムブラダ Malacostumbrada,Lizard Island,Sunday Silence,Tony Bin,Mapul Wells,Pulidez,Heart's Cry,Hail to Reason,Danzig,Northern Dancer,Heart's Cry__X__Danzig,Hail to Reason__X__Northern Dancer,Heart's Cry__X__Pulidez,1,Northern Dancer:5x5,0.1953125,25.0,6.25,0.0,0.0,0.0,6.25,3.125,12.5,6.25,0.0,0.0,3.125,0.0,0.0,0.0,12.5,6.25,0.0,0.0
2018100719,タケルジャック,https://db.netkeiba.com/horse/ped/2018100719/,PASS,ブラックタイド,セレブデート,King Kamehameha,Sunday Silence,Alzao,レインデート Rain Date,Miss Carmie,Sunday Silence,Hail to Reason,King Kamehameha,Native Dancer,Sunday Silence__X__King Kamehameha,Hail to Reason__X__Native Dancer,Sunday Silence__X__Miss Carmie,0,,0.0,25.0,3.125,6.25,12.5,0.0,0.0,0.0,12.5,6.25,0.0,0.0,0.0,3.125,6.25,0.0,0.0,6.25,3.125,0.0
2018105054,ヴァイスメテオール,https://db.netkeiba.com/horse/ped/2018105054/,PASS,King Kamehameha,シャトーブランシュ,Halo,Kingmambo,ラストタイクーン Last Tycoon,ブランシェリー,Belga,King Kamehameha,Native Dancer,Halo,Hail to Reason,King Kamehameha__X__Halo,Native Dancer__X__Hail to Reason,King Kamehameha__X__Belga,3,Halo:2x3x4;Northern Dancer:5x5x5;Nureyev:4x5,0.78125,0.0,9.375,12.5,25.0,0.0,0.0,0.0,43.75,3.125,0.0,0.0,0.0,9.375,0.0,0.0,12.5,6.25,6.25,3.125
2018105161,テンバガー,https://db.netkeiba.com/horse/ped/2018105161/,PASS,モーリス,トップセラー,スペシャルウィーク,スクリーンヒーロー,カーネギー Carnegie,プロモーション,Thankfull,Roberto,Hail to Reason,Sunday Silence,Hail to Reason,Roberto__X__Sunday Silence,Hail to Reason__X__Hail to Reason,Roberto__X__Thankfull,4,Halo:4x5;Riverman:5x5;Sunday Silence:3x4;Wishing Well:4x5,2.5390625,18.75,3.125,3.125,0.0,3.125,6.25,3.125,9.375,3.125,0.0,0.0,3.125,0.0,0.0,0.0,0.0,3.125,0.0,0.0
2018105404,エイカイファントム,https://db.netkeiba.com/horse/ped/2018105404/,PASS,キズナ,インコグニート,Gone West,Deep Impact,Storm Cat,デインスカヤ Daneskaya,Femina,Deep Impact,Hail to Reason,Mr. Prospector,Native Dancer,Deep Impact__X__Mr. Prospector,Hail to Reason__X__Native Dancer,Deep Impact__X__Femina,2,Northern Dancer:5x5;Secretariat:4x5,0.5859375,12.5,6.25,12.5,0.0,0.0,0.0,6.25,6.25,3.125,0.0,0.0,3.125,0.0,12.5,0.0,0.0,3.125,6.25,3.125
2018110090,ブラックロータス,https://db.netkeiba.com/horse/ped/2018110090/,PASS,American Pharoah,Arravale,Arch,Pioneerof the Nile,Yankee Gentleman,Kalosca,Focal,American Pharoah,American Pharoah,Roberto,Hail to Reason,American Pharoah__X__Roberto,American Pharoah__X__Hail to Reason,American Pharoah__X__Focal,0,,0.0,0.0,3.125,0.0,0.0,6.25,0.0,6.25,0.0,3.125,0.0,0.0,0.0,0.0,6.25,0.0,0.0,0.0,0.0,0.0
2018106692,アクセル,https://db.netkeiba.com/horse/ped/2018106692/,PASS,キズナ,エメラルハヤブサ,タイキシャトル,Deep Impact,Storm Cat,トウヨウロイヤル,Bold Bikini,Deep Impact,Hail to Reason,Halo,Hail to Reason,Deep Impact__X__Halo,Hail to Reason__X__Hail to Reason,Deep Impact__X__Bold Bikini,6,Cosmah:5x5;Crimson Saint:4x5;Hail to Reason:5x5;Halo:4x4;Nijinsky:4x5;Northern Dancer:5x5,1.7578125,12.5,6.25,0.0,0.0,0.0,0.0,0.0,12.5,6.25,0.0,0.0,9.375,0.0,12.5,0.0,0.0,3.125,0.0,0.0
2018104261,プラチナトレジャー,https://db.netkeiba.com/horse/ped/2018104261/,PASS,King Kamehameha,ホワイトエレガンス,クロフネ,Kingmambo,ラストタイクーン Last Tycoon,レディベローナ,ロイコン,King Kamehameha,Native Dancer,Deputy Minister,Northern Dancer,King Kamehameha__X__Deputy Minister,Native Dancer__X__Northern Dancer,King Kamehameha__X__ロイコン,1,Northern Dancer:5x5,0.0,12.5,6.25,12.5,25.0,0.0,0.0,0.0,6.25,3.125,0.0,0.0,3.125,6.25,0.0,6.25,0.0,0.0,6.25,3.125
2018105616,ラカン,https://db.netkeiba.com/horse/ped/2018105616/,PASS,キズナ,ピュアブラウン,Indian Charlie,Deep Impact,Storm Cat,On the Hook,Dollar Queen,Deep Impact,Hail to Reason,Indian Charlie,Indian Charlie,Deep Impact__X__Indian Charlie,Hail to Reason__X__Indian Charlie,Deep Impact__X__Dollar Queen,0,,0.0,12.5,3.125,0.0,0.0,0.0,0.0,0.0,6.25,3.125,0.0,0.0,0.0,0.0,12.5,0.0,0.0,3.125,3.125,0.0
2018104915,ディクテイター,https://db.netkeiba.com/horse/ped/2018104915/,PASS,ルーラーシップ,アンブロワーズ,フレンチデピュティ French Deputy,King Kamehameha,Tony Bin,フサイチミニヨン,Sunny Valley,King Kamehameha,Native Dancer,Deputy Minister,Northern Dancer,King Kamehameha__X__Deputy Minister,Native Dancer__X__Northern Dancer,King Kamehameha__X__Sunny Valley,1,Northern Dancer:5x5x5,0.390625,12.5,9.375,6.25,12.5,0.0,6.25,0.0,6.25,3.125,0.0,0.0,0.0,3.125,0.0,12.5,12.5,0.0,3.125,0.0
2014100235,ソッサスブレイ,https://db.netkeiba.com/horse/ped/2014100235/,PASS,コンデュイット Conduit,ベリーフ,スペシャルウィーク,Dalakhani,Sadler's Wells,ダイアモンドコア,ヒツトザビーチ,コンデュイット Conduit,コンデュイット Conduit,Sunday Silence,Hail to Reason,コンデュイット Conduit__X__Sunday Silence,コンデュイット Conduit__X__Hail to Reason,コンデュイット Conduit__X__ヒツトザビーチ,3,Mr. Prospector:4x5;Nijinsky:5x5;Special:5x5,0.5859375,12.5,6.25,9.375,0.0,0.0,12.5,0.0,6.25,3.125,0.0,0.0,6.25,0.0,0.0,0.0,0.0,0.0,3.125,0.0
2014100537,ジャコマル,https://db.netkeiba.com/horse/ped/2014100537/,PASS,ダノンシャンティ,ピュアウィンク,Tony Bin,フジキセキ,Mark of Esteem,ミスティックアイズ,Come Hither Look,Sunday Silence,Hail to Reason,Tony Bin,Tony Bin,Sunday Silence__X__Tony Bin,Hail to Reason__X__Tony Bin,Sunday Silence__X__Come Hither Look,4,Cosmah:5x5;Hail to Reason:5x5;Halo:4x4;Northern Dancer:5x5,0.0,12.5,6.25,0.0,0.0,0.0,0.0,0.0,12.5,6.25,0.0,0.0,6.25,0.0,0.0,0.0,25.0,0.0,0.0,0.0
2018105005,ジャンカルド,https://db.netkeiba.com/horse/ped/2018105005/,PASS,ハービンジャー Harbinger,クッカーニャ,フジキセキ,Dansili,Bering,ドリームスケイプ,ハニーサツクルヴアイン,Danzig,Northern Dancer,Sunday Silence,Hail to Reason,Danzig__X__Sunday Silence,Northern Dancer__X__Hail to Reason,Danzig__X__ハニーサツクルヴアイン,1,Northern Dancer:5x5x5,0.390625,12.5,9.375,3.125,6.25,0.0,3.125,6.25,6.25,3.125,0.0,0.0,0.0,0.0,0.0,0.0,0.0,3.125,0.0,0.0
2018105257,ダノンジェネラル,https://db.netkeiba.com/horse/ped/2018105257/,PASS,ドゥラメンテ,ペルヴィアンリリー,フレンチデピュティ French Deputy,King Kamehameha,Sunday Silence,ラスティックベル Rustic Belle,Doll Ina,King Kamehameha,Native Dancer,Deputy Minister,Northern Dancer,King Kamehameha__X__Deputy Minister,Native Dancer__X__Northern Dancer,King Kamehameha__X__Doll Ina,3,Gold Digger:4x5;Mr. Prospector:3x4;Raise a Native:4x5x5,2.5390625,12.5,3.125,18.75,12.5,0.0,0.0,0.0,6.25,3.125,0.0,0.0,0.0,3.125,0.0,12.5,6.25,0.0,12.5,3.125
2018105638,トーセンクライマー,https://db.netkeiba.com/horse/ped/2018105638/,PASS,ゴールドシップ,シゲラ Scighera,New Approach,Stay Gold,メジロマックイーン,Zina La Belle,Fleet Serenade,Stay Gold,Hail to Reason,Sadler's Wells,Northern Dancer,Stay Gold__X__Sadler's Wells,Hail to Reason__X__Northern Dancer,Stay Gold__X__Fleet Serenade,0,,0.0,12.5,3.125,0.0,0.0,3.125,6.25,0.0,6.25,3.125,0.0,0.0,0.0,0.0,0.0,0.0,0.0,0.0,0.0,0.0
2018105011,ショウナンアレス,https://db.netkeiba.com/horse/ped/2018105011/,PASS,リオンディーズ,クレヨンルージュ,フジキセキ,King Kamehameha,スペシャルウィーク,マハーブ Mahab,The Bride,King Kamehameha,Native Dancer,Sunday Silence,Hail to Reason,King Kamehameha__X__Sunday Silence,Native Dancer__X__Hail to Reason,King Kamehameha__X__The Bride,5,Halo:4x5;Northern Dancer:4x5;Nureyev:3x5;Sunday Silence:3x4;Wishing Well:4x5,3.515625,18.75,9.375,6.25,12.5,0.0,6.25,0.0,9.375,3.125,0.0,0.0,0.0,15.625,0.0,0.0,0.0,0.0,3.125,0.0
2018105078,ドゥラモンド,https://db.netkeiba.com/horse/ped/2018105078/,PASS,ドゥラメンテ,シーズインクルーデッド She's Included,Include,King Kamehameha,Sunday Silence,Dancingonice,Mum,King Kamehameha,Native Dancer,Include,Include,King Kamehameha__X__Include,Native Dancer__X__Include,King Kamehameha__X__Mum,2,Hail to Reason:5x5;Mr. Prospector:4x5,0.5859375,12.5,0.0,9.375,12.5,0.0,0.0,0.0,6.25,6.25,0.0,0.0,0.0,3.125,0.0,0.0,6.25,0.0,3.125,0.0
2018104994,アランデル,https://db.netkeiba.com/horse/ped/2018104994/,PASS,ハービンジャー Harbinger,ガラディナー,Sunday Silence,Dansili,Bering,ディナータイム Dinner Time,Perfect Pigeon,Danzig,Northern Dancer,Sunday Silence,Hail to Reason,Danzig__X__Sunday Silence,Northern Dancer__X__Hail to Reason,Danzig__X__Perfect Pigeon,8,Arctic Tern:4x4;Barbra:5x5;Beaune:4x4;Bering:3x3;Bubbling Beauty:5x5;Lyphard:5x5x5;Northern Dancer:5x5;Sea-Bird:5x5,5.6640625,25.0,6.25,0.0,0.0,0.0,0.0,6.25,12.5,6.25,0.0,0.0,0.0,0.0,0.0,0.0,0.0,9.375,0.0,0.0
2016105106,ダンスディライト,https://db.netkeiba.com/horse/ped/2016105106/,PASS,King Kamehameha,ダンスインザムード,Sunday Silence,Kingmambo,ラストタイクーン Last Tycoon,ダンシングキイ,Dinner Partner,King Kamehameha,Native Dancer,Sunday Silence,Hail to Reason,King Kamehameha__X__Sunday Silence,Native Dancer__X__Hail to Reason,King Kamehameha__X__Dinner Partner,2,Northern Dancer:4x5x5;Raise a Native:4x5,1.171875,25.0,12.5,12.5,25.0,0.0,0.0,0.0,12.5,6.25,0.0,0.0,12.5,6.25,0.0,0.0,0.0,0.0,9.375,3.125
2015101077,ナムラドノヴァン,https://db.netkeiba.com/horse/ped/2015101077/,PASS,ディープブリランテ,パンカティリオ Punctilio,Kingmambo,Deep Impact,Loup Sauvage,Punctilious,Fairness,Deep Impact,Hail to Reason,Kingmambo,Native Dancer,Deep Impact__X__Kingmambo,Hail to Reason__X__Native Dancer,Deep Impact__X__Fairness,3,Hail to Reason:5x5;Northern Dancer:5x5;Nureyev:4x5,0.5859375,12.5,6.25,12.5,25.0,6.25,0.0,6.25,6.25,6.25,0.0,0.0,3.125,9.375,0.0,0.0,0.0,3.125,6.25,3.125
2016105084,ダノンテイオー,https://db.netkeiba.com/horse/ped/2016105084/,PASS,Deep Impact,セリメーヌ Celimene,Dr Fong,Sunday Silence,Alzao,Lunassa,La Mirande,Deep Impact,Hail to Reason,Roberto,Hail to Reason,Deep Impact__X__Roberto,Hail to Reason__X__Hail to Reason,Deep Impact__X__La Mirande,2,Hail to Reason:4x5;Lyphard:4x5,0.78125,25.0,3.125,3.125,0.0,6.25,0.0,0.0,12.5,9.375,0.0,0.0,0.0,0.0,0.0,0.0,0.0,9.375,0.0,0.0
2017105460,ブラックマジック,https://db.netkeiba.com/horse/ped/2017105460/,PASS,Deep Impact,ナイトマジック Night Magic,Sholokhov,Sunday Silence,Alzao,Night Woman,Nigeria,Deep Impact,Hail to Reason,Sadler's Wells,Northern Dancer,Deep Impact__X__Sadler's Wells,Hail to Reason__X__Northern Dancer,Deep Impact__X__Nigeria,1,Northern Dancer:4x5,0.390625,25.0,9.375,0.0,0.0,0.0,12.5,0.0,12.5,6.25,0.0,0.0,0.0,0.0,0.0,0.0,0.0,6.25,0.0,0.0
2018110043,ゴールデンシロップ,https://db.netkeiba.com/horse/ped/2018110043/,PASS,Havana Gold,Muscovado,Mr. Greeley,Teofilo,Desert Style,Only Royale,Etoile de France,Sadler's Wells,Northern Dancer,Mr. Prospector,Native Dancer,Sadler's Wells__X__Mr. Prospector,Northern Dancer__X__Native Dancer,Sadler's Wells__X__Etoile de France,3,Danzig:5x5;Northern Dancer:5x5;Raise a Native:5x5,0.1953125,0.0,6.25,6.25,0.0,0.0,6.25,6.25,0.0,0.0,0.0,0.0,6.25,0.0,0.0,0.0,0.0,0.0,6.25,0.0
2018105047,ホウオウサンデー,https://db.netkeiba.com/horse/ped/2018105047/,PASS,King Kamehameha,サンデースマイルII Sunday Smile,Sunday Silence,Kingmambo,ラストタイクーン Last Tycoon,センセーション Sensation,Finance,King Kamehameha,Native Dancer,Sunday Silence,Hail to Reason,King Kamehameha__X__Sunday Silence,Native Dancer__X__Hail to Reason,King Kamehameha__X__Finance,4,Northern Dancer:5x5x5;Nureyev:4x4;Raise a Native:4x5;Special:5x5,1.7578125,25.0,9.375,12.5,25.0,0.0,0.0,0.0,12.5,6.25,0.0,0.0,0.0,12.5,0.0,0.0,0.0,0.0,9.375,3.125
2018105831,ワンデイモア,https://db.netkeiba.com/horse/ped/2018105831/,PASS,ドゥラメンテ,メジロバーミューズ,アサティス Assatis,King Kamehameha,Sunday Silence,メジロエバート,Chanel,King Kamehameha,Native Dancer,Northern Dancer,Northern Dancer,King Kamehameha__X__Northern Dancer,Native Dancer__X__Northern Dancer,King Kamehameha__X__Chanel,1,Northern Dancer:4x5,0.0,12.5,9.375,6.25,12.5,0.0,0.0,0.0,6.25,3.125,0.0,0.0,0.0,3.125,0.0,0.0,6.25,6.25,3.125,0.0
2018104662,ソーヴァリアント,https://db.netkeiba.com/horse/ped/2018104662/,PASS,オルフェーヴル,ソーマジック,シンボリクリスエス,Stay Gold,メジロマックイーン,スーア Xua,Beau Darling,Stay Gold,Hail to Reason,Roberto,Hail to Reason,Stay Gold__X__Roberto,Hail to Reason__X__Hail to Reason,Stay Gold__X__Beau Darling,3,Hail to Reason:5x5;Northern Dancer:4x5;Northern Taste:4x5,0.5859375,12.5,9.375,0.0,0.0,6.25,0.0,0.0,6.25,6.25,3.125,0.0,0.0,0.0,0.0,0.0,0.0,0.0,0.0,0.0
2018103730,タイセイドリーマー,https://db.netkeiba.com/horse/ped/2018103730/,PASS,Heart's Cry,ドリームライター Dreamwriter,Tale of the Cat,Sunday Silence,Tony Bin,Rebridled Dreams,Penny One,Heart's Cry,Hail to Reason,Storm Cat,Northern Dancer,Heart's Cry__X__Storm Cat,Hail to Reason__X__Northern Dancer,Heart's Cry__X__Penny One,1,Northern Dancer:5x5,0.1953125,25.0,6.25,6.25,0.0,0.0,0.0,3.125,12.5,6.25,0.0,0.0,0.0,0.0,12.5,0.0,12.5,6.25,3.125,0.0
2018110007,シュネルマイスター,https://db.netkeiba.com/horse/ped/2018110007/,PASS,Kingman,セリエンホルデ,Soldier Hollow,Invincible Spirit,Zamindar,Saldenehre,Salesiana,Danzig,Northern Dancer,Sadler's Wells,Northern Dancer,Danzig__X__Sadler's Wells,Northern Dancer__X__Northern Dancer,Danzig__X__Salesiana,2,Kris:4x5;Northern Dancer:5x5,0.5859375,0.0,6.25,3.125,0.0,0.0,6.25,6.25,0.0,0.0,0.0,0.0,0.0,0.0,0.0,0.0,0.0,3.125,0.0,0.0
2017105376,ポタジェ,https://db.netkeiba.com/horse/ped/2017105376/,PASS,Deep Impact,ジンジャーパンチ Ginger Punch,Awesome Again,Sunday Silence,Alzao,Nappelon,Angelines Choice,Deep Impact,Hail to Reason,Deputy Minister,Northern Dancer,Deep Impact__X__Deputy Minister,Hail to Reason__X__Northern Dancer,Deep Impact__X__Angelines Choice,2,Northern Dancer:5x5;Promised Land:5x5,0.390625,25.0,6.25,3.125,0.0,0.0,0.0,0.0,12.5,6.25,0.0,0.0,0.0,0.0,0.0,12.5,0.0,6.25,0.0,0.0
2014105947,シロニイ,https://db.netkeiba.com/horse/ped/2014105947/,PASS,King Kamehameha,シラユキヒメ,Sunday Silence,Kingmambo,ラストタイクーン Last Tycoon,ウェイブウインド Wave Wind,Malaga,King Kamehameha,Native Dancer,Sunday Silence,Hail to Reason,King Kamehameha__X__Sunday Silence,Native Dancer__X__Hail to Reason,King Kamehameha__X__Malaga,1,Northern Dancer:4x5x5,0.78125,25.0,12.5,12.5,25.0,0.0,0.0,0.0,12.5,6.25,0.0,0.0,0.0,6.25,0.0,0.0,0.0,0.0,6.25,3.125
2016102045,ツーエムアロンソ,https://db.netkeiba.com/horse/ped/2016102045/,PASS,メイショウサムソン,ビューティアイ,アッミラーレ,オペラハウス Opera House,ダンシングブレーヴ Dancing Brave,ビューティソング,フジタカレディ,Sadler's Wells,Northern Dancer,Sunday Silence,Hail to Reason,Sadler's Wells__X__Sunday Silence,Northern Dancer__X__Hail to Reason,Sadler's Wells__X__フジタカレディ,1,Northern Dancer:4x5x5,0.5859375,12.5,12.5,0.0,0.0,3.125,12.5,6.25,6.25,3.125,0.0,0.0,0.0,0.0,0.0,0.0,0.0,6.25,0.0,0.0
2016104452,ゴースト,https://db.netkeiba.com/horse/ped/2016104452/,PASS,Heart's Cry,ガヴィオラ Gaviola,Cozzene,Sunday Silence,Tony Bin,Forest Key,Blue Canoe,Heart's Cry,Hail to Reason,Cozzene,Cozzene,Heart's Cry__X__Cozzene,Hail to Reason__X__Cozzene,Heart's Cry__X__Blue Canoe,1,Blue Canoe:5x5,0.0,25.0,3.125,0.0,0.0,0.0,0.0,0.0,12.5,6.25,0.0,0.0,0.0,0.0,0.0,0.0,12.5,6.25,0.0,0.0
2017101419,ウインキートス,https://db.netkeiba.com/horse/ped/2017101419/,PASS,ゴールドシップ,イクスキューズ,ボストンハーバー Boston Harbor,Stay Gold,メジロマックイーン,クリスティキャット Christiecat,Uvira,Stay Gold,Hail to Reason,Seattle Slew,Seattle Slew,Stay Gold__X__Seattle Slew,Hail to Reason__X__Seattle Slew,Stay Gold__X__Uvira,0,,0.0,12.5,3.125,0.0,0.0,0.0,0.0,0.0,6.25,3.125,6.25,0.0,0.0,0.0,0.0,0.0,0.0,0.0,3.125,0.0
2016100970,アーデントリー,https://db.netkeiba.com/horse/ped/2016100970/,PASS,エイシンフラッシュ,パリュール,リンカーン,キングズベスト King's Best,Platini,パリスセイリュウ,Mistake,Kingmambo,Native Dancer,Sunday Silence,Hail to Reason,Kingmambo__X__Sunday Silence,Native Dancer__X__Hail to Reason,Kingmambo__X__Mistake,0,,0.0,12.5,3.125,6.25,12.5,0.0,3.125,0.0,6.25,3.125,0.0,0.0,0.0,3.125,0.0,0.0,6.25,0.0,3.125,0.0
2016104532,グランアレグリア,https://db.netkeiba.com/horse/ped/2016104532/,PASS,Deep Impact,タピッツフライ Tapitsfly,Tapit,Sunday Silence,Alzao,Flying Marlin,Perfect Pigeon,Deep Impact,Hail to Reason,A.P. Indy,Seattle Slew,Deep Impact__X__A.P. Indy,Hail to Reason__X__Seattle Slew,Deep Impact__X__Perfect Pigeon,1,Nijinsky:5x5,0.0,25.0,3.125,3.125,0.0,0.0,0.0,0.0,12.5,6.25,3.125,6.25,6.25,0.0,0.0,0.0,0.0,6.25,0.0,0.0
2018105092,アドマイヤハダル,https://db.netkeiba.com/horse/ped/2018105092/,PASS,ロードカナロア,スウェアトウショウ,Deep Impact,King Kamehameha,Storm Cat,タバサトウショウ,チヤイナトウショウ,King Kamehameha,Native Dancer,Deep Impact,Hail to Reason,King Kamehameha__X__Deep Impact,Native Dancer__X__Hail to Reason,King Kamehameha__X__チヤイナトウショウ,2,Lyphard:4x5;Northern Dancer:5x5,0.1953125,12.5,6.25,6.25,12.5,0.0,0.0,0.0,6.25,3.125,0.0,0.0,0.0,3.125,12.5,0.0,0.0,9.375,3.125,0.0
2018100995,ルーパステソーロ,https://db.netkeiba.com/horse/ped/2018100995/,PASS,ゴールドシップ,ハピネスフォーユー,A.P. Indy,Stay Gold,メジロマックイーン,Sophorific,Gaily,Stay Gold,Hail to Reason,A.P. Indy,Seattle Slew,Stay Gold__X__A.P. Indy,Hail to Reason__X__Seattle Slew,Stay Gold__X__Gaily,0,,0.0,12.5,3.125,0.0,0.0,0.0,0.0,6.25,6.25,3.125,12.5,25.0,0.0,0.0,0.0,0.0,0.0,0.0,0.0,0.0
2018104980,ステラヴェローチェ,https://db.netkeiba.com/horse/ped/2018104980/,PASS,バゴ Bago,オーマイベイビー,Deep Impact,Nashwan,Nureyev,オールザウェイベイビー,Persian Delight,Nasrullah,Nasrullah,Deep Impact,Hail to Reason,Nasrullah__X__Deep Impact,Nasrullah__X__Hail to Reason,Nasrullah__X__Persian Delight,4,Busted:5x5;Halo:4x5;Highclere:4x5;Mr. Prospector:4x5,1.3671875,12.5,6.25,9.375,0.0,3.125,0.0,0.0,9.375,3.125,0.0,0.0,0.0,12.5,0.0,0.0,0.0,3.125,3.125,0.0
2018105402,イルーシヴパンサー,https://db.netkeiba.com/horse/ped/2018105402/,PASS,Heart's Cry,イルーシヴキャット,King Kamehameha,Sunday Silence,Tony Bin,レッドキャット Red Cat,La Gueldra,Heart's Cry,Hail to Reason,King Kamehameha,Native Dancer,Heart's Cry__X__King Kamehameha,Hail to Reason__X__Native Dancer,Heart's Cry__X__La Gueldra,1,Northern Dancer:5x5,0.1953125,25.0,6.25,6.25,12.5,0.0,0.0,0.0,12.5,6.25,0.0,0.0,0.0,3.125,12.5,0.0,12.5,6.25,3.125,0.0
2018104948,ヴィクティファルス,https://db.netkeiba.com/horse/ped/2018104948/,PASS,Heart's Cry,ヴィルジニア,Galileo,Sunday Silence,Tony Bin,シルヴァースカヤ Silverskaya,Femina,Heart's Cry,Hail to Reason,Sadler's Wells,Northern Dancer,Heart's Cry__X__Sadler's Wells,Hail to Reason__X__Northern Dancer,Heart's Cry__X__Femina,2,Hail to Reason:4x5;Northern Dancer:4x5,0.78125,25.0,9.375,3.125,0.0,6.25,12.5,0.0,12.5,9.375,0.0,0.0,3.125,0.0,0.0,0.0,12.5,6.25,0.0,0.0
2018105027,エフフォーリア,https://db.netkeiba.com/horse/ped/2018105027/,PASS,エピファネイア,ケイティーズハート,Heart's Cry,シンボリクリスエス,スペシャルウィーク,ケイティーズファースト Katies First,Brabantia,Roberto,Hail to Reason,Heart's Cry,Hail to Reason,Roberto__X__Heart's Cry,Hail to Reason__X__Hail to Reason,Roberto__X__Brabantia,4,Hail to Reason:5x5;Halo:4x5;Sunday Silence:3x4;Wishing Well:4x5,2.5390625,18.75,3.125,0.0,0.0,6.25,6.25,0.0,9.375,6.25,3.125,0.0,0.0,0.0,0.0,0.0,6.25,3.125,0.0,0.0
2018104475,ディープモンスター,https://db.netkeiba.com/horse/ped/2018104475/,PASS,Deep Impact,シスタリーラヴ Sisterly Love,Bellamy Road,Sunday Silence,Alzao,Odylic,Good Taste,Deep Impact,Hail to Reason,Danzig,Northern Dancer,Deep Impact__X__Danzig,Hail to Reason__X__Northern Dancer,Deep Impact__X__Good Taste,1,Northern Dancer:4x5,0.390625,25.0,9.375,0.0,0.0,0.0,0.0,3.125,12.5,6.25,0.0,0.0,0.0,0.0,0.0,0.0,0.0,6.25,0.0,0.0
2018100026,ワールドリバイバル,https://db.netkeiba.com/horse/ped/2018100026/,PASS,エピファネイア,セシリア,アグネスタキオン,シンボリクリスエス,スペシャルウィーク,マシュール Mashhuur,Burghclere,Roberto,Hail to Reason,Sunday Silence,Hail to Reason,Roberto__X__Sunday Silence,Hail to Reason__X__Hail to Reason,Roberto__X__Burghclere,4,Hail to Reason:5x5;Halo:4x5;Sunday Silence:3x4;Wishing Well:4x5,2.5390625,18.75,3.125,0.0,0.0,6.25,6.25,0.0,9.375,6.25,3.125,0.0,3.125,0.0,6.25,0.0,0.0,0.0,0.0,0.0
2018101071,アサマノイタズラ,https://db.netkeiba.com/horse/ped/2018101071/,PASS,ヴィクトワールピサ,ハイタッチクイーン,Halo,ネオユニヴァース,Machiavellian,オペラレディ,Two Bidders,Sunday Silence,Hail to Reason,Halo,Hail to Reason,Sunday Silence__X__Halo,Hail to Reason__X__Hail to Reason,Sunday Silence__X__Two Bidders,5,Cosmah:5x5;Hail to Reason:5x5;Halo:2x3x4x4x5;Mr. Prospector:4x5;Northern Dancer:5x5,8.984375,12.5,6.25,9.375,0.0,0.0,6.25,0.0,53.125,6.25,0.0,0.0,0.0,0.0,0.0,0.0,0.0,6.25,3.125,0.0
2018105366,レッドベルオーブ,https://db.netkeiba.com/horse/ped/2018105366/,PASS,Deep Impact,レッドファンタジア,Unbridled's Song,Sunday Silence,Alzao,Cat Chat,Hooplah,Deep Impact,Hail to Reason,Mr. Prospector,Native Dancer,Deep Impact__X__Mr. Prospector,Hail to Reason__X__Native Dancer,Deep Impact__X__Hooplah,1,Northern Dancer:5x5,0.1953125,25.0,6.25,3.125,0.0,0.0,0.0,0.0,12.5,6.25,0.0,0.0,0.0,0.0,12.5,0.0,0.0,6.25,0.0,0.0
2018101617,ウインアグライア,https://db.netkeiba.com/horse/ped/2018101617/,PASS,マツリダゴッホ,ウインアルテミス,Arch,Sunday Silence,Bel Bolide,Walker's Gal,Royal Statute,Sunday Silence,Hail to Reason,Roberto,Hail to Reason,Sunday Silence__X__Roberto,Hail to Reason__X__Hail to Reason,Sunday Silence__X__Royal Statute,2,Hail to Reason:4x5;Never Bend:5x5,0.5859375,25.0,3.125,6.25,0.0,6.25,0.0,6.25,12.5,9.375,0.0,0.0,0.0,0.0,0.0,0.0,0.0,0.0,3.125,0.0
2018101803,グローリアスサルム,https://db.netkeiba.com/horse/ped/2018101803/,PASS,キズナ,グローリアスレイ,チチカステナンゴ Chichicastenango,Deep Impact,Storm Cat,メジロトンキニーズ,メジロアイリス,Deep Impact,Hail to Reason,チチカステナンゴ Chichicastenango,チチカステナンゴ Chichicastenango,Deep Impact__X__チチカステナンゴ Chichicastenango,Hail to Reason__X__チチカステナンゴ Chichicastenango,Deep Impact__X__メジロアイリス,5,Halo:4x5;Lyphard:5x5;Northern Dancer:5x5;Sunday Silence:3x4;Wishing Well:4x5,2.734375,18.75,6.25,0.0,0.0,0.0,0.0,0.0,9.375,3.125,0.0,0.0,3.125,0.0,12.5,0.0,0.0,6.25,0.0,0.0
2018102167,ユーバーレーベン,https://db.netkeiba.com/horse/ped/2018102167/,PASS,ゴールドシップ,マイネテレジア,ロージズインメイ Roses in May,Stay Gold,メジロマックイーン,マイネヌーヴェル,Nouvelle Star,Stay Gold,Hail to Reason,Halo,Hail to Reason,Stay Gold__X__Halo,Hail to Reason__X__Hail to Reason,Stay Gold__X__Nouvelle Star,2,Hail to Reason:5x5;Halo:4x5,0.5859375,12.5,0.0,0.0,0.0,6.25,0.0,0.0,9.375,6.25,0.0,0.0,0.0,0.0,0.0,0.0,0.0,0.0,0.0,0.0
2018100188,レッジャードロ,https://db.netkeiba.com/horse/ped/2018100188/,PASS,ドゥラメンテ,ブルーグラスチャッター Bluegrass Chatter,Bluegrass Cat,King Kamehameha,Sunday Silence,Chatter Chatter,Guichet,King Kamehameha,Native Dancer,Storm Cat,Northern Dancer,King Kamehameha__X__Storm Cat,Native Dancer__X__Northern Dancer,King Kamehameha__X__Guichet,3,Mr. Prospector:4x5;Northern Dancer:5x5;Secretariat:5x5,0.390625,12.5,6.25,9.375,12.5,0.0,0.0,6.25,6.25,3.125,3.125,6.25,0.0,3.125,12.5,0.0,6.25,0.0,3.125,0.0
2018104474,スノークォーツ,https://db.netkeiba.com/horse/ped/2018104474/,PASS,ゴールドシップ,サビアーレ,Capote,Stay Gold,メジロマックイーン,Sakura Fabulous,Tredam,Stay Gold,Hail to Reason,Seattle Slew,Seattle Slew,Stay Gold__X__Seattle Slew,Hail to Reason__X__Seattle Slew,Stay Gold__X__Tredam,0,,0.0,12.5,6.25,0.0,0.0,0.0,0.0,0.0,6.25,3.125,12.5,0.0,0.0,0.0,0.0,0.0,0.0,0.0,0.0,0.0
2018103615,ルース,https://db.netkeiba.com/horse/ped/2018103615/,PASS,ドゥラメンテ,ヤマカツマリリン,グラスワンダー,King Kamehameha,Sunday Silence,イクセプトフォーワンダ Except for Wanda,Vice and Virtue,King Kamehameha,Native Dancer,Roberto,Hail to Reason,King Kamehameha__X__Roberto,Native Dancer__X__Hail to Reason,King Kamehameha__X__Vice and Virtue,1,Hail to Reason:5x5,0.1953125,12.5,3.125,6.25,12.5,6.25,0.0,6.25,6.25,6.25,0.0,0.0,0.0,3.125,0.0,6.25,6.25,0.0,3.125,0.0
2018105152,メイサウザンアワー,https://db.netkeiba.com/horse/ped/2018105152/,PASS,ノヴェリスト Novellist,ディナシー,King Kamehameha,Monsun,Lagunas,トゥザヴィクトリー,Likely Exchange,ノヴェリスト Novellist,ノヴェリスト Novellist,King Kamehameha,Native Dancer,ノヴェリスト Novellist__X__King Kamehameha,ノヴェリスト Novellist__X__Native Dancer,ノヴェリスト Novellist__X__Likely Exchange,3,Literat:5x5;Northern Dancer:5x5;Nureyev:4x5,0.1953125,12.5,6.25,6.25,12.5,0.0,0.0,0.0,6.25,3.125,0.0,0.0,3.125,9.375,0.0,0.0,0.0,0.0,3.125,0.0
2018104502,オヌール,https://db.netkeiba.com/horse/ped/2018104502/,PASS,Deep Impact,アヴニールセルタン Avenir Certain,Le Havre,Sunday Silence,Alzao,Puggy,Lucayan Princess,Deep Impact,Hail to Reason,Le Havre,Le Havre,Deep Impact__X__Le Havre,Hail to Reason__X__Le Havre,Deep Impact__X__Lucayan Princess,1,Northern Dancer:5x5,0.1953125,25.0,6.25,3.125,0.0,0.0,0.0,0.0,12.5,6.25,0.0,0.0,0.0,0.0,0.0,0.0,0.0,6.25,0.0,0.0
2018103558,パープルレディー,https://db.netkeiba.com/horse/ped/2018103558/,PASS,Deep Impact,メリッサ,ホワイトマズル White Muzzle,Sunday Silence,Alzao,ストーミーラン,サンマリノ,Deep Impact,Hail to Reason,Lyphard,Northern Dancer,Deep Impact__X__Lyphard,Hail to Reason__X__Northern Dancer,Deep Impact__X__サンマリノ,3,Goofed:5x5;Lyphard:4x4;Northern Dancer:5x5x5,1.3671875,25.0,9.375,0.0,0.0,0.0,0.0,0.0,12.5,6.25,0.0,0.0,0.0,0.0,0.0,0.0,12.5,12.5,0.0,0.0
2018103709,ララサンスフル,https://db.netkeiba.com/horse/ped/2018103709/,PASS,Heart's Cry,ガーデニア Gardenia,Galileo,Sunday Silence,Tony Bin,Gout de Terroir,Promessa,Heart's Cry,Hail to Reason,Sadler's Wells,Northern Dancer,Heart's Cry__X__Sadler's Wells,Hail to Reason__X__Northern Dancer,Heart's Cry__X__Promessa,3,Lyphard:4x5;Mr. Prospector:5x5;Northern Dancer:4x5,0.78125,25.0,9.375,6.25,6.25,0.0,12.5,0.0,12.5,6.25,3.125,0.0,0.0,0.0,0.0,0.0,12.5,9.375,0.0,0.0
2018105030,スノーハレーション,https://db.netkeiba.com/horse/ped/2018105030/,PASS,Deep Impact,ココシュニック,クロフネ,Sunday Silence,Alzao,ゴールドティアラ,Exclusive Dancer,Deep Impact,Hail to Reason,Deputy Minister,Northern Dancer,Deep Impact__X__Deputy Minister,Hail to Reason__X__Northern Dancer,Deep Impact__X__Exclusive Dancer,0,,0.0,25.0,3.125,6.25,0.0,0.0,0.0,3.125,12.5,6.25,0.0,0.0,0.0,0.0,0.0,6.25,0.0,6.25,3.125,0.0
2018100487,スライリー,https://db.netkeiba.com/horse/ped/2018100487/,PASS,オルフェーヴル,ビジョナリー,Deep Impact,Stay Gold,メジロマックイーン,ターキー,Toute Cy,Stay Gold,Hail to Reason,Deep Impact,Hail to Reason,Stay Gold__X__Deep Impact,Hail to Reason__X__Hail to Reason,Stay Gold__X__Toute Cy,8,Cosmah:5x5;Hail to Reason:5x5;Halo:4x4;Mountain Flower:5x5;Northern Taste:4x5;Sunday Silence:3x3;Understanding:5x5;Wishing Well:4x4,5.46875,25.0,3.125,0.0,0.0,0.0,0.0,0.0,12.5,6.25,0.0,0.0,3.125,0.0,0.0,0.0,0.0,3.125,0.0,0.0
2018105123,ジェニーアムレット,https://db.netkeiba.com/horse/ped/2018105123/,PASS,Deep Impact,ソーメニーウェイズ So Many Ways,Sightseeing,Sunday Silence,Alzao,Happy Scene,Six Months Long,Deep Impact,Hail to Reason,A.P. Indy,Seattle Slew,Deep Impact__X__A.P. Indy,Hail to Reason__X__Seattle Slew,Deep Impact__X__Six Months Long,1,Seattle Slew:5x5,0.0,25.0,3.125,3.125,0.0,0.0,0.0,0.0,12.5,6.25,6.25,6.25,0.0,0.0,0.0,6.25,0.0,6.25,0.0,0.0
2018104563,オメガロマンス,https://db.netkeiba.com/horse/ped/2018104563/,PASS,Heart's Cry,オメガスピリット,スピニングワールド Spinning World,Sunday Silence,Tony Bin,ファーガーズプロスペクト Fager's Prospect,Native Street,Heart's Cry,Hail to Reason,Nureyev,Northern Dancer,Heart's Cry__X__Nureyev,Hail to Reason__X__Northern Dancer,Heart's Cry__X__Native Street,1,Northern Dancer:4x5x5,0.5859375,25.0,12.5,6.25,0.0,0.0,0.0,6.25,12.5,6.25,0.0,0.0,0.0,12.5,0.0,0.0,12.5,6.25,3.125,0.0
2018105830,クールキャット,https://db.netkeiba.com/horse/ped/2018105830/,PASS,スクリーンヒーロー,メジロトンキニーズ,ダンスインザダーク,グラスワンダー,Sunday Silence,メジロクロヒメ,アサマユリ,Roberto,Hail to Reason,Sunday Silence,Hail to Reason,Roberto__X__Sunday Silence,Hail to Reason__X__Hail to Reason,Roberto__X__アサマユリ,8,Cosmah:5x5;Hail to Reason:5x5x5;Halo:4x4;Mountain Flower:5x5;Northern Dancer:5x5x5x5;Sunday Silence:3x3;Understanding:5x5;Wishing Well:4x4,6.4453125,25.0,12.5,0.0,0.0,6.25,0.0,6.25,12.5,9.375,0.0,0.0,6.25,0.0,0.0,0.0,0.0,6.25,0.0,0.0
2018100736,アンフィニドール,https://db.netkeiba.com/horse/ped/2018100736/,PASS,モーリス,ヤマノフェアリー,Deep Impact,スクリーンヒーロー,カーネギー Carnegie,ベネンシアドール,Likely Exchange,Roberto,Hail to Reason,Deep Impact,Hail to Reason,Roberto__X__Deep Impact,Hail to Reason__X__Hail to Reason,Roberto__X__Likely Exchange,5,Halo:4x5;Lyphard:5x5;Northern Dancer:5x5;Sunday Silence:3x4;Wishing Well:4x5,2.734375,18.75,6.25,3.125,6.25,3.125,6.25,3.125,9.375,3.125,0.0,0.0,0.0,6.25,0.0,0.0,0.0,6.25,0.0,0.0
2018104711,エトワールマタン,https://db.netkeiba.com/horse/ped/2018104711/,PASS,ルーラーシップ,ノーブルコロネット,Deep Impact,King Kamehameha,Tony Bin,ノーブルステラ,Novenka,King Kamehameha,Native Dancer,Deep Impact,Hail to Reason,King Kamehameha__X__Deep Impact,Native Dancer__X__Hail to Reason,King Kamehameha__X__Novenka,0,,0.0,12.5,3.125,6.25,12.5,0.0,0.0,0.0,6.25,3.125,0.0,0.0,0.0,3.125,0.0,0.0,12.5,3.125,3.125,0.0
2018102348,ノースブリッジ,https://db.netkeiba.com/horse/ped/2018102348/,PASS,モーリス,アメージングムーン,アドマイヤムーン,スクリーンヒーロー,カーネギー Carnegie,ビッグテンビー,ポイントメーカー,Roberto,Hail to Reason,Mr. Prospector,Native Dancer,Roberto__X__Mr. Prospector,Hail to Reason__X__Native Dancer,Roberto__X__ポイントメーカー,3,Halo:5x5;Sunday Silence:4x4;Wishing Well:5x5,1.171875,12.5,3.125,3.125,0.0,3.125,6.25,3.125,6.25,0.0,0.0,0.0,3.125,0.0,0.0,0.0,0.0,3.125,0.0,0.0
2018110116,バーボンハイボール,https://db.netkeiba.com/horse/ped/2018110116/,PASS,Curlin,Itsabeautifulthing,ヘニーヒューズ Henny Hughes,Smart Strike,Deputy Minister,Jolie Boutique,Queen Nasra,Mr. Prospector,Native Dancer,Storm Cat,Northern Dancer,Mr. Prospector__X__Storm Cat,Native Dancer__X__Northern Dancer,Mr. Prospector__X__Queen Nasra,2,Mr. Prospector:3x5;Northern Dancer:4x5,1.171875,0.0,9.375,15.625,0.0,0.0,0.0,0.0,0.0,0.0,0.0,0.0,0.0,0.0,6.25,12.5,0.0,0.0,6.25,3.125
2018105162,レッドヴェロシティ,https://db.netkeiba.com/horse/ped/2018105162/,PASS,ワールドエース,トップモーション,シンボリクリスエス,Deep Impact,Acatenango,プロモーション,Thankfull,Deep Impact,Hail to Reason,Roberto,Hail to Reason,Deep Impact__X__Roberto,Hail to Reason__X__Hail to Reason,Deep Impact__X__Thankfull,2,Be My Guest:4x5;Hail to Reason:5x5,0.5859375,12.5,3.125,3.125,0.0,6.25,0.0,0.0,6.25,6.25,3.125,0.0,0.0,0.0,0.0,0.0,0.0,3.125,0.0,0.0
2018105146,マテンロウエール,https://db.netkeiba.com/horse/ped/2018105146/,PASS,ロードカナロア,ディアチャンス,タイキシャトル,King Kamehameha,Storm Cat,マルカムーンライト,Versification,King Kamehameha,Native Dancer,Halo,Hail to Reason,King Kamehameha__X__Halo,Native Dancer__X__Hail to Reason,King Kamehameha__X__Versification,2,Nijinsky:4x5;Northern Dancer:5x5,0.1953125,0.0,6.25,6.25,12.5,0.0,0.0,0.0,6.25,3.125,0.0,0.0,9.375,3.125,12.5,0.0,0.0,0.0,3.125,0.0
2018102657,キングストンボーイ,https://db.netkeiba.com/horse/ped/2018102657/,PASS,ドゥラメンテ,ダイワパッション,フォーティナイナー Forty Niner,King Kamehameha,Sunday Silence,サンルージュ,Little Hills,King Kamehameha,Native Dancer,Mr. Prospector,Native Dancer,King Kamehameha__X__Mr. Prospector,Native Dancer__X__Native Dancer,King Kamehameha__X__Little Hills,3,Gold Digger:4x5;Mr. Prospector:3x4;Raise a Native:4x5,2.34375,12.5,6.25,18.75,12.5,0.0,0.0,0.0,6.25,3.125,0.0,0.0,0.0,3.125,0.0,0.0,6.25,0.0,9.375,3.125
2018106545,テーオーロイヤル,https://db.netkeiba.com/horse/ped/2018106545/,PASS,リオンディーズ,メイショウオウヒ,マンハッタンカフェ,King Kamehameha,スペシャルウィーク,アルペンローズ Alpine Rose,Tulle,King Kamehameha,Native Dancer,Sunday Silence,Hail to Reason,King Kamehameha__X__Sunday Silence,Native Dancer__X__Hail to Reason,King Kamehameha__X__Tulle,5,Hail to Reason:5x5;Halo:4x5;Mr. Prospector:4x5;Sunday Silence:3x4;Wishing Well:4x5,2.734375,18.75,3.125,9.375,12.5,6.25,6.25,0.0,9.375,6.25,0.0,0.0,0.0,3.125,0.0,0.0,0.0,0.0,3.125,0.0
2018104877,スワーヴエルメ,https://db.netkeiba.com/horse/ped/2018104877/,PASS,ドゥラメンテ,アイムユアーズ,ファルブラヴ Falbrav,King Kamehameha,Sunday Silence,セシルブルース,シャダイフェザー,King Kamehameha,Native Dancer,Northern Dancer,Northern Dancer,King Kamehameha__X__Northern Dancer,Native Dancer__X__Northern Dancer,King Kamehameha__X__シャダイフェザー,9,Halo:4x5;Kingmambo:3x4;Miesque:4x5;Mr. Prospector:4x5;Northern Taste:5x5;Sunday Silence:3x4;Wishing Well:4x5;シャダイフェザー:5x5;ダイナカール:4x4,5.859375,18.75,6.25,9.375,18.75,0.0,3.125,0.0,9.375,3.125,3.125,0.0,0.0,3.125,0.0,0.0,6.25,0.0,3.125,0.0
2018101010,アウスヴァール,https://db.netkeiba.com/horse/ped/2018101010/,PASS,ノヴェリスト Novellist,カネツスペシャル,スペシャルウィーク,Monsun,Lagunas,カネツテンビー,マルイチスピード,ノヴェリスト Novellist,ノヴェリスト Novellist,Sunday Silence,Hail to Reason,ノヴェリスト Novellist__X__Sunday Silence,ノヴェリスト Novellist__X__Hail to Reason,ノヴェリスト Novellist__X__マルイチスピード,2,Literat:5x5;Nijinsky:5x5x5,0.390625,12.5,3.125,0.0,0.0,0.0,0.0,0.0,6.25,3.125,0.0,0.0,9.375,0.0,0.0,0.0,0.0,0.0,0.0,0.0
2018105516,グレアリングアイ,https://db.netkeiba.com/horse/ped/2018105516/,PASS,Heart's Cry,ストライキングアイ,Smart Strike,Sunday Silence,Tony Bin,ゴールデンドックエー Golden Doc A,Black Willow,Heart's Cry,Hail to Reason,Mr. Prospector,Native Dancer,Heart's Cry__X__Mr. Prospector,Hail to Reason__X__Native Dancer,Heart's Cry__X__Black Willow,1,Northern Dancer:5x5,0.1953125,25.0,6.25,12.5,0.0,0.0,0.0,0.0,12.5,6.25,0.0,0.0,0.0,6.25,0.0,0.0,12.5,6.25,6.25,3.125
2018105809,リーブルミノル,https://db.netkeiba.com/horse/ped/2018105809/,PASS,King Kamehameha,サルスエラ,マンハッタンカフェ,Kingmambo,ラストタイクーン Last Tycoon,ハルーワソング Halwa Song,Ballade,King Kamehameha,Native Dancer,Sunday Silence,Hail to Reason,King Kamehameha__X__Sunday Silence,Native Dancer__X__Hail to Reason,King Kamehameha__X__Ballade,4,Halo:4x5;Northern Dancer:4x5x5;Nureyev:3x4;Special:4x5,2.734375,12.5,12.5,12.5,25.0,0.0,0.0,0.0,9.375,3.125,0.0,0.0,0.0,18.75,0.0,0.0,0.0,0.0,6.25,3.125
2018105573,レインフロムヘヴン,https://db.netkeiba.com/horse/ped/2018105573/,PASS,ドゥラメンテ,レディオブヴェニス Lady of Venice,Loup Solitaire,King Kamehameha,Sunday Silence,Lacewings,Marie d'Anjou,King Kamehameha,Native Dancer,Roberto,Hail to Reason,King Kamehameha__X__Roberto,Native Dancer__X__Hail to Reason,King Kamehameha__X__Marie d'Anjou,6,Gold Digger:5x5;Hail to Reason:5x5;Mr. Prospector:4x4;Northern Dancer:5x5;Nureyev:4x5;Raise a Native:5x5,1.7578125,12.5,6.25,12.5,12.5,6.25,0.0,0.0,6.25,6.25,0.0,0.0,0.0,9.375,0.0,0.0,6.25,6.25,6.25,0.0
2018104688,モンテディオ,https://db.netkeiba.com/horse/ped/2018104688/,PASS,ジャスタウェイ,ディオニージア Dionisia,Tejano Run,Heart's Cry,Wild Again,Essie's Maid,Esoteric,Heart's Cry,Hail to Reason,Tejano Run,Tejano Run,Heart's Cry__X__Tejano Run,Hail to Reason__X__Tejano Run,Heart's Cry__X__Esoteric,0,,0.0,12.5,0.0,0.0,0.0,0.0,0.0,0.0,6.25,3.125,0.0,0.0,0.0,0.0,0.0,0.0,6.25,3.125,0.0,0.0
2018101660,ワイドエンペラー,https://db.netkeiba.com/horse/ped/2018101660/,PASS,ルーラーシップ,アンフィルージュ,アグネスタキオン,King Kamehameha,Tony Bin,ウメノファイバー,ストロングベビー,King Kamehameha,Native Dancer,Sunday Silence,Hail to Reason,King Kamehameha__X__Sunday Silence,Native Dancer__X__Hail to Reason,King Kamehameha__X__ストロングベビー,1,Northern Dancer:5x5,0.1953125,12.5,6.25,6.25,12.5,0.0,0.0,0.0,6.25,3.125,0.0,0.0,3.125,3.125,0.0,0.0,12.5,0.0,3.125,0.0
2018104114,ヴェローチェオロ,https://db.netkeiba.com/horse/ped/2018104114/,PASS,ゴールドシップ,プレシャスライフ,タイキシャトル,Stay Gold,メジロマックイーン,スターマイライフ,Sweety Kid,Stay Gold,Hail to Reason,Halo,Hail to Reason,Stay Gold__X__Halo,Hail to Reason__X__Hail to Reason,Stay Gold__X__Sweety Kid,3,Cosmah:5x5;Hail to Reason:5x5;Halo:4x4,1.171875,12.5,3.125,0.0,0.0,0.0,0.0,0.0,12.5,6.25,0.0,0.0,3.125,0.0,12.5,0.0,0.0,0.0,0.0,0.0
2018101175,サイモンメガライズ,https://db.netkeiba.com/horse/ped/2018101175/,PASS,ケープブランコ Cape Blanco,テーオーヴィーナス,Deep Impact,Galileo,Presidium,シルクチャプター,Margarethen,Sadler's Wells,Northern Dancer,Deep Impact,Hail to Reason,Sadler's Wells__X__Deep Impact,Northern Dancer__X__Hail to Reason,Sadler's Wells__X__Margarethen,1,Mr. Prospector:4x5,0.390625,12.5,6.25,9.375,0.0,0.0,12.5,0.0,6.25,3.125,0.0,0.0,3.125,0.0,0.0,0.0,0.0,3.125,3.125,0.0
2018105076,ルペルカーリア,https://db.netkeiba.com/horse/ped/2018105076/,PASS,モーリス,シーザリオ,スペシャルウィーク,スクリーンヒーロー,カーネギー Carnegie,キロフプリミエール Kirov Premiere,Pia,Roberto,Hail to Reason,Sunday Silence,Hail to Reason,Roberto__X__Sunday Silence,Hail to Reason__X__Hail to Reason,Roberto__X__Pia,6,Fairy Bridge:4x5;Halo:4x5;Northern Dancer:4x5;Sadler's Wells:3x4;Sunday Silence:3x4;Wishing Well:4x5,4.6875,18.75,9.375,0.0,0.0,3.125,18.75,3.125,9.375,3.125,0.0,0.0,3.125,0.0,0.0,0.0,0.0,3.125,0.0,0.0
2018106273,ブレークアップ,https://db.netkeiba.com/horse/ped/2018106273/,PASS,ノヴェリスト Novellist,リトルジュン,クロフネ,Monsun,Lagunas,ベストタッセルド,River Lady,ノヴェリスト Novellist,ノヴェリスト Novellist,Deputy Minister,Northern Dancer,ノヴェリスト Novellist__X__Deputy Minister,ノヴェリスト Novellist__X__Northern Dancer,ノヴェリスト Novellist__X__River Lady,2,Literat:5x5;Northern Dancer:5x5,0.1953125,0.0,6.25,3.125,6.25,0.0,0.0,0.0,0.0,0.0,0.0,0.0,3.125,0.0,0.0,6.25,0.0,0.0,0.0,0.0
2018100545,トーホウバロン,https://db.netkeiba.com/horse/ped/2018100545/,PASS,King Kamehameha,スイートマトルーフ,スペシャルウィーク,Kingmambo,ラストタイクーン Last Tycoon,スイートフルーレ,Alace,King Kamehameha,Native Dancer,Sunday Silence,Hail to Reason,King Kamehameha__X__Sunday Silence,Native Dancer__X__Hail to Reason,King Kamehameha__X__Alace,1,Northern Dancer:5x5x5,0.390625,12.5,9.375,12.5,25.0,0.0,0.0,6.25,6.25,3.125,0.0,0.0,3.125,6.25,0.0,0.0,0.0,0.0,6.25,3.125
2018106154,エスコバル,https://db.netkeiba.com/horse/ped/2018106154/,PASS,モーリス,スマッシュハート,King Kamehameha,スクリーンヒーロー,カーネギー Carnegie,ビーナスライン,ホクトヒシヨウ,Roberto,Hail to Reason,King Kamehameha,Native Dancer,Roberto__X__King Kamehameha,Hail to Reason__X__Native Dancer,Roberto__X__ホクトヒシヨウ,3,Halo:5x5;Sunday Silence:4x4;Wishing Well:5x5,1.171875,12.5,3.125,6.25,12.5,3.125,6.25,3.125,6.25,0.0,0.0,0.0,0.0,3.125,0.0,0.0,0.0,3.125,3.125,0.0
2018104575,ゲヴィナー,https://db.netkeiba.com/horse/ped/2018104575/,PASS,オルフェーヴル,カウアイレーン,King Kamehameha,Stay Gold,メジロマックイーン,シルバーレーン Silver Lane,Crawfish,Stay Gold,Hail to Reason,King Kamehameha,Native Dancer,Stay Gold__X__King Kamehameha,Hail to Reason__X__Native Dancer,Stay Gold__X__Crawfish,2,Hail to Reason:5x5;Northern Taste:4x5,0.1953125,12.5,3.125,6.25,12.5,6.25,0.0,0.0,6.25,6.25,0.0,0.0,0.0,3.125,0.0,0.0,0.0,0.0,3.125,0.0
2018105343,レッドジェネシス,https://db.netkeiba.com/horse/ped/2018105343/,PASS,Deep Impact,リュズキナ Ryzhkina,Storm Cat,Sunday Silence,Alzao,Lucky,A. 1.,Deep Impact,Hail to Reason,Storm Cat,Northern Dancer,Deep Impact__X__Storm Cat,Hail to Reason__X__Northern Dancer,Deep Impact__X__A. 1.,3,Natalma:5x5;Nearctic:5x5;Northern Dancer:4x4x5,0.78125,25.0,15.625,0.0,0.0,0.0,12.5,0.0,12.5,6.25,0.0,0.0,0.0,0.0,25.0,0.0,0.0,6.25,0.0,0.0
2018104698,ハートオブアシティ,https://db.netkeiba.com/horse/ped/2018104698/,PASS,Heart's Cry,トレラピッド Tres Rapide,Anabaa Blue,Sunday Silence,Tony Bin,Tres Ravi,Tosca Bella,Heart's Cry,Hail to Reason,Danzig,Northern Dancer,Heart's Cry__X__Danzig,Hail to Reason__X__Northern Dancer,Heart's Cry__X__Tosca Bella,1,Northern Dancer:5x5,0.1953125,25.0,6.25,0.0,0.0,0.0,0.0,6.25,12.5,6.25,0.0,0.0,0.0,0.0,0.0,0.0,12.5,6.25,0.0,0.0
2014110074,バスカヴィル,https://db.netkeiba.com/horse/ped/2014110074/,PASS,Bernardini,Divalarious,Distorted Humor,A.P. Indy,Quiet American,Alidiva,Delta,A.P. Indy,Seattle Slew,Mr. Prospector,Native Dancer,A.P. Indy__X__Mr. Prospector,Seattle Slew__X__Native Dancer,A.P. Indy__X__Delta,3,Danzig:3x4;Mr. Prospector:4x5;Northern Dancer:5x5,0.5859375,0.0,6.25,9.375,0.0,0.0,0.0,18.75,0.0,0.0,12.5,25.0,0.0,0.0,0.0,0.0,0.0,0.0,3.125,0.0
2016102692,ハッピーアワー,https://db.netkeiba.com/horse/ped/2016102692/,PASS,ハービンジャー Harbinger,サクセスシルエット,Deep Impact,Dansili,Bering,フェアレストケープ Fairest Cape,Narrate,Danzig,Northern Dancer,Deep Impact,Hail to Reason,Danzig__X__Deep Impact,Northern Dancer__X__Hail to Reason,Danzig__X__Narrate,2,Lyphard:5x5;Northern Dancer:5x5x5,0.5859375,12.5,9.375,3.125,0.0,0.0,0.0,6.25,6.25,3.125,0.0,0.0,0.0,0.0,12.5,0.0,0.0,6.25,0.0,0.0
2016104319,サトノエルドール,https://db.netkeiba.com/horse/ped/2016104319/,PASS,Deep Impact,ミゼリコルデ,ファスリエフ Fasliyev,Sunday Silence,Alzao,Match Point,Garden of Eden,Deep Impact,Hail to Reason,Nureyev,Northern Dancer,Deep Impact__X__Nureyev,Hail to Reason__X__Northern Dancer,Deep Impact__X__Garden of Eden,4,Highclere:4x5;Natalma:5x5;Nearctic:5x5;Northern Dancer:4x4x5,1.171875,25.0,15.625,6.25,0.0,0.0,0.0,0.0,12.5,6.25,0.0,0.0,0.0,12.5,0.0,0.0,0.0,6.25,3.125,0.0
2018105008,ククナ,https://db.netkeiba.com/horse/ped/2018105008/,PASS,King Kamehameha,クルミナル,Deep Impact,Kingmambo,ラストタイクーン Last Tycoon,クルソラ Cursora,Cargada,King Kamehameha,Native Dancer,Deep Impact,Hail to Reason,King Kamehameha__X__Deep Impact,Native Dancer__X__Hail to Reason,King Kamehameha__X__Cargada,2,Lyphard:5x5;Northern Dancer:5x5,0.0,12.5,6.25,12.5,25.0,0.0,0.0,0.0,6.25,3.125,0.0,0.0,0.0,6.25,0.0,0.0,0.0,6.25,6.25,3.125
2018105269,スルーセブンシーズ,https://db.netkeiba.com/horse/ped/2018105269/,PASS,ドリームジャーニー,マイティースルー,クロフネ,Stay Gold,メジロマックイーン,スルーオール Slew All,Miss Fullhouse,Stay Gold,Hail to Reason,Deputy Minister,Northern Dancer,Stay Gold__X__Deputy Minister,Hail to Reason__X__Northern Dancer,Stay Gold__X__Miss Fullhouse,1,Northern Taste:4x5,0.0,12.5,3.125,6.25,0.0,0.0,0.0,0.0,6.25,3.125,12.5,0.0,0.0,0.0,0.0,6.25,0.0,0.0,3.125,0.0
2018101943,タガノパッション,https://db.netkeiba.com/horse/ped/2018101943/,PASS,King Kamehameha,アドマイヤシルク,シンボリクリスエス,Kingmambo,ラストタイクーン Last Tycoon,キャッチザゴールド,ロイヤルサッシュ,King Kamehameha,Native Dancer,Roberto,Hail to Reason,King Kamehameha__X__Roberto,Native Dancer__X__Hail to Reason,King Kamehameha__X__ロイヤルサッシュ,2,Hail to Reason:5x5;Northern Dancer:5x5,0.0,12.5,6.25,12.5,25.0,6.25,0.0,0.0,6.25,6.25,3.125,0.0,0.0,6.25,0.0,0.0,0.0,0.0,6.25,3.125
2018104903,アカイトリノムスメ,https://db.netkeiba.com/horse/ped/2018104903/,PASS,Deep Impact,アパパネ,King Kamehameha,Sunday Silence,Alzao,ソルティビッド,Easterborn,Deep Impact,Hail to Reason,King Kamehameha,Native Dancer,Deep Impact__X__King Kamehameha,Hail to Reason__X__Native Dancer,Deep Impact__X__Easterborn,0,,0.0,25.0,3.125,6.25,12.5,0.0,0.0,0.0,12.5,6.25,0.0,0.0,0.0,3.125,0.0,6.25,0.0,6.25,3.125,0.0
2018103369,ハギノピリナ,https://db.netkeiba.com/horse/ped/2018103369/,PASS,キズナ,ハギノアーク,アドマイヤムーン,Deep Impact,Storm Cat,ハギノスプレンダー,マラベル,Deep Impact,Hail to Reason,Mr. Prospector,Native Dancer,Deep Impact__X__Mr. Prospector,Hail to Reason__X__Native Dancer,Deep Impact__X__マラベル,4,Halo:4x5;Mr. Prospector:5x5;Sunday Silence:3x4;Wishing Well:4x5,2.34375,18.75,3.125,6.25,0.0,0.0,0.0,0.0,9.375,3.125,0.0,0.0,0.0,0.0,12.5,0.0,0.0,3.125,0.0,0.0
2018104659,エンスージアズム,https://db.netkeiba.com/horse/ped/2018104659/,PASS,Deep Impact,ゼラスキャット Zealous Cat,Storm Cat,Sunday Silence,Alzao,Trail Robbery,Scoreless,Deep Impact,Hail to Reason,Storm Cat,Northern Dancer,Deep Impact__X__Storm Cat,Hail to Reason__X__Northern Dancer,Deep Impact__X__Scoreless,1,Northern Dancer:4x5,0.390625,25.0,9.375,0.0,0.0,0.0,0.0,0.0,12.5,6.25,0.0,0.0,0.0,0.0,25.0,0.0,0.0,6.25,6.25,3.125
2018105233,ソダシ,https://db.netkeiba.com/horse/ped/2018105233/,PASS,クロフネ,ブチコ,King Kamehameha,フレンチデピュティ French Deputy,Classic Go Go,シラユキヒメ,Sea Drone,Deputy Minister,Northern Dancer,King Kamehameha,Native Dancer,Deputy Minister__X__King Kamehameha,Northern Dancer__X__Native Dancer,Deputy Minister__X__Sea Drone,1,Northern Dancer:5x5,0.1953125,12.5,6.25,6.25,12.5,3.125,0.0,0.0,6.25,3.125,0.0,0.0,0.0,3.125,0.0,12.5,0.0,0.0,3.125,0.0
2018103849,ミヤビハイディ,https://db.netkeiba.com/horse/ped/2018103849/,PASS,エピファネイア,ミヤビキラメキ,Heart's Cry,シンボリクリスエス,スペシャルウィーク,ミヤビグレイス,シャダイリーズン,Roberto,Hail to Reason,Heart's Cry,Hail to Reason,Roberto__X__Heart's Cry,Hail to Reason__X__Hail to Reason,Roberto__X__シャダイリーズン,4,Hail to Reason:5x5;Halo:4x5;Sunday Silence:3x4;Wishing Well:4x5,2.5390625,18.75,3.125,3.125,6.25,6.25,6.25,0.0,9.375,6.25,3.125,0.0,0.0,0.0,0.0,0.0,6.25,3.125,0.0,0.0
2018105181,ファインルージュ,https://db.netkeiba.com/horse/ped/2018105181/,PASS,キズナ,パシオンルージュ,ボストンハーバー Boston Harbor,Deep Impact,Storm Cat,セクシーココナッツ,Gay Apparel,Deep Impact,Hail to Reason,Seattle Slew,Seattle Slew,Deep Impact__X__Seattle Slew,Hail to Reason__X__Seattle Slew,Deep Impact__X__Gay Apparel,4,Halo:4x5;Northern Dancer:5x5;Sunday Silence:3x4;Wishing Well:4x5,2.5390625,18.75,6.25,0.0,0.0,0.0,0.0,0.0,9.375,3.125,6.25,0.0,3.125,0.0,12.5,0.0,0.0,3.125,0.0,0.0
2018103418,ストライプ,https://db.netkeiba.com/horse/ped/2018103418/,PASS,ルーラーシップ,グレイスフラワー,ダイワメジャー,King Kamehameha,Tony Bin,ジャッキーテースト,Solitude,King Kamehameha,Native Dancer,Sunday Silence,Hail to Reason,King Kamehameha__X__Sunday Silence,Native Dancer__X__Hail to Reason,King Kamehameha__X__Solitude,4,Blakeney:5x5;Lady Victoria:5x5;Northern Dancer:5x5x5;Northern Taste:4x4,1.5625,12.5,9.375,6.25,12.5,0.0,6.25,0.0,6.25,3.125,0.0,0.0,0.0,3.125,0.0,0.0,12.5,0.0,3.125,0.0
2018104922,アールドヴィーヴル,https://db.netkeiba.com/horse/ped/2018104922/,PASS,King Kamehameha,イサベル,Deep Impact,Kingmambo,ラストタイクーン Last Tycoon,スカーレット,Sun Princess,King Kamehameha,Native Dancer,Deep Impact,Hail to Reason,King Kamehameha__X__Deep Impact,Native Dancer__X__Hail to Reason,King Kamehameha__X__Sun Princess,1,Northern Dancer:5x5,0.0,12.5,6.25,12.5,25.0,3.125,3.125,0.0,6.25,3.125,0.0,0.0,0.0,6.25,0.0,0.0,6.25,3.125,6.25,3.125
2018100476,ニーナドレス,https://db.netkeiba.com/horse/ped/2018100476/,PASS,Heart's Cry,サラトガ,クロフネ,Sunday Silence,Tony Bin,スイングバイ,マイシュンレイ,Heart's Cry,Hail to Reason,Deputy Minister,Northern Dancer,Heart's Cry__X__Deputy Minister,Hail to Reason__X__Northern Dancer,Heart's Cry__X__マイシュンレイ,1,Northern Dancer:5x5,0.1953125,25.0,6.25,0.0,0.0,0.0,0.0,0.0,12.5,6.25,0.0,0.0,0.0,0.0,0.0,6.25,12.5,6.25,0.0,0.0
2018105554,ステラリア,https://db.netkeiba.com/horse/ped/2018105554/,PASS,キズナ,ポリネイター Pollenator,Motivator,Deep Impact,Storm Cat,Ceanothus,Nagaika,Deep Impact,Hail to Reason,Sadler's Wells,Northern Dancer,Deep Impact__X__Sadler's Wells,Hail to Reason__X__Northern Dancer,Deep Impact__X__Nagaika,3,Northern Dancer:5x5x5;South Ocean:5x5;Storm Bird:4x4,1.3671875,12.5,9.375,3.125,0.0,0.0,6.25,0.0,6.25,3.125,0.0,0.0,0.0,0.0,12.5,0.0,0.0,3.125,0.0,0.0
2018104756,バジオウ,https://db.netkeiba.com/horse/ped/2018104756/,PASS,ルーラーシップ,フローレスダンサー,ハービンジャー Harbinger,King Kamehameha,Tony Bin,ダンスインザムード,Native Partner,King Kamehameha,Native Dancer,Danzig,Northern Dancer,King Kamehameha__X__Danzig,Native Dancer__X__Northern Dancer,King Kamehameha__X__Native Partner,1,Northern Dancer:5x5,0.1953125,12.5,6.25,6.25,12.5,0.0,0.0,3.125,6.25,3.125,0.0,0.0,6.25,3.125,0.0,0.0,12.5,0.0,3.125,0.0
2018105165,シャフリヤール,https://db.netkeiba.com/horse/ped/2018105165/,PASS,Deep Impact,ドバイマジェスティ Dubai Majesty,Essence of Dubai,Sunday Silence,Alzao,Great Majesty,Saracen Miss,Deep Impact,Hail to Reason,A.P. Indy,Seattle Slew,Deep Impact__X__A.P. Indy,Hail to Reason__X__Seattle Slew,Deep Impact__X__Saracen Miss,0,,0.0,25.0,3.125,3.125,0.0,0.0,0.0,0.0,12.5,6.25,3.125,6.25,0.0,0.0,0.0,0.0,0.0,6.25,0.0,0.0
2018105167,グレートマジシャン,https://db.netkeiba.com/horse/ped/2018105167/,PASS,Deep Impact,ナイトマジック Night Magic,Sholokhov,Sunday Silence,Alzao,Night Woman,Nigeria,Deep Impact,Hail to Reason,Sadler's Wells,Northern Dancer,Deep Impact__X__Sadler's Wells,Hail to Reason__X__Northern Dancer,Deep Impact__X__Nigeria,1,Northern Dancer:4x5,0.390625,25.0,9.375,0.0,0.0,0.0,12.5,0.0,12.5,6.25,0.0,0.0,0.0,0.0,0.0,0.0,0.0,6.25,0.0,0.0
2018105179,サトノレイナス,https://db.netkeiba.com/horse/ped/2018105179/,PASS,Deep Impact,バラダセール Balada Sale,Not for Sale,Sunday Silence,Alzao,La Balada,Good Star,Deep Impact,Hail to Reason,Not for Sale,Not for Sale,Deep Impact__X__Not for Sale,Hail to Reason__X__Not for Sale,Deep Impact__X__Good Star,1,Lyphard:4x5,0.390625,25.0,3.125,0.0,0.0,0.0,0.0,0.0,12.5,6.25,0.0,0.0,0.0,0.0,0.0,0.0,0.0,9.375,0.0,0.0
2016101207,アドマイヤポラリス,https://db.netkeiba.com/horse/ped/2016101207/,PASS,ジャスタウェイ,ソングオブサイレンス Song of Silence,Unbridled's Song,Heart's Cry,Wild Again,State Secret,Queen Nasra,Heart's Cry,Hail to Reason,Mr. Prospector,Native Dancer,Heart's Cry__X__Mr. Prospector,Hail to Reason__X__Native Dancer,Heart's Cry__X__Queen Nasra,1,Mr. Prospector:4x5,0.0,12.5,3.125,9.375,0.0,0.0,0.0,6.25,6.25,3.125,0.0,0.0,0.0,0.0,0.0,0.0,6.25,3.125,3.125,0.0
2017104936,ヒートオンビート,https://db.netkeiba.com/horse/ped/2017104936/,PASS,King Kamehameha,マルセリーナ,Deep Impact,Kingmambo,ラストタイクーン Last Tycoon,マルバイユ Marbye,Miss Puddleduck,King Kamehameha,Native Dancer,Deep Impact,Hail to Reason,King Kamehameha__X__Deep Impact,Native Dancer__X__Hail to Reason,King Kamehameha__X__Miss Puddleduck,3,Mill Princess:4x5;Northern Dancer:5x5;トライマイベスト:4x5,0.78125,12.5,6.25,12.5,25.0,0.0,0.0,0.0,6.25,3.125,0.0,0.0,0.0,6.25,0.0,0.0,0.0,3.125,6.25,3.125
2016102214,トップウイナー,https://db.netkeiba.com/horse/ped/2016102214/,PASS,バゴ Bago,トップアクトレス,テイエムオペラオー,Nashwan,Nureyev,トップジョリー,チヤイナトウショウ,Nasrullah,Nasrullah,Sadler's Wells,Northern Dancer,Nasrullah__X__Sadler's Wells,Nasrullah__X__Northern Dancer,Nasrullah__X__チヤイナトウショウ,5,Blushing Groom:3x4;Halo:3x4x5;Northern Dancer:4x5;Red God:4x5;Runaway Bride:4x5,3.90625,0.0,9.375,6.25,0.0,0.0,6.25,0.0,21.875,3.125,0.0,0.0,3.125,12.5,0.0,0.0,0.0,0.0,3.125,0.0
2015103010,ペプチドオーキッド,https://db.netkeiba.com/horse/ped/2015103010/,PASS,ワークフォース Workforce,ペプチドヒノトリ,クロフネ,キングズベスト King's Best,Sadler's Wells,ホーネットピアス,ファンシミン,Kingmambo,Native Dancer,Deputy Minister,Northern Dancer,Kingmambo__X__Deputy Minister,Native Dancer__X__Northern Dancer,Kingmambo__X__ファンシミン,1,Northern Dancer:4x5,0.390625,12.5,9.375,6.25,12.5,0.0,12.5,0.0,6.25,3.125,0.0,0.0,0.0,3.125,0.0,6.25,0.0,0.0,3.125,0.0
2017102294,イズジョーノキセキ,https://db.netkeiba.com/horse/ped/2017102294/,PASS,エピファネイア,キングダンサー,King Kamehameha,シンボリクリスエス,スペシャルウィーク,メインタイトル,Main Pleasure,Roberto,Hail to Reason,King Kamehameha,Native Dancer,Roberto__X__King Kamehameha,Hail to Reason__X__Native Dancer,Roberto__X__Main Pleasure,3,Halo:5x5;Mr. Prospector:4x5;Seattle Slew:5x5,0.390625,6.25,3.125,9.375,12.5,6.25,6.25,0.0,6.25,3.125,6.25,0.0,0.0,3.125,0.0,0.0,0.0,0.0,3.125,0.0
2017104103,キングスタイル,https://db.netkeiba.com/horse/ped/2017104103/,PASS,Deep Impact,トレノエンジェル,タイキシャトル,Sunday Silence,Alzao,アスクコマンダー,ミリーバード,Deep Impact,Hail to Reason,Halo,Hail to Reason,Deep Impact__X__Halo,Hail to Reason__X__Hail to Reason,Deep Impact__X__ミリーバード,4,Cosmah:4x5;Hail to Reason:4x5;Halo:3x4;Lyphard:4x5,2.734375,25.0,3.125,3.125,0.0,3.125,0.0,0.0,18.75,9.375,0.0,0.0,3.125,0.0,0.0,0.0,0.0,9.375,0.0,0.0
2016104349,アンドラステ,https://db.netkeiba.com/horse/ped/2016104349/,PASS,オルフェーヴル,ヴァリディオル,Dynaformer,Stay Gold,メジロマックイーン,ヴァレラ,Vitesse,Stay Gold,Hail to Reason,Roberto,Hail to Reason,Stay Gold__X__Roberto,Hail to Reason__X__Hail to Reason,Stay Gold__X__Vitesse,2,Hail to Reason:4x5;Northern Taste:4x5,0.390625,12.5,3.125,0.0,0.0,12.5,0.0,0.0,6.25,9.375,0.0,0.0,0.0,0.0,0.0,0.0,0.0,0.0,0.0,0.0
2017105438,クラヴェル,https://db.netkeiba.com/horse/ped/2017105438/,PASS,エピファネイア,ディアデラマドレ,King Kamehameha,シンボリクリスエス,スペシャルウィーク,ディアデラノビア,Gevar,Roberto,Hail to Reason,King Kamehameha,Native Dancer,Roberto__X__King Kamehameha,Hail to Reason__X__Native Dancer,Roberto__X__Gevar,4,Hail to Reason:5x5;Halo:4x5;Sunday Silence:3x4;Wishing Well:4x5,2.5390625,18.75,3.125,6.25,12.5,6.25,6.25,0.0,9.375,6.25,3.125,0.0,0.0,3.125,0.0,0.0,0.0,0.0,3.125,0.0
2016106255,アッシェンプッテル,https://db.netkeiba.com/horse/ped/2016106255/,PASS,バトルプラン Battle Plan,ミミオブパラダイス,ダンスインザダーク,エンパイアメーカー Empire Maker,Seeking the Gold,ヘヴンリーアドヴァイス Heavenly Advice,High Hail,Mr. Prospector,Native Dancer,Sunday Silence,Hail to Reason,Mr. Prospector__X__Sunday Silence,Native Dancer__X__Hail to Reason,Mr. Prospector__X__High Hail,3,Mr. Prospector:4x5;Northern Dancer:5x5x5x5;Raise a Native:5x5,0.9765625,12.5,12.5,9.375,0.0,0.0,0.0,0.0,6.25,3.125,0.0,0.0,6.25,6.25,0.0,0.0,0.0,0.0,6.25,0.0
2016105681,スカーフェイス,https://db.netkeiba.com/horse/ped/2016105681/,PASS,Heart's Cry,スプリングサンダー,クロフネ,Sunday Silence,Tony Bin,スプリングマンボ,Native Partner,Heart's Cry,Hail to Reason,Deputy Minister,Northern Dancer,Heart's Cry__X__Deputy Minister,Hail to Reason__X__Northern Dancer,Heart's Cry__X__Native Partner,1,Northern Dancer:5x5,0.1953125,25.0,6.25,6.25,12.5,0.0,0.0,0.0,12.5,6.25,0.0,0.0,6.25,3.125,0.0,6.25,12.5,6.25,3.125,0.0
2017110151,カフェファラオ,https://db.netkeiba.com/horse/ped/2017110151/,PASS,American Pharoah,Mary's Follies,More Than Ready,Pioneerof the Nile,Yankee Gentleman,Catch the Queen,Queen Ivor,American Pharoah,American Pharoah,Halo,Hail to Reason,American Pharoah__X__Halo,American Pharoah__X__Hail to Reason,American Pharoah__X__Queen Ivor,2,Halo:3x4;Mr. Prospector:4x5,0.0,0.0,3.125,9.375,0.0,0.0,0.0,0.0,18.75,3.125,0.0,0.0,0.0,0.0,6.25,0.0,0.0,0.0,3.125,0.0
2013103324,ハナズレジェンド,https://db.netkeiba.com/horse/ped/2013103324/,PASS,Heart's Cry,ムーンライトゼファー Moonlight Zephyr,ムーンロケット,Sunday Silence,Tony Bin,Zephyr's Test,Shibboleth,Heart's Cry,Hail to Reason,ムーンロケット,ムーンロケット,Heart's Cry__X__ムーンロケット,Hail to Reason__X__ムーンロケット,Heart's Cry__X__Shibboleth,1,Star Kingdom:5x5,0.0,25.0,3.125,0.0,0.0,0.0,0.0,3.125,12.5,6.25,0.0,0.0,0.0,3.125,0.0,0.0,12.5,6.25,0.0,0.0
2017104093,ワールドウインズ,https://db.netkeiba.com/horse/ped/2017104093/,PASS,ルーラーシップ,エイジアンウインズ,フジキセキ,King Kamehameha,Tony Bin,サクラサクII,Special,King Kamehameha,Native Dancer,Sunday Silence,Hail to Reason,King Kamehameha__X__Sunday Silence,Native Dancer__X__Hail to Reason,King Kamehameha__X__Special,2,Mr. Prospector:4x5;Northern Dancer:5x5,0.5859375,12.5,6.25,9.375,12.5,0.0,0.0,6.25,6.25,3.125,0.0,0.0,3.125,3.125,0.0,0.0,12.5,0.0,3.125,0.0
2016104556,ジェットモーション,https://db.netkeiba.com/horse/ped/2016104556/,PASS,Heart's Cry,トップモーション,シンボリクリスエス,Sunday Silence,Tony Bin,プロモーション,Thankfull,Heart's Cry,Hail to Reason,Roberto,Hail to Reason,Heart's Cry__X__Roberto,Hail to Reason__X__Hail to Reason,Heart's Cry__X__Thankfull,1,Hail to Reason:4x5,0.390625,25.0,3.125,3.125,0.0,6.25,0.0,0.0,12.5,9.375,3.125,0.0,0.0,0.0,0.0,0.0,12.5,6.25,0.0,0.0
2016100752,マイネルウィルトス,https://db.netkeiba.com/horse/ped/2016100752/,PASS,スクリーンヒーロー,マイネボヌール,ロージズインメイ Roses in May,グラスワンダー,Sunday Silence,コスモフォーチュン,ビューティマリヤ,Roberto,Hail to Reason,Halo,Hail to Reason,Roberto__X__Halo,Hail to Reason__X__Hail to Reason,Roberto__X__ビューティマリヤ,3,Hail to Reason:5x5;Halo:4x5;Northern Dancer:5x5,0.390625,12.5,6.25,3.125,0.0,6.25,0.0,6.25,9.375,6.25,0.0,0.0,0.0,0.0,0.0,0.0,0.0,0.0,0.0,0.0
2017105403,グランスピード,https://db.netkeiba.com/horse/ped/2017105403/,PASS,キズナ,センティナリー,フレンチデピュティ French Deputy,Deep Impact,Storm Cat,ジェイズジュエリー,Thankfull,Deep Impact,Hail to Reason,Deputy Minister,Northern Dancer,Deep Impact__X__Deputy Minister,Hail to Reason__X__Northern Dancer,Deep Impact__X__Thankfull,2,Hail to Reason:5x5;Northern Dancer:5x5,0.390625,12.5,6.25,0.0,0.0,6.25,0.0,0.0,6.25,6.25,0.0,0.0,0.0,0.0,12.5,12.5,0.0,3.125,0.0,0.0
2017106161,モズナガレボシ,https://db.netkeiba.com/horse/ped/2017106161/,PASS,グランプリボス,モズフリムカナイデ,クロフネ,サクラバクシンオー,Sunday Silence,スラボンスカ Slavonska,Native Partner,グランプリボス,グランプリボス,Deputy Minister,Northern Dancer,グランプリボス__X__Deputy Minister,グランプリボス__X__Northern Dancer,グランプリボス__X__Native Partner,1,Northern Dancer:5x5,0.1953125,12.5,6.25,0.0,0.0,0.0,0.0,0.0,6.25,3.125,0.0,0.0,6.25,0.0,0.0,6.25,0.0,0.0,0.0,0.0
2016110115,サトノセシル,https://db.netkeiba.com/horse/ped/2016110115/,PASS,Frankel,Dupe,Observatory,Galileo,デインヒル Danehill,Double Crossed,Aunt Tilt,Sadler's Wells,Northern Dancer,Mr. Prospector,Native Dancer,Sadler's Wells__X__Mr. Prospector,Northern Dancer__X__Native Dancer,Sadler's Wells__X__Aunt Tilt,3,Blushing Groom:4x5;Mr. Prospector:4x5;Northern Dancer:4x5x5x5,1.953125,0.0,15.625,9.375,0.0,6.25,12.5,6.25,0.0,3.125,0.0,0.0,6.25,0.0,0.0,0.0,0.0,0.0,3.125,0.0
2016104660,パルティアーモ,https://db.netkeiba.com/horse/ped/2016104660/,PASS,ワークフォース Workforce,リビアーモ,アドマイヤベガ,キングズベスト King's Best,Sadler's Wells,ラトラヴィアータ,One Clear Call,Kingmambo,Native Dancer,Sunday Silence,Hail to Reason,Kingmambo__X__Sunday Silence,Native Dancer__X__Hail to Reason,Kingmambo__X__One Clear Call,1,Northern Dancer:4x5x5,0.78125,12.5,12.5,6.25,12.5,0.0,12.5,0.0,6.25,3.125,0.0,0.0,0.0,3.125,0.0,0.0,6.25,0.0,3.125,0.0
2017101201,ヤシャマル,https://db.netkeiba.com/horse/ped/2017101201/,PASS,キズナ,シャインプレジャー,アグネスデジタル,Deep Impact,Storm Cat,ウィンヒストリー,ミスオーハヤブサ,Deep Impact,Hail to Reason,Mr. Prospector,Native Dancer,Deep Impact__X__Mr. Prospector,Hail to Reason__X__Native Dancer,Deep Impact__X__ミスオーハヤブサ,2,Lyphard:4x5;Northern Dancer:5x5,0.5859375,12.5,6.25,6.25,0.0,0.0,0.0,3.125,6.25,3.125,0.0,0.0,0.0,0.0,12.5,0.0,0.0,9.375,3.125,0.0
2016104965,エフェクトオン,https://db.netkeiba.com/horse/ped/2016104965/,PASS,Deep Impact,オヴァンボクイーン Ovambo Queen,Kalatos,Sunday Silence,Alzao,Oxalaguna,Ordensweihe,Deep Impact,Hail to Reason,Kalatos,Kalatos,Deep Impact__X__Kalatos,Hail to Reason__X__Kalatos,Deep Impact__X__Ordensweihe,0,,0.0,25.0,3.125,0.0,0.0,0.0,0.0,0.0,12.5,6.25,0.0,0.0,3.125,0.0,0.0,0.0,0.0,6.25,0.0,0.0
2018104092,トウシンモンブラン,https://db.netkeiba.com/horse/ped/2018104092/,PASS,ルーラーシップ,トウシンハンター,エンパイアメーカー Empire Maker,King Kamehameha,Tony Bin,トレンドハンター,Great Lady M.,King Kamehameha,Native Dancer,Mr. Prospector,Native Dancer,King Kamehameha__X__Mr. Prospector,Native Dancer__X__Native Dancer,King Kamehameha__X__Great Lady M.,2,Mr. Prospector:4x5;Northern Dancer:5x5,0.5859375,6.25,6.25,9.375,12.5,3.125,0.0,0.0,3.125,0.0,0.0,0.0,0.0,3.125,3.125,0.0,12.5,0.0,3.125,0.0
2018105286,ミスフィガロ,https://db.netkeiba.com/horse/ped/2018105286/,PASS,Deep Impact,ミスアンコール,King Kamehameha,Sunday Silence,Alzao,ブロードアピール,Water Cress,Deep Impact,Hail to Reason,King Kamehameha,Native Dancer,Deep Impact__X__King Kamehameha,Hail to Reason__X__Native Dancer,Deep Impact__X__Water Cress,0,,0.0,25.0,3.125,6.25,12.5,0.0,0.0,0.0,12.5,6.25,0.0,0.0,0.0,3.125,0.0,0.0,0.0,6.25,3.125,0.0
2018105345,エクランドール,https://db.netkeiba.com/horse/ped/2018105345/,PASS,Deep Impact,リュヌドール Lune d'Or,Green Tune,Sunday Silence,Alzao,Luth d'Or,Malveillante,Deep Impact,Hail to Reason,Nijinsky,Northern Dancer,Deep Impact__X__Nijinsky,Hail to Reason__X__Northern Dancer,Deep Impact__X__Malveillante,1,Northern Dancer:5x5,0.1953125,25.0,6.25,6.25,0.0,0.0,0.0,0.0,12.5,6.25,0.0,0.0,6.25,0.0,0.0,0.0,0.0,6.25,3.125,0.0
2018106352,キヨラ,https://db.netkeiba.com/horse/ped/2018106352/,PASS,エピファネイア,テンイムホウ,ラムタラ Lammtarra,シンボリクリスエス,スペシャルウィーク,ラッキーダイアリー,Reject,Roberto,Hail to Reason,Nijinsky,Northern Dancer,Roberto__X__Nijinsky,Hail to Reason__X__Northern Dancer,Roberto__X__Reject,1,Northern Dancer:4x5x5,0.5859375,6.25,12.5,0.0,0.0,6.25,6.25,0.0,3.125,3.125,3.125,0.0,12.5,0.0,0.0,0.0,0.0,0.0,0.0,0.0
2018104977,シャーレイポピー,https://db.netkeiba.com/horse/ped/2018104977/,PASS,ミッキーアイル,オリエンタルポピー,King Kamehameha,Deep Impact,ロックオブジブラルタル,トールポピー,Madelia,Deep Impact,Hail to Reason,King Kamehameha,Native Dancer,Deep Impact__X__King Kamehameha,Hail to Reason__X__Native Dancer,Deep Impact__X__Madelia,4,Halo:4x5;Nureyev:4x5x5;Sunday Silence:3x4;Wishing Well:4x5,3.125,18.75,3.125,6.25,12.5,0.0,0.0,3.125,9.375,3.125,0.0,0.0,0.0,12.5,0.0,0.0,6.25,3.125,3.125,0.0
2018102090,アイリッシュムーン,https://db.netkeiba.com/horse/ped/2018102090/,PASS,マクフィ Makfi,ナスノシベリウス,Unbridled's Song,Dubawi,Green Desert,Cradlesong,Minstress,Mr. Prospector,Native Dancer,Mr. Prospector,Native Dancer,Mr. Prospector__X__Mr. Prospector,Native Dancer__X__Native Dancer,Mr. Prospector__X__Minstress,5,Danzig:4x4;Fappiano:4x5;Mr. Prospector:5x5;Northern Dancer:5x5;Pas de Nom:5x5,1.3671875,0.0,6.25,6.25,0.0,0.0,0.0,12.5,3.125,0.0,3.125,6.25,0.0,0.0,0.0,0.0,0.0,0.0,0.0,0.0
2018105947,エイシンチラー,https://db.netkeiba.com/horse/ped/2018105947/,PASS,リアルインパクト,エーシンサーフィン,フレンチデピュティ French Deputy,Deep Impact,Meadowlake,エイシンサンサン,Mulhollande,Deep Impact,Hail to Reason,Deputy Minister,Northern Dancer,Deep Impact__X__Deputy Minister,Hail to Reason__X__Northern Dancer,Deep Impact__X__Mulhollande,4,Blue Moon:5x5;Hold Your Peace:4x4;Northern Dancer:5x5;Speak John:5x5,1.171875,12.5,6.25,0.0,0.0,0.0,0.0,0.0,6.25,3.125,0.0,0.0,0.0,0.0,0.0,12.5,0.0,3.125,3.125,0.0
2018100040,アビッグチア,https://db.netkeiba.com/horse/ped/2018100040/,PASS,リオンディーズ,シベリアンクラシカ,Siphon,King Kamehameha,スペシャルウィーク,Cheer Cheer,Cheery Bio,King Kamehameha,Native Dancer,Siphon,Siphon,King Kamehameha__X__Siphon,Native Dancer__X__Siphon,King Kamehameha__X__Cheery Bio,1,Mr. Prospector:4x5,0.390625,6.25,3.125,9.375,12.5,0.0,6.25,0.0,3.125,0.0,0.0,0.0,0.0,3.125,0.0,0.0,0.0,0.0,3.125,0.0
2018105824,ホウオウイクセル,https://db.netkeiba.com/horse/ped/2018105824/,PASS,ルーラーシップ,メジロオードリー,スペシャルウィーク,King Kamehameha,Tony Bin,メジロドーベル,メジロボサツ,King Kamehameha,Native Dancer,Sunday Silence,Hail to Reason,King Kamehameha__X__Sunday Silence,Native Dancer__X__Hail to Reason,King Kamehameha__X__メジロボサツ,1,Northern Taste:4x5,0.390625,12.5,3.125,6.25,12.5,0.0,0.0,0.0,6.25,3.125,0.0,0.0,3.125,3.125,0.0,0.0,12.5,0.0,3.125,0.0
2018105090,クリーンスイープ,https://db.netkeiba.com/horse/ped/2018105090/,PASS,ドゥラメンテ,スイープトウショウ,エンドスウィープ End Sweep,King Kamehameha,Sunday Silence,タバサトウショウ,チヤイナトウショウ,King Kamehameha,Native Dancer,Mr. Prospector,Native Dancer,King Kamehameha__X__Mr. Prospector,Native Dancer__X__Native Dancer,King Kamehameha__X__チヤイナトウショウ,4,Gold Digger:5x5;Mr. Prospector:4x4;Northern Dancer:5x5;Raise a Native:5x5,1.171875,12.5,6.25,12.5,12.5,0.0,0.0,0.0,6.25,3.125,0.0,0.0,0.0,3.125,0.0,0.0,6.25,6.25,6.25,0.0
2018103535,ホウオウラスカーズ,https://db.netkeiba.com/horse/ped/2018103535/,PASS,Deep Impact,ビーコンターン Beacon Tarn,Shamardal,Sunday Silence,Alzao,Baize,Treasure Island,Deep Impact,Hail to Reason,Storm Cat,Northern Dancer,Deep Impact__X__Storm Cat,Hail to Reason__X__Northern Dancer,Deep Impact__X__Treasure Island,0,,0.0,25.0,3.125,3.125,0.0,0.0,0.0,0.0,12.5,6.25,0.0,0.0,0.0,0.0,6.25,0.0,0.0,6.25,0.0,0.0
2018105299,プレミアエンブレム,https://db.netkeiba.com/horse/ped/2018105299/,PASS,ルーラーシップ,メジャーエンブレム,ダイワメジャー,King Kamehameha,Tony Bin,キャッチータイトル,Upper Strata,King Kamehameha,Native Dancer,Sunday Silence,Hail to Reason,King Kamehameha__X__Sunday Silence,Native Dancer__X__Hail to Reason,King Kamehameha__X__Upper Strata,3,Lady Victoria:5x5;Northern Dancer:5x5x5;Northern Taste:4x4,1.3671875,12.5,9.375,6.25,12.5,0.0,6.25,0.0,6.25,3.125,0.0,0.0,0.0,3.125,0.0,0.0,12.5,0.0,3.125,0.0
2018102035,イリマ,https://db.netkeiba.com/horse/ped/2018102035/,PASS,キズナ,ヴェントス,ウォーエンブレム War Emblem,Deep Impact,Storm Cat,ブラッシングブライド Blushing Bride,Mettle,Deep Impact,Hail to Reason,Mr. Prospector,Native Dancer,Deep Impact__X__Mr. Prospector,Hail to Reason__X__Native Dancer,Deep Impact__X__Mettle,0,,0.0,12.5,3.125,6.25,0.0,0.0,0.0,0.0,6.25,3.125,0.0,0.0,0.0,0.0,12.5,0.0,0.0,3.125,3.125,0.0
2018104240,アイコンテーラー,https://db.netkeiba.com/horse/ped/2018104240/,PASS,ドゥラメンテ,ボイルトウショウ,ケイムホーム Came Home,King Kamehameha,Sunday Silence,ミッドナイトオアシス Midnight Oasis,Shining Sun,King Kamehameha,Native Dancer,Mr. Prospector,Native Dancer,King Kamehameha__X__Mr. Prospector,Native Dancer__X__Native Dancer,King Kamehameha__X__Shining Sun,3,Gold Digger:5x5;Mr. Prospector:4x4;Raise a Native:5x5,1.171875,12.5,6.25,12.5,12.5,0.0,0.0,0.0,6.25,3.125,0.0,0.0,3.125,3.125,0.0,0.0,6.25,0.0,6.25,0.0
2018104875,スパークル,https://db.netkeiba.com/horse/ped/2018104875/,PASS,エピファネイア,アイズオンリー,ネオユニヴァース,シンボリクリスエス,スペシャルウィーク,アイランドファッション Island Fashion,Fleet Fashion,Roberto,Hail to Reason,Sunday Silence,Hail to Reason,Roberto__X__Sunday Silence,Hail to Reason__X__Hail to Reason,Roberto__X__Fleet Fashion,5,Danzig:3x4x5;Hail to Reason:5x5;Halo:4x5;Sunday Silence:3x4;Wishing Well:4x5,2.5390625,18.75,3.125,3.125,0.0,6.25,6.25,21.875,9.375,6.25,3.125,0.0,0.0,0.0,0.0,0.0,0.0,0.0,0.0,0.0
2018106835,メイショウオニユリ,https://db.netkeiba.com/horse/ped/2018106835/,PASS,ジャスタウェイ,ヒガシドリーム,ドリームジャーニー,Heart's Cry,Wild Again,シュガーハート,Tizna,Heart's Cry,Hail to Reason,Stay Gold,Hail to Reason,Heart's Cry__X__Stay Gold,Hail to Reason__X__Hail to Reason,Heart's Cry__X__Tizna,5,Halo:4x5;Lyphard:5x5;Northern Taste:5x5;Sunday Silence:3x4;Wishing Well:4x5,2.5390625,18.75,0.0,0.0,0.0,0.0,0.0,0.0,9.375,3.125,0.0,0.0,0.0,0.0,0.0,0.0,6.25,6.25,0.0,0.0
2018105347,ストゥーティ,https://db.netkeiba.com/horse/ped/2018105347/,PASS,モーリス,リラヴァティ,ゼンノロブロイ,スクリーンヒーロー,カーネギー Carnegie,シンハリーズ Singhalese,Lambay,Roberto,Hail to Reason,Sunday Silence,Hail to Reason,Roberto__X__Sunday Silence,Hail to Reason__X__Hail to Reason,Roberto__X__Lambay,4,Halo:4x5x5;Sadler's Wells:4x5;Sunday Silence:3x4;Wishing Well:4x5,2.9296875,18.75,3.125,3.125,0.0,3.125,9.375,3.125,12.5,3.125,0.0,0.0,0.0,0.0,0.0,0.0,0.0,3.125,0.0,0.0
2018100655,オータムヒロイン,https://db.netkeiba.com/horse/ped/2018100655/,PASS,スクリーンヒーロー,オータムメロディー Autumn Melody,Kingmambo,グラスワンダー,Sunday Silence,Dance of Leaves,Portage,Roberto,Hail to Reason,Kingmambo,Native Dancer,Roberto__X__Kingmambo,Hail to Reason__X__Native Dancer,Roberto__X__Portage,3,Hail to Reason:5x5;Northern Dancer:4x5x5x5;Special:5x5,1.171875,12.5,15.625,12.5,25.0,6.25,12.5,6.25,6.25,6.25,0.0,0.0,0.0,6.25,0.0,0.0,0.0,0.0,6.25,3.125
2018105909,エイシンヒテン,https://db.netkeiba.com/horse/ped/2018105909/,PASS,エイシンヒカリ,エイシンサンバレー,エイシンワシントン,Deep Impact,Storm Cat,エイシンサイレンス,Royal Entrance,Deep Impact,Hail to Reason,エイシンワシントン,エイシンワシントン,Deep Impact__X__エイシンワシントン,Hail to Reason__X__エイシンワシントン,Deep Impact__X__Royal Entrance,7,Cosmah:5x5;Hail to Reason:5x5;Halo:4x4;Mountain Flower:5x5;Sunday Silence:3x3;Understanding:5x5;Wishing Well:4x4,5.46875,25.0,3.125,3.125,0.0,0.0,0.0,0.0,12.5,6.25,0.0,0.0,0.0,0.0,12.5,0.0,0.0,3.125,0.0,0.0
2018103499,プリュムドール,https://db.netkeiba.com/horse/ped/2018103499/,PASS,ゴールドシップ,シュヴァリエ,フレンチデピュティ French Deputy,Stay Gold,メジロマックイーン,タニノカリス,Flaxen,Stay Gold,Hail to Reason,Deputy Minister,Northern Dancer,Stay Gold__X__Deputy Minister,Hail to Reason__X__Northern Dancer,Stay Gold__X__Flaxen,0,,0.0,12.5,3.125,0.0,0.0,0.0,0.0,0.0,6.25,3.125,0.0,0.0,3.125,0.0,0.0,12.5,0.0,0.0,0.0,0.0
2018105020,アンドヴァラナウト,https://db.netkeiba.com/horse/ped/2018105020/,PASS,King Kamehameha,グルヴェイグ,Deep Impact,Kingmambo,ラストタイクーン Last Tycoon,エアグルーヴ,パロクサイド,King Kamehameha,Native Dancer,Deep Impact,Hail to Reason,King Kamehameha__X__Deep Impact,Native Dancer__X__Hail to Reason,King Kamehameha__X__パロクサイド,1,Northern Dancer:5x5x5,0.390625,12.5,9.375,12.5,25.0,0.0,0.0,0.0,6.25,3.125,0.0,0.0,0.0,6.25,0.0,0.0,12.5,3.125,6.25,3.125
2018105263,コーディアル,https://db.netkeiba.com/horse/ped/2018105263/,PASS,エピファネイア,ボンジュールココロ,リンカーン,シンボリクリスエス,スペシャルウィーク,レディネス,Amalesian,Roberto,Hail to Reason,Sunday Silence,Hail to Reason,Roberto__X__Sunday Silence,Hail to Reason__X__Hail to Reason,Roberto__X__Amalesian,6,Hail to Reason:5x5;Halo:4x5;Northern Dancer:5x5;Sadler's Wells:4x5;Sunday Silence:3x4;Wishing Well:4x5,3.125,18.75,6.25,0.0,0.0,6.25,9.375,6.25,9.375,6.25,3.125,0.0,3.125,0.0,0.0,0.0,6.25,0.0,3.125,0.0
2018101067,オパールムーン,https://db.netkeiba.com/horse/ped/2018101067/,PASS,ヴィクトワールピサ,コパノマルコリーニ,マヤノトップガン,ネオユニヴァース,Machiavellian,ステファーナ,ニアーリーズン,Sunday Silence,Hail to Reason,Roberto,Hail to Reason,Sunday Silence__X__Roberto,Hail to Reason__X__Hail to Reason,Sunday Silence__X__ニアーリーズン,4,Bramalea:5x5;Hail to Reason:5x5x5;Halo:4x5;Roberto:4x4,0.390625,12.5,3.125,6.25,0.0,12.5,0.0,0.0,9.375,9.375,0.0,0.0,0.0,0.0,0.0,0.0,0.0,0.0,3.125,0.0
2018101945,タガノディアーナ,https://db.netkeiba.com/horse/ped/2018101945/,PASS,リオンディーズ,アルーア,Deep Impact,King Kamehameha,スペシャルウィーク,アルーリングアクト,Dame Fritchie,King Kamehameha,Native Dancer,Deep Impact,Hail to Reason,King Kamehameha__X__Deep Impact,Native Dancer__X__Hail to Reason,King Kamehameha__X__Dame Fritchie,5,Hail to Reason:5x5;Halo:4x5;Mr. Prospector:4x5x5;Sunday Silence:3x4;Wishing Well:4x5,3.125,18.75,3.125,12.5,12.5,0.0,6.25,0.0,9.375,6.25,0.0,0.0,0.0,3.125,0.0,0.0,0.0,3.125,3.125,0.0
2018105382,レアシャンパーニュ,https://db.netkeiba.com/horse/ped/2018105382/,PASS,エピファネイア,ロゼシャンパーニュ,ゼンノロブロイ,シンボリクリスエス,スペシャルウィーク,アーティストチョイス Artist's Choice,Allez France,Roberto,Hail to Reason,Sunday Silence,Hail to Reason,Roberto__X__Sunday Silence,Hail to Reason__X__Hail to Reason,Roberto__X__Allez France,5,Hail to Reason:5x5;Halo:4x5;Roberto:4x5;Sunday Silence:3x4;Wishing Well:4x5,2.9296875,18.75,3.125,3.125,0.0,9.375,6.25,0.0,9.375,6.25,3.125,0.0,0.0,3.125,6.25,0.0,0.0,0.0,0.0,0.0
2018103085,ベルウッドエオ,https://db.netkeiba.com/horse/ped/2018103085/,PASS,ルーラーシップ,ショウナンガッド,フジキセキ,King Kamehameha,Tony Bin,シャンラン Xianlang,Death Ray,King Kamehameha,Native Dancer,Sunday Silence,Hail to Reason,King Kamehameha__X__Sunday Silence,Native Dancer__X__Hail to Reason,King Kamehameha__X__Death Ray,3,Blakeney:5x5;Northern Dancer:5x5;Nureyev:4x5,0.78125,12.5,6.25,6.25,12.5,0.0,0.0,0.0,6.25,3.125,0.0,0.0,0.0,9.375,0.0,0.0,12.5,0.0,3.125,0.0
2018104579,カレンルシェルブル,https://db.netkeiba.com/horse/ped/2018104579/,PASS,ハービンジャー Harbinger,カレンケカリーナ,Heart's Cry,Dansili,Bering,センスオブアート,Execution,Danzig,Northern Dancer,Heart's Cry,Hail to Reason,Danzig__X__Heart's Cry,Northern Dancer__X__Hail to Reason,Danzig__X__Execution,2,Lyphard:4x5x5;Northern Dancer:5x5x5,0.9765625,12.5,9.375,0.0,0.0,0.0,0.0,6.25,6.25,3.125,0.0,0.0,0.0,0.0,0.0,0.0,6.25,12.5,0.0,0.0
2018105131,セファーラジエル,https://db.netkeiba.com/horse/ped/2018105131/,PASS,キズナ,ダークサファイア,Out of Place,Deep Impact,Storm Cat,ダーケストスター Darkest Star,Level Sands,Deep Impact,Hail to Reason,Out of Place,Out of Place,Deep Impact__X__Out of Place,Hail to Reason__X__Out of Place,Deep Impact__X__Level Sands,3,Damascus:4x4;Kerala:5x5;Sword Dancer:5x5,1.171875,12.5,3.125,0.0,0.0,0.0,0.0,0.0,6.25,3.125,0.0,0.0,0.0,0.0,12.5,0.0,0.0,3.125,0.0,0.0
2018100179,シゲルソウサイ,https://db.netkeiba.com/horse/ped/2018100179/,PASS,エピファネイア,ヴァルホーリング Valhalling,Halling,シンボリクリスエス,スペシャルウィーク,Warranty Applied,Rosy Fingered,Roberto,Hail to Reason,Halling,Halling,Roberto__X__Halling,Hail to Reason__X__Halling,Roberto__X__Rosy Fingered,1,Northern Dancer:5x5,0.1953125,6.25,6.25,0.0,0.0,6.25,6.25,0.0,3.125,3.125,3.125,0.0,3.125,0.0,0.0,0.0,0.0,6.25,0.0,0.0
2018105215,イクスプロージョン,https://db.netkeiba.com/horse/ped/2018105215/,PASS,オルフェーヴル,ファシネイション,シンボリクリスエス,Stay Gold,メジロマックイーン,グローリアスデイズ,Sun Princess,Stay Gold,Hail to Reason,Roberto,Hail to Reason,Stay Gold__X__Roberto,Hail to Reason__X__Hail to Reason,Stay Gold__X__Sun Princess,8,Cosmah:5x5;Hail to Reason:5x5x5;Halo:4x4;Mountain Flower:5x5;Northern Taste:4x5;Sunday Silence:3x3;Understanding:5x5;Wishing Well:4x4,5.6640625,25.0,3.125,0.0,0.0,6.25,3.125,0.0,12.5,9.375,3.125,0.0,0.0,0.0,0.0,0.0,6.25,0.0,0.0,0.0
2018104463,テイエムタツマキ,https://db.netkeiba.com/horse/ped/2018104463/,PASS,キズナ,ウィローパドック,クロフネ,Deep Impact,Storm Cat,ラスリングカプス,Gracile,Deep Impact,Hail to Reason,Deputy Minister,Northern Dancer,Deep Impact__X__Deputy Minister,Hail to Reason__X__Northern Dancer,Deep Impact__X__Gracile,1,Northern Dancer:5x5,0.1953125,12.5,6.25,6.25,0.0,0.0,0.0,0.0,6.25,3.125,0.0,0.0,0.0,0.0,12.5,6.25,0.0,3.125,3.125,0.0
2017105269,ベレヌス,https://db.netkeiba.com/horse/ped/2017105269/,PASS,タートルボウル Turtle Bowl,カフヴァール,デュランダル,Dyhim Diamond,Top Ville,スペシャルアラート Special Alert,Piece of Pie,Northern Dancer,Northern Dancer,Sunday Silence,Hail to Reason,Northern Dancer__X__Sunday Silence,Northern Dancer__X__Hail to Reason,Northern Dancer__X__Piece of Pie,1,Northern Dancer:4x5x5,0.78125,12.5,12.5,6.25,0.0,0.0,0.0,0.0,6.25,3.125,0.0,0.0,0.0,0.0,0.0,0.0,0.0,6.25,3.125,0.0
2018105285,サルファーコスモス,https://db.netkeiba.com/horse/ped/2018105285/,PASS,King Kamehameha,ミクロコスモス,ネオユニヴァース,Kingmambo,ラストタイクーン Last Tycoon,ユーアンミー Uanme,Reply,King Kamehameha,Native Dancer,Sunday Silence,Hail to Reason,King Kamehameha__X__Sunday Silence,Native Dancer__X__Hail to Reason,King Kamehameha__X__Reply,2,Mr. Prospector:3x5;Northern Dancer:5x5,0.78125,12.5,6.25,15.625,25.0,0.0,0.0,0.0,6.25,3.125,0.0,0.0,0.0,6.25,0.0,0.0,0.0,0.0,6.25,3.125
2018104914,アナザーリリック,https://db.netkeiba.com/horse/ped/2018104914/,PASS,リオンディーズ,アンソロジー,サクラバクシンオー,King Kamehameha,スペシャルウィーク,ポップス,Calaki,King Kamehameha,Native Dancer,サクラバクシンオー,サクラバクシンオー,King Kamehameha__X__サクラバクシンオー,Native Dancer__X__サクラバクシンオー,King Kamehameha__X__Calaki,4,Halo:4x5;Northern Dancer:5x5;Sunday Silence:3x4;Wishing Well:4x5,2.5390625,18.75,6.25,6.25,12.5,0.0,6.25,0.0,9.375,3.125,0.0,0.0,0.0,3.125,0.0,0.0,0.0,0.0,3.125,0.0
2018103563,ロードトゥフェイム,https://db.netkeiba.com/horse/ped/2018103563/,PASS,マツリダゴッホ,ラドランファーマ,ホワイトマズル White Muzzle,Sunday Silence,Bel Bolide,ヒデアスタイアー,Desert Vision,Sunday Silence,Hail to Reason,Lyphard,Northern Dancer,Sunday Silence__X__Lyphard,Hail to Reason__X__Northern Dancer,Sunday Silence__X__Desert Vision,1,Northern Dancer:5x5,0.0,25.0,6.25,0.0,0.0,0.0,0.0,0.0,12.5,6.25,0.0,0.0,6.25,0.0,0.0,0.0,0.0,6.25,0.0,0.0
2018110137,エアサージュ,https://db.netkeiba.com/horse/ped/2018110137/,PASS,Point of Entry,Nokaze,エンパイアメーカー Empire Maker,Dynaformer,Seeking the Gold,Macarena Macarena,Miss Swapsco,Roberto,Hail to Reason,Mr. Prospector,Native Dancer,Roberto__X__Mr. Prospector,Hail to Reason__X__Native Dancer,Roberto__X__Miss Swapsco,5,Gold Digger:5x5;Hail to Reason:4x5;His Majesty:4x5;Mr. Prospector:4x4x5;Raise a Native:5x5,1.953125,0.0,3.125,15.625,0.0,12.5,0.0,0.0,6.25,9.375,0.0,0.0,3.125,0.0,0.0,0.0,0.0,0.0,6.25,0.0
2018105155,ディヴァインラヴ,https://db.netkeiba.com/horse/ped/2018105155/,PASS,エピファネイア,ディープラヴ,Deep Impact,シンボリクリスエス,スペシャルウィーク,シーズインクルーデッド She's Included,Pass the Mums,Roberto,Hail to Reason,Deep Impact,Hail to Reason,Roberto__X__Deep Impact,Hail to Reason__X__Hail to Reason,Roberto__X__Pass the Mums,4,Hail to Reason:5x5;Halo:4x5;Sunday Silence:3x4;Wishing Well:4x5,2.5390625,18.75,3.125,0.0,0.0,6.25,6.25,0.0,9.375,6.25,3.125,0.0,0.0,0.0,0.0,0.0,0.0,3.125,0.0,0.0
2018100420,ノースザワールド,https://db.netkeiba.com/horse/ped/2018100420/,PASS,Deep Impact,パスオブドリームズ Path of Dreams,Giant's Causeway,Sunday Silence,Alzao,Path of Thunder,シユジンスキー,Deep Impact,Hail to Reason,Storm Cat,Northern Dancer,Deep Impact__X__Storm Cat,Hail to Reason__X__Northern Dancer,Deep Impact__X__シユジンスキー,2,Northern Dancer:5x5;Storm Bird:4x5,0.1953125,25.0,6.25,3.125,0.0,3.125,0.0,0.0,12.5,6.25,0.0,0.0,0.0,0.0,12.5,0.0,0.0,6.25,0.0,0.0
2018104960,アリーヴォ,https://db.netkeiba.com/horse/ped/2018104960/,PASS,ドゥラメンテ,エスメラルディーナ,Harlan's Holiday,King Kamehameha,Sunday Silence,ターシャズスター,Raise a Penny,King Kamehameha,Native Dancer,Storm Cat,Northern Dancer,King Kamehameha__X__Storm Cat,Native Dancer__X__Northern Dancer,King Kamehameha__X__Raise a Penny,1,Halo:4x5,0.390625,12.5,0.0,6.25,12.5,0.0,0.0,0.0,9.375,3.125,0.0,0.0,0.0,3.125,6.25,0.0,6.25,0.0,3.125,0.0
2016106232,カイザーミノル,https://db.netkeiba.com/horse/ped/2016106232/,PASS,ロードカナロア,ストライクルート,Smart Strike,King Kamehameha,Storm Cat,Tadwiga,Cockade,King Kamehameha,Native Dancer,Mr. Prospector,Native Dancer,King Kamehameha__X__Mr. Prospector,Native Dancer__X__Native Dancer,King Kamehameha__X__Cockade,4,Gold Digger:4x5;Mr. Prospector:3x4;Northern Dancer:4x5;Raise a Native:4x5,2.734375,0.0,9.375,18.75,12.5,0.0,0.0,0.0,0.0,0.0,0.0,0.0,0.0,3.125,12.5,0.0,0.0,0.0,9.375,3.125
2017105000,アンティシペイト,https://db.netkeiba.com/horse/ped/2017105000/,PASS,ルーラーシップ,アンチュラス,Deep Impact,King Kamehameha,Tony Bin,アンチョ Ancho,Baby Martini,King Kamehameha,Native Dancer,Deep Impact,Hail to Reason,King Kamehameha__X__Deep Impact,Native Dancer__X__Hail to Reason,King Kamehameha__X__Baby Martini,0,,0.0,12.5,3.125,6.25,12.5,0.0,0.0,0.0,6.25,3.125,0.0,0.0,0.0,3.125,0.0,0.0,12.5,3.125,3.125,0.0
2017105607,テルツェット,https://db.netkeiba.com/horse/ped/2017105607/,PASS,Deep Impact,ラッドルチェンド,Danehill Dancer,Sunday Silence,Alzao,ラヴズオンリーミー Loves Only Me,Pasadoble,Deep Impact,Hail to Reason,Danzig,Northern Dancer,Deep Impact__X__Danzig,Hail to Reason__X__Northern Dancer,Deep Impact__X__Pasadoble,1,Northern Dancer:5x5x5,0.390625,25.0,9.375,6.25,0.0,0.0,0.0,6.25,12.5,6.25,0.0,0.0,0.0,3.125,12.5,0.0,0.0,6.25,3.125,0.0
2019104762,ポッドボレット,https://db.netkeiba.com/horse/ped/2019104762/,PASS,ジャスタウェイ,シーエスシルク C. S. Silk,Medaglia d'Oro,Heart's Cry,Wild Again,Remember the Day,Call Card,Heart's Cry,Hail to Reason,Sadler's Wells,Northern Dancer,Heart's Cry__X__Sadler's Wells,Hail to Reason__X__Northern Dancer,Heart's Cry__X__Call Card,0,,0.0,12.5,3.125,0.0,0.0,0.0,6.25,0.0,6.25,3.125,0.0,0.0,0.0,0.0,0.0,0.0,6.25,3.125,3.125,0.0
2019105844,ディープレイヤー,https://db.netkeiba.com/horse/ped/2019105844/,PASS,ディーマジェスティ,クインズプレイヤー,トウカイテイオー,Deep Impact,ブライアンズタイム Brian's Time,フレイバーギフト,Lavant,Deep Impact,Hail to Reason,トウカイテイオー,トウカイテイオー,Deep Impact__X__トウカイテイオー,Hail to Reason__X__トウカイテイオー,Deep Impact__X__Lavant,3,Hail to Reason:5x5;Northern Dancer:5x5;ファバージ:5x5,0.1953125,12.5,6.25,0.0,0.0,6.25,6.25,0.0,6.25,6.25,0.0,0.0,0.0,0.0,0.0,0.0,0.0,3.125,0.0,0.0
2019101348,ビーアストニッシド,https://db.netkeiba.com/horse/ped/2019101348/,PASS,アメリカンペイトリオット,マオリオ,ネオユニヴァース,War Front,Tiznow,ジョウノファミリー,ヤマユリ,Danzig,Northern Dancer,Sunday Silence,Hail to Reason,Danzig__X__Sunday Silence,Northern Dancer__X__Hail to Reason,Danzig__X__ヤマユリ,0,,0.0,12.5,6.25,3.125,6.25,3.125,0.0,12.5,6.25,3.125,0.0,0.0,0.0,0.0,0.0,0.0,0.0,0.0,0.0,0.0
2019105654,シホノスペランツァ,https://db.netkeiba.com/horse/ped/2019105654/,PASS,ブラックタイド,メジロスプレンダー,シンボリクリスエス,Sunday Silence,Alzao,クライウィズジョイ,アンティックヴァリュー,Sunday Silence,Hail to Reason,Roberto,Hail to Reason,Sunday Silence__X__Roberto,Hail to Reason__X__Hail to Reason,Sunday Silence__X__アンティックヴァリュー,1,Hail to Reason:4x5,0.390625,25.0,3.125,0.0,0.0,6.25,0.0,0.0,12.5,9.375,3.125,0.0,0.0,0.0,0.0,0.0,12.5,6.25,0.0,0.0
2019100628,トゥデイイズザデイ,https://db.netkeiba.com/horse/ped/2019100628/,PASS,Deep Impact,キトゥンズクイーン Kitten's Queen,Kitten's Joy,Sunday Silence,Alzao,High Chant,Never Scheme,Deep Impact,Hail to Reason,Sadler's Wells,Northern Dancer,Deep Impact__X__Sadler's Wells,Hail to Reason__X__Northern Dancer,Deep Impact__X__Never Scheme,2,Northern Dancer:5x5x5;Sir Ivor:5x5,0.5859375,25.0,9.375,0.0,0.0,3.125,6.25,6.25,12.5,6.25,0.0,0.0,0.0,0.0,0.0,3.125,0.0,6.25,0.0,0.0
2019103588,ライラック,https://db.netkeiba.com/horse/ped/2019103588/,PASS,オルフェーヴル,ヴィーヴァブーケ,King Kamehameha,Stay Gold,メジロマックイーン,ブルーリッジリバー,Consentida,Stay Gold,Hail to Reason,King Kamehameha,Native Dancer,Stay Gold__X__King Kamehameha,Hail to Reason__X__Native Dancer,Stay Gold__X__Consentida,6,Halo:4x5;Lady Victoria:5x5;Northern Dancer:5x5;Northern Taste:4x4x5;Sunday Silence:3x4;Wishing Well:4x5,3.90625,18.75,6.25,6.25,12.5,0.0,0.0,0.0,9.375,3.125,0.0,0.0,0.0,3.125,0.0,0.0,0.0,0.0,3.125,0.0
2019105498,フィデル,https://db.netkeiba.com/horse/ped/2019105498/,PASS,Heart's Cry,ラッキートゥビーミー Lucky to Be Me,Bernstein,Sunday Silence,Tony Bin,Belle Erzulie,Voo Doo Dance,Heart's Cry,Hail to Reason,Storm Cat,Northern Dancer,Heart's Cry__X__Storm Cat,Hail to Reason__X__Northern Dancer,Heart's Cry__X__Voo Doo Dance,1,Northern Dancer:5x5,0.1953125,25.0,6.25,3.125,0.0,0.0,0.0,0.0,12.5,6.25,3.125,6.25,0.0,0.0,12.5,0.0,12.5,6.25,0.0,0.0
2019103662,ジャスティンロック,https://db.netkeiba.com/horse/ped/2019103662/,PASS,リオンディーズ,フラワーロック,アッミラーレ,King Kamehameha,スペシャルウィーク,カシオペアレディ,シャークスキン,King Kamehameha,Native Dancer,Sunday Silence,Hail to Reason,King Kamehameha__X__Sunday Silence,Native Dancer__X__Hail to Reason,King Kamehameha__X__シャークスキン,4,Halo:4x5;Northern Dancer:5x5;Sunday Silence:3x4;Wishing Well:4x5,2.5390625,18.75,6.25,6.25,12.5,0.0,6.25,6.25,9.375,3.125,0.0,0.0,0.0,3.125,0.0,0.0,0.0,0.0,3.125,0.0
2019104579,キャンデセント,https://db.netkeiba.com/horse/ped/2019104579/,PASS,Deep Impact,トータルヒート,Street Cry,Sunday Silence,Alzao,リーサルヒート,Out Draw,Deep Impact,Hail to Reason,Mr. Prospector,Native Dancer,Deep Impact__X__Mr. Prospector,Hail to Reason__X__Native Dancer,Deep Impact__X__Out Draw,2,Halo:3x5;Northern Dancer:5x5,0.9765625,25.0,6.25,6.25,0.0,0.0,0.0,0.0,15.625,6.25,3.125,0.0,0.0,6.25,0.0,0.0,0.0,6.25,3.125,0.0
2019106852,グッドフェイス,https://db.netkeiba.com/horse/ped/2019106852/,PASS,キズナ,アイリーグレイ,クロフネ,Deep Impact,Storm Cat,ジョリブロンド,All Things New,Deep Impact,Hail to Reason,Deputy Minister,Northern Dancer,Deep Impact__X__Deputy Minister,Hail to Reason__X__Northern Dancer,Deep Impact__X__All Things New,2,Halo:4x5;Lyphard:5x5,0.5859375,12.5,3.125,0.0,0.0,0.0,0.0,0.0,9.375,3.125,0.0,0.0,0.0,0.0,12.5,6.25,12.5,6.25,0.0,0.0
2017104570,ウインドジャマー,https://db.netkeiba.com/horse/ped/2017104570/,PASS,スピルバーグ,クラウンアスリート,アフリート Afleet,Deep Impact,Lycius,クラウンフォレスト,Glamour,Deep Impact,Hail to Reason,Mr. Prospector,Native Dancer,Deep Impact__X__Mr. Prospector,Hail to Reason__X__Native Dancer,Deep Impact__X__Glamour,6,Gold Digger:4x5;Lyphard:5x5;Mr. Prospector:3x4;Northern Dancer:5x5;Raise a Native:4x5;Tom Fool:5x5,2.5390625,12.5,6.25,18.75,0.0,0.0,6.25,6.25,6.25,3.125,0.0,0.0,0.0,0.0,0.0,0.0,0.0,6.25,9.375,3.125
2016104998,アスティ,https://db.netkeiba.com/horse/ped/2016104998/,PASS,オルフェーヴル,クィーンスプマンテ,ジャングルポケット,Stay Gold,メジロマックイーン,センボンザクラ,Moll Flanders,Stay Gold,Hail to Reason,Tony Bin,Tony Bin,Stay Gold__X__Tony Bin,Hail to Reason__X__Tony Bin,Stay Gold__X__Moll Flanders,3,Lady Victoria:5x5;Northern Dancer:5x5x5;Northern Taste:4x4x5,1.7578125,12.5,9.375,0.0,0.0,0.0,0.0,0.0,6.25,3.125,0.0,0.0,0.0,6.25,0.0,0.0,12.5,0.0,0.0,0.0
2016104946,シルヴァーソニック,https://db.netkeiba.com/horse/ped/2016104946/,PASS,オルフェーヴル,エアトゥーレ,Tony Bin,Stay Gold,メジロマックイーン,スキーパラダイス Ski Paradise,Cable Censor,Stay Gold,Hail to Reason,Tony Bin,Tony Bin,Stay Gold__X__Tony Bin,Hail to Reason__X__Tony Bin,Stay Gold__X__Cable Censor,2,Northern Dancer:4x5;Northern Taste:4x5,0.390625,12.5,9.375,0.0,0.0,0.0,0.0,0.0,6.25,3.125,0.0,0.0,3.125,0.0,0.0,0.0,25.0,12.5,0.0,0.0
2018105081,ジェラルディーナ,https://db.netkeiba.com/horse/ped/2018105081/,PASS,モーリス,ジェンティルドンナ,Deep Impact,スクリーンヒーロー,カーネギー Carnegie,ドナブリーニ Donna Blini,Beau Darling,Roberto,Hail to Reason,Deep Impact,Hail to Reason,Roberto__X__Deep Impact,Hail to Reason__X__Hail to Reason,Roberto__X__Beau Darling,6,Danzig:4x5;Halo:4x5;Lyphard:5x5x5;Northern Dancer:5x5;Sunday Silence:3x4;Wishing Well:4x5,3.3203125,18.75,6.25,0.0,0.0,3.125,6.25,9.375,9.375,3.125,0.0,0.0,0.0,0.0,0.0,0.0,0.0,9.375,0.0,0.0
2015103616,メイショウオーパス,https://db.netkeiba.com/horse/ped/2015103616/,PASS,メイショウボーラー,マンハッタンミート,マンハッタンカフェ,タイキシャトル,Storm Cat,ダノンエトランゼル,Migratory,Halo,Hail to Reason,Sunday Silence,Hail to Reason,Halo__X__Sunday Silence,Hail to Reason__X__Hail to Reason,Halo__X__Migratory,4,Cosmah:5x5;Hail to Reason:5x5;Halo:4x4;Nijinsky:5x5,1.3671875,12.5,3.125,3.125,0.0,0.0,0.0,0.0,12.5,6.25,0.0,0.0,6.25,0.0,12.5,0.0,0.0,0.0,0.0,0.0
2016100733,マイネルフラップ,https://db.netkeiba.com/horse/ped/2016100733/,PASS,ヴィクトワールピサ,マイネエレーナ,ロージズインメイ Roses in May,ネオユニヴァース,Machiavellian,ゲイリーピクシー,タミアナ,Sunday Silence,Hail to Reason,Halo,Hail to Reason,Sunday Silence__X__Halo,Hail to Reason__X__Hail to Reason,Sunday Silence__X__タミアナ,2,Ballade:5x5;Halo:4x5x5x5,1.171875,12.5,3.125,6.25,0.0,0.0,0.0,0.0,15.625,3.125,0.0,0.0,0.0,0.0,0.0,0.0,0.0,0.0,3.125,0.0
2019102531,シェルビーズアイ,https://db.netkeiba.com/horse/ped/2019102531/,PASS,ハービンジャー Harbinger,ポントマイコ,ゼンノロブロイ,Dansili,Bering,マイコノエリ,Arctique Royale,Danzig,Northern Dancer,Sunday Silence,Hail to Reason,Danzig__X__Sunday Silence,Northern Dancer__X__Hail to Reason,Danzig__X__Arctique Royale,1,Northern Dancer:5x5,0.0,12.5,6.25,3.125,0.0,0.0,0.0,6.25,6.25,3.125,0.0,0.0,0.0,0.0,0.0,0.0,0.0,3.125,0.0,0.0
2019105792,アケルナルスター,https://db.netkeiba.com/horse/ped/2019105792/,PASS,トーセンラー,パリージョ,タイキシャトル,Deep Impact,Lycius,アレグリアス,Highclere,Deep Impact,Hail to Reason,Halo,Hail to Reason,Deep Impact__X__Halo,Hail to Reason__X__Hail to Reason,Deep Impact__X__Highclere,11,Burghclere:4x4;Busted:5x5;Cosmah:5x5;Gold Digger:5x5;Hail to Reason:5x5;Halo:4x4;Highclere:5x5;Lyphard:5x5;Mr. Prospector:4x4;Northern Dancer:5x5;Raise a Native:5x5,3.7109375,12.5,6.25,12.5,0.0,0.0,6.25,0.0,12.5,6.25,0.0,0.0,3.125,0.0,0.0,0.0,0.0,6.25,6.25,0.0
2019101782,ラーグルフ,https://db.netkeiba.com/horse/ped/2019101782/,PASS,モーリス,アバンドーネ,ファルブラヴ Falbrav,スクリーンヒーロー,カーネギー Carnegie,ロスグラシアレス,バラダ,Roberto,Hail to Reason,Northern Dancer,Northern Dancer,Roberto__X__Northern Dancer,Hail to Reason__X__Northern Dancer,Roberto__X__バラダ,6,Fairy Bridge:4x5;Halo:5x5;Northern Dancer:4x5;Roberto:5x5;Sunday Silence:4x4;Wishing Well:5x5,2.1484375,12.5,9.375,3.125,0.0,6.25,6.25,3.125,6.25,0.0,3.125,0.0,0.0,0.0,0.0,0.0,0.0,3.125,0.0,0.0
2019100861,グランドライン,https://db.netkeiba.com/horse/ped/2019100861/,PASS,ドゥラメンテ,グランシャルム,Dylan Thomas,King Kamehameha,Sunday Silence,ロイヤルファンタジー,Bring Out the Band,King Kamehameha,Native Dancer,Danzig,Northern Dancer,King Kamehameha__X__Danzig,Native Dancer__X__Northern Dancer,King Kamehameha__X__Bring Out the Band,1,His Majesty:5x5,0.0,12.5,3.125,6.25,12.5,3.125,0.0,6.25,6.25,3.125,0.0,0.0,0.0,3.125,0.0,0.0,6.25,0.0,3.125,0.0
2019105155,キラーアビリティ,https://db.netkeiba.com/horse/ped/2019105155/,PASS,Deep Impact,キラーグレイシス Killer Graces,Congaree,Sunday Silence,Alzao,Heatherdoesntbluff,Gleaming Water,Deep Impact,Hail to Reason,Congaree,Congaree,Deep Impact__X__Congaree,Hail to Reason__X__Congaree,Deep Impact__X__Gleaming Water,1,Northern Dancer:5x5x5,0.390625,25.0,9.375,0.0,0.0,0.0,0.0,0.0,12.5,6.25,3.125,6.25,0.0,0.0,0.0,0.0,0.0,6.25,0.0,0.0
2019105194,コマンドライン,https://db.netkeiba.com/horse/ped/2019105194/,PASS,Deep Impact,コンドコマンド Condo Commando,Tiz Wonderful,Sunday Silence,Alzao,Yearly Report,Fiscal Fun,Deep Impact,Hail to Reason,Tiz Wonderful,Tiz Wonderful,Deep Impact__X__Tiz Wonderful,Hail to Reason__X__Tiz Wonderful,Deep Impact__X__Fiscal Fun,0,,0.0,25.0,3.125,3.125,0.0,0.0,0.0,0.0,12.5,6.25,6.25,0.0,0.0,0.0,3.125,0.0,0.0,6.25,0.0,0.0
2019104666,サトノヘリオス,https://db.netkeiba.com/horse/ped/2019104666/,PASS,エピファネイア,エアマグダラ,Sunday Silence,シンボリクリスエス,スペシャルウィーク,エアデジャヴー,Tobacco Trail,Roberto,Hail to Reason,Sunday Silence,Hail to Reason,Roberto__X__Sunday Silence,Hail to Reason__X__Hail to Reason,Roberto__X__Tobacco Trail,5,Hail to Reason:4x5;Halo:3x5;Northern Dancer:4x5;Sunday Silence:2x4;Wishing Well:3x5,5.46875,31.25,9.375,0.0,0.0,6.25,6.25,0.0,15.625,9.375,3.125,0.0,0.0,0.0,0.0,0.0,0.0,0.0,0.0,0.0
2019105346,ジャスティンパレス,https://db.netkeiba.com/horse/ped/2019105346/,PASS,Deep Impact,パレスルーマー Palace Rumor,Royal Anthem,Sunday Silence,Alzao,Whisperifyoudare,Ecstatica,Deep Impact,Hail to Reason,Nureyev,Northern Dancer,Deep Impact__X__Nureyev,Hail to Reason__X__Northern Dancer,Deep Impact__X__Ecstatica,2,Hail to Reason:4x5;Northern Dancer:5x5,0.5859375,25.0,6.25,0.0,0.0,6.25,0.0,0.0,12.5,9.375,0.0,0.0,0.0,6.25,0.0,0.0,0.0,6.25,0.0,0.0
2019104658,ボーンディスウェイ,https://db.netkeiba.com/horse/ped/2019104658/,PASS,Heart's Cry,ウィンドハック Windhuk,Platini,Sunday Silence,Tony Bin,Waconda,Ponte Vecchio,Heart's Cry,Hail to Reason,Platini,Platini,Heart's Cry__X__Platini,Hail to Reason__X__Platini,Heart's Cry__X__Ponte Vecchio,0,,0.0,25.0,3.125,0.0,0.0,0.0,0.0,0.0,12.5,6.25,0.0,0.0,0.0,0.0,0.0,0.0,12.5,6.25,0.0,0.0
2019102879,マテンロウレオ,https://db.netkeiba.com/horse/ped/2019102879/,PASS,Heart's Cry,サラトガヴィーナス,ブライアンズタイム Brian's Time,Sunday Silence,Tony Bin,Danzig,Sovereign Lady,Heart's Cry,Hail to Reason,Roberto,Hail to Reason,Heart's Cry__X__Roberto,Hail to Reason__X__Hail to Reason,Heart's Cry__X__Sovereign Lady,5,Danzig:2x3;Hail to Reason:4x4;Northern Dancer:4x5;Nothirdchance:5x5;Turn-to:5x5,1.5625,25.0,9.375,0.0,0.0,12.5,0.0,37.5,12.5,12.5,0.0,0.0,0.0,0.0,0.0,0.0,12.5,6.25,0.0,0.0
2019101846,クラウンドマジック,https://db.netkeiba.com/horse/ped/2019101846/,PASS,エピファネイア,クラウンドジャック,ヴィクトワールピサ,シンボリクリスエス,スペシャルウィーク,ゴールデンジャック,Nice Princess,Roberto,Hail to Reason,Sunday Silence,Hail to Reason,Roberto__X__Sunday Silence,Hail to Reason__X__Hail to Reason,Roberto__X__Nice Princess,5,Halo:5x5;Mr. Prospector:4x5;Northern Dancer:5x5;Sunday Silence:4x4;Wishing Well:5x5,1.3671875,12.5,6.25,9.375,0.0,6.25,6.25,6.25,6.25,3.125,3.125,0.0,0.0,0.0,0.0,0.0,0.0,0.0,3.125,0.0
2019104756,オニャンコポン,https://db.netkeiba.com/horse/ped/2019104756/,PASS,エイシンフラッシュ,シャリオドール,ヴィクトワールピサ,キングズベスト King's Best,Platini,サプレザ Sahpresa,Skeptic Lady,Kingmambo,Native Dancer,Sunday Silence,Hail to Reason,Kingmambo__X__Sunday Silence,Native Dancer__X__Hail to Reason,Kingmambo__X__Skeptic Lady,4,Gold Digger:5x5;Kris:5x5;Mr. Prospector:4x4x5;Raise a Native:5x5,1.7578125,6.25,0.0,15.625,12.5,0.0,3.125,0.0,3.125,0.0,0.0,0.0,0.0,3.125,0.0,0.0,0.0,0.0,6.25,0.0
2019102384,タイラーテソーロ,https://db.netkeiba.com/horse/ped/2019102384/,PASS,ゴールドシップ,ノウ Know,Street Cry,Stay Gold,メジロマックイーン,Gypsy's Warning,Apsara,Stay Gold,Hail to Reason,Mr. Prospector,Native Dancer,Stay Gold__X__Mr. Prospector,Hail to Reason__X__Native Dancer,Stay Gold__X__Apsara,3,Coup de Folie:4x4;Halo:4x5x5;Raise the Standard:5x5,0.78125,12.5,0.0,6.25,0.0,0.0,0.0,0.0,12.5,3.125,0.0,0.0,0.0,0.0,6.25,0.0,0.0,0.0,3.125,0.0
2019104937,アスクワイルドモア,https://db.netkeiba.com/horse/ped/2019104937/,PASS,キズナ,ラセレシオン,ゼンノロブロイ,Deep Impact,Storm Cat,アルゼンチンスター,Desalmada,Deep Impact,Hail to Reason,Sunday Silence,Hail to Reason,Deep Impact__X__Sunday Silence,Hail to Reason__X__Hail to Reason,Deep Impact__X__Desalmada,8,Cosmah:5x5;Hail to Reason:5x5;Halo:4x4;Lyphard:5x5;Mountain Flower:5x5;Sunday Silence:3x3;Understanding:5x5;Wishing Well:4x4,5.6640625,25.0,3.125,3.125,0.0,0.0,0.0,0.0,12.5,6.25,0.0,0.0,0.0,0.0,12.5,0.0,0.0,6.25,0.0,0.0
2017105582,ルビーカサブランカ,https://db.netkeiba.com/horse/ped/2017105582/,PASS,King Kamehameha,ムードインディゴ,ダンスインザダーク,Kingmambo,ラストタイクーン Last Tycoon,リープフォージョイ Leap for Joy,Parsimony,King Kamehameha,Native Dancer,Sunday Silence,Hail to Reason,King Kamehameha__X__Sunday Silence,Native Dancer__X__Hail to Reason,King Kamehameha__X__Parsimony,1,Northern Dancer:5x5x5,0.390625,12.5,9.375,12.5,25.0,0.0,0.0,0.0,6.25,3.125,0.0,0.0,6.25,6.25,0.0,0.0,0.0,0.0,6.25,3.125
2018100927,マリアエレーナ,https://db.netkeiba.com/horse/ped/2018100927/,PASS,クロフネ,テンダリーヴォイス,Deep Impact,フレンチデピュティ French Deputy,Classic Go Go,ミスアンコール,Alluring Girl,Deputy Minister,Northern Dancer,Deep Impact,Hail to Reason,Deputy Minister__X__Deep Impact,Northern Dancer__X__Hail to Reason,Deputy Minister__X__Alluring Girl,0,,0.0,12.5,3.125,3.125,6.25,3.125,0.0,0.0,6.25,3.125,0.0,0.0,0.0,0.0,0.0,12.5,0.0,3.125,0.0,0.0
2017104771,ラルナブリラーレ,https://db.netkeiba.com/horse/ped/2017104771/,PASS,Heart's Cry,シルヴァーカップ Silver Cup,Almutawakel,Sunday Silence,Tony Bin,Ribblesdale,Meme Chose,Heart's Cry,Hail to Reason,Mr. Prospector,Native Dancer,Heart's Cry__X__Mr. Prospector,Hail to Reason__X__Native Dancer,Heart's Cry__X__Meme Chose,2,Halo:3x5;Northern Dancer:4x5,1.171875,25.0,9.375,6.25,0.0,0.0,0.0,3.125,15.625,6.25,0.0,0.0,0.0,0.0,0.0,0.0,12.5,6.25,3.125,0.0
2019103096,ニシノムネヲウツ,https://db.netkeiba.com/horse/ped/2019103096/,PASS,ドゥラメンテ,レッドアシェット,ダイワメジャー,King Kamehameha,Sunday Silence,ウィンドハック Windhuk,Viaduct,King Kamehameha,Native Dancer,Sunday Silence,Hail to Reason,King Kamehameha__X__Sunday Silence,Native Dancer__X__Hail to Reason,King Kamehameha__X__Viaduct,8,Cosmah:5x5;Hail to Reason:5x5;Halo:4x4;Mountain Flower:5x5;Northern Taste:4x5;Sunday Silence:3x3;Understanding:5x5;Wishing Well:4x4,5.859375,25.0,3.125,6.25,12.5,0.0,0.0,0.0,12.5,6.25,0.0,0.0,0.0,3.125,0.0,0.0,6.25,0.0,3.125,0.0
2019105976,トゥーサン,https://db.netkeiba.com/horse/ped/2019105976/,PASS,キタサンブラック,スズカエンジェル,High Yield,ブラックタイド,サクラバクシンオー,イルグンスエンジェル Irguns Angel,Black Eyed Lucy,Sunday Silence,Hail to Reason,Storm Cat,Northern Dancer,Sunday Silence__X__Storm Cat,Hail to Reason__X__Northern Dancer,Sunday Silence__X__Black Eyed Lucy,3,Halo:4x4x5;Lyphard:5x5;Secretariat:5x5,1.171875,12.5,3.125,3.125,0.0,0.0,0.0,0.0,15.625,3.125,3.125,0.0,3.125,0.0,12.5,0.0,0.0,6.25,0.0,0.0
2019104569,フジマサフリーダム,https://db.netkeiba.com/horse/ped/2019104569/,PASS,Deep Impact,セデュイールII Seduire,Elusive Quality,Sunday Silence,Alzao,Holy Eclair,Oughtness,Deep Impact,Hail to Reason,Mr. Prospector,Native Dancer,Deep Impact__X__Mr. Prospector,Hail to Reason__X__Native Dancer,Deep Impact__X__Oughtness,2,Northern Dancer:5x5;Sir Ivor:5x5,0.390625,25.0,6.25,6.25,0.0,0.0,0.0,0.0,12.5,6.25,0.0,0.0,0.0,0.0,0.0,0.0,0.0,6.25,3.125,0.0
2019104767,ヴェールランス,https://db.netkeiba.com/horse/ped/2019104767/,PASS,キタサンブラック,ジュエラー,ヴィクトワールピサ,ブラックタイド,サクラバクシンオー,バルドウィナ Baldwina,Balbona,Sunday Silence,Hail to Reason,Sunday Silence,Hail to Reason,Sunday Silence__X__Sunday Silence,Hail to Reason__X__Hail to Reason,Sunday Silence__X__Balbona,4,Halo:4x5;Lyphard:5x5;Sunday Silence:3x4;Wishing Well:4x5,2.34375,18.75,0.0,3.125,0.0,0.0,0.0,0.0,9.375,3.125,0.0,0.0,0.0,0.0,0.0,0.0,0.0,6.25,0.0,0.0
2019105169,アライバル,https://db.netkeiba.com/horse/ped/2019105169/,PASS,ハービンジャー Harbinger,クルミナル,Deep Impact,Dansili,Bering,クルソラ Cursora,Cargada,Danzig,Northern Dancer,Deep Impact,Hail to Reason,Danzig__X__Deep Impact,Northern Dancer__X__Hail to Reason,Danzig__X__Cargada,2,Lyphard:5x5x5;Northern Dancer:5x5,0.390625,12.5,6.25,0.0,0.0,0.0,0.0,6.25,6.25,3.125,0.0,0.0,0.0,0.0,0.0,0.0,0.0,9.375,0.0,0.0
2019105807,ルークスヘリオス,https://db.netkeiba.com/horse/ped/2019105807/,PASS,エイシンフラッシュ,ヘレナモルフォ,ジャングルポケット,キングズベスト King's Best,Platini,タガノブラッサム,Miss Protege,Kingmambo,Native Dancer,Tony Bin,Tony Bin,Kingmambo__X__Tony Bin,Native Dancer__X__Tony Bin,Kingmambo__X__Miss Protege,2,Northern Dancer:5x5;Nureyev:4x5,0.390625,12.5,6.25,6.25,12.5,0.0,0.0,6.25,6.25,3.125,0.0,0.0,0.0,9.375,0.0,0.0,12.5,0.0,3.125,0.0
2019101642,タイセイディバイン,https://db.netkeiba.com/horse/ped/2019101642/,PASS,ルーラーシップ,ダイワスピリット,ダンスインザダーク,King Kamehameha,Tony Bin,ロンドンブリッジ,Belle of the Ball,King Kamehameha,Native Dancer,Sunday Silence,Hail to Reason,King Kamehameha__X__Sunday Silence,Native Dancer__X__Hail to Reason,King Kamehameha__X__Belle of the Ball,1,Northern Dancer:5x5x5,0.390625,12.5,9.375,6.25,12.5,0.0,0.0,6.25,6.25,3.125,0.0,0.0,6.25,3.125,0.0,0.0,12.5,0.0,3.125,0.0
2019100126,ヴェローナシチー,https://db.netkeiba.com/horse/ped/2019100126/,PASS,エピファネイア,アモーレエテルノ,ゼンノロブロイ,シンボリクリスエス,スペシャルウィーク,ヒカルアモーレ,Martingale,Roberto,Hail to Reason,Sunday Silence,Hail to Reason,Roberto__X__Sunday Silence,Hail to Reason__X__Hail to Reason,Roberto__X__Martingale,4,Hail to Reason:5x5;Halo:4x5;Sunday Silence:3x4;Wishing Well:4x5,2.5390625,18.75,3.125,3.125,0.0,6.25,6.25,0.0,9.375,6.25,3.125,0.0,0.0,0.0,0.0,3.125,0.0,0.0,0.0,0.0
2019102490,オディロン,https://db.netkeiba.com/horse/ped/2019102490/,PASS,キタサンブラック,パラフレーズ Paraphrase,Pivotal,ブラックタイド,サクラバクシンオー,Epitome,Royal Statute,Sunday Silence,Hail to Reason,Nureyev,Northern Dancer,Sunday Silence__X__Nureyev,Hail to Reason__X__Northern Dancer,Sunday Silence__X__Royal Statute,3,Bustino:5x5;Highclere:5x5;Lyphard:5x5,0.1953125,12.5,3.125,6.25,0.0,0.0,0.0,0.0,6.25,3.125,0.0,0.0,0.0,6.25,0.0,0.0,0.0,6.25,3.125,0.0
2019105995,テンダンス,https://db.netkeiba.com/horse/ped/2019105995/,PASS,ジャスタウェイ,フレンチリヴィエラ French Riviera,フレンチデピュティ French Deputy,Heart's Cry,Wild Again,Actinella,Alea,Heart's Cry,Hail to Reason,Deputy Minister,Northern Dancer,Heart's Cry__X__Deputy Minister,Hail to Reason__X__Northern Dancer,Heart's Cry__X__Alea,0,,0.0,12.5,3.125,0.0,0.0,0.0,0.0,0.0,6.25,3.125,12.5,0.0,0.0,0.0,0.0,12.5,6.25,3.125,0.0,0.0
2019101422,サンストックトン,https://db.netkeiba.com/horse/ped/2019101422/,PASS,ワールドエース,シナル,King Kamehameha,Deep Impact,Acatenango,イブキスタイリスト,クリアアンバー,Deep Impact,Hail to Reason,King Kamehameha,Native Dancer,Deep Impact__X__King Kamehameha,Hail to Reason__X__Native Dancer,Deep Impact__X__クリアアンバー,1,Northern Dancer:5x5,0.1953125,12.5,6.25,6.25,12.5,0.0,0.0,0.0,6.25,3.125,0.0,0.0,0.0,3.125,0.0,0.0,12.5,3.125,3.125,0.0
2019104409,トーセンヴァンノ,https://db.netkeiba.com/horse/ped/2019104409/,PASS,ヴァンキッシュラン,トーセンソニア,ファンタスティックライト Fantastic Light,Deep Impact,Galileo,ヘニーズソング Hennie's Song,Rare Defense,Deep Impact,Hail to Reason,ファンタスティックライト Fantastic Light,ファンタスティックライト Fantastic Light,Deep Impact__X__ファンタスティックライト Fantastic Light,Hail to Reason__X__ファンタスティックライト Fantastic Light,Deep Impact__X__Rare Defense,2,Halo:4x5;Northern Dancer:5x5,0.5859375,12.5,6.25,0.0,0.0,0.0,6.25,0.0,9.375,3.125,0.0,0.0,6.25,0.0,0.0,0.0,0.0,3.125,0.0,0.0
2019105041,ホウオウプレミア,https://db.netkeiba.com/horse/ped/2019105041/,PASS,ロードカナロア,アドマイヤテンバ,クロフネ,King Kamehameha,Storm Cat,アドマイヤグルーヴ,シャダイフェザー,King Kamehameha,Native Dancer,Deputy Minister,Northern Dancer,King Kamehameha__X__Deputy Minister,Native Dancer__X__Northern Dancer,King Kamehameha__X__シャダイフェザー,0,,0.0,12.5,3.125,6.25,12.5,0.0,0.0,0.0,6.25,3.125,0.0,0.0,0.0,3.125,12.5,6.25,6.25,0.0,3.125,0.0
2019101002,ロジハービン,https://db.netkeiba.com/horse/ped/2019101002/,PASS,ハービンジャー Harbinger,ファーストチェア,ジャングルポケット,Dansili,Bering,マイケイティーズ,Mortefontaine,Danzig,Northern Dancer,Tony Bin,Tony Bin,Danzig__X__Tony Bin,Northern Dancer__X__Tony Bin,Danzig__X__Mortefontaine,1,Northern Dancer:5x5x5,0.390625,12.5,9.375,0.0,0.0,0.0,0.0,6.25,6.25,3.125,0.0,0.0,0.0,6.25,0.0,0.0,12.5,3.125,0.0,0.0
2019100841,テラフォーミング,https://db.netkeiba.com/horse/ped/2019100841/,PASS,エピファネイア,ウインシップ,ルーラーシップ,シンボリクリスエス,スペシャルウィーク,ウインデンファーレ,Fair Advantage,Roberto,Hail to Reason,King Kamehameha,Native Dancer,Roberto__X__King Kamehameha,Hail to Reason__X__Native Dancer,Roberto__X__Fair Advantage,3,Halo:5x5;Sunday Silence:4x4;Wishing Well:5x5,1.171875,12.5,3.125,3.125,6.25,6.25,6.25,0.0,6.25,3.125,3.125,0.0,3.125,0.0,0.0,0.0,6.25,0.0,0.0,0.0
2018103898,キャッスルトップ,https://db.netkeiba.com/horse/ped/2018103898/,PASS,バンブーエール,ジーガートップラン,マヤノトップガン,アフリート Afleet,Rainbow Quest,ジーガーターセル,ジーガークイン,Mr. Prospector,Native Dancer,Roberto,Hail to Reason,Mr. Prospector__X__Roberto,Native Dancer__X__Hail to Reason,Mr. Prospector__X__ジーガークイン,3,Blushing Groom:4x4;Red God:5x5;Runaway Bride:5x5,1.171875,0.0,0.0,12.5,0.0,6.25,0.0,0.0,0.0,3.125,0.0,0.0,0.0,0.0,0.0,0.0,0.0,0.0,6.25,3.125
2016104696,スマイル,https://db.netkeiba.com/horse/ped/2016104696/,PASS,ダイワメジャー,アシュレイリバー,Mr. Greeley,Sunday Silence,Northern Taste,チャールストンハーバー Charleston Harbor,Tananarive,Sunday Silence,Hail to Reason,Mr. Prospector,Native Dancer,Sunday Silence__X__Mr. Prospector,Hail to Reason__X__Native Dancer,Sunday Silence__X__Tananarive,0,,0.0,25.0,6.25,6.25,0.0,0.0,0.0,0.0,12.5,6.25,0.0,0.0,0.0,0.0,6.25,0.0,0.0,0.0,3.125,0.0
2019110096,エアアネモイ,https://db.netkeiba.com/horse/ped/2019110096/,PASS,Point of Entry,Nokaze,エンパイアメーカー Empire Maker,Dynaformer,Seeking the Gold,Macarena Macarena,Miss Swapsco,Roberto,Hail to Reason,Mr. Prospector,Native Dancer,Roberto__X__Mr. Prospector,Hail to Reason__X__Native Dancer,Roberto__X__Miss Swapsco,5,Gold Digger:5x5;Hail to Reason:4x5;His Majesty:4x5;Mr. Prospector:4x4x5;Raise a Native:5x5,1.953125,0.0,3.125,15.625,0.0,12.5,0.0,0.0,6.25,9.375,0.0,0.0,3.125,0.0,0.0,0.0,0.0,0.0,6.25,0.0
2019106933,ダンテスヴュー,https://db.netkeiba.com/horse/ped/2019106933/,PASS,King Kamehameha,クロウキャニオン,フレンチデピュティ French Deputy,Kingmambo,ラストタイクーン Last Tycoon,クロカミ,Margravine,King Kamehameha,Native Dancer,Deputy Minister,Northern Dancer,King Kamehameha__X__Deputy Minister,Native Dancer__X__Northern Dancer,King Kamehameha__X__Margravine,1,Northern Dancer:5x5x5x5,0.78125,0.0,12.5,12.5,25.0,0.0,0.0,0.0,0.0,0.0,0.0,0.0,6.25,6.25,0.0,12.5,0.0,0.0,6.25,3.125
2019104998,ショウナンマグマ,https://db.netkeiba.com/horse/ped/2019104998/,PASS,ザファクター,レッドメアラス,Stay Gold,War Front,Miswaki,セイランクイーン,セイランホーク,Danzig,Northern Dancer,Stay Gold,Hail to Reason,Danzig__X__Stay Gold,Northern Dancer__X__Hail to Reason,Danzig__X__セイランホーク,2,Nearctic:5x5;リマンド:5x5,0.0,12.5,6.25,6.25,0.0,0.0,0.0,12.5,6.25,3.125,0.0,0.0,0.0,0.0,0.0,0.0,0.0,0.0,3.125,0.0
2019103358,ストロングウィル,https://db.netkeiba.com/horse/ped/2019103358/,PASS,シルバーステート,カワイコチャン,Halo,Deep Impact,Silver Hawk,モエレヒライス,Rullah Good,Deep Impact,Hail to Reason,Halo,Hail to Reason,Deep Impact__X__Halo,Hail to Reason__X__Hail to Reason,Deep Impact__X__Rullah Good,8,Cosmah:5x5;Hail to Reason:5x5x5;Halo:2x4x4;Mountain Flower:5x5;Northern Dancer:5x5;Sunday Silence:3x3;Understanding:5x5;Wishing Well:4x4,8.7890625,25.0,6.25,3.125,0.0,6.25,0.0,0.0,37.5,9.375,0.0,0.0,3.125,0.0,0.0,0.0,0.0,3.125,6.25,3.125
2019105299,フォースクエア,https://db.netkeiba.com/horse/ped/2019105299/,PASS,エピファネイア,テネイシャス,King Kamehameha,シンボリクリスエス,スペシャルウィーク,ヒカルアマランサス,Dinalina,Roberto,Hail to Reason,King Kamehameha,Native Dancer,Roberto__X__King Kamehameha,Hail to Reason__X__Native Dancer,Roberto__X__Dinalina,4,Halo:5x5;Seattle Slew:5x5;Sunday Silence:4x4;Wishing Well:5x5,1.3671875,12.5,3.125,6.25,12.5,6.25,6.25,0.0,6.25,3.125,6.25,6.25,0.0,3.125,0.0,0.0,0.0,0.0,3.125,0.0
2019105272,セルケト,https://db.netkeiba.com/horse/ped/2019105272/,PASS,ディープブリランテ,セルキス Selkis,Monsun,Deep Impact,Loup Sauvage,Schwarzach,Semiramis,Deep Impact,Hail to Reason,Monsun,Monsun,Deep Impact__X__Monsun,Hail to Reason__X__Monsun,Deep Impact__X__Semiramis,0,,0.0,12.5,0.0,0.0,0.0,0.0,0.0,3.125,6.25,3.125,0.0,0.0,3.125,3.125,0.0,0.0,0.0,3.125,0.0,0.0
2019104092,メイショウゲキリン,https://db.netkeiba.com/horse/ped/2019104092/,PASS,キズナ,メイショウスズラン,King Kamehameha,Deep Impact,Storm Cat,クィーンズダガー Queens Dagger,Mortefontaine,Deep Impact,Hail to Reason,King Kamehameha,Native Dancer,Deep Impact__X__King Kamehameha,Hail to Reason__X__Native Dancer,Deep Impact__X__Mortefontaine,1,Halo:4x5,0.390625,12.5,3.125,6.25,12.5,0.0,0.0,0.0,9.375,3.125,0.0,0.0,0.0,3.125,12.5,0.0,0.0,3.125,3.125,0.0
2015104707,グレンガリー,https://db.netkeiba.com/horse/ped/2015104707/,PASS,ハービンジャー Harbinger,エイグレット,Sunday Silence,Dansili,Bering,ノーザンプリンセス,ガーネツト,Danzig,Northern Dancer,Sunday Silence,Hail to Reason,Danzig__X__Sunday Silence,Northern Dancer__X__Hail to Reason,Danzig__X__ガーネツト,1,Northern Dancer:4x5x5,0.78125,25.0,12.5,0.0,0.0,0.0,0.0,6.25,12.5,6.25,0.0,0.0,0.0,0.0,0.0,0.0,0.0,3.125,0.0,0.0
2016105285,セントレオナード,https://db.netkeiba.com/horse/ped/2016105285/,PASS,Deep Impact,リリーオブザヴァレー Lily of the Valley,Galileo,Sunday Silence,Alzao,Pennegale,Brief Attire,Deep Impact,Hail to Reason,Sadler's Wells,Northern Dancer,Deep Impact__X__Sadler's Wells,Hail to Reason__X__Northern Dancer,Deep Impact__X__Brief Attire,1,Northern Dancer:4x5,0.390625,25.0,9.375,3.125,0.0,0.0,12.5,0.0,12.5,6.25,0.0,0.0,0.0,0.0,0.0,0.0,0.0,6.25,0.0,0.0
2019105483,リューベック,https://db.netkeiba.com/horse/ped/2019105483/,PASS,ハービンジャー Harbinger,ライツェント,スペシャルウィーク,Dansili,Bering,ソニンク Soninke,Luckhurst,Danzig,Northern Dancer,Sunday Silence,Hail to Reason,Danzig__X__Sunday Silence,Northern Dancer__X__Hail to Reason,Danzig__X__Luckhurst,2,Halo:4x5;Northern Dancer:5x5x5,0.390625,12.5,9.375,6.25,0.0,0.0,0.0,6.25,9.375,3.125,0.0,0.0,3.125,6.25,0.0,0.0,0.0,3.125,3.125,0.0
2019105283,ドウデュース,https://db.netkeiba.com/horse/ped/2019105283/,PASS,Heart's Cry,ダストアンドダイヤモンズ Dust and Diamonds,Vindication,Sunday Silence,Tony Bin,Majestically,Olmec,Heart's Cry,Hail to Reason,Seattle Slew,Seattle Slew,Heart's Cry__X__Seattle Slew,Hail to Reason__X__Seattle Slew,Heart's Cry__X__Olmec,4,Goofed:5x5;Hail to Reason:4x5;Lyphard:4x4;Northern Dancer:5x5,1.5625,25.0,6.25,6.25,0.0,0.0,0.0,0.0,12.5,9.375,12.5,0.0,0.0,0.0,0.0,0.0,12.5,12.5,3.125,0.0
2019105074,インダストリア,https://db.netkeiba.com/horse/ped/2019105074/,PASS,リオンディーズ,インダクティ,Heart's Cry,King Kamehameha,スペシャルウィーク,ホールオブフェーム,ロイヤルサッシュ,King Kamehameha,Native Dancer,Heart's Cry,Hail to Reason,King Kamehameha__X__Heart's Cry,Native Dancer__X__Hail to Reason,King Kamehameha__X__ロイヤルサッシュ,3,Halo:4x5;Sunday Silence:3x4;Wishing Well:4x5,2.34375,18.75,3.125,6.25,12.5,0.0,6.25,0.0,9.375,3.125,0.0,0.0,0.0,3.125,0.0,0.0,6.25,3.125,3.125,0.0
2019104706,アスクビクターモア,https://db.netkeiba.com/horse/ped/2019104706/,PASS,Deep Impact,カルティカ Kartica,Rainbow Quest,Sunday Silence,Alzao,Cayman Sunset,Princess Roycraft,Deep Impact,Hail to Reason,Nasrullah,Nasrullah,Deep Impact__X__Nasrullah,Hail to Reason__X__Nasrullah,Deep Impact__X__Princess Roycraft,2,Hail to Reason:4x5;Northern Dancer:4x5,0.78125,25.0,9.375,0.0,0.0,6.25,0.0,0.0,12.5,9.375,0.0,0.0,0.0,0.0,0.0,0.0,0.0,6.25,3.125,0.0
2018100274,ジャックドール,https://db.netkeiba.com/horse/ped/2018100274/,PASS,モーリス,ラヴァリーノ Ravarino,Unbridled's Song,スクリーンヒーロー,カーネギー Carnegie,Sous Entendu,Queen Nasra,Roberto,Hail to Reason,Mr. Prospector,Native Dancer,Roberto__X__Mr. Prospector,Hail to Reason__X__Native Dancer,Roberto__X__Queen Nasra,2,Mr. Prospector:4x5;Northern Dancer:5x5,0.1953125,6.25,6.25,9.375,0.0,3.125,6.25,3.125,3.125,0.0,0.0,0.0,6.25,0.0,0.0,0.0,0.0,3.125,3.125,0.0
2016104624,ハヤヤッコ,https://db.netkeiba.com/horse/ped/2016104624/,PASS,King Kamehameha,マシュマロ,クロフネ,Kingmambo,ラストタイクーン Last Tycoon,シラユキヒメ,Sea Drone,King Kamehameha,Native Dancer,Deputy Minister,Northern Dancer,King Kamehameha__X__Deputy Minister,Native Dancer__X__Northern Dancer,King Kamehameha__X__Sea Drone,1,Northern Dancer:5x5x5,0.390625,12.5,9.375,12.5,25.0,0.0,0.0,0.0,6.25,3.125,0.0,0.0,0.0,6.25,0.0,6.25,0.0,0.0,6.25,3.125
2015105868,サクラアリュール,https://db.netkeiba.com/horse/ped/2015105868/,PASS,ゴールドアリュール,シロガネーゼカフェ,Gulch,Sunday Silence,Nureyev,Wajna,Mamounia,Sunday Silence,Hail to Reason,Mr. Prospector,Native Dancer,Sunday Silence__X__Mr. Prospector,Hail to Reason__X__Native Dancer,Sunday Silence__X__Mamounia,7,Forli:5x5;Natalma:5x5;Nearctic:5x5;Northern Dancer:4x4;Nureyev:3x3;Special:4x4;Thong:5x5,5.46875,25.0,12.5,12.5,0.0,0.0,0.0,0.0,12.5,6.25,0.0,0.0,3.125,25.0,0.0,0.0,0.0,0.0,6.25,3.125
2019105195,ダノンベルーガ,https://db.netkeiba.com/horse/ped/2019105195/,PASS,Heart's Cry,コーステッド Coasted,Tizway,Sunday Silence,Tony Bin,Malibu Pier,Trelex,Heart's Cry,Hail to Reason,Tizway,Tizway,Heart's Cry__X__Tizway,Hail to Reason__X__Tizway,Heart's Cry__X__Trelex,0,,0.0,25.0,3.125,3.125,0.0,0.0,0.0,3.125,12.5,6.25,3.125,6.25,0.0,0.0,0.0,0.0,12.5,6.25,0.0,0.0
2019105056,ジオグリフ,https://db.netkeiba.com/horse/ped/2019105056/,PASS,ドレフォン Drefong,アロマティコ,King Kamehameha,Gio Ponti,Ghostzapper,ナスカ,グレートターフ,Storm Cat,Northern Dancer,King Kamehameha,Native Dancer,Storm Cat__X__King Kamehameha,Northern Dancer__X__Native Dancer,Storm Cat__X__グレートターフ,2,Mr. Prospector:4x5;Raise a Native:5x5,0.5859375,12.5,3.125,9.375,12.5,0.0,0.0,0.0,6.25,3.125,0.0,0.0,0.0,3.125,6.25,3.125,0.0,0.0,6.25,0.0
2019105039,デシエルト,https://db.netkeiba.com/horse/ped/2019105039/,PASS,ドレフォン Drefong,アドマイヤセプター,King Kamehameha,Gio Ponti,Ghostzapper,アドマイヤグルーヴ,シャダイフェザー,Storm Cat,Northern Dancer,King Kamehameha,Native Dancer,Storm Cat__X__King Kamehameha,Northern Dancer__X__Native Dancer,Storm Cat__X__シャダイフェザー,2,Mr. Prospector:4x5;Raise a Native:5x5,0.5859375,12.5,0.0,9.375,12.5,0.0,0.0,0.0,6.25,3.125,0.0,0.0,0.0,3.125,6.25,3.125,6.25,0.0,6.25,0.0
2019105219,イクイノックス,https://db.netkeiba.com/horse/ped/2019105219/,PASS,キタサンブラック,シャトーブランシュ,Halo,ブラックタイド,サクラバクシンオー,ブランシェリー,Belga,Sunday Silence,Hail to Reason,Halo,Hail to Reason,Sunday Silence__X__Halo,Hail to Reason__X__Hail to Reason,Sunday Silence__X__Belga,4,Cosmah:5x5;Hail to Reason:5x5;Halo:2x3x4x4;Lyphard:4x5x5,6.640625,12.5,3.125,0.0,0.0,0.0,0.0,0.0,50.0,6.25,0.0,0.0,0.0,3.125,0.0,0.0,12.5,12.5,0.0,0.0
2019104831,ルージュエヴァイユ,https://db.netkeiba.com/horse/ped/2019104831/,PASS,ジャスタウェイ,ナッシングバットドリームズ,Frankel,Heart's Cry,Wild Again,デインドリーム Danedream,Lady Berry,Heart's Cry,Hail to Reason,Sadler's Wells,Northern Dancer,Heart's Cry__X__Sadler's Wells,Hail to Reason__X__Northern Dancer,Heart's Cry__X__Lady Berry,3,Danzig:5x5;Razyana:5x5;デインヒル:4x4,0.0,12.5,3.125,0.0,0.0,0.0,6.25,6.25,6.25,3.125,0.0,0.0,3.125,0.0,0.0,0.0,6.25,3.125,0.0,0.0
2019105448,エリカヴィータ,https://db.netkeiba.com/horse/ped/2019105448/,PASS,King Kamehameha,マルシアーノ,フジキセキ,Kingmambo,ラストタイクーン Last Tycoon,ケルトシャーン Keltshaan,Moss Rose,King Kamehameha,Native Dancer,Sunday Silence,Hail to Reason,King Kamehameha__X__Sunday Silence,Native Dancer__X__Hail to Reason,King Kamehameha__X__Moss Rose,1,Northern Dancer:5x5x5,0.390625,12.5,9.375,12.5,25.0,0.0,0.0,0.0,6.25,3.125,0.0,0.0,0.0,6.25,0.0,0.0,0.0,6.25,6.25,3.125
2019104483,パーソナルハイ,https://db.netkeiba.com/horse/ped/2019104483/,PASS,Deep Impact,パーソナルダイアリー Personal Diary,City Zip,Sunday Silence,Alzao,Latest Scoop,Impetuous Gal,Deep Impact,Hail to Reason,Mr. Prospector,Native Dancer,Deep Impact__X__Mr. Prospector,Hail to Reason__X__Native Dancer,Deep Impact__X__Impetuous Gal,2,Mr. Prospector:4x5;Relaunch:4x5,0.0,25.0,3.125,9.375,0.0,0.0,0.0,0.0,12.5,6.25,0.0,0.0,3.125,0.0,0.0,0.0,0.0,6.25,3.125,0.0
2019104550,ストキャスティーク,https://db.netkeiba.com/horse/ped/2019104550/,PASS,ゴールドシップ,サンクボヌール,ハービンジャー Harbinger,Stay Gold,メジロマックイーン,ミュゲドボヌール,Perfecta,Stay Gold,Hail to Reason,Danzig,Northern Dancer,Stay Gold__X__Danzig,Hail to Reason__X__Northern Dancer,Stay Gold__X__Perfecta,3,Halo:4x5;Sunday Silence:3x4;Wishing Well:4x5,2.34375,18.75,0.0,3.125,0.0,0.0,0.0,3.125,9.375,3.125,0.0,0.0,3.125,0.0,0.0,0.0,0.0,3.125,0.0,0.0
2019104674,エバーハンティング,https://db.netkeiba.com/horse/ped/2019104674/,PASS,ハービンジャー Harbinger,エバーブロッサム,Deep Impact,Dansili,Bering,サクラサクII,Special,Danzig,Northern Dancer,Deep Impact,Hail to Reason,Danzig__X__Deep Impact,Northern Dancer__X__Hail to Reason,Danzig__X__Special,8,Danzig:4x4;His Majesty:5x5;Lyphard:5x5;Northern Dancer:5x5x5;Pas de Nom:5x5;Razyana:4x4;Spring Adieu:5x5;デインヒル Danehill:3x3,5.859375,12.5,9.375,3.125,0.0,0.0,0.0,12.5,6.25,3.125,0.0,0.0,3.125,0.0,0.0,0.0,0.0,6.25,0.0,0.0
2019105298,マイシンフォニー,https://db.netkeiba.com/horse/ped/2019105298/,PASS,Deep Impact,テディーズプロミス Teddy's Promise,Salt Lake,Sunday Silence,Alzao,Braids and Beads,Prides Promise,Deep Impact,Hail to Reason,Deputy Minister,Northern Dancer,Deep Impact__X__Deputy Minister,Hail to Reason__X__Northern Dancer,Deep Impact__X__Prides Promise,1,Northern Dancer:5x5,0.1953125,25.0,6.25,0.0,0.0,0.0,0.0,0.0,12.5,6.25,6.25,0.0,3.125,0.0,0.0,12.5,0.0,6.25,3.125,0.0
2019103211,ゴールデンアワー,https://db.netkeiba.com/horse/ped/2019103211/,PASS,エピファネイア,ワキノドライバー,スウェプトオーヴァーボード Swept Overboard,シンボリクリスエス,スペシャルウィーク,カツラドライバー,Leandra,Roberto,Hail to Reason,Mr. Prospector,Native Dancer,Roberto__X__Mr. Prospector,Hail to Reason__X__Native Dancer,Roberto__X__Leandra,2,Habitat:5x5;Northern Dancer:5x5,0.390625,6.25,6.25,3.125,0.0,6.25,6.25,0.0,3.125,3.125,3.125,0.0,0.0,0.0,0.0,0.0,0.0,0.0,0.0,0.0
2019105515,キタサンシュガー,https://db.netkeiba.com/horse/ped/2019105515/,PASS,キタサンブラック,リップスポイズン Lips Poison,Mamool,ブラックタイド,サクラバクシンオー,Lips Plane,Royal Model,Sunday Silence,Hail to Reason,Sadler's Wells,Northern Dancer,Sunday Silence__X__Sadler's Wells,Hail to Reason__X__Northern Dancer,Sunday Silence__X__Royal Model,1,Lyphard:5x5,0.0,12.5,3.125,3.125,0.0,0.0,6.25,0.0,6.25,3.125,0.0,0.0,3.125,3.125,0.0,0.0,0.0,6.25,0.0,0.0
2019105205,ラスール,https://db.netkeiba.com/horse/ped/2019105205/,PASS,キタサンブラック,サマーハ Samaaha,Singspiel,ブラックタイド,サクラバクシンオー,Genovefa,Compassionately,Sunday Silence,Hail to Reason,Sadler's Wells,Northern Dancer,Sunday Silence__X__Sadler's Wells,Hail to Reason__X__Northern Dancer,Sunday Silence__X__Compassionately,5,Cosmah:5x5;Hail to Reason:5x5;Halo:4x4;Lyphard:5x5;Northern Dancer:5x5,1.171875,12.5,6.25,6.25,0.0,0.0,6.25,0.0,12.5,6.25,0.0,0.0,0.0,0.0,0.0,0.0,0.0,6.25,3.125,0.0
2019105340,ホウオウバニラ,https://db.netkeiba.com/horse/ped/2019105340/,PASS,ドゥラメンテ,バランセラ Barancella,Acatenango,King Kamehameha,Sunday Silence,Baranciaga,Marlia,King Kamehameha,Native Dancer,Acatenango,Acatenango,King Kamehameha__X__Acatenango,Native Dancer__X__Acatenango,King Kamehameha__X__Marlia,0,,0.0,12.5,0.0,6.25,12.5,0.0,0.0,0.0,6.25,3.125,0.0,0.0,0.0,3.125,0.0,0.0,6.25,3.125,3.125,0.0
2019103280,モチベーション,https://db.netkeiba.com/horse/ped/2019103280/,PASS,ガルボ,アドリアーネ,アグネスデジタル,マンハッタンカフェ,ジェネラス Generous,ダイイチサクラ,Katonka,Sunday Silence,Hail to Reason,Mr. Prospector,Native Dancer,Sunday Silence__X__Mr. Prospector,Hail to Reason__X__Native Dancer,Sunday Silence__X__Katonka,8,Alleged:5x5;Cosmah:5x5;Hail to Reason:5x5;Halo:4x4;Mountain Flower:5x5;Sunday Silence:3x3;Understanding:5x5;Wishing Well:4x4,5.6640625,25.0,0.0,6.25,0.0,3.125,0.0,3.125,12.5,6.25,0.0,0.0,3.125,0.0,0.0,0.0,0.0,0.0,3.125,0.0
2019104982,ルージュスティリア,https://db.netkeiba.com/horse/ped/2019104982/,PASS,Deep Impact,ドライヴンスノー Driven Snow,Storm Cat,Sunday Silence,Alzao,Wandesta,Sun Rose,Deep Impact,Hail to Reason,Storm Cat,Northern Dancer,Deep Impact__X__Storm Cat,Hail to Reason__X__Northern Dancer,Deep Impact__X__Sun Rose,2,Highclere:4x5;Northern Dancer:4x5x5,0.9765625,25.0,12.5,0.0,0.0,0.0,0.0,0.0,12.5,6.25,0.0,0.0,6.25,0.0,25.0,0.0,0.0,6.25,0.0,0.0
2019100637,シンシアウィッシュ,https://db.netkeiba.com/horse/ped/2019100637/,PASS,キズナ,ザナ,Galileo,Deep Impact,Storm Cat,Maskaya,Midou,Deep Impact,Hail to Reason,Sadler's Wells,Northern Dancer,Deep Impact__X__Sadler's Wells,Hail to Reason__X__Northern Dancer,Deep Impact__X__Midou,3,Halo:4x5;Mr. Prospector:4x5;Northern Dancer:4x5,0.78125,12.5,9.375,9.375,0.0,0.0,12.5,0.0,9.375,3.125,0.0,0.0,3.125,0.0,12.5,0.0,0.0,3.125,3.125,0.0
2019105141,ヴァンルーラー,https://db.netkeiba.com/horse/ped/2019105141/,PASS,ルーラーシップ,カロンセギュール,Forest Camp,King Kamehameha,Tony Bin,Yesterdays Gone,River Princess,King Kamehameha,Native Dancer,Deputy Minister,Northern Dancer,King Kamehameha__X__Deputy Minister,Native Dancer__X__Northern Dancer,King Kamehameha__X__River Princess,1,Northern Dancer:5x5x5,0.390625,0.0,9.375,6.25,12.5,0.0,0.0,0.0,0.0,0.0,0.0,0.0,0.0,3.125,0.0,12.5,12.5,0.0,3.125,0.0
2019105078,クワイエットホーク,https://db.netkeiba.com/horse/ped/2019105078/,PASS,Heart's Cry,ウイングステルス Wing Stealth,Hawk Wing,Sunday Silence,Tony Bin,Starlight Smile,Stolen Hour,Heart's Cry,Hail to Reason,Mr. Prospector,Native Dancer,Heart's Cry__X__Mr. Prospector,Hail to Reason__X__Native Dancer,Heart's Cry__X__Stolen Hour,3,Nijinsky:4x5;Northern Dancer:5x5;Val de Loir:5x5,0.1953125,25.0,6.25,6.25,0.0,0.0,0.0,0.0,12.5,6.25,0.0,0.0,9.375,0.0,0.0,0.0,12.5,6.25,3.125,0.0
2019103907,サンライズエース,https://db.netkeiba.com/horse/ped/2019103907/,PASS,ドゥラメンテ,ストライキングヴェイル Striking Veil,Smart Strike,King Kamehameha,Sunday Silence,Yashmak,Noblesse,King Kamehameha,Native Dancer,Mr. Prospector,Native Dancer,King Kamehameha__X__Mr. Prospector,Native Dancer__X__Native Dancer,King Kamehameha__X__Noblesse,4,Gold Digger:4x5;Hail to Reason:5x5;Mr. Prospector:3x4;Raise a Native:4x5x5,2.734375,12.5,6.25,18.75,12.5,6.25,0.0,12.5,6.25,6.25,0.0,0.0,0.0,3.125,0.0,0.0,6.25,0.0,12.5,3.125
2019100109,プラダリア,https://db.netkeiba.com/horse/ped/2019100109/,PASS,Deep Impact,シャッセロール,クロフネ,Sunday Silence,Alzao,ポポラス,Gay Apparel,Deep Impact,Hail to Reason,Deputy Minister,Northern Dancer,Deep Impact__X__Deputy Minister,Hail to Reason__X__Northern Dancer,Deep Impact__X__Gay Apparel,0,,0.0,25.0,3.125,6.25,0.0,0.0,0.0,0.0,12.5,6.25,0.0,0.0,0.0,0.0,0.0,6.25,0.0,6.25,3.125,0.0
2019104112,メイショウウネビ,https://db.netkeiba.com/horse/ped/2019104112/,PASS,メイショウサムソン,サーストンララア,King Kamehameha,オペラハウス Opera House,ダンシングブレーヴ Dancing Brave,シャイニングスルー,Main Pleasure,Sadler's Wells,Northern Dancer,King Kamehameha,Native Dancer,Sadler's Wells__X__King Kamehameha,Northern Dancer__X__Native Dancer,Sadler's Wells__X__Main Pleasure,2,Mr. Prospector:4x5;Northern Dancer:4x5,0.0,6.25,9.375,9.375,12.5,0.0,12.5,0.0,3.125,0.0,3.125,0.0,0.0,3.125,0.0,0.0,0.0,6.25,3.125,0.0
2019105414,ダノンギャラクシー,https://db.netkeiba.com/horse/ped/2019105414/,PASS,Deep Impact,ベネンシアドール,King Kamehameha,Sunday Silence,Alzao,フェアリードール Fairy Doll,Likely Swap,Deep Impact,Hail to Reason,King Kamehameha,Native Dancer,Deep Impact__X__King Kamehameha,Hail to Reason__X__Native Dancer,Deep Impact__X__Likely Swap,2,Northern Dancer:4x5;Nureyev:3x5,0.390625,25.0,9.375,6.25,12.5,0.0,0.0,0.0,12.5,6.25,0.0,0.0,0.0,15.625,0.0,0.0,0.0,6.25,3.125,0.0
2019106357,アスクヴィヴァユー,https://db.netkeiba.com/horse/ped/2019106357/,PASS,Deep Impact,バディーラ Badeelah,Unbridled's Song,Sunday Silence,Alzao,Magical Allure,Conniver,Deep Impact,Hail to Reason,Mr. Prospector,Native Dancer,Deep Impact__X__Mr. Prospector,Hail to Reason__X__Native Dancer,Deep Impact__X__Conniver,0,,0.0,25.0,3.125,3.125,0.0,0.0,0.0,0.0,12.5,6.25,6.25,0.0,0.0,0.0,0.0,0.0,0.0,6.25,0.0,0.0
2019103009,ロードレゼル,https://db.netkeiba.com/horse/ped/2019103009/,PASS,Deep Impact,エンジェルフェイス,King Kamehameha,Sunday Silence,Alzao,ワンフォーローズ One for Rose,Lady Barbizon,Deep Impact,Hail to Reason,King Kamehameha,Native Dancer,Deep Impact__X__King Kamehameha,Hail to Reason__X__Native Dancer,Deep Impact__X__Lady Barbizon,0,,0.0,25.0,3.125,6.25,12.5,0.0,0.0,0.0,12.5,6.25,0.0,0.0,0.0,3.125,0.0,0.0,0.0,6.25,3.125,0.0
2019104879,ロンギングエーオ,https://db.netkeiba.com/horse/ped/2019104879/,PASS,スクリーンヒーロー,フレンチボウ,ホワイトマズル White Muzzle,グラスワンダー,Sunday Silence,マニフィカート,Moonmadness,Roberto,Hail to Reason,Lyphard,Northern Dancer,Roberto__X__Lyphard,Hail to Reason__X__Northern Dancer,Roberto__X__Moonmadness,5,Hail to Reason:5x5;Halo:4x5;Northern Dancer:5x5x5x5;Sunday Silence:3x4;Wishing Well:4x5,3.125,18.75,12.5,0.0,0.0,6.25,6.25,6.25,9.375,6.25,0.0,0.0,0.0,0.0,0.0,0.0,0.0,6.25,0.0,0.0
2019103827,オウケンボルト,https://db.netkeiba.com/horse/ped/2019103827/,PASS,フェノーメノ,オウケンサクラブ,オウケンブルースリ,Stay Gold,デインヒル Danehill,オウケンサクラ,スピードキヨフジ,Stay Gold,Hail to Reason,Tony Bin,Tony Bin,Stay Gold__X__Tony Bin,Hail to Reason__X__Tony Bin,Stay Gold__X__スピードキヨフジ,1,Nureyev:5x5,0.0,12.5,3.125,0.0,0.0,3.125,0.0,6.25,6.25,3.125,0.0,0.0,0.0,6.25,0.0,3.125,6.25,0.0,0.0,0.0
2019101611,ディライトバローズ,https://db.netkeiba.com/horse/ped/2019101611/,PASS,ドゥラメンテ,オールウェイズウィリング Always Willing,Elusive Quality,King Kamehameha,Sunday Silence,Always Loyal,Bergamasque,King Kamehameha,Native Dancer,Mr. Prospector,Native Dancer,King Kamehameha__X__Mr. Prospector,Native Dancer__X__Native Dancer,King Kamehameha__X__Bergamasque,5,Gold Digger:5x5;Mr. Prospector:4x4;Northern Dancer:5x5;Nureyev:4x5;Raise a Native:5x5,1.5625,12.5,6.25,12.5,12.5,0.0,0.0,0.0,6.25,3.125,0.0,0.0,0.0,9.375,0.0,0.0,6.25,0.0,6.25,0.0
2019105315,レヴァンジル,https://db.netkeiba.com/horse/ped/2019105315/,PASS,ドゥラメンテ,トゥリフォー Toulifaut,Frankel,King Kamehameha,Sunday Silence,Cassydora,Galaxie Dust,King Kamehameha,Native Dancer,Sadler's Wells,Northern Dancer,King Kamehameha__X__Sadler's Wells,Native Dancer__X__Northern Dancer,King Kamehameha__X__Galaxie Dust,0,,0.0,12.5,3.125,6.25,12.5,0.0,6.25,3.125,6.25,3.125,0.0,0.0,3.125,3.125,0.0,0.0,6.25,0.0,3.125,0.0
2019105949,エターナルビクトリ,https://db.netkeiba.com/horse/ped/2019105949/,PASS,ルーラーシップ,バーバラ,Deep Impact,King Kamehameha,Tony Bin,ディキシーランドジェム Dixieland Gem,Aesthetic,King Kamehameha,Native Dancer,Deep Impact,Hail to Reason,King Kamehameha__X__Deep Impact,Native Dancer__X__Hail to Reason,King Kamehameha__X__Aesthetic,4,Gold Digger:5x5;Mr. Prospector:4x4;Northern Dancer:4x5;Raise a Native:5x5,1.5625,12.5,9.375,12.5,12.5,0.0,0.0,0.0,6.25,3.125,0.0,0.0,0.0,3.125,0.0,0.0,12.5,3.125,6.25,0.0
2019105512,ジャスティンスカイ,https://db.netkeiba.com/horse/ped/2019105512/,PASS,キタサンブラック,リアリサトリス Realisatrice,Numerous,ブラックタイド,サクラバクシンオー,Riziere,Riverqueen,Sunday Silence,Hail to Reason,Mr. Prospector,Native Dancer,Sunday Silence__X__Mr. Prospector,Hail to Reason__X__Native Dancer,Sunday Silence__X__Riverqueen,3,Lyphard:5x5x5;Northern Dancer:5x5;Special:4x5,0.390625,12.5,6.25,12.5,0.0,0.0,0.0,0.0,6.25,3.125,0.0,0.0,6.25,6.25,0.0,0.0,0.0,9.375,6.25,3.125
2019104459,グランシエロ,https://db.netkeiba.com/horse/ped/2019104459/,PASS,Heart's Cry,サイマー Saimaa,Zoffany,Sunday Silence,Tony Bin,Serisia,Servia,Heart's Cry,Hail to Reason,Danzig,Northern Dancer,Heart's Cry__X__Danzig,Hail to Reason__X__Northern Dancer,Heart's Cry__X__Servia,2,Coup de Folie:4x5;Halo:3x5,0.78125,25.0,3.125,3.125,0.0,0.0,0.0,3.125,15.625,6.25,0.0,0.0,3.125,0.0,0.0,0.0,12.5,6.25,0.0,0.0
2016104887,ハーツイストワール,https://db.netkeiba.com/horse/ped/2016104887/,PASS,Heart's Cry,レツィーナ,キャプテンスティーヴ Captain Steve,Sunday Silence,Tony Bin,タニウインドタイム,Barbs Dancer,Heart's Cry,Hail to Reason,キャプテンスティーヴ Captain Steve,キャプテンスティーヴ Captain Steve,Heart's Cry__X__キャプテンスティーヴ Captain Steve,Hail to Reason__X__キャプテンスティーヴ Captain Steve,Heart's Cry__X__Barbs Dancer,2,Hail to Reason:4x5;Northern Dancer:5x5,0.5859375,25.0,6.25,3.125,0.0,6.25,0.0,0.0,12.5,9.375,0.0,0.0,0.0,0.0,0.0,0.0,12.5,6.25,0.0,0.0
2019102820,メイショウラナキラ,https://db.netkeiba.com/horse/ped/2019102820/,PASS,ドゥラメンテ,サンタローズ,パントレセレブル Peintre Celebre,King Kamehameha,Sunday Silence,ユキノローズ,ミスネラ,King Kamehameha,Native Dancer,Nureyev,Northern Dancer,King Kamehameha__X__Nureyev,Native Dancer__X__Northern Dancer,King Kamehameha__X__ミスネラ,2,Nureyev:3x5;Raise a Native:5x5,0.9765625,12.5,6.25,6.25,12.5,0.0,0.0,0.0,6.25,3.125,0.0,0.0,0.0,15.625,0.0,0.0,6.25,0.0,6.25,0.0
2019103823,リカンカブール,https://db.netkeiba.com/horse/ped/2019103823/,PASS,シルバーステート,アンブラッセモワ,Zoffany,Deep Impact,Silver Hawk,Ice Flower,Reigning Countess,Deep Impact,Hail to Reason,Danzig,Northern Dancer,Deep Impact__X__Danzig,Hail to Reason__X__Northern Dancer,Deep Impact__X__Reigning Countess,2,Hail to Reason:5x5;Nijinsky:5x5,0.1953125,12.5,0.0,3.125,0.0,6.25,0.0,3.125,6.25,6.25,0.0,0.0,6.25,3.125,0.0,0.0,0.0,3.125,0.0,0.0
2019101873,ストップザタイム,https://db.netkeiba.com/horse/ped/2019101873/,PASS,ダイワメジャー,グレイトタイミング Great Timing,Raven's Pass,Sunday Silence,Northern Taste,Rumors Are Flying,Twice Over,Sunday Silence,Hail to Reason,Mr. Prospector,Native Dancer,Sunday Silence__X__Mr. Prospector,Hail to Reason__X__Native Dancer,Sunday Silence__X__Twice Over,1,Hail to Reason:4x5,0.390625,25.0,6.25,3.125,0.0,6.25,0.0,0.0,12.5,9.375,0.0,0.0,0.0,0.0,0.0,0.0,0.0,0.0,0.0,0.0
2019101664,ミスターホワイト,https://db.netkeiba.com/horse/ped/2019101664/,PASS,Heart's Cry,ホワイトヴェール,クロフネ,Sunday Silence,Tony Bin,ネガノ Negano,Slight Deception,Heart's Cry,Hail to Reason,Deputy Minister,Northern Dancer,Heart's Cry__X__Deputy Minister,Hail to Reason__X__Northern Dancer,Heart's Cry__X__Slight Deception,1,Halo:3x4x5,2.34375,25.0,3.125,6.25,0.0,0.0,0.0,0.0,21.875,6.25,0.0,0.0,0.0,0.0,0.0,6.25,12.5,6.25,3.125,0.0
2019101716,アップデート,https://db.netkeiba.com/horse/ped/2019101716/,PASS,エピファネイア,ラヴィアンフルール,Stay Gold,シンボリクリスエス,スペシャルウィーク,フィジーガール,ロージズデー,Roberto,Hail to Reason,Stay Gold,Hail to Reason,Roberto__X__Stay Gold,Hail to Reason__X__Hail to Reason,Roberto__X__ロージズデー,5,Hail to Reason:5x5;Halo:4x5;Sunday Silence:3x4;Wishing Well:4x5;マルゼンスキー:4x5,2.9296875,18.75,3.125,0.0,0.0,6.25,6.25,0.0,9.375,6.25,3.125,0.0,3.125,0.0,0.0,0.0,0.0,0.0,3.125,0.0
2019105277,リアド,https://db.netkeiba.com/horse/ped/2019105277/,PASS,Deep Impact,タイタンクイーン,Tiznow,Sunday Silence,Alzao,Ensnare,Impish,Deep Impact,Hail to Reason,Tiznow,Tiznow,Deep Impact__X__Tiznow,Hail to Reason__X__Tiznow,Deep Impact__X__Impish,3,Buckpasser:5x5;Lyphard:4x5;Northern Dancer:5x5,0.5859375,25.0,6.25,6.25,0.0,0.0,0.0,6.25,12.5,6.25,3.125,0.0,0.0,0.0,0.0,0.0,0.0,9.375,3.125,0.0
2019105239,ショウナンアデイブ,https://db.netkeiba.com/horse/ped/2019105239/,PASS,Deep Impact,シーヴ Sheave,Mineshaft,Sunday Silence,Alzao,Belterra,Sailor Town,Deep Impact,Hail to Reason,A.P. Indy,Seattle Slew,Deep Impact__X__A.P. Indy,Hail to Reason__X__Seattle Slew,Deep Impact__X__Sailor Town,1,Mr. Prospector:4x5,0.0,25.0,3.125,9.375,0.0,0.0,0.0,0.0,12.5,6.25,6.25,12.5,0.0,0.0,0.0,0.0,0.0,6.25,3.125,0.0
2019104909,ボルドグフーシュ,https://db.netkeiba.com/horse/ped/2019104909/,PASS,スクリーンヒーロー,ボルドグザグ Boldogsag,Layman,グラスワンダー,Sunday Silence,Belga Wood,Belle de Retz,Roberto,Hail to Reason,Sunday Silence,Hail to Reason,Roberto__X__Sunday Silence,Hail to Reason__X__Hail to Reason,Roberto__X__Belle de Retz,8,Cosmah:5x5;Hail to Reason:5x5x5;Halo:4x4;Mountain Flower:5x5;Northern Dancer:5x5x5;Sunday Silence:3x3;Understanding:5x5;Wishing Well:4x4,6.0546875,25.0,9.375,6.25,0.0,6.25,0.0,6.25,12.5,9.375,0.0,0.0,0.0,6.25,0.0,0.0,0.0,3.125,3.125,0.0
2019104600,ブラックブロッサム,https://db.netkeiba.com/horse/ped/2019104600/,PASS,キタサンブラック,ポーレン Pollen,Orpen,ブラックタイド,サクラバクシンオー,On Air,Anahita,Sunday Silence,Hail to Reason,Danzig,Northern Dancer,Sunday Silence__X__Danzig,Hail to Reason__X__Northern Dancer,Sunday Silence__X__Anahita,2,Halo:4x5;Lyphard:5x5,0.390625,12.5,3.125,0.0,0.0,0.0,0.0,6.25,9.375,3.125,0.0,0.0,3.125,0.0,0.0,0.0,0.0,6.25,0.0,0.0
2017106606,アルサトワ,https://db.netkeiba.com/horse/ped/2017106606/,PASS,ルーラーシップ,ポップアイコン,ダイワメジャー,King Kamehameha,Tony Bin,ピンクタートル Pink Turtle,Sunny Gulf,King Kamehameha,Native Dancer,Sunday Silence,Hail to Reason,King Kamehameha__X__Sunday Silence,Native Dancer__X__Hail to Reason,King Kamehameha__X__Sunny Gulf,3,Lady Victoria:5x5;Northern Dancer:5x5;Northern Taste:4x4,1.171875,12.5,6.25,6.25,12.5,0.0,0.0,0.0,6.25,3.125,0.0,0.0,0.0,3.125,0.0,0.0,12.5,0.0,3.125,0.0
2018100401,カイザーバローズ,https://db.netkeiba.com/horse/ped/2018100401/,PASS,Deep Impact,ジェニサ Genisa,Storm Cat,Sunday Silence,Alzao,Tizdubai,Sleep Lonely,Deep Impact,Hail to Reason,Storm Cat,Northern Dancer,Deep Impact__X__Storm Cat,Hail to Reason__X__Northern Dancer,Deep Impact__X__Sleep Lonely,2,Lyphard:4x5;Northern Dancer:4x5,0.78125,25.0,9.375,0.0,0.0,0.0,0.0,0.0,12.5,6.25,3.125,0.0,0.0,0.0,25.0,0.0,0.0,9.375,0.0,0.0
2016103815,トーセングラン,https://db.netkeiba.com/horse/ped/2016103815/,PASS,Deep Impact,スタイルアンドクラス,Galileo,Sunday Silence,Alzao,Pipalong,Thiella,Deep Impact,Hail to Reason,Sadler's Wells,Northern Dancer,Deep Impact__X__Sadler's Wells,Hail to Reason__X__Northern Dancer,Deep Impact__X__Thiella,1,Northern Dancer:4x5,0.390625,25.0,9.375,3.125,0.0,0.0,12.5,3.125,12.5,6.25,0.0,0.0,0.0,0.0,0.0,0.0,0.0,6.25,0.0,0.0
2019102788,ウォーターナビレラ,https://db.netkeiba.com/horse/ped/2019102788/,PASS,シルバーステート,シャイニングサヤカ,Halo,Deep Impact,Silver Hawk,シンセイアカリ,フシミエース,Deep Impact,Hail to Reason,Halo,Hail to Reason,Deep Impact__X__Halo,Hail to Reason__X__Hail to Reason,Deep Impact__X__フシミエース,5,Cosmah:5x5;Hail to Reason:5x5x5;Halo:2x3x4x4;Lyphard:4x5;Roberto:4x5,6.8359375,12.5,3.125,0.0,0.0,9.375,0.0,0.0,50.0,9.375,0.0,0.0,3.125,0.0,0.0,0.0,0.0,9.375,0.0,0.0
2019105565,スタニングローズ,https://db.netkeiba.com/horse/ped/2019105565/,PASS,King Kamehameha,ローザブランカ,クロフネ,Kingmambo,ラストタイクーン Last Tycoon,ローズバド,Riviere Doree,King Kamehameha,Native Dancer,Deputy Minister,Northern Dancer,King Kamehameha__X__Deputy Minister,Native Dancer__X__Northern Dancer,King Kamehameha__X__Riviere Doree,2,Mill Reef:5x5;Northern Dancer:5x5,0.1953125,12.5,6.25,12.5,25.0,0.0,0.0,0.0,6.25,3.125,0.0,0.0,0.0,6.25,0.0,6.25,0.0,3.125,6.25,3.125
2019104074,アートハウス,https://db.netkeiba.com/horse/ped/2019104074/,PASS,スクリーンヒーロー,パールコード,ヴィクトワールピサ,グラスワンダー,Sunday Silence,マジックコード Magic Code,Early Frames,Roberto,Hail to Reason,Sunday Silence,Hail to Reason,Roberto__X__Sunday Silence,Hail to Reason__X__Hail to Reason,Roberto__X__Early Frames,5,Hail to Reason:5x5;Halo:4x5;Northern Dancer:5x5;Sunday Silence:3x4;Wishing Well:4x5,2.34375,18.75,6.25,3.125,0.0,6.25,0.0,6.25,9.375,6.25,0.0,0.0,0.0,0.0,0.0,0.0,0.0,0.0,0.0,0.0
2019104057,サウンドビバーチェ,https://db.netkeiba.com/horse/ped/2019104057/,PASS,ドゥラメンテ,スクービドゥー Scoubidou,Johan Cruyff,King Kamehameha,Sunday Silence,Simply Red,Shura,King Kamehameha,Native Dancer,Danzig,Northern Dancer,King Kamehameha__X__Danzig,Native Dancer__X__Northern Dancer,King Kamehameha__X__Shura,0,,0.0,12.5,3.125,6.25,12.5,0.0,0.0,6.25,6.25,3.125,0.0,0.0,3.125,3.125,0.0,0.0,6.25,0.0,3.125,0.0
2019106342,サークルオブライフ,https://db.netkeiba.com/horse/ped/2019106342/,PASS,エピファネイア,シーブリーズライフ,アドマイヤジャパン,シンボリクリスエス,スペシャルウィーク,プレシャスライフ,Sovereign Lady,Roberto,Hail to Reason,Sunday Silence,Hail to Reason,Roberto__X__Sunday Silence,Hail to Reason__X__Hail to Reason,Roberto__X__Sovereign Lady,5,Caerleon:4x5;Hail to Reason:5x5;Halo:4x5x5;Sunday Silence:3x4;Wishing Well:4x5,2.734375,18.75,3.125,0.0,0.0,6.25,6.25,0.0,12.5,6.25,3.125,0.0,3.125,0.0,6.25,0.0,0.0,0.0,0.0,0.0
2019105213,ナミュール,https://db.netkeiba.com/horse/ped/2019105213/,PASS,ハービンジャー Harbinger,サンブルエミューズ,ダイワメジャー,Dansili,Bering,ヴィートマルシェ,トキノシュリリー,Danzig,Northern Dancer,Sunday Silence,Hail to Reason,Danzig__X__Sunday Silence,Northern Dancer__X__Hail to Reason,Danzig__X__トキノシュリリー,2,Lyphard:5x5;Northern Dancer:5x5x5,0.5859375,12.5,9.375,0.0,0.0,0.0,0.0,6.25,6.25,3.125,0.0,0.0,0.0,0.0,0.0,6.25,0.0,6.25,0.0,0.0
2019107033,ラブパイロー,https://db.netkeiba.com/horse/ped/2019107033/,PASS,パイロ Pyro,グッドファッション,アドマイヤマックス,Pulpit,Wild Again,ゼットマリア,Areola,A.P. Indy,Seattle Slew,Sunday Silence,Hail to Reason,A.P. Indy__X__Sunday Silence,Seattle Slew__X__Hail to Reason,A.P. Indy__X__Areola,4,Gold Digger:5x5;Halo:4x4;Mr. Prospector:4x4;Raise a Native:5x5,1.171875,12.5,3.125,12.5,0.0,0.0,0.0,3.125,12.5,3.125,6.25,12.5,0.0,0.0,0.0,0.0,0.0,0.0,6.25,0.0
2019105415,ベルクレスタ,https://db.netkeiba.com/horse/ped/2019105415/,PASS,ドゥラメンテ,ベルアリュールII Belle Allure,Numerous,King Kamehameha,Sunday Silence,Mare Aux Fees,Fidra,King Kamehameha,Native Dancer,Mr. Prospector,Native Dancer,King Kamehameha__X__Mr. Prospector,Native Dancer__X__Native Dancer,King Kamehameha__X__Fidra,3,Gold Digger:4x5;Mr. Prospector:3x4;Raise a Native:4x5,2.34375,12.5,3.125,18.75,12.5,0.0,0.0,0.0,6.25,3.125,0.0,0.0,6.25,3.125,0.0,0.0,6.25,0.0,9.375,3.125
2019100796,シーグラス,https://db.netkeiba.com/horse/ped/2019100796/,PASS,ゴールドシップ,マイネプレセア,マイネルラヴ,Stay Gold,メジロマックイーン,コスモキララ,クリアアンバー,Stay Gold,Hail to Reason,Mr. Prospector,Native Dancer,Stay Gold__X__Mr. Prospector,Hail to Reason__X__Native Dancer,Stay Gold__X__クリアアンバー,4,Halo:4x5;Northern Taste:5x5;Sunday Silence:3x4;Wishing Well:4x5,2.5390625,18.75,0.0,6.25,0.0,0.0,0.0,0.0,9.375,3.125,0.0,0.0,0.0,0.0,0.0,0.0,0.0,3.125,3.125,0.0
2019102772,ピンハイ,https://db.netkeiba.com/horse/ped/2019102772/,PASS,ミッキーアイル,レイテッド,ジャングルポケット,Deep Impact,ロックオブジブラルタル,タックスシェルター,Party's On Me,Deep Impact,Hail to Reason,Tony Bin,Tony Bin,Deep Impact__X__Tony Bin,Hail to Reason__X__Tony Bin,Deep Impact__X__Party's On Me,7,Alydar:4x5;Halo:4x5;Northern Dancer:5x5;Nureyev:4x4;Special:5x5;Sunday Silence:3x4;Wishing Well:4x5,3.90625,18.75,6.25,0.0,0.0,0.0,0.0,3.125,9.375,3.125,0.0,0.0,0.0,12.5,0.0,0.0,12.5,3.125,3.125,0.0
2019105226,プレサージュリフト,https://db.netkeiba.com/horse/ped/2019105226/,PASS,ハービンジャー Harbinger,シュプリームギフト,Deep Impact,Dansili,Bering,スーヴェニアギフト Souvenir Gift,Rose Red,Danzig,Northern Dancer,Deep Impact,Hail to Reason,Danzig__X__Deep Impact,Northern Dancer__X__Hail to Reason,Danzig__X__Rose Red,2,Lyphard:5x5;Northern Dancer:5x5,0.1953125,12.5,6.25,6.25,0.0,0.0,0.0,6.25,6.25,3.125,3.125,0.0,0.0,3.125,0.0,0.0,0.0,6.25,3.125,0.0
2019100935,ニシノラブウインク,https://db.netkeiba.com/horse/ped/2019100935/,PASS,エピファネイア,ニシノシルエット,アグネスタキオン,シンボリクリスエス,スペシャルウィーク,クランチーカ Kranjska,Fiesta Fun,Roberto,Hail to Reason,Sunday Silence,Hail to Reason,Roberto__X__Sunday Silence,Hail to Reason__X__Hail to Reason,Roberto__X__Fiesta Fun,6,Hail to Reason:5x5;Halo:4x5;Nijinsky:4x5;Northern Dancer:5x5;Sunday Silence:3x4;Wishing Well:4x5,2.734375,18.75,6.25,0.0,0.0,6.25,6.25,0.0,9.375,6.25,3.125,0.0,9.375,0.0,0.0,0.0,0.0,0.0,0.0,0.0
2019104740,スターズオンアース,https://db.netkeiba.com/horse/ped/2019104740/,PASS,ドゥラメンテ,サザンスターズ Southern Stars,Smart Strike,King Kamehameha,Sunday Silence,スタセリタ Stacelita,Sea Symphony,King Kamehameha,Native Dancer,Mr. Prospector,Native Dancer,King Kamehameha__X__Mr. Prospector,Native Dancer__X__Native Dancer,King Kamehameha__X__Sea Symphony,3,Gold Digger:4x5;Mr. Prospector:3x4;Raise a Native:4x5,2.34375,12.5,0.0,18.75,12.5,0.0,0.0,0.0,6.25,3.125,0.0,0.0,0.0,3.125,0.0,0.0,6.25,0.0,9.375,3.125
2019102632,セイウンハーデス,https://db.netkeiba.com/horse/ped/2019102632/,PASS,シルバーステート,ハイノリッジ,マンハッタンカフェ,Deep Impact,Silver Hawk,ゴールドグレース,トサモアー,Deep Impact,Hail to Reason,Sunday Silence,Hail to Reason,Deep Impact__X__Sunday Silence,Hail to Reason__X__Hail to Reason,Deep Impact__X__トサモアー,8,Cosmah:5x5;Hail to Reason:5x5x5;Halo:4x4;Mountain Flower:5x5;Nijinsky:5x5;Sunday Silence:3x3;Understanding:5x5;Wishing Well:4x4,5.859375,25.0,3.125,0.0,0.0,6.25,0.0,0.0,12.5,9.375,0.0,0.0,6.25,0.0,0.0,0.0,0.0,3.125,0.0,0.0
2019105318,ピースオブエイト,https://db.netkeiba.com/horse/ped/2019105318/,PASS,スクリーンヒーロー,トレジャーステイト,Oasis Dream,グラスワンダー,Sunday Silence,ワイオラ Wyola,Bold Example,Roberto,Hail to Reason,Danzig,Northern Dancer,Roberto__X__Danzig,Hail to Reason__X__Northern Dancer,Roberto__X__Bold Example,4,Danzig:4x4;Hail to Reason:5x5;Northern Dancer:4x5x5x5;Pas de Nom:5x5,2.1484375,12.5,15.625,3.125,0.0,6.25,12.5,12.5,6.25,6.25,0.0,0.0,0.0,0.0,0.0,0.0,0.0,3.125,0.0,0.0
2019100965,マテンロウオリオン,https://db.netkeiba.com/horse/ped/2019100965/,PASS,ダイワメジャー,パルテノン,King Kamehameha,Sunday Silence,Northern Taste,レディパステル,Sunny Cove,Sunday Silence,Hail to Reason,King Kamehameha,Native Dancer,Sunday Silence__X__King Kamehameha,Hail to Reason__X__Native Dancer,Sunday Silence__X__Sunny Cove,0,,0.0,25.0,6.25,6.25,12.5,0.0,0.0,0.0,12.5,6.25,0.0,0.0,0.0,3.125,0.0,0.0,12.5,0.0,3.125,0.0
2017105590,ベスビアナイト,https://db.netkeiba.com/horse/ped/2017105590/,PASS,ルーラーシップ,モルガナイト,アグネスデジタル,King Kamehameha,Tony Bin,タンザナイト,Rajput Princess,King Kamehameha,Native Dancer,Mr. Prospector,Native Dancer,King Kamehameha__X__Mr. Prospector,Native Dancer__X__Native Dancer,King Kamehameha__X__Rajput Princess,3,Gold Digger:5x5;Mr. Prospector:4x4;Raise a Native:5x5,1.171875,12.5,3.125,12.5,12.5,0.0,0.0,3.125,6.25,3.125,0.0,0.0,0.0,3.125,0.0,0.0,12.5,0.0,6.25,0.0
2016102175,ダンディズム,https://db.netkeiba.com/horse/ped/2016102175/,PASS,マンハッタンカフェ,ビューティーコンテスト Beauty Contest,Singspiel,Sunday Silence,Law Society,Beldarian,Sixpence,Sunday Silence,Hail to Reason,Sadler's Wells,Northern Dancer,Sunday Silence__X__Sadler's Wells,Hail to Reason__X__Northern Dancer,Sunday Silence__X__Sixpence,4,Cosmah:4x5;Hail to Reason:4x5;Halo:3x4;Northern Dancer:5x5,2.34375,25.0,6.25,0.0,0.0,0.0,6.25,0.0,18.75,9.375,0.0,0.0,0.0,0.0,0.0,0.0,0.0,0.0,0.0,0.0
2016104364,パラダイスリーフ,https://db.netkeiba.com/horse/ped/2016104364/,PASS,Deep Impact,シルキーラグーン,ブライアンズタイム Brian's Time,Sunday Silence,Alzao,シーヴィーナス,Fiji,Deep Impact,Hail to Reason,Roberto,Hail to Reason,Deep Impact__X__Roberto,Hail to Reason__X__Hail to Reason,Deep Impact__X__Fiji,4,Hail to Reason:4x4;Northern Dancer:5x5;Nothirdchance:5x5;Turn-to:5x5,1.3671875,25.0,6.25,3.125,0.0,12.5,0.0,6.25,12.5,12.5,0.0,0.0,0.0,0.0,0.0,0.0,0.0,6.25,0.0,0.0
2016102133,パトリック,https://db.netkeiba.com/horse/ped/2016102133/,PASS,ワークフォース Workforce,シャムローグ,Deep Impact,キングズベスト King's Best,Sadler's Wells,ケイティーズギフト,Mortefontaine,Kingmambo,Native Dancer,Deep Impact,Hail to Reason,Kingmambo__X__Deep Impact,Native Dancer__X__Hail to Reason,Kingmambo__X__Mortefontaine,0,,0.0,12.5,6.25,6.25,12.5,0.0,12.5,0.0,6.25,3.125,0.0,0.0,0.0,3.125,0.0,6.25,0.0,3.125,3.125,0.0
2017105307,ゴルトベルク,https://db.netkeiba.com/horse/ped/2017105307/,PASS,King Kamehameha,グルヴェイグ,Deep Impact,Kingmambo,ラストタイクーン Last Tycoon,エアグルーヴ,パロクサイド,King Kamehameha,Native Dancer,Deep Impact,Hail to Reason,King Kamehameha__X__Deep Impact,Native Dancer__X__Hail to Reason,King Kamehameha__X__パロクサイド,1,Northern Dancer:5x5x5,0.390625,12.5,9.375,12.5,25.0,0.0,0.0,0.0,6.25,3.125,0.0,0.0,0.0,6.25,0.0,0.0,12.5,3.125,6.25,3.125
2018104366,ステイブルアスク,https://db.netkeiba.com/horse/ped/2018104366/,PASS,オルフェーヴル,トレノエンジェル,タイキシャトル,Stay Gold,メジロマックイーン,アスクコマンダー,ミリーバード,Stay Gold,Hail to Reason,Halo,Hail to Reason,Stay Gold__X__Halo,Hail to Reason__X__Hail to Reason,Stay Gold__X__ミリーバード,4,Cosmah:5x5;Hail to Reason:5x5;Halo:4x4;Northern Taste:4x5,1.171875,12.5,3.125,3.125,0.0,3.125,0.0,0.0,12.5,6.25,0.0,0.0,3.125,0.0,0.0,0.0,0.0,3.125,0.0,0.0
2018102608,ヴェルトハイム,https://db.netkeiba.com/horse/ped/2018102608/,PASS,ロードカナロア,ワイルドココ,Shirocco,King Kamehameha,Storm Cat,Wild Side,Waitotara,King Kamehameha,Native Dancer,Shirocco,Shirocco,King Kamehameha__X__Shirocco,Native Dancer__X__Shirocco,King Kamehameha__X__Waitotara,2,Konigsstuhl:4x5;Northern Dancer:5x5,0.1953125,0.0,6.25,6.25,12.5,0.0,0.0,0.0,0.0,0.0,0.0,0.0,0.0,3.125,12.5,0.0,0.0,0.0,3.125,0.0
2017101819,ハギノリュクス,https://db.netkeiba.com/horse/ped/2017101819/,PASS,ルーラーシップ,ハギノウィッシュ,アグネスタキオン,King Kamehameha,Tony Bin,アヴェニューズレディ Avenue's Lady,Cancelada,King Kamehameha,Native Dancer,Sunday Silence,Hail to Reason,King Kamehameha__X__Sunday Silence,Native Dancer__X__Hail to Reason,King Kamehameha__X__Cancelada,0,,0.0,12.5,3.125,6.25,12.5,0.0,0.0,0.0,6.25,3.125,6.25,0.0,3.125,3.125,0.0,0.0,12.5,0.0,3.125,0.0
2017101449,エヴァーガーデン,https://db.netkeiba.com/horse/ped/2017101449/,PASS,アイルハヴアナザー I'll Have Another,モエレカトリーナ,Halo,Flower Alley,Arch,シーワン,Lady Winborne,Mr. Prospector,Native Dancer,Halo,Hail to Reason,Mr. Prospector__X__Halo,Native Dancer__X__Hail to Reason,Mr. Prospector__X__Lady Winborne,3,Danzig:4x5x5;Halo:2x4;Mr. Prospector:5x5x5,0.390625,12.5,3.125,9.375,0.0,3.125,3.125,12.5,31.25,3.125,0.0,0.0,0.0,0.0,0.0,0.0,0.0,3.125,0.0,0.0
2016104926,フォルコメン,https://db.netkeiba.com/horse/ped/2016104926/,PASS,ヴィクトワールピサ,イマーキュレイトキャット Immaculate Cat,Storm Cat,ネオユニヴァース,Machiavellian,Myhrr,Santa Quilla,Sunday Silence,Hail to Reason,Storm Cat,Northern Dancer,Sunday Silence__X__Storm Cat,Hail to Reason__X__Northern Dancer,Sunday Silence__X__Santa Quilla,5,Gold Digger:4x5;Halo:4x5;Mr. Prospector:3x4;Northern Dancer:4x5;Raise a Native:4x5,2.34375,12.5,9.375,18.75,0.0,0.0,0.0,0.0,9.375,3.125,0.0,0.0,0.0,6.25,25.0,0.0,0.0,0.0,9.375,3.125
2018102009,ヤマニンデンファレ,https://db.netkeiba.com/horse/ped/2018102009/,PASS,ローエングリン,ヤマニンアドーレ,ダイワメジャー,Singspiel,Garde Royale,ヤマニンアラバスタ,ニシキノ,Sadler's Wells,Northern Dancer,Sunday Silence,Hail to Reason,Sadler's Wells__X__Sunday Silence,Northern Dancer__X__Hail to Reason,Sadler's Wells__X__ニシキノ,4,Cosmah:5x5;Hail to Reason:5x5;Halo:4x4;Northern Dancer:5x5,1.3671875,12.5,6.25,0.0,0.0,0.0,6.25,0.0,12.5,6.25,0.0,0.0,0.0,0.0,0.0,0.0,0.0,0.0,0.0,0.0
2017104961,タイセイモンストル,https://db.netkeiba.com/horse/ped/2017104961/,PASS,ルーラーシップ,ラブアクチュアリー,ダンスインザダーク,King Kamehameha,Tony Bin,ワイドウインダム,メジロナデシコ,King Kamehameha,Native Dancer,Sunday Silence,Hail to Reason,King Kamehameha__X__Sunday Silence,Native Dancer__X__Hail to Reason,King Kamehameha__X__メジロナデシコ,1,Northern Dancer:5x5,0.1953125,12.5,6.25,6.25,12.5,0.0,0.0,0.0,6.25,3.125,0.0,0.0,6.25,3.125,0.0,0.0,12.5,0.0,3.125,0.0
2017101183,レッドライデン,https://db.netkeiba.com/horse/ped/2017101183/,PASS,エイシンフラッシュ,ブランシェール,Deep Impact,キングズベスト King's Best,Platini,アドヴァーシティ Adversity,Lovely Morning,Kingmambo,Native Dancer,Deep Impact,Hail to Reason,Kingmambo__X__Deep Impact,Native Dancer__X__Hail to Reason,Kingmambo__X__Lovely Morning,3,Gold Digger:5x5;Mr. Prospector:4x4;Raise a Native:5x5,1.171875,12.5,3.125,12.5,12.5,0.0,0.0,6.25,6.25,3.125,0.0,0.0,0.0,3.125,0.0,0.0,0.0,3.125,6.25,0.0
2016106606,カラテ,https://db.netkeiba.com/horse/ped/2016106606/,PASS,トゥザグローリー,レディーノパンチ,フレンチデピュティ French Deputy,King Kamehameha,Sunday Silence,レイサッシュ,ロイヤルサッシュ,King Kamehameha,Native Dancer,Deputy Minister,Northern Dancer,King Kamehameha__X__Deputy Minister,Native Dancer__X__Northern Dancer,King Kamehameha__X__ロイヤルサッシュ,2,Northern Dancer:5x5;Nureyev:4x5,0.1953125,12.5,6.25,6.25,12.5,0.0,0.0,0.0,6.25,3.125,0.0,0.0,0.0,9.375,0.0,12.5,0.0,0.0,3.125,0.0
2014102163,ゴールドスミス,https://db.netkeiba.com/horse/ped/2014102163/,PASS,Stay Gold,ザミリア Zameyla,Cape Cross,Sunday Silence,ディクタス Dictus,Angelic Sounds,Frozen Blonde,Stay Gold,Hail to Reason,Danzig,Northern Dancer,Stay Gold__X__Danzig,Hail to Reason__X__Northern Dancer,Stay Gold__X__Frozen Blonde,1,Northern Dancer:5x5x5,0.390625,25.0,9.375,0.0,0.0,0.0,0.0,6.25,12.5,6.25,0.0,0.0,0.0,0.0,0.0,0.0,0.0,0.0,0.0,0.0
2017102537,フォワードアゲン,https://db.netkeiba.com/horse/ped/2017102537/,PASS,ローズキングダム,エーシンシャイナー,グラスワンダー,King Kamehameha,Sunday Silence,エイシンサンサン,Mulhollande,King Kamehameha,Native Dancer,Roberto,Hail to Reason,King Kamehameha__X__Roberto,Native Dancer__X__Hail to Reason,King Kamehameha__X__Mulhollande,2,Hail to Reason:5x5;Northern Dancer:5x5,0.1953125,12.5,6.25,6.25,12.5,6.25,0.0,6.25,6.25,6.25,0.0,0.0,0.0,3.125,0.0,0.0,0.0,3.125,3.125,0.0
2018100428,カナリキケン,https://db.netkeiba.com/horse/ped/2018100428/,PASS,ジャスタウェイ,ブリリアントレイ,King Kamehameha,Heart's Cry,Wild Again,ブラダマンテ Bradamante,Dodge Me,Heart's Cry,Hail to Reason,King Kamehameha,Native Dancer,Heart's Cry__X__King Kamehameha,Hail to Reason__X__Native Dancer,Heart's Cry__X__Dodge Me,2,Hail to Reason:4x5;Nearctic:5x5,0.5859375,12.5,6.25,6.25,12.5,12.5,0.0,0.0,6.25,9.375,0.0,0.0,0.0,3.125,0.0,0.0,6.25,3.125,3.125,0.0
2019105366,フェーングロッテン,https://db.netkeiba.com/horse/ped/2019105366/,PASS,ブラックタイド,ピクシーホロウ,Halo,Sunday Silence,Alzao,ラインレジーナ,Painted Flag,Sunday Silence,Hail to Reason,Halo,Hail to Reason,Sunday Silence__X__Halo,Hail to Reason__X__Hail to Reason,Sunday Silence__X__Painted Flag,7,Cosmah:4x5;Goofed:5x5;Hail to Reason:4x5;Halo:2x3x3x4;Lyphard:4x4;Northern Dancer:5x5;Sir Ivor:5x5,13.0859375,25.0,6.25,0.0,0.0,0.0,0.0,0.0,56.25,9.375,0.0,0.0,0.0,0.0,0.0,0.0,0.0,12.5,0.0,0.0
2019105558,ロジレット,https://db.netkeiba.com/horse/ped/2019105558/,PASS,ロジユニヴァース,ロジフェローズ,タニノギムレット,ネオユニヴァース,Cape Cross,スイートフェローズ,Portage,Sunday Silence,Hail to Reason,Roberto,Hail to Reason,Sunday Silence__X__Roberto,Hail to Reason__X__Hail to Reason,Sunday Silence__X__Portage,2,Hail to Reason:5x5;Mr. Prospector:5x5,0.390625,12.5,0.0,6.25,0.0,6.25,0.0,3.125,6.25,6.25,0.0,0.0,0.0,3.125,0.0,0.0,0.0,0.0,0.0,0.0
2019104929,エコルフリューゲル,https://db.netkeiba.com/horse/ped/2019104929/,PASS,ダイワメジャー,ムニラー Munirah,Kitten's Joy,Sunday Silence,Northern Taste,Speed to Burn,Legato,Sunday Silence,Hail to Reason,Sadler's Wells,Northern Dancer,Sunday Silence__X__Sadler's Wells,Hail to Reason__X__Northern Dancer,Sunday Silence__X__Legato,3,Hail to Reason:4x5;Northern Dancer:4x5;Roberto:4x5,0.78125,25.0,9.375,0.0,0.0,9.375,6.25,0.0,12.5,9.375,0.0,0.0,0.0,0.0,0.0,0.0,0.0,0.0,0.0,0.0
2019104159,カヨウネンカ,https://db.netkeiba.com/horse/ped/2019104159/,PASS,ゴールドシップ,リーベストラウム,ゼンノエルシド,Stay Gold,メジロマックイーン,マウントモガミ,スズダマシイ,Stay Gold,Hail to Reason,Nijinsky,Northern Dancer,Stay Gold__X__Nijinsky,Hail to Reason__X__Northern Dancer,Stay Gold__X__スズダマシイ,2,Nijinsky:4x5;Northern Dancer:5x5,0.0,12.5,6.25,0.0,0.0,0.0,0.0,0.0,6.25,3.125,0.0,0.0,9.375,0.0,0.0,0.0,0.0,6.25,0.0,0.0
2019104607,コルベイユ,https://db.netkeiba.com/horse/ped/2019104607/,PASS,リーチザクラウン,ラタンバスケット,タイキシャトル,スペシャルウィーク,Seattle Slew,サンデーピクニック,Sahara Goddess,Sunday Silence,Hail to Reason,Halo,Hail to Reason,Sunday Silence__X__Halo,Hail to Reason__X__Hail to Reason,Sunday Silence__X__Sahara Goddess,10,Caerleon:4x4;Cosmah:5x5x5;Foreseer:5x5;Hail to Reason:5x5x5;Halo:4x4x4;Mountain Flower:5x5;Nijinsky:5x5x5;Sunday Silence:3x3;Understanding:5x5;Wishing Well:4x4,7.03125,25.0,0.0,6.25,0.0,0.0,0.0,0.0,18.75,9.375,12.5,0.0,9.375,0.0,0.0,0.0,0.0,0.0,3.125,0.0
2019105329,サンカルパ,https://db.netkeiba.com/horse/ped/2019105329/,PASS,ドゥラメンテ,ハイドバウンド Hidebound,Grand Slam,King Kamehameha,Sunday Silence,Hidden Dreams,Intriguing,King Kamehameha,Native Dancer,Mr. Prospector,Native Dancer,King Kamehameha__X__Mr. Prospector,Native Dancer__X__Native Dancer,King Kamehameha__X__Intriguing,5,Gold Digger:5x5;Mr. Prospector:4x4;Northern Dancer:5x5;Nureyev:4x5;Raise a Native:5x5,1.5625,12.5,6.25,12.5,12.5,0.0,0.0,0.0,6.25,3.125,0.0,0.0,0.0,9.375,0.0,0.0,6.25,0.0,6.25,0.0
2019105040,セントカメリア,https://db.netkeiba.com/horse/ped/2019105040/,PASS,ドゥラメンテ,アドマイヤテレサ,エリシオ Helissio,King Kamehameha,Sunday Silence,ヒード Heed,Spy Demon,King Kamehameha,Native Dancer,Northern Dancer,Northern Dancer,King Kamehameha__X__Northern Dancer,Native Dancer__X__Northern Dancer,King Kamehameha__X__Spy Demon,1,Northern Dancer:4x5,0.0,12.5,9.375,6.25,12.5,0.0,0.0,0.0,6.25,3.125,3.125,0.0,6.25,3.125,0.0,0.0,6.25,0.0,3.125,0.0
2019104868,ブルトンクール,https://db.netkeiba.com/horse/ped/2019104868/,PASS,エピファネイア,ファビュラスセンス,グラスワンダー,シンボリクリスエス,スペシャルウィーク,ファビラスターン,シヤダイプリマ,Roberto,Hail to Reason,Roberto,Hail to Reason,Roberto__X__Roberto,Hail to Reason__X__Hail to Reason,Roberto__X__シヤダイプリマ,7,Bramalea:5x5;Hail to Reason:5x5x5;Halo:4x5;Northern Dancer:5x5;Roberto:4x4;Sunday Silence:3x4;Wishing Well:4x5,3.90625,18.75,6.25,0.0,0.0,12.5,6.25,6.25,9.375,9.375,3.125,0.0,0.0,0.0,0.0,0.0,0.0,0.0,0.0,0.0
2019106877,ミナモトフェイス,https://db.netkeiba.com/horse/ped/2019106877/,PASS,キタサンブラック,パーフェクトチャンス Perfect Chance,Unbridled's Song,ブラックタイド,サクラバクシンオー,Win Crafty Lady,Jay's Intent,Sunday Silence,Hail to Reason,Mr. Prospector,Native Dancer,Sunday Silence__X__Mr. Prospector,Hail to Reason__X__Native Dancer,Sunday Silence__X__Jay's Intent,2,Lyphard:5x5;Mr. Prospector:4x5,0.0,12.5,0.0,9.375,0.0,0.0,0.0,0.0,6.25,3.125,0.0,0.0,0.0,0.0,0.0,0.0,0.0,6.25,3.125,0.0
2019104700,ラリュエル,https://db.netkeiba.com/horse/ped/2019104700/,PASS,Deep Impact,カウアイレーン,King Kamehameha,Sunday Silence,Alzao,シルバーレーン Silver Lane,Crawfish,Deep Impact,Hail to Reason,King Kamehameha,Native Dancer,Deep Impact__X__King Kamehameha,Hail to Reason__X__Native Dancer,Deep Impact__X__Crawfish,2,Hail to Reason:4x5;Pocahontas:5x5,0.5859375,25.0,3.125,6.25,12.5,6.25,0.0,0.0,12.5,9.375,0.0,0.0,0.0,3.125,0.0,0.0,0.0,6.25,3.125,0.0
2019105207,サリエラ,https://db.netkeiba.com/horse/ped/2019105207/,PASS,Deep Impact,サロミナ Salomina,Lomitas,Sunday Silence,Alzao,Saldentigerin,Salesiana,Deep Impact,Hail to Reason,Nijinsky,Northern Dancer,Deep Impact__X__Nijinsky,Hail to Reason__X__Northern Dancer,Deep Impact__X__Salesiana,1,Northern Dancer:5x5,0.1953125,25.0,6.25,0.0,0.0,0.0,0.0,3.125,12.5,6.25,0.0,0.0,6.25,0.0,0.0,0.0,0.0,6.25,0.0,0.0
2019101670,メモリーレゾン,https://db.netkeiba.com/horse/ped/2019101670/,PASS,オルフェーヴル,メモリーパフィア,ノボジャック,Stay Gold,メジロマックイーン,メモリーラマン,Zitza,Stay Gold,Hail to Reason,Deputy Minister,Northern Dancer,Stay Gold__X__Deputy Minister,Hail to Reason__X__Northern Dancer,Stay Gold__X__Zitza,2,Northern Dancer:5x5;Northern Taste:4x5,0.1953125,12.5,6.25,3.125,0.0,0.0,0.0,0.0,6.25,3.125,0.0,0.0,0.0,0.0,0.0,6.25,12.5,6.25,0.0,0.0
2019100664,エグランタイン,https://db.netkeiba.com/horse/ped/2019100664/,PASS,キズナ,ラトナプラ,Distorted Humor,Deep Impact,Storm Cat,Bon Jovi Girl,Jungle Mythologic,Deep Impact,Hail to Reason,Mr. Prospector,Native Dancer,Deep Impact__X__Mr. Prospector,Hail to Reason__X__Native Dancer,Deep Impact__X__Jungle Mythologic,4,Danzig:3x4;Mr. Prospector:4x5;Northern Dancer:5x5;Raise a Native:5x5,0.1953125,12.5,6.25,9.375,0.0,0.0,0.0,18.75,6.25,3.125,3.125,6.25,0.0,0.0,12.5,0.0,0.0,3.125,6.25,0.0
2019100464,ヒヅルジョウ,https://db.netkeiba.com/horse/ped/2019100464/,PASS,ハービンジャー Harbinger,サンデージョウ,グラスワンダー,Dansili,Bering,イシノクイル,Quill,Danzig,Northern Dancer,Roberto,Hail to Reason,Danzig__X__Roberto,Northern Dancer__X__Hail to Reason,Danzig__X__Quill,5,Danzig:4x4;Hail to Reason:5x5;His Majesty:5x5;Northern Dancer:5x5x5;Pas de Nom:5x5,1.5625,12.5,9.375,0.0,0.0,6.25,0.0,12.5,6.25,6.25,0.0,0.0,0.0,0.0,0.0,0.0,0.0,3.125,0.0,0.0
2019103430,ベリーヴィーナス,https://db.netkeiba.com/horse/ped/2019103430/,PASS,キズナ,ティーエスベリー,New Approach,Deep Impact,Storm Cat,ファウヴェリア,Britannia's Rule,Deep Impact,Hail to Reason,Sadler's Wells,Northern Dancer,Deep Impact__X__Sadler's Wells,Hail to Reason__X__Northern Dancer,Deep Impact__X__Britannia's Rule,2,Northern Dancer:5x5x5;Sadler's Wells:4x5,0.390625,12.5,9.375,0.0,0.0,0.0,9.375,6.25,6.25,3.125,0.0,0.0,0.0,0.0,12.5,0.0,0.0,3.125,0.0,0.0
2019103973,ルージュリナージュ,https://db.netkeiba.com/horse/ped/2019103973/,PASS,スピルバーグ,パンツァネッラ,ルーラーシップ,Deep Impact,Lycius,シルバーフォックス,Dream Deal,Deep Impact,Hail to Reason,King Kamehameha,Native Dancer,Deep Impact__X__King Kamehameha,Hail to Reason__X__Native Dancer,Deep Impact__X__Dream Deal,5,Halo:4x5;Lyphard:5x5;Mr. Prospector:4x5;Sunday Silence:3x4;Wishing Well:4x5,2.734375,18.75,3.125,9.375,6.25,0.0,6.25,0.0,9.375,3.125,0.0,0.0,0.0,3.125,0.0,3.125,6.25,6.25,3.125,0.0
2019105552,ローシャムパーク,https://db.netkeiba.com/horse/ped/2019105552/,PASS,ハービンジャー Harbinger,レネットグルーヴ,King Kamehameha,Dansili,Bering,イントゥザグルーヴ,シャダイフェザー,Danzig,Northern Dancer,King Kamehameha,Native Dancer,Danzig__X__King Kamehameha,Northern Dancer__X__Native Dancer,Danzig__X__シャダイフェザー,1,Northern Dancer:5x5,0.0,12.5,6.25,6.25,12.5,0.0,0.0,6.25,6.25,3.125,0.0,0.0,0.0,3.125,0.0,0.0,6.25,3.125,3.125,0.0
2019105546,マテンロウスカイ,https://db.netkeiba.com/horse/ped/2019105546/,PASS,モーリス,レッドラヴィータ,スペシャルウィーク,スクリーンヒーロー,カーネギー Carnegie,ディクシージャズ,Lady Offshore,Roberto,Hail to Reason,Sunday Silence,Hail to Reason,Roberto__X__Sunday Silence,Hail to Reason__X__Hail to Reason,Roberto__X__Lady Offshore,4,Halo:4x5;Northern Dancer:5x5;Sunday Silence:3x4;Wishing Well:4x5,2.5390625,18.75,6.25,0.0,0.0,3.125,6.25,3.125,9.375,3.125,0.0,0.0,3.125,0.0,0.0,0.0,12.5,3.125,0.0,0.0
2019104476,ガイアフォース,https://db.netkeiba.com/horse/ped/2019104476/,PASS,キタサンブラック,ナターレ,クロフネ,ブラックタイド,サクラバクシンオー,ロージーチャーム,Jedina,Sunday Silence,Hail to Reason,Deputy Minister,Northern Dancer,Sunday Silence__X__Deputy Minister,Hail to Reason__X__Northern Dancer,Sunday Silence__X__Jedina,5,Halo:4x5;Lyphard:5x5;Northern Taste:4x5;Sunday Silence:3x4;Wishing Well:4x5,2.734375,18.75,3.125,0.0,0.0,0.0,0.0,0.0,9.375,3.125,0.0,0.0,3.125,0.0,0.0,6.25,0.0,6.25,0.0,0.0
2019103826,ベジャール,https://db.netkeiba.com/horse/ped/2019103826/,PASS,モーリス,エスジーブルーム,アフリート Afleet,スクリーンヒーロー,カーネギー Carnegie,エスジービアンカ,ストーミーセツシヨン,Roberto,Hail to Reason,Mr. Prospector,Native Dancer,Roberto__X__Mr. Prospector,Hail to Reason__X__Native Dancer,Roberto__X__ストーミーセツシヨン,1,Northern Dancer:5x5,0.1953125,6.25,6.25,12.5,0.0,3.125,6.25,3.125,3.125,0.0,0.0,0.0,6.25,0.0,0.0,0.0,0.0,3.125,6.25,3.125
2019104828,キングズパレス,https://db.netkeiba.com/horse/ped/2019104828/,PASS,King Kamehameha,ドバウィハイツ Dubawi Heights,Dubawi,Kingmambo,ラストタイクーン Last Tycoon,Rosie's Posy,Zebra Grass,King Kamehameha,Native Dancer,Mr. Prospector,Native Dancer,King Kamehameha__X__Mr. Prospector,Native Dancer__X__Native Dancer,King Kamehameha__X__Zebra Grass,3,Green Dancer:4x5;Mr. Prospector:3x5;Northern Dancer:5x5,1.171875,0.0,6.25,15.625,25.0,0.0,0.0,0.0,0.0,0.0,0.0,0.0,3.125,6.25,0.0,0.0,0.0,0.0,6.25,3.125
2019101288,サイモンバロン,https://db.netkeiba.com/horse/ped/2019101288/,PASS,ハービンジャー Harbinger,ハイレイヤー,シンボリクリスエス,Dansili,Bering,セシルカット,パロクサイド,Danzig,Northern Dancer,Roberto,Hail to Reason,Danzig__X__Roberto,Northern Dancer__X__Hail to Reason,Danzig__X__パロクサイド,2,Hail to Reason:5x5;Northern Dancer:5x5x5,0.390625,12.5,9.375,0.0,0.0,6.25,0.0,6.25,6.25,6.25,3.125,0.0,0.0,0.0,0.0,0.0,0.0,3.125,0.0,0.0
2019104520,コントゥラット,https://db.netkeiba.com/horse/ped/2019104520/,PASS,エピファネイア,アスクデピュティ,フレンチデピュティ French Deputy,シンボリクリスエス,スペシャルウィーク,マルカコマチ,ハニードリーマー,Roberto,Hail to Reason,Deputy Minister,Northern Dancer,Roberto__X__Deputy Minister,Hail to Reason__X__Northern Dancer,Roberto__X__ハニードリーマー,5,Hail to Reason:5x5;Halo:4x5;Northern Dancer:5x5;Sunday Silence:3x4;Wishing Well:4x5,2.734375,18.75,6.25,0.0,0.0,6.25,6.25,0.0,9.375,6.25,3.125,0.0,0.0,0.0,0.0,12.5,0.0,0.0,0.0,0.0
2019100603,ヤマニンゼスト,https://db.netkeiba.com/horse/ped/2019100603/,PASS,シンボリクリスエス,ヤマニンバステト,Deep Impact,Kris S.,Gold Meridian,マダニナ,Riverside,Roberto,Hail to Reason,Deep Impact,Hail to Reason,Roberto__X__Deep Impact,Hail to Reason__X__Hail to Reason,Roberto__X__Riverside,1,Hail to Reason:4x5,0.390625,12.5,6.25,0.0,0.0,12.5,12.5,0.0,6.25,9.375,6.25,0.0,0.0,0.0,0.0,0.0,0.0,3.125,0.0,0.0
2019105065,パラレルヴィジョン,https://db.netkeiba.com/horse/ped/2019105065/,PASS,キズナ,アールブリュット,マクフィ Makfi,Deep Impact,Storm Cat,イグジビットワン,Zaizafon,Deep Impact,Hail to Reason,マクフィ Makfi,マクフィ Makfi,Deep Impact__X__マクフィ Makfi,Hail to Reason__X__マクフィ Makfi,Deep Impact__X__Zaizafon,2,Hail to Reason:5x5;Northern Dancer:5x5,0.390625,12.5,6.25,0.0,0.0,6.25,6.25,3.125,6.25,6.25,0.0,0.0,0.0,0.0,12.5,0.0,0.0,3.125,0.0,0.0
2019105118,ジュンブロッサム,https://db.netkeiba.com/horse/ped/2019105118/,PASS,ワールドエース,エンプレスティアラ,クロフネ,Deep Impact,Acatenango,ゴールドティアラ,Exclusive Dancer,Deep Impact,Hail to Reason,Deputy Minister,Northern Dancer,Deep Impact__X__Deputy Minister,Hail to Reason__X__Northern Dancer,Deep Impact__X__Exclusive Dancer,0,,0.0,12.5,3.125,6.25,0.0,0.0,0.0,3.125,6.25,3.125,0.0,0.0,0.0,0.0,0.0,6.25,0.0,3.125,3.125,0.0
2019105793,アイキャンドウイッ,https://db.netkeiba.com/horse/ped/2019105793/,PASS,Deep Impact,ビーコンターン Beacon Tarn,Shamardal,Sunday Silence,Alzao,Baize,Treasure Island,Deep Impact,Hail to Reason,Storm Cat,Northern Dancer,Deep Impact__X__Storm Cat,Hail to Reason__X__Northern Dancer,Deep Impact__X__Treasure Island,0,,0.0,25.0,3.125,3.125,0.0,0.0,0.0,0.0,12.5,6.25,0.0,0.0,0.0,0.0,6.25,0.0,0.0,6.25,0.0,0.0
2019100668,サンセットクラウド,https://db.netkeiba.com/horse/ped/2019100668/,PASS,Deep Impact,ロードクロサイト,Unbridled's Song,Sunday Silence,Alzao,Folklore,バジー,Deep Impact,Hail to Reason,Mr. Prospector,Native Dancer,Deep Impact__X__Mr. Prospector,Hail to Reason__X__Native Dancer,Deep Impact__X__バジー,1,Fappiano:4x5,0.0,25.0,3.125,3.125,0.0,0.0,0.0,0.0,12.5,6.25,0.0,0.0,0.0,0.0,6.25,0.0,0.0,6.25,0.0,0.0
2017105082,ヴェラアズール,https://db.netkeiba.com/horse/ped/2017105082/,PASS,エイシンフラッシュ,ヴェラブランカ,クロフネ,キングズベスト King's Best,Platini,アドマイヤサンデー,Moonmadness,Kingmambo,Native Dancer,Deputy Minister,Northern Dancer,Kingmambo__X__Deputy Minister,Native Dancer__X__Northern Dancer,Kingmambo__X__Moonmadness,0,,0.0,12.5,3.125,6.25,12.5,0.0,0.0,0.0,6.25,3.125,0.0,0.0,0.0,3.125,0.0,6.25,0.0,0.0,3.125,0.0
2019100215,ウインエクレール,https://db.netkeiba.com/horse/ped/2019100215/,PASS,Deep Impact,サマーエタニティ,アドマイヤコジーン,Sunday Silence,Alzao,オールフォーゲラン,ミスブゼン,Deep Impact,Hail to Reason,アドマイヤコジーン,アドマイヤコジーン,Deep Impact__X__アドマイヤコジーン,Hail to Reason__X__アドマイヤコジーン,Deep Impact__X__ミスブゼン,2,Nijinsky:5x5;Northern Dancer:5x5,0.1953125,25.0,6.25,6.25,0.0,0.0,0.0,0.0,12.5,6.25,0.0,0.0,6.25,0.0,0.0,0.0,0.0,6.25,3.125,0.0
2019100547,タガノフィナーレ,https://db.netkeiba.com/horse/ped/2019100547/,PASS,エピファネイア,タガノミューチャン,Heart's Cry,シンボリクリスエス,スペシャルウィーク,エイシンミュー,Puss in Cahoots,Roberto,Hail to Reason,Heart's Cry,Hail to Reason,Roberto__X__Heart's Cry,Hail to Reason__X__Hail to Reason,Roberto__X__Puss in Cahoots,5,Hail to Reason:5x5;Halo:4x5;Northern Dancer:5x5;Sunday Silence:3x4;Wishing Well:4x5,2.734375,18.75,6.25,0.0,0.0,6.25,6.25,0.0,9.375,6.25,3.125,0.0,0.0,6.25,3.125,0.0,6.25,3.125,0.0,0.0
2019104124,ストーリア,https://db.netkeiba.com/horse/ped/2019104124/,PASS,リオンディーズ,フェリス,ジャングルポケット,King Kamehameha,スペシャルウィーク,レディミューズ,ロイコン,King Kamehameha,Native Dancer,Tony Bin,Tony Bin,King Kamehameha__X__Tony Bin,Native Dancer__X__Tony Bin,King Kamehameha__X__ロイコン,3,Mr. Prospector:4x5;Northern Dancer:5x5;Nureyev:4x5,0.9765625,6.25,6.25,9.375,12.5,0.0,6.25,0.0,3.125,0.0,0.0,0.0,3.125,9.375,0.0,0.0,12.5,0.0,3.125,0.0
2019105846,ブライトオンベイス,https://db.netkeiba.com/horse/ped/2019105846/,PASS,キタサンブラック,コーディーライン Cordyline,Miswaki,ブラックタイド,サクラバクシンオー,Private Encore,Azurine,Sunday Silence,Hail to Reason,Mr. Prospector,Native Dancer,Sunday Silence__X__Mr. Prospector,Hail to Reason__X__Native Dancer,Sunday Silence__X__Azurine,1,Lyphard:5x5,0.0,12.5,3.125,12.5,0.0,0.0,0.0,0.0,6.25,3.125,0.0,0.0,6.25,0.0,0.0,0.0,0.0,6.25,6.25,3.125
2019100790,マイネルトルファン,https://db.netkeiba.com/horse/ped/2019100790/,PASS,オルフェーヴル,マイネテレジア,ロージズインメイ Roses in May,Stay Gold,メジロマックイーン,マイネヌーヴェル,Nouvelle Star,Stay Gold,Hail to Reason,Halo,Hail to Reason,Stay Gold__X__Halo,Hail to Reason__X__Hail to Reason,Stay Gold__X__Nouvelle Star,3,Hail to Reason:5x5;Halo:4x5;Northern Taste:4x5,0.5859375,12.5,3.125,0.0,0.0,6.25,0.0,0.0,9.375,6.25,0.0,0.0,0.0,0.0,0.0,0.0,0.0,0.0,0.0,0.0
2019105556,ドゥラドーレス,https://db.netkeiba.com/horse/ped/2019105556/,PASS,ドゥラメンテ,ロカ,ハービンジャー Harbinger,King Kamehameha,Sunday Silence,ランズエッジ,Highclere,King Kamehameha,Native Dancer,Danzig,Northern Dancer,King Kamehameha__X__Danzig,Native Dancer__X__Northern Dancer,King Kamehameha__X__Highclere,3,Halo:4x5;Sunday Silence:3x4;Wishing Well:4x5,2.34375,18.75,0.0,6.25,12.5,0.0,0.0,3.125,9.375,3.125,0.0,0.0,3.125,3.125,0.0,0.0,6.25,3.125,3.125,0.0
2019101507,ディナースタ,https://db.netkeiba.com/horse/ped/2019101507/,PASS,ドゥラメンテ,ラヴァリーノ Ravarino,Unbridled's Song,King Kamehameha,Sunday Silence,Sous Entendu,Queen Nasra,King Kamehameha,Native Dancer,Mr. Prospector,Native Dancer,King Kamehameha__X__Mr. Prospector,Native Dancer__X__Native Dancer,King Kamehameha__X__Queen Nasra,3,Gold Digger:5x5;Mr. Prospector:4x4x5;Raise a Native:5x5,1.5625,12.5,3.125,15.625,12.5,0.0,0.0,0.0,6.25,3.125,0.0,0.0,6.25,3.125,0.0,0.0,6.25,0.0,6.25,0.0
2019105168,セレシオン,https://db.netkeiba.com/horse/ped/2019105168/,PASS,Heart's Cry,クルソラ Cursora,Candy Stripes,Sunday Silence,Tony Bin,Calorica,Casandra Real,Heart's Cry,Hail to Reason,Nasrullah,Nasrullah,Heart's Cry__X__Nasrullah,Hail to Reason__X__Nasrullah,Heart's Cry__X__Casandra Real,3,Goofed:5x5;Lyphard:4x4;Northern Dancer:5x5,1.171875,25.0,6.25,0.0,0.0,0.0,0.0,0.0,12.5,6.25,0.0,0.0,0.0,0.0,0.0,0.0,12.5,12.5,0.0,0.0
2017105620,レインカルナティオ,https://db.netkeiba.com/horse/ped/2017105620/,PASS,ルーラーシップ,リビングプルーフ,ファルブラヴ Falbrav,King Kamehameha,Tony Bin,プルーフオブラヴ,Goofed,King Kamehameha,Native Dancer,Northern Dancer,Northern Dancer,King Kamehameha__X__Northern Dancer,Native Dancer__X__Northern Dancer,King Kamehameha__X__Goofed,2,Northern Dancer:4x5;Seattle Slew:4x5,0.390625,12.5,9.375,6.25,12.5,0.0,0.0,0.0,6.25,3.125,9.375,0.0,0.0,3.125,0.0,0.0,12.5,0.0,3.125,0.0
2017103201,クリノプレミアム,https://db.netkeiba.com/horse/ped/2017103201/,PASS,オルフェーヴル,ダンシングクイーン,Giant's Causeway,Stay Gold,メジロマックイーン,パーフェクトワールド Perfect World,Sandy Blue,Stay Gold,Hail to Reason,Storm Cat,Northern Dancer,Stay Gold__X__Storm Cat,Hail to Reason__X__Northern Dancer,Stay Gold__X__Sandy Blue,3,Northern Dancer:5x5x5;Northern Taste:4x5;Secretariat:5x5,0.390625,12.5,9.375,6.25,0.0,3.125,0.0,0.0,6.25,3.125,0.0,0.0,0.0,0.0,12.5,0.0,0.0,0.0,3.125,0.0
2016103084,ローザノワール,https://db.netkeiba.com/horse/ped/2016103084/,PASS,マンハッタンカフェ,ダノンスズラン,Awesome Again,Sunday Silence,Law Society,パルムドールII,Amagalla,Sunday Silence,Hail to Reason,Deputy Minister,Northern Dancer,Sunday Silence__X__Deputy Minister,Hail to Reason__X__Northern Dancer,Sunday Silence__X__Amagalla,1,Northern Dancer:4x5,0.0,25.0,9.375,3.125,0.0,0.0,12.5,0.0,12.5,6.25,0.0,0.0,0.0,0.0,0.0,12.5,0.0,0.0,0.0,0.0
2020100189,アレクサ,https://db.netkeiba.com/horse/ped/2020100189/,PASS,リアルスティール,アルテーロ,ハービンジャー Harbinger,Deep Impact,Storm Cat,グルーヴィクイーン,ダイナカール,Deep Impact,Hail to Reason,Danzig,Northern Dancer,Deep Impact__X__Danzig,Hail to Reason__X__Northern Dancer,Deep Impact__X__ダイナカール,5,Halo:4x5;Miesque:4x5;Mr. Prospector:4x5;Sunday Silence:3x4;Wishing Well:4x5,3.125,18.75,3.125,9.375,6.25,0.0,0.0,3.125,9.375,3.125,0.0,0.0,0.0,3.125,12.5,0.0,3.125,3.125,3.125,0.0
2020103061,シュタールヴィント,https://db.netkeiba.com/horse/ped/2020103061/,PASS,ロードカナロア,マルセリーナ,Deep Impact,King Kamehameha,Storm Cat,マルバイユ Marbye,Miss Puddleduck,King Kamehameha,Native Dancer,Deep Impact,Hail to Reason,King Kamehameha__X__Deep Impact,Native Dancer__X__Hail to Reason,King Kamehameha__X__Miss Puddleduck,3,Mill Princess:5x5;トライマイベスト:5x5;ラストタイクーン:4x4,1.171875,12.5,3.125,6.25,12.5,0.0,0.0,0.0,6.25,3.125,0.0,0.0,0.0,3.125,12.5,0.0,0.0,3.125,3.125,0.0
2020110095,サイブレーカー,https://db.netkeiba.com/horse/ped/2020110095/,PASS,Uncle Mo,Downside Scenario,Scat Daddy,Indian Charlie,Arch,Grand Breeze,Faneuil Girl,Uncle Mo,Uncle Mo,Storm Cat,Northern Dancer,Uncle Mo__X__Storm Cat,Uncle Mo__X__Northern Dancer,Uncle Mo__X__Faneuil Girl,1,Mr. Prospector:4x5,0.0,0.0,3.125,9.375,0.0,3.125,0.0,3.125,0.0,0.0,0.0,0.0,3.125,0.0,3.125,0.0,0.0,0.0,3.125,0.0
2020106402,トップナイフ,https://db.netkeiba.com/horse/ped/2020106402/,PASS,デクラレーションオブウォー,ビーウインド,スピニングワールド Spinning World,War Front,Rahy,ビクトリーマッハ,River Guide,Danzig,Northern Dancer,Nureyev,Northern Dancer,Danzig__X__Nureyev,Northern Dancer__X__Northern Dancer,Danzig__X__River Guide,7,Blushing Groom:4x4;Forli:5x5;Natalma:5x5;Nearctic:5x5;Northern Dancer:4x4;Red God:5x5;Runaway Bride:5x5,2.5390625,0.0,12.5,3.125,0.0,0.0,0.0,12.5,3.125,0.0,0.0,0.0,3.125,12.5,0.0,0.0,0.0,0.0,0.0,0.0
2020103794,エゾダイモン,https://db.netkeiba.com/horse/ped/2020103794/,PASS,Heart's Cry,メジロツボネ,スウェプトオーヴァーボード Swept Overboard,Sunday Silence,Tony Bin,メジロルバート,アマゾンウォリアー,Heart's Cry,Hail to Reason,Mr. Prospector,Native Dancer,Heart's Cry__X__Mr. Prospector,Hail to Reason__X__Native Dancer,Heart's Cry__X__アマゾンウォリアー,1,Lyphard:4x5,0.390625,25.0,3.125,3.125,0.0,0.0,0.0,0.0,12.5,6.25,0.0,0.0,0.0,0.0,0.0,0.0,12.5,9.375,0.0,0.0
2020103522,グランヴィノス,https://db.netkeiba.com/horse/ped/2020103522/,PASS,キタサンブラック,ハルーワスウィート,Machiavellian,ブラックタイド,サクラバクシンオー,ハルーワソング Halwa Song,Ballade,Sunday Silence,Hail to Reason,Mr. Prospector,Native Dancer,Sunday Silence__X__Mr. Prospector,Hail to Reason__X__Native Dancer,Sunday Silence__X__Ballade,5,Cosmah:5x5;Hail to Reason:5x5;Halo:4x4x5;Lyphard:5x5;Natalma:5x5,1.5625,12.5,6.25,12.5,0.0,0.0,0.0,0.0,15.625,6.25,0.0,0.0,0.0,12.5,0.0,0.0,0.0,6.25,6.25,3.125
2020102194,グリューネグリーン,https://db.netkeiba.com/horse/ped/2020102194/,PASS,ラブリーデイ,レディーダービー,スペシャルウィーク,King Kamehameha,ダンスインザダーク,ウメノファイバー,ストロングベビー,King Kamehameha,Native Dancer,Sunday Silence,Hail to Reason,King Kamehameha__X__Sunday Silence,Native Dancer__X__Hail to Reason,King Kamehameha__X__ストロングベビー,4,Halo:4x5;Nijinsky:5x5;Sunday Silence:3x4;Wishing Well:4x5,2.5390625,18.75,3.125,6.25,12.5,0.0,0.0,0.0,9.375,3.125,0.0,0.0,6.25,3.125,0.0,0.0,6.25,0.0,3.125,0.0
2020102798,スマラグドス,https://db.netkeiba.com/horse/ped/2020102798/,PASS,Heart's Cry,エメラルドスター Emerald Star,Mount Nelson,Sunday Silence,Tony Bin,Ares Vallis,Margarethen,Heart's Cry,Hail to Reason,Danzig,Northern Dancer,Heart's Cry__X__Danzig,Hail to Reason__X__Northern Dancer,Heart's Cry__X__Margarethen,1,Northern Dancer:5x5,0.1953125,25.0,6.25,0.0,0.0,0.0,0.0,3.125,12.5,6.25,0.0,0.0,6.25,0.0,0.0,0.0,12.5,6.25,0.0,0.0
2020103060,ヴェルテンベルク,https://db.netkeiba.com/horse/ped/2020103060/,PASS,キタサンブラック,マルカアイチャン,フレンチデピュティ French Deputy,ブラックタイド,サクラバクシンオー,マルカコマチ,ハニードリーマー,Sunday Silence,Hail to Reason,Deputy Minister,Northern Dancer,Sunday Silence__X__Deputy Minister,Hail to Reason__X__Northern Dancer,Sunday Silence__X__ハニードリーマー,8,Cosmah:5x5;Hail to Reason:5x5;Halo:4x4;Lyphard:5x5;Mountain Flower:5x5;Sunday Silence:3x3;Understanding:5x5;Wishing Well:4x4,5.46875,25.0,3.125,0.0,0.0,0.0,0.0,0.0,12.5,6.25,0.0,0.0,0.0,0.0,0.0,12.5,0.0,6.25,0.0,0.0
2020103881,コスモサガルマータ,https://db.netkeiba.com/horse/ped/2020103881/,PASS,ヴィクトワールピサ,エーソングフォー,More Than Ready,ネオユニヴァース,Machiavellian,Miss Garland,Petite Patootie,Sunday Silence,Hail to Reason,Halo,Hail to Reason,Sunday Silence__X__Halo,Hail to Reason__X__Hail to Reason,Sunday Silence__X__Petite Patootie,5,Cosmah:5x5;Hail to Reason:5x5;Halo:3x4x4x5;Mr. Prospector:4x5;Northern Dancer:5x5,4.296875,12.5,6.25,9.375,0.0,0.0,0.0,0.0,28.125,6.25,0.0,0.0,0.0,0.0,0.0,0.0,0.0,0.0,3.125,0.0
2020104520,アイルシャイン,https://db.netkeiba.com/horse/ped/2020104520/,PASS,ヴィクトワールピサ,ベストオブミー,ブライアンズタイム Brian's Time,ネオユニヴァース,Machiavellian,フラワーアーチ,Quilloquick,Sunday Silence,Hail to Reason,Roberto,Hail to Reason,Sunday Silence__X__Roberto,Hail to Reason__X__Hail to Reason,Sunday Silence__X__Quilloquick,3,Bustino:4x5;Hail to Reason:4x5;Halo:4x5,0.78125,12.5,0.0,6.25,0.0,12.5,0.0,0.0,9.375,9.375,0.0,0.0,3.125,0.0,0.0,0.0,0.0,0.0,3.125,0.0
2020103048,ティムール,https://db.netkeiba.com/horse/ped/2020103048/,PASS,キズナ,ホワイトローズII White Rose,Tapit,Deep Impact,Storm Cat,Garden Dance,Royal Tara,Deep Impact,Hail to Reason,A.P. Indy,Seattle Slew,Deep Impact__X__A.P. Indy,Hail to Reason__X__Seattle Slew,Deep Impact__X__Royal Tara,2,Fappiano:5x5;Northern Dancer:5x5,0.1953125,12.5,6.25,3.125,0.0,0.0,6.25,0.0,6.25,3.125,3.125,6.25,3.125,0.0,12.5,0.0,0.0,3.125,0.0,0.0
2020102655,ナイトキャッスル,https://db.netkeiba.com/horse/ped/2020102655/,PASS,シルバーステート,サダムグランジュテ,King Kamehameha,Deep Impact,Silver Hawk,シーズライクリオ Shes Like Rio,Gay Rig,Deep Impact,Hail to Reason,King Kamehameha,Native Dancer,Deep Impact__X__King Kamehameha,Hail to Reason__X__Native Dancer,Deep Impact__X__Gay Rig,1,Hail to Reason:5x5x5,0.390625,12.5,3.125,6.25,12.5,6.25,0.0,6.25,6.25,9.375,0.0,0.0,3.125,3.125,0.0,0.0,0.0,3.125,3.125,0.0
2020101199,ロードプレイヤー,https://db.netkeiba.com/horse/ped/2020101199/,PASS,グレーターロンドン,ホオポノポノ,タニノギムレット,Deep Impact,ドクターデヴィアス Dr Devious,キョウエイフルハム,Party Up,Deep Impact,Hail to Reason,Roberto,Hail to Reason,Deep Impact__X__Roberto,Hail to Reason__X__Hail to Reason,Deep Impact__X__Party Up,2,Hail to Reason:5x5;Northern Dancer:5x5,0.390625,12.5,6.25,3.125,0.0,6.25,0.0,6.25,6.25,6.25,0.0,0.0,0.0,3.125,0.0,0.0,0.0,3.125,0.0,0.0
2020104426,ビキニボーイ,https://db.netkeiba.com/horse/ped/2020104426/,PASS,ビーチパトロール Beach Patrol,エバーアンドエバー,Heart's Cry,Lemon Drop Kid,Quiet American,サクラフォーエバー,スワンズウッドグローヴ,Kingmambo,Native Dancer,Heart's Cry,Hail to Reason,Kingmambo__X__Heart's Cry,Native Dancer__X__Hail to Reason,Kingmambo__X__スワンズウッドグローヴ,2,Hail to Reason:5x5;Mr. Prospector:4x5,0.0,12.5,0.0,9.375,12.5,6.25,0.0,0.0,6.25,6.25,6.25,0.0,3.125,3.125,0.0,0.0,6.25,3.125,3.125,0.0
2016190001,グランドグローリー,https://db.netkeiba.com/horse/ped/2016190001/,PASS,Olympic Glory,Madonna Lily,Daylami,Choisir,Alzao,Maria de La Luz,Pocahontas,Danzig,Northern Dancer,Daylami,Daylami,Danzig__X__Daylami,Northern Dancer__X__Daylami,Danzig__X__Pocahontas,8,Goofed:5x5;Lady Rebecca:4x4;Lyphard:4x4;Mill Reef:4x5;Mr. Prospector:4x5;Northern Dancer:5x5;Pocahontas:5x5;Sir Ivor:5x5,2.734375,0.0,6.25,9.375,0.0,0.0,0.0,3.125,3.125,0.0,0.0,0.0,0.0,0.0,0.0,0.0,0.0,12.5,3.125,0.0
2017100084,ナムラカミカゼ,https://db.netkeiba.com/horse/ped/2017100084/,PASS,キズナ,ナムラシゲコ,エンドスウィープ End Sweep,Deep Impact,Storm Cat,ケイジョイナー,ケイザクラ,Deep Impact,Hail to Reason,Mr. Prospector,Native Dancer,Deep Impact__X__Mr. Prospector,Hail to Reason__X__Native Dancer,Deep Impact__X__ケイザクラ,1,Northern Dancer:4x5x5,0.5859375,12.5,12.5,6.25,0.0,0.0,0.0,0.0,6.25,3.125,0.0,0.0,0.0,0.0,12.5,0.0,0.0,3.125,3.125,0.0
2017104060,エドノフェリーチェ,https://db.netkeiba.com/horse/ped/2017104060/,PASS,ゴールドシップ,ダイヤモンドギフト,ブライアンズタイム Brian's Time,Stay Gold,メジロマックイーン,ダイヤモンドクイン,ミスマルミチ,Stay Gold,Hail to Reason,Roberto,Hail to Reason,Stay Gold__X__Roberto,Hail to Reason__X__Hail to Reason,Stay Gold__X__ミスマルミチ,2,Hail to Reason:4x5;Sanctus:5x5,0.5859375,12.5,3.125,0.0,0.0,12.5,0.0,0.0,6.25,9.375,0.0,0.0,6.25,0.0,0.0,0.0,0.0,0.0,0.0,0.0
2017110138,エアファンディタ,https://db.netkeiba.com/horse/ped/2017110138/,PASS,ハットトリック,Nokaze,エンパイアメーカー Empire Maker,Sunday Silence,Lost Code,Macarena Macarena,Miss Swapsco,Sunday Silence,Hail to Reason,Mr. Prospector,Native Dancer,Sunday Silence__X__Mr. Prospector,Hail to Reason__X__Native Dancer,Sunday Silence__X__Miss Swapsco,4,Cosmah:4x5;Hail to Reason:4x5;Halo:3x4;Mr. Prospector:4x5,2.34375,25.0,3.125,9.375,0.0,0.0,0.0,0.0,18.75,9.375,0.0,0.0,0.0,0.0,0.0,0.0,0.0,0.0,3.125,0.0
2017103890,ニホンピロスクーロ,https://db.netkeiba.com/horse/ped/2017103890/,PASS,ニホンピロアワーズ,ニホンピロエミリー,デヒア Dehere,ホワイトマズル White Muzzle,アドマイヤベガ,ニホンピロポリーナ,ツルシマ,Lyphard,Northern Dancer,Deputy Minister,Northern Dancer,Lyphard__X__Deputy Minister,Northern Dancer__X__Northern Dancer,Lyphard__X__ツルシマ,1,Northern Dancer:5x5,0.1953125,6.25,6.25,0.0,0.0,0.0,0.0,0.0,3.125,0.0,0.0,0.0,0.0,3.125,0.0,12.5,3.125,6.25,0.0,0.0
2018104541,プログノーシス,https://db.netkeiba.com/horse/ped/2018104541/,PASS,Deep Impact,ヴェルダ Velda,Observatory,Sunday Silence,Alzao,Viavigoni,Royal Myth,Deep Impact,Hail to Reason,Mr. Prospector,Native Dancer,Deep Impact__X__Mr. Prospector,Hail to Reason__X__Native Dancer,Deep Impact__X__Royal Myth,2,Hail to Reason:4x5;Northern Dancer:5x5,0.5859375,25.0,6.25,6.25,0.0,6.25,0.0,0.0,12.5,9.375,0.0,0.0,0.0,0.0,0.0,0.0,0.0,6.25,3.125,0.0
2018104788,トゥーフェイス,https://db.netkeiba.com/horse/ped/2018104788/,PASS,モーリス,マスクオフ,Deep Impact,スクリーンヒーロー,カーネギー Carnegie,ビハインドザマスク,Hasty Hitter,Roberto,Hail to Reason,Deep Impact,Hail to Reason,Roberto__X__Deep Impact,Hail to Reason__X__Hail to Reason,Roberto__X__Hasty Hitter,4,Halo:4x5;Lyphard:5x5x5;Sunday Silence:3x4;Wishing Well:4x5,2.734375,18.75,3.125,6.25,0.0,3.125,6.25,3.125,9.375,3.125,0.0,0.0,0.0,0.0,0.0,0.0,0.0,9.375,3.125,0.0
2020106582,ファントムシーフ,https://db.netkeiba.com/horse/ped/2020106582/,PASS,ハービンジャー Harbinger,ルパンII Lupin,Medaglia d'Oro,Dansili,Bering,Promising Lead,Sookera,Danzig,Northern Dancer,Sadler's Wells,Northern Dancer,Danzig__X__Sadler's Wells,Northern Dancer__X__Northern Dancer,Danzig__X__Sookera,13,Danzig:4x4;High Line:5x5;His Majesty:5x5;Kadissya:5x5;Kahyasi:4x4;Kerali:4x4;Northern Dancer:5x5x5x5;Pas de Nom:5x5;Razyana:4x4;Sookera:5x5;Spring Adieu:5x5;イルドブルボン:5x5;デインヒル Danehill:3x3,8.3984375,0.0,12.5,0.0,0.0,0.0,6.25,12.5,0.0,0.0,0.0,0.0,0.0,0.0,0.0,0.0,0.0,3.125,0.0,0.0
2020105681,ハーツコンチェルト,https://db.netkeiba.com/horse/ped/2020105681/,PASS,Heart's Cry,ナスノシベリウス,Unbridled's Song,Sunday Silence,Tony Bin,Cradlesong,Minstress,Heart's Cry,Hail to Reason,Mr. Prospector,Native Dancer,Heart's Cry__X__Mr. Prospector,Hail to Reason__X__Native Dancer,Heart's Cry__X__Minstress,3,Fappiano:4x5;Halo:3x5;Northern Dancer:5x5,0.9765625,25.0,6.25,3.125,0.0,0.0,0.0,6.25,15.625,6.25,3.125,6.25,0.0,0.0,0.0,0.0,12.5,6.25,0.0,0.0
2020101695,シーウィザード,https://db.netkeiba.com/horse/ped/2020101695/,PASS,ビーチパトロール Beach Patrol,メリーウェザー,メジロベイリー,Lemon Drop Kid,Quiet American,パシフィックベル,Death Ray,Kingmambo,Native Dancer,Sunday Silence,Hail to Reason,Kingmambo__X__Sunday Silence,Native Dancer__X__Hail to Reason,Kingmambo__X__Death Ray,4,Gold Digger:5x5;Mr. Prospector:4x4x5;Nureyev:4x5;Raise a Native:5x5,1.953125,12.5,3.125,15.625,12.5,0.0,0.0,0.0,6.25,3.125,6.25,0.0,3.125,9.375,0.0,0.0,0.0,0.0,6.25,0.0
2020103420,セレンディピティ,https://db.netkeiba.com/horse/ped/2020103420/,PASS,ドゥラメンテ,ジェラシー,ハービンジャー Harbinger,King Kamehameha,Sunday Silence,グローリアスデイズ,Sun Princess,King Kamehameha,Native Dancer,Danzig,Northern Dancer,King Kamehameha__X__Danzig,Native Dancer__X__Northern Dancer,King Kamehameha__X__Sun Princess,10,Cosmah:5x5;Hail to Reason:5x5;Halo:4x4;Mountain Flower:5x5;Severn Bridge:5x5;Sunday Silence:3x3;Tony Bin:4x4;Understanding:5x5;Wishing Well:4x4;カンパラ:5x5,6.640625,25.0,0.0,6.25,12.5,0.0,3.125,3.125,12.5,6.25,0.0,0.0,0.0,3.125,0.0,0.0,12.5,0.0,3.125,0.0
2020103388,フェイト,https://db.netkeiba.com/horse/ped/2020103388/,PASS,リアルスティール,サンタフェチーフ,Wiesenpfad,Deep Impact,Storm Cat,Saldentigerin,Salesiana,Deep Impact,Hail to Reason,Lyphard,Northern Dancer,Deep Impact__X__Lyphard,Hail to Reason__X__Northern Dancer,Deep Impact__X__Salesiana,3,Alzao:4x4;Lady Rebecca:5x5;Lyphard:5x5,1.171875,12.5,3.125,6.25,0.0,0.0,0.0,3.125,6.25,3.125,0.0,0.0,0.0,3.125,12.5,0.0,0.0,6.25,3.125,0.0
2020106439,ボーンイングランデ,https://db.netkeiba.com/horse/ped/2020106439/,PASS,サトノクラウン,シェアザジョイフル,ブラックタイド,Marju,Rossini,ペリドット Peridot,French Charmer,Northern Dancer,Northern Dancer,Sunday Silence,Hail to Reason,Northern Dancer__X__Sunday Silence,Northern Dancer__X__Hail to Reason,Northern Dancer__X__French Charmer,1,Northern Dancer:5x5,0.1953125,12.5,6.25,3.125,0.0,0.0,0.0,6.25,6.25,3.125,0.0,0.0,0.0,0.0,0.0,0.0,0.0,3.125,0.0,0.0
2020103521,セブンマジシャン,https://db.netkeiba.com/horse/ped/2020103521/,PASS,ジャスタウェイ,ハピネスダンサー,メイショウサムソン,Heart's Cry,Wild Again,クロノロジスト,Ragtime Girl,Heart's Cry,Hail to Reason,Sadler's Wells,Northern Dancer,Heart's Cry__X__Sadler's Wells,Hail to Reason__X__Northern Dancer,Heart's Cry__X__Ragtime Girl,4,Halo:4x5;Lyphard:5x5;Sunday Silence:3x4;Wishing Well:4x5,2.5390625,18.75,3.125,3.125,0.0,0.0,6.25,0.0,9.375,3.125,0.0,0.0,0.0,0.0,0.0,3.125,6.25,6.25,0.0,0.0
2020106274,ガストリック,https://db.netkeiba.com/horse/ped/2020106274/,PASS,ジャスタウェイ,エーシンエポナ,Curlin,Heart's Cry,Wild Again,Wild Gams,Colinear,Heart's Cry,Hail to Reason,Mr. Prospector,Native Dancer,Heart's Cry__X__Mr. Prospector,Hail to Reason__X__Native Dancer,Heart's Cry__X__Colinear,0,,0.0,12.5,0.0,6.25,0.0,0.0,0.0,0.0,6.25,3.125,0.0,0.0,0.0,0.0,6.25,6.25,6.25,3.125,3.125,0.0
2020103626,ドゥラエレーデ,https://db.netkeiba.com/horse/ped/2020103626/,PASS,ドゥラメンテ,マルケッサ,オルフェーヴル,King Kamehameha,Sunday Silence,マルペンサ Malpensa,Talonada,King Kamehameha,Native Dancer,Stay Gold,Hail to Reason,King Kamehameha__X__Stay Gold,Native Dancer__X__Hail to Reason,King Kamehameha__X__Talonada,4,Halo:4x4x5x5;Northern Taste:5x5;Sunday Silence:3x4;Wishing Well:4x5,3.7109375,18.75,0.0,6.25,12.5,0.0,0.0,3.125,18.75,3.125,0.0,0.0,0.0,3.125,0.0,0.0,6.25,0.0,3.125,0.0
2020103876,モンドプリューム,https://db.netkeiba.com/horse/ped/2020103876/,PASS,サトノダイヤモンド,エリモフェザー,シニスターミニスター Sinister Minister,Deep Impact,Orpen,リトルマーメード,サニーエンゼル,Deep Impact,Hail to Reason,A.P. Indy,Seattle Slew,Deep Impact__X__A.P. Indy,Hail to Reason__X__Seattle Slew,Deep Impact__X__サニーエンゼル,1,Halo:4x4x5,0.0,12.5,0.0,3.125,0.0,3.125,0.0,3.125,15.625,3.125,3.125,6.25,0.0,0.0,0.0,3.125,0.0,3.125,0.0,0.0
2020103331,ジェイパームス,https://db.netkeiba.com/horse/ped/2020103331/,PASS,ジャスタウェイ,キラーグレイシス Killer Graces,Congaree,Heart's Cry,Wild Again,Heatherdoesntbluff,Gleaming Water,Heart's Cry,Hail to Reason,Congaree,Congaree,Heart's Cry__X__Congaree,Hail to Reason__X__Congaree,Heart's Cry__X__Gleaming Water,2,Northern Dancer:5x5;Wild Again:3x5,0.78125,12.5,6.25,0.0,0.0,0.0,0.0,0.0,6.25,3.125,3.125,6.25,0.0,0.0,0.0,0.0,6.25,3.125,0.0,0.0
2020103466,キングズレイン,https://db.netkeiba.com/horse/ped/2020103466/,PASS,ルーラーシップ,タッチングスピーチ,Deep Impact,King Kamehameha,Tony Bin,リッスン Listen,Ringing Bells,King Kamehameha,Native Dancer,Deep Impact,Hail to Reason,King Kamehameha__X__Deep Impact,Native Dancer__X__Hail to Reason,King Kamehameha__X__Ringing Bells,2,Northern Dancer:4x5;Raise a Native:5x5,0.5859375,12.5,9.375,6.25,12.5,0.0,12.5,0.0,6.25,3.125,0.0,0.0,0.0,3.125,0.0,0.0,12.5,3.125,6.25,0.0
2020105730,スカパラダイス,https://db.netkeiba.com/horse/ped/2020105730/,PASS,シルバーステート,ファミリーソング,グラスワンダー,Deep Impact,Silver Hawk,グリーンヒルマック,ヒカルオーバー,Deep Impact,Hail to Reason,Roberto,Hail to Reason,Deep Impact__X__Roberto,Hail to Reason__X__Hail to Reason,Deep Impact__X__ヒカルオーバー,9,Amerigo:5x5;Bramalea:5x5;Gris Vitesse:4x4;Hail to Reason:5x5x5;Lyphard:4x5;Matchiche:5x5;Northern Dancer:5x5;Roberto:4x4;Silver Hawk:3x3,6.0546875,12.5,6.25,0.0,0.0,12.5,0.0,6.25,6.25,9.375,0.0,0.0,3.125,0.0,0.0,0.0,0.0,9.375,0.0,3.125
2020103208,ジュンツバメガエシ,https://db.netkeiba.com/horse/ped/2020103208/,PASS,ジャスタウェイ,アドマイヤテレサ,エリシオ Helissio,Heart's Cry,Wild Again,ヒード Heed,Spy Demon,Heart's Cry,Hail to Reason,Northern Dancer,Northern Dancer,Heart's Cry__X__Northern Dancer,Hail to Reason__X__Northern Dancer,Heart's Cry__X__Spy Demon,2,Nearctic:5x5;Northern Dancer:4x5,0.1953125,12.5,9.375,0.0,0.0,0.0,0.0,0.0,6.25,3.125,3.125,0.0,6.25,0.0,0.0,0.0,6.25,3.125,0.0,0.0
2020104484,ミッキーカプチーノ,https://db.netkeiba.com/horse/ped/2020104484/,PASS,エピファネイア,スティールパス,ネオユニヴァース,シンボリクリスエス,スペシャルウィーク,ロイヤルペルラ,Sovereign Lady,Roberto,Hail to Reason,Sunday Silence,Hail to Reason,Roberto__X__Sunday Silence,Hail to Reason__X__Hail to Reason,Roberto__X__Sovereign Lady,6,Bramalea:5x5;Hail to Reason:5x5x5;Halo:4x5;Roberto:4x4;Sunday Silence:3x4;Wishing Well:4x5,3.7109375,18.75,3.125,0.0,0.0,12.5,6.25,0.0,9.375,9.375,3.125,0.0,0.0,0.0,6.25,0.0,0.0,0.0,0.0,0.0
