horse_id,horse_name,declared_entry_count,nonempty_entry_count,mojibake_cells_repaired,qc_status,source_url
2010105964,マイネルミラノ,62,62,9,PASS,https://db.netkeiba.com/horse/ped/2010105964/
2010104298,ラブリーデイ,62,62,16,PASS,https://db.netkeiba.com/horse/ped/2010104298/
2008105362,ナカヤマナイト,62,62,15,PASS,https://db.netkeiba.com/horse/ped/2008105362/
2010103783,ロゴタイプ,62,62,7,PASS,https://db.netkeiba.com/horse/ped/2010103783/
2008103265,デウスウルト,62,62,13,PASS,https://db.netkeiba.com/horse/ped/2008103265/
2010110107,ヒュウマ,62,62,2,PASS,https://db.netkeiba.com/horse/ped/2010110107/
2008101384,メイショウナルト,62,62,16,PASS,https://db.netkeiba.com/horse/ped/2008101384/
2009106558,アイスフォーリス,62,62,14,PASS,https://db.netkeiba.com/horse/ped/2009106558/
2010103776,ユールシンギング,62,62,18,PASS,https://db.netkeiba.com/horse/ped/2010103776/
2011106350,マイネルフロスト,62,62,6,PASS,https://db.netkeiba.com/horse/ped/2011106350/
2007102705,ペルーサ,62,62,7,PASS,https://db.netkeiba.com/horse/ped/2007102705/
2009105738,クランモンタナ,62,62,10,PASS,https://db.netkeiba.com/horse/ped/2009105738/
2009104264,ケイアイエレガント,62,62,4,PASS,https://db.netkeiba.com/horse/ped/2009104264/
2009101075,ラブイズブーシェ,62,62,24,PASS,https://db.netkeiba.com/horse/ped/2009101075/
2010104993,バッドボーイ,62,62,5,PASS,https://db.netkeiba.com/horse/ped/2010104993/
2009110101,アンコイルド,62,62,1,PASS,https://db.netkeiba.com/horse/ped/2009110101/
2008103125,パッションダンス,62,62,6,PASS,https://db.netkeiba.com/horse/ped/2008103125/
2012102487,クラージュシチー,62,62,13,PASS,https://db.netkeiba.com/horse/ped/2012102487/
2012104665,ブライトバローズ,62,62,7,PASS,https://db.netkeiba.com/horse/ped/2012104665/
2012103195,オトコギイッポン,62,62,13,PASS,https://db.netkeiba.com/horse/ped/2012103195/
2012104672,ダノンリバティ,62,62,11,PASS,https://db.netkeiba.com/horse/ped/2012104672/
2012104508,クルーガー,62,62,8,PASS,https://db.netkeiba.com/horse/ped/2012104508/
2012103997,イーデンホール,62,62,7,PASS,https://db.netkeiba.com/horse/ped/2012103997/
2012104678,ブラックバゴ,62,62,21,PASS,https://db.netkeiba.com/horse/ped/2012104678/
2012106012,タケルラムセス,62,62,8,PASS,https://db.netkeiba.com/horse/ped/2012106012/
2012100734,マイネルシュバリエ,62,62,19,PASS,https://db.netkeiba.com/horse/ped/2012100734/
2012103796,フォワードカフェ,62,62,4,PASS,https://db.netkeiba.com/horse/ped/2012103796/
2012103387,ディアコンチェルト,62,62,17,PASS,https://db.netkeiba.com/horse/ped/2012103387/
2012103017,バルビエール,62,62,5,PASS,https://db.netkeiba.com/horse/ped/2012103017/
2012103988,ソールインパクト,62,62,4,PASS,https://db.netkeiba.com/horse/ped/2012103988/
2012109092,ナスノセイカン,62,62,17,PASS,https://db.netkeiba.com/horse/ped/2012109092/
2012103129,コスモナインボール,62,62,7,PASS,https://db.netkeiba.com/horse/ped/2012103129/
2012104648,ザイディックメア,62,62,8,PASS,https://db.netkeiba.com/horse/ped/2012104648/
2012104084,ベルーフ,62,62,10,PASS,https://db.netkeiba.com/horse/ped/2012104084/
2008103293,ゼンノルジェロ,62,62,4,PASS,https://db.netkeiba.com/horse/ped/2008103293/
2011104344,ハギノハイブリッド,62,62,14,PASS,https://db.netkeiba.com/horse/ped/2011104344/
2009106388,ホーカーテンペスト,62,62,4,PASS,https://db.netkeiba.com/horse/ped/2009106388/
2011105911,アドマイヤデウス,62,62,11,PASS,https://db.netkeiba.com/horse/ped/2011105911/
2009105546,フーラブライド,62,62,24,PASS,https://db.netkeiba.com/horse/ped/2009105546/
2009100570,アドマイヤフライト,62,62,11,PASS,https://db.netkeiba.com/horse/ped/2009100570/
2010104866,タマモベストプレイ,62,62,8,PASS,https://db.netkeiba.com/horse/ped/2010104866/
2007101798,メイショウカンパク,62,62,10,PASS,https://db.netkeiba.com/horse/ped/2007101798/
2010103602,サトノノブレス,62,62,11,PASS,https://db.netkeiba.com/horse/ped/2010103602/
2008104252,コウエイオトメ,62,62,7,PASS,https://db.netkeiba.com/horse/ped/2008104252/
2010104698,ビービートレイター,62,62,20,PASS,https://db.netkeiba.com/horse/ped/2010104698/
2010104510,アクションスター,62,62,13,PASS,https://db.netkeiba.com/horse/ped/2010104510/
2008102584,ヴィクトリースター,62,62,5,PASS,https://db.netkeiba.com/horse/ped/2008102584/
2008104798,ダコール,62,62,5,PASS,https://db.netkeiba.com/horse/ped/2008104798/
2008101165,コスモロビン,62,62,7,PASS,https://db.netkeiba.com/horse/ped/2008101165/
2006105845,メイショウサミット,62,62,3,PASS,https://db.netkeiba.com/horse/ped/2006105845/
2008103350,ムーンリットレイク,62,62,4,PASS,https://db.netkeiba.com/horse/ped/2008103350/
2010104256,トウシンモンステラ,62,62,7,PASS,https://db.netkeiba.com/horse/ped/2010104256/
2007102929,ダークシャドウ,62,62,4,PASS,https://db.netkeiba.com/horse/ped/2007102929/
2009104977,マイネルディーン,62,62,13,PASS,https://db.netkeiba.com/horse/ped/2009104977/
2007103033,フラガラッハ,62,62,12,PASS,https://db.netkeiba.com/horse/ped/2007103033/
2009102678,ディサイファ,62,62,4,PASS,https://db.netkeiba.com/horse/ped/2009102678/
2008104739,マイネルメダリスト,62,62,16,PASS,https://db.netkeiba.com/horse/ped/2008104739/
2009102739,ゴールドシップ,62,62,26,PASS,https://db.netkeiba.com/horse/ped/2009102739/
2009105742,エアソミュール,62,62,9,PASS,https://db.netkeiba.com/horse/ped/2009105742/
2010104296,フェイムゲーム,62,62,13,PASS,https://db.netkeiba.com/horse/ped/2010104296/
2008103095,ユニバーサルバンク,62,62,7,PASS,https://db.netkeiba.com/horse/ped/2008103095/
2009103847,クリールカイザー,62,62,16,PASS,https://db.netkeiba.com/horse/ped/2009103847/
2008102978,オーシャンブルー,62,62,10,PASS,https://db.netkeiba.com/horse/ped/2008102978/
2008103100,ミトラ,62,62,10,PASS,https://db.netkeiba.com/horse/ped/2008103100/
2006103368,セイクリッドバレー,62,62,13,PASS,https://db.netkeiba.com/horse/ped/2006103368/
2006109274,ラインブラッド,62,62,5,PASS,https://db.netkeiba.com/horse/ped/2006109274/
2011102893,ショウナンラグーン,62,62,18,PASS,https://db.netkeiba.com/horse/ped/2011102893/
2008103349,ノーステア,62,62,6,PASS,https://db.netkeiba.com/horse/ped/2008103349/
2008103235,レッドデイヴィス,62,62,14,PASS,https://db.netkeiba.com/horse/ped/2008103235/
2010105827,キズナ,62,62,4,PASS,https://db.netkeiba.com/horse/ped/2010105827/
2010100460,ヒラボクディープ,62,62,5,PASS,https://db.netkeiba.com/horse/ped/2010100460/
2011104000,ハープスター,62,62,9,PASS,https://db.netkeiba.com/horse/ped/2011104000/
2011105898,スズカデヴィアス,62,62,8,PASS,https://db.netkeiba.com/horse/ped/2011105898/
2010104087,メジャープレゼンス,62,62,8,PASS,https://db.netkeiba.com/horse/ped/2010104087/
2009100374,ステラウインド,62,62,13,PASS,https://db.netkeiba.com/horse/ped/2009100374/
2008102638,ネオブラックダイヤ,62,62,12,PASS,https://db.netkeiba.com/horse/ped/2008102638/
2007100206,タニノエポレット,62,62,10,PASS,https://db.netkeiba.com/horse/ped/2007100206/
2006106754,サイモントルナーレ,62,62,6,PASS,https://db.netkeiba.com/horse/ped/2006106754/
2008103361,カルドブレッサ,62,62,9,PASS,https://db.netkeiba.com/horse/ped/2008103361/
2009104380,カムフィー,62,62,11,PASS,https://db.netkeiba.com/horse/ped/2009104380/
2009106492,ニューダイナスティ,62,62,4,PASS,https://db.netkeiba.com/horse/ped/2009106492/
2009104946,タガノグーフォ,62,62,8,PASS,https://db.netkeiba.com/horse/ped/2009104946/
2011104477,シャンパーニュ,62,62,6,PASS,https://db.netkeiba.com/horse/ped/2011104477/
2010101607,リキサンステルス,62,62,12,PASS,https://db.netkeiba.com/horse/ped/2010101607/
2010103013,タイセイドリーム,62,62,6,PASS,https://db.netkeiba.com/horse/ped/2010103013/
2008104467,ファタモルガーナ,62,62,8,PASS,https://db.netkeiba.com/horse/ped/2008104467/
2012104823,ベルラップ,62,62,9,PASS,https://db.netkeiba.com/horse/ped/2012104823/
2012100517,タガノエスプレッソ,62,62,12,PASS,https://db.netkeiba.com/horse/ped/2012100517/
2012104638,シャイニングレイ,62,62,22,PASS,https://db.netkeiba.com/horse/ped/2012104638/
2012104668,サトノクラウン,62,62,5,PASS,https://db.netkeiba.com/horse/ped/2012104668/
2012104799,ブライトエンブレム,62,62,11,PASS,https://db.netkeiba.com/horse/ped/2012104799/
2012100407,グァンチャーレ,62,62,18,PASS,https://db.netkeiba.com/horse/ped/2012100407/
2012103656,ジャストフォーユー,62,62,17,PASS,https://db.netkeiba.com/horse/ped/2012103656/
2012104614,トーセンバジル,62,62,10,PASS,https://db.netkeiba.com/horse/ped/2012104614/
2012106160,クラリティスカイ,62,62,16,PASS,https://db.netkeiba.com/horse/ped/2012106160/
2012103165,コメート,62,62,7,PASS,https://db.netkeiba.com/horse/ped/2012103165/
2011104004,サングレアル,62,62,6,PASS,https://db.netkeiba.com/horse/ped/2011104004/
2009106332,ダノンジェラート,62,62,5,PASS,https://db.netkeiba.com/horse/ped/2009106332/
2011104272,キングズオブザサン,62,62,6,PASS,https://db.netkeiba.com/horse/ped/2011104272/
2009102413,フレージャパン,62,62,10,PASS,https://db.netkeiba.com/horse/ped/2009102413/
2007104975,ゲシュタルト,62,62,8,PASS,https://db.netkeiba.com/horse/ped/2007104975/
2008104835,ヒットザターゲット,62,62,25,PASS,https://db.netkeiba.com/horse/ped/2008104835/
2009103402,サンレイレーザー,62,62,7,PASS,https://db.netkeiba.com/horse/ped/2009103402/
2009105185,コスモオオゾラ,62,62,5,PASS,https://db.netkeiba.com/horse/ped/2009105185/
2010104439,ラストインパクト,62,62,7,PASS,https://db.netkeiba.com/horse/ped/2010104439/
2010104287,デニムアンドルビー,62,62,10,PASS,https://db.netkeiba.com/horse/ped/2010104287/
2009102644,スノードン,62,62,10,PASS,https://db.netkeiba.com/horse/ped/2009102644/
2008103192,カレンミロティック,62,62,8,PASS,https://db.netkeiba.com/horse/ped/2008103192/
2009100777,メイショウカドマツ,62,62,7,PASS,https://db.netkeiba.com/horse/ped/2009100777/
2008103206,ウインバリアシオン,62,62,8,PASS,https://db.netkeiba.com/horse/ped/2008103206/
2008102064,ホッコーブレーヴ,62,62,16,PASS,https://db.netkeiba.com/horse/ped/2008102064/
2009106599,フェノーメノ,62,62,9,PASS,https://db.netkeiba.com/horse/ped/2009106599/
2011104377,サウンズオブアース,62,62,5,PASS,https://db.netkeiba.com/horse/ped/2011104377/
2010100233,トーセンアルニカ,62,62,19,PASS,https://db.netkeiba.com/horse/ped/2010100233/
2008102279,トラストワン,62,62,11,PASS,https://db.netkeiba.com/horse/ped/2008102279/
2006103340,ダノンヨーヨー,62,62,6,PASS,https://db.netkeiba.com/horse/ped/2006103340/
2010104304,ラキシス,62,62,4,PASS,https://db.netkeiba.com/horse/ped/2010104304/
2009102372,ゼロス,62,62,8,PASS,https://db.netkeiba.com/horse/ped/2009102372/
2009106230,カレンブラックヒル,62,62,7,PASS,https://db.netkeiba.com/horse/ped/2009106230/
2008103165,ムスカテール,62,62,7,PASS,https://db.netkeiba.com/horse/ped/2008103165/
2011103584,ショウナンパンドラ,62,62,10,PASS,https://db.netkeiba.com/horse/ped/2011103584/
2009105961,スピルバーグ,62,62,6,PASS,https://db.netkeiba.com/horse/ped/2009105961/
2011105005,タガノグランパ,62,62,17,PASS,https://db.netkeiba.com/horse/ped/2011105005/
2012104511,ドゥラメンテ,62,62,14,PASS,https://db.netkeiba.com/horse/ped/2012104511/
2012103484,スピリッツミノル,62,62,12,PASS,https://db.netkeiba.com/horse/ped/2012103484/
2012106019,ワンダーアツレッタ,62,62,10,PASS,https://db.netkeiba.com/horse/ped/2012106019/
2012104889,リアルスティール,62,62,4,PASS,https://db.netkeiba.com/horse/ped/2012104889/
2012102013,キタサンブラック,62,62,16,PASS,https://db.netkeiba.com/horse/ped/2012102013/
2012104164,ミュゼエイリアン,62,62,14,PASS,https://db.netkeiba.com/horse/ped/2012104164/
2012103193,ダノンプラチナ,62,62,5,PASS,https://db.netkeiba.com/horse/ped/2012103193/
2012104407,マキシマムドパリ,62,62,7,PASS,https://db.netkeiba.com/horse/ped/2012104407/
2012100229,ウインアキレア,62,62,13,PASS,https://db.netkeiba.com/horse/ped/2012100229/
2012103543,タマモボレロ,62,62,9,PASS,https://db.netkeiba.com/horse/ped/2012103543/
2012100277,ロックキャンディ,62,62,8,PASS,https://db.netkeiba.com/horse/ped/2012100277/
2012104241,シングウィズジョイ,62,62,12,PASS,https://db.netkeiba.com/horse/ped/2012104241/
2012103979,ディアマイダーリン,62,62,8,PASS,https://db.netkeiba.com/horse/ped/2012103979/
2012105832,アスカビレン,62,62,8,PASS,https://db.netkeiba.com/horse/ped/2012105832/
2012104680,アドマイヤピンク,62,62,7,PASS,https://db.netkeiba.com/horse/ped/2012104680/
2012101146,リアンドジュエリー,62,62,9,PASS,https://db.netkeiba.com/horse/ped/2012101146/
2012104891,エバーシャルマン,62,62,8,PASS,https://db.netkeiba.com/horse/ped/2012104891/
2012104938,バンゴール,62,62,13,PASS,https://db.netkeiba.com/horse/ped/2012104938/
2012104369,フロレットアレー,62,62,6,PASS,https://db.netkeiba.com/horse/ped/2012104369/
2012103146,ゴージャスガール,62,62,14,PASS,https://db.netkeiba.com/horse/ped/2012103146/
2012105831,サダムブルーハワイ,62,62,12,PASS,https://db.netkeiba.com/horse/ped/2012105831/
2012105206,グリシーヌシチー,62,62,11,PASS,https://db.netkeiba.com/horse/ped/2012105206/
2012105774,ナガラフラワー,62,62,7,PASS,https://db.netkeiba.com/horse/ped/2012105774/
2012104243,レッドカーラ,62,62,5,PASS,https://db.netkeiba.com/horse/ped/2012104243/
2012100608,ティルナノーグ,62,62,4,PASS,https://db.netkeiba.com/horse/ped/2012100608/
2012104008,タンタアレグリア,62,62,8,PASS,https://db.netkeiba.com/horse/ped/2012104008/
2012104625,レッドライジェル,62,62,6,PASS,https://db.netkeiba.com/horse/ped/2012104625/
2012101801,レトロロック,62,62,9,PASS,https://db.netkeiba.com/horse/ped/2012101801/
2012104925,ヴェラヴァルスター,62,62,11,PASS,https://db.netkeiba.com/horse/ped/2012104925/
2012104129,ミュゼダルタニアン,62,62,6,PASS,https://db.netkeiba.com/horse/ped/2012104129/
2012104929,レーヴミストラル,62,62,7,PASS,https://db.netkeiba.com/horse/ped/2012104929/
2012100724,マイネルサクセサー,62,62,4,PASS,https://db.netkeiba.com/horse/ped/2012100724/
2012101117,トーセンアーネスト,62,62,7,PASS,https://db.netkeiba.com/horse/ped/2012101117/
2012104882,ウェスタールンド,62,62,6,PASS,https://db.netkeiba.com/horse/ped/2012104882/
2012104268,スモークフリー,62,62,4,PASS,https://db.netkeiba.com/horse/ped/2012104268/
2012102840,カカドゥ,62,62,7,PASS,https://db.netkeiba.com/horse/ped/2012102840/
2012103493,ビクトリーミノル,62,62,12,PASS,https://db.netkeiba.com/horse/ped/2012103493/
2012104019,センチュリオン,62,62,15,PASS,https://db.netkeiba.com/horse/ped/2012104019/
2012104463,マサハヤドリーム,62,62,18,PASS,https://db.netkeiba.com/horse/ped/2012104463/
2012104785,ストレンジクォーク,62,62,18,PASS,https://db.netkeiba.com/horse/ped/2012104785/
2012104331,トーセンスパンキー,62,62,19,PASS,https://db.netkeiba.com/horse/ped/2012104331/
2012104833,ポルトドートウィユ,62,62,16,PASS,https://db.netkeiba.com/horse/ped/2012104833/
2012104735,サトノラーゼン,62,62,6,PASS,https://db.netkeiba.com/horse/ped/2012104735/
2012110050,ネオアトラクション,62,62,4,PASS,https://db.netkeiba.com/horse/ped/2012110050/
2012102411,シャッターチャンス,62,62,7,PASS,https://db.netkeiba.com/horse/ped/2012102411/
2012104001,リベレーター,62,62,6,PASS,https://db.netkeiba.com/horse/ped/2012104001/
2012101673,タイセイアプローズ,62,62,9,PASS,https://db.netkeiba.com/horse/ped/2012101673/
2012104595,スワーヴジョージ,62,62,7,PASS,https://db.netkeiba.com/horse/ped/2012104595/
2012104761,レントラー,62,62,9,PASS,https://db.netkeiba.com/horse/ped/2012104761/
2012104759,シュヴァルグラン,62,62,8,PASS,https://db.netkeiba.com/horse/ped/2012104759/
2012100825,ゼンノブレーメン,62,62,12,PASS,https://db.netkeiba.com/horse/ped/2012100825/
2012104220,ジェネラルゴジップ,62,62,4,PASS,https://db.netkeiba.com/horse/ped/2012104220/
2012104069,アルバートドック,62,62,4,PASS,https://db.netkeiba.com/horse/ped/2012104069/
2012110007,ロードクロムウェル,62,62,1,PASS,https://db.netkeiba.com/horse/ped/2012110007/
2011104097,ラングレー,62,62,4,PASS,https://db.netkeiba.com/horse/ped/2011104097/
2009106321,アルフレード,62,62,12,PASS,https://db.netkeiba.com/horse/ped/2009106321/
2011101188,マテンロウボス,62,62,13,PASS,https://db.netkeiba.com/horse/ped/2011101188/
2009106449,アーデント,62,62,6,PASS,https://db.netkeiba.com/horse/ped/2009106449/
2011100370,アズマシャトル,62,62,8,PASS,https://db.netkeiba.com/horse/ped/2011100370/
2012102095,レッツゴードンキ,62,62,17,PASS,https://db.netkeiba.com/horse/ped/2012102095/
2012101083,トーセンナチュラル,62,62,24,PASS,https://db.netkeiba.com/horse/ped/2012101083/
2012105256,ココロノアイ,62,62,16,PASS,https://db.netkeiba.com/horse/ped/2012105256/
2012104105,クイーンズリング,62,62,7,PASS,https://db.netkeiba.com/horse/ped/2012104105/
2012104074,キャットコイン,62,62,10,PASS,https://db.netkeiba.com/horse/ped/2012104074/
2012105924,ローデッド,62,62,15,PASS,https://db.netkeiba.com/horse/ped/2012105924/
2012104153,コンテッサトゥーレ,62,62,10,PASS,https://db.netkeiba.com/horse/ped/2012104153/
2012104870,ミッキークイーン,62,62,5,PASS,https://db.netkeiba.com/horse/ped/2012104870/
2012100599,ペルフィカ,62,62,5,PASS,https://db.netkeiba.com/horse/ped/2012100599/
2012104884,アースライズ,62,62,4,PASS,https://db.netkeiba.com/horse/ped/2012104884/
2012101989,アンドリエッテ,62,62,4,PASS,https://db.netkeiba.com/horse/ped/2012101989/
2012104669,ルージュバック,62,62,4,PASS,https://db.netkeiba.com/horse/ped/2012104669/
2012105999,トーセンラーク,62,62,10,PASS,https://db.netkeiba.com/horse/ped/2012105999/
2012103224,ノットフォーマル,62,62,14,PASS,https://db.netkeiba.com/horse/ped/2012103224/
2012104599,クルミナル,62,62,5,PASS,https://db.netkeiba.com/horse/ped/2012104599/
2012104551,ダノンメジャー,62,62,6,PASS,https://db.netkeiba.com/horse/ped/2012104551/
2012104652,アダムスブリッジ,62,62,5,PASS,https://db.netkeiba.com/horse/ped/2012104652/
2012104118,ミュゼスルタン,62,62,13,PASS,https://db.netkeiba.com/horse/ped/2012104118/
2010103963,レコンダイト,62,62,10,PASS,https://db.netkeiba.com/horse/ped/2010103963/
2010104059,アドマイヤスピカ,62,62,9,PASS,https://db.netkeiba.com/horse/ped/2010104059/
2008102828,ヴァーゲンザイル,62,62,7,PASS,https://db.netkeiba.com/horse/ped/2008102828/
2010103940,ダービーフィズ,62,62,9,PASS,https://db.netkeiba.com/horse/ped/2010103940/
2008101228,グランデスバル,62,62,11,PASS,https://db.netkeiba.com/horse/ped/2008101228/
2009105989,グランデッツァ,62,62,12,PASS,https://db.netkeiba.com/horse/ped/2009105989/
2009101682,トウケイヘイロー,62,62,10,PASS,https://db.netkeiba.com/horse/ped/2009101682/
2010103287,マジェスティハーツ,62,62,9,PASS,https://db.netkeiba.com/horse/ped/2010103287/
2010103543,エーティータラント,62,62,26,PASS,https://db.netkeiba.com/horse/ped/2010103543/
2007100107,マックスドリーム,62,62,12,PASS,https://db.netkeiba.com/horse/ped/2007100107/
2010104429,イリュミナンス,62,62,10,PASS,https://db.netkeiba.com/horse/ped/2010104429/
2010104274,シャトーブランシュ,62,62,10,PASS,https://db.netkeiba.com/horse/ped/2010104274/
2011104105,バウンスシャッセ,62,62,7,PASS,https://db.netkeiba.com/horse/ped/2011104105/
2008101162,ベリーフィールズ,62,62,5,PASS,https://db.netkeiba.com/horse/ped/2008101162/
2009100977,フィロパトール,62,62,9,PASS,https://db.netkeiba.com/horse/ped/2009100977/
2010104124,レッドセシリア,62,62,9,PASS,https://db.netkeiba.com/horse/ped/2010104124/
2011103890,リラヴァティ,62,62,5,PASS,https://db.netkeiba.com/horse/ped/2011103890/
2009106185,グレイスフラワー,62,62,8,PASS,https://db.netkeiba.com/horse/ped/2009106185/
2010103821,フェリーチェレガロ,62,62,12,PASS,https://db.netkeiba.com/horse/ped/2010103821/
2009105230,メイショウスザンナ,62,62,7,PASS,https://db.netkeiba.com/horse/ped/2009105230/
2011103832,マリアライト,62,62,7,PASS,https://db.netkeiba.com/horse/ped/2011103832/
2008100266,パワースポット,62,62,9,PASS,https://db.netkeiba.com/horse/ped/2008100266/
2010102263,カノン,62,62,20,PASS,https://db.netkeiba.com/horse/ped/2010102263/
2009101057,アドマイヤギャラン,62,62,25,PASS,https://db.netkeiba.com/horse/ped/2009101057/
2010105925,ウインプリメーラ,62,62,10,PASS,https://db.netkeiba.com/horse/ped/2010105925/
2011103748,トーセンスターダム,62,62,9,PASS,https://db.netkeiba.com/horse/ped/2011103748/
2011105072,ワンアンドオンリー,62,62,12,PASS,https://db.netkeiba.com/horse/ped/2011105072/
2010104211,ディアデラマドレ,62,62,7,PASS,https://db.netkeiba.com/horse/ped/2010104211/
2011104201,ヌーヴォレコルト,62,62,9,PASS,https://db.netkeiba.com/horse/ped/2011104201/
2011100482,トーホウジャッカル,62,62,12,PASS,https://db.netkeiba.com/horse/ped/2011100482/
2008103120,フラアンジェリコ,62,62,11,PASS,https://db.netkeiba.com/horse/ped/2008103120/
2009106344,マデイラ,62,62,8,PASS,https://db.netkeiba.com/horse/ped/2009106344/
2012102774,ヤマカツエース,62,62,7,PASS,https://db.netkeiba.com/horse/ped/2012102774/
2009106171,エックスマーク,62,62,5,PASS,https://db.netkeiba.com/horse/ped/2009106171/
2009105739,サトノプライマシー,62,62,9,PASS,https://db.netkeiba.com/horse/ped/2009105739/
2008102819,リベルタス,62,62,5,PASS,https://db.netkeiba.com/horse/ped/2008102819/
2010110014,レッドレイヴン,62,62,0,PASS,https://db.netkeiba.com/horse/ped/2010110014/
2008102865,ツクバコガネオー,62,62,5,PASS,https://db.netkeiba.com/horse/ped/2008102865/
2009106545,ナリタスーパーワン,62,62,6,PASS,https://db.netkeiba.com/horse/ped/2009106545/
2011100796,マローブルー,62,62,6,PASS,https://db.netkeiba.com/horse/ped/2011100796/
2010103780,ノボリディアーナ,62,62,4,PASS,https://db.netkeiba.com/horse/ped/2010103780/
2010104344,ジャイアントリープ,62,62,8,PASS,https://db.netkeiba.com/horse/ped/2010104344/
2010101988,スワンボート,62,62,20,PASS,https://db.netkeiba.com/horse/ped/2010101988/
2011104628,ハナズリベンジ,62,62,24,PASS,https://db.netkeiba.com/horse/ped/2011104628/
2008100500,サクラアルディート,62,62,9,PASS,https://db.netkeiba.com/horse/ped/2008100500/
2009100295,ユキノサムライ,62,62,10,PASS,https://db.netkeiba.com/horse/ped/2009100295/
2009106351,ファントムライト,62,62,9,PASS,https://db.netkeiba.com/horse/ped/2009106351/
2009105855,ロンギングダンサー,62,62,4,PASS,https://db.netkeiba.com/horse/ped/2009105855/
2010109147,スイートサルサ,62,62,7,PASS,https://db.netkeiba.com/horse/ped/2010109147/
2011103741,メドウラーク,62,62,14,PASS,https://db.netkeiba.com/horse/ped/2011103741/
2012104552,アヴニールマルシェ,62,62,12,PASS,https://db.netkeiba.com/horse/ped/2012104552/
2012104139,ウイングチップ,62,62,7,PASS,https://db.netkeiba.com/horse/ped/2012104139/
2012104777,ジュンツバサ,62,62,10,PASS,https://db.netkeiba.com/horse/ped/2012104777/
2012104475,ロッカフェスタ,62,62,5,PASS,https://db.netkeiba.com/horse/ped/2012104475/
2012102361,ミュゼゴースト,62,62,11,PASS,https://db.netkeiba.com/horse/ped/2012102361/
2012104541,グリュイエール,62,62,11,PASS,https://db.netkeiba.com/horse/ped/2012104541/
2012104142,ブランドベルグ,62,62,6,PASS,https://db.netkeiba.com/horse/ped/2012104142/
2010104294,セキショウ,62,62,8,PASS,https://db.netkeiba.com/horse/ped/2010104294/
2012104491,サンライズセンス,62,62,7,PASS,https://db.netkeiba.com/horse/ped/2012104491/
2012104519,レッドソロモン,62,62,13,PASS,https://db.netkeiba.com/horse/ped/2012104519/
2012104792,ジュンスパーヒカル,62,62,4,PASS,https://db.netkeiba.com/horse/ped/2012104792/
2012104675,レッドアルティスタ,62,62,8,PASS,https://db.netkeiba.com/horse/ped/2012104675/
2012104598,リアファル,62,62,8,PASS,https://db.netkeiba.com/horse/ped/2012104598/
2012104319,キロハナ,62,62,14,PASS,https://db.netkeiba.com/horse/ped/2012104319/
2012106023,バイガエシ,62,62,12,PASS,https://db.netkeiba.com/horse/ped/2012106023/
2012101422,サラトガスピリット,62,62,19,PASS,https://db.netkeiba.com/horse/ped/2012101422/
2012103949,マッサビエル,62,62,18,PASS,https://db.netkeiba.com/horse/ped/2012103949/
2009106403,フォントルロイ,62,62,17,PASS,https://db.netkeiba.com/horse/ped/2009106403/
2012105433,クインズミラーグロ,62,62,5,PASS,https://db.netkeiba.com/horse/ped/2012105433/
2012104666,ディープジュエリー,62,62,5,PASS,https://db.netkeiba.com/horse/ped/2012104666/
2012104733,トーセンビクトリー,62,62,8,PASS,https://db.netkeiba.com/horse/ped/2012104733/
2012103409,ホワイトエレガンス,62,62,10,PASS,https://db.netkeiba.com/horse/ped/2012103409/
2012104906,タッチングスピーチ,62,62,5,PASS,https://db.netkeiba.com/horse/ped/2012104906/
2012104864,テンダリーヴォイス,62,62,9,PASS,https://db.netkeiba.com/horse/ped/2012104864/
2012104771,ミコラソン,62,62,11,PASS,https://db.netkeiba.com/horse/ped/2012104771/
2012104632,スティーグリッツ,62,62,16,PASS,https://db.netkeiba.com/horse/ped/2012104632/
2012105400,アンビシャス,62,62,7,PASS,https://db.netkeiba.com/horse/ped/2012105400/
2009105009,クラレント,62,62,10,PASS,https://db.netkeiba.com/horse/ped/2009105009/
2011101273,エイシンヒカリ,62,62,5,PASS,https://db.netkeiba.com/horse/ped/2011101273/
2009106525,ヴァンセンヌ,62,62,15,PASS,https://db.netkeiba.com/horse/ped/2009106525/
2011103854,ステファノス,62,62,9,PASS,https://db.netkeiba.com/horse/ped/2011103854/
2011103565,イスラボニータ,62,62,5,PASS,https://db.netkeiba.com/horse/ped/2011103565/
2009105928,スーパームーン,62,62,2,PASS,https://db.netkeiba.com/horse/ped/2009105928/
2010105143,プランスペスカ,62,62,8,PASS,https://db.netkeiba.com/horse/ped/2010105143/
2010100791,プロモントーリオ,62,62,7,PASS,https://db.netkeiba.com/horse/ped/2010100791/
2011105266,ゴールドアクター,62,62,18,PASS,https://db.netkeiba.com/horse/ped/2011105266/
2010100035,シャイニープリンス,62,62,13,PASS,https://db.netkeiba.com/horse/ped/2010100035/
2009105355,フレイムコード,62,62,15,PASS,https://db.netkeiba.com/horse/ped/2009105355/
2010104343,バロンドゥフォール,62,62,14,PASS,https://db.netkeiba.com/horse/ped/2010104343/
2011103610,タガノエトワール,62,62,14,PASS,https://db.netkeiba.com/horse/ped/2011103610/
2010103747,リメインサイレント,62,62,7,PASS,https://db.netkeiba.com/horse/ped/2010103747/
2011104724,ウインリバティ,62,62,4,PASS,https://db.netkeiba.com/horse/ped/2011104724/
2010102094,メイショウマンボ,62,62,13,PASS,https://db.netkeiba.com/horse/ped/2010102094/
2010102459,スマートレイアー,62,62,10,PASS,https://db.netkeiba.com/horse/ped/2010102459/
2011100352,シュンドルボン,62,62,10,PASS,https://db.netkeiba.com/horse/ped/2011100352/
2013109018,リスペクトアース,62,62,4,PASS,https://db.netkeiba.com/horse/ped/2013109018/
2013105867,ケルフロイデ,62,62,6,PASS,https://db.netkeiba.com/horse/ped/2013105867/
2013106075,アドマイヤエイカン,62,62,9,PASS,https://db.netkeiba.com/horse/ped/2013106075/
2013105975,ドレッドノータス,62,62,6,PASS,https://db.netkeiba.com/horse/ped/2013105975/
2013103727,ウインクルサルーテ,62,62,7,PASS,https://db.netkeiba.com/horse/ped/2013103727/
2013101819,キャノンストーム,62,62,7,PASS,https://db.netkeiba.com/horse/ped/2013101819/
2013104475,ダンツプリウス,62,62,6,PASS,https://db.netkeiba.com/horse/ped/2013104475/
2013101249,ウインテンダネス,62,62,14,PASS,https://db.netkeiba.com/horse/ped/2013101249/
2013101965,オンザロックス,62,62,14,PASS,https://db.netkeiba.com/horse/ped/2013101965/
2013103338,ジョルジュサンク,62,62,15,PASS,https://db.netkeiba.com/horse/ped/2013103338/
2013105677,ロライマ,62,62,7,PASS,https://db.netkeiba.com/horse/ped/2013105677/
2013104642,コパノミライ,62,62,15,PASS,https://db.netkeiba.com/horse/ped/2013104642/
2009105926,ジャングルクルーズ,62,62,10,PASS,https://db.netkeiba.com/horse/ped/2009105926/
2011106394,ショウナンバッハ,62,62,20,PASS,https://db.netkeiba.com/horse/ped/2011106394/
2011100066,トゥインクル,62,62,11,PASS,https://db.netkeiba.com/horse/ped/2011100066/
2011104019,アルバート,62,62,17,PASS,https://db.netkeiba.com/horse/ped/2011104019/
2010106226,ゴッドフロアー,62,62,9,PASS,https://db.netkeiba.com/horse/ped/2010106226/
2010100097,ケイアイチョウサン,62,62,15,PASS,https://db.netkeiba.com/horse/ped/2010100097/
2010102243,トルークマクト,62,62,7,PASS,https://db.netkeiba.com/horse/ped/2010102243/
2007104812,アロマカフェ,62,62,14,PASS,https://db.netkeiba.com/horse/ped/2007104812/
2013105429,プランスシャルマン,62,62,15,PASS,https://db.netkeiba.com/horse/ped/2013105429/
2013104063,ネコダンサー,62,62,8,PASS,https://db.netkeiba.com/horse/ped/2013104063/
2013102635,ラブレオ,62,62,6,PASS,https://db.netkeiba.com/horse/ped/2013102635/
2013105789,ハートレー,62,62,4,PASS,https://db.netkeiba.com/horse/ped/2013105789/
2013104704,ディーマジェスティ,62,62,7,PASS,https://db.netkeiba.com/horse/ped/2013104704/
2013106012,バティスティーニ,62,62,13,PASS,https://db.netkeiba.com/horse/ped/2013106012/
2013102679,ロードクエスト,62,62,11,PASS,https://db.netkeiba.com/horse/ped/2013102679/
2013104025,プレイヤーサムソン,62,62,29,PASS,https://db.netkeiba.com/horse/ped/2013104025/
2013100096,ブレイブスマッシュ,62,62,27,PASS,https://db.netkeiba.com/horse/ped/2013100096/
2013101866,クラウンスカイ,62,62,14,PASS,https://db.netkeiba.com/horse/ped/2013101866/
2013106118,ブラックスピネル,62,62,11,PASS,https://db.netkeiba.com/horse/ped/2013106118/
2008103273,トーセンレーヴ,62,62,5,PASS,https://db.netkeiba.com/horse/ped/2008103273/
2011103978,ネオリアリズム,62,62,5,PASS,https://db.netkeiba.com/horse/ped/2011103978/
2010104134,フルーキー,62,62,6,PASS,https://db.netkeiba.com/horse/ped/2010104134/
2010104458,ライズトゥフェイム,62,62,7,PASS,https://db.netkeiba.com/horse/ped/2010104458/
2011103837,ハピネスダンサー,62,62,17,PASS,https://db.netkeiba.com/horse/ped/2011103837/
2010104147,ヴィルジニア,62,62,1,PASS,https://db.netkeiba.com/horse/ped/2010104147/
2010106366,アルマディヴァン,62,62,22,PASS,https://db.netkeiba.com/horse/ped/2010106366/
2010101874,マコトブリジャール,62,62,4,PASS,https://db.netkeiba.com/horse/ped/2010101874/
2010104515,レイヌドネージュ,62,62,13,PASS,https://db.netkeiba.com/horse/ped/2010104515/
2011100497,リーサルウェポン,62,62,6,PASS,https://db.netkeiba.com/horse/ped/2011100497/
2010104221,オツウ,62,62,25,PASS,https://db.netkeiba.com/horse/ped/2010104221/
2013105785,メートルダール,62,62,5,PASS,https://db.netkeiba.com/horse/ped/2013105785/
2013105309,ウムブルフ,62,62,5,PASS,https://db.netkeiba.com/horse/ped/2013105309/
2013105930,プロフェット,62,62,12,PASS,https://db.netkeiba.com/horse/ped/2013105930/
2013109108,カミノライデン,62,62,8,PASS,https://db.netkeiba.com/horse/ped/2013109108/
2013100615,ルネイション,62,62,8,PASS,https://db.netkeiba.com/horse/ped/2013100615/
2013101928,マイネルラフレシア,62,62,15,PASS,https://db.netkeiba.com/horse/ped/2013101928/
2013105825,アドマイヤモラール,62,62,17,PASS,https://db.netkeiba.com/horse/ped/2013105825/
2013104828,アポロナイスジャブ,62,62,12,PASS,https://db.netkeiba.com/horse/ped/2013104828/
2013103343,ユウチェンジ,62,62,18,PASS,https://db.netkeiba.com/horse/ped/2013103343/
2013102829,ダイチラディウス,62,62,6,PASS,https://db.netkeiba.com/horse/ped/2013102829/
2013103526,ナムラシングン,62,62,6,PASS,https://db.netkeiba.com/horse/ped/2013103526/
2011104306,シャドウダンサー,62,62,7,PASS,https://db.netkeiba.com/horse/ped/2011104306/
2007106459,メイショウウズシオ,62,62,11,PASS,https://db.netkeiba.com/horse/ped/2007106459/
2008105224,アップルジャック,62,62,11,PASS,https://db.netkeiba.com/horse/ped/2008105224/
2008101020,ショウナンマイティ,62,62,4,PASS,https://db.netkeiba.com/horse/ped/2008101020/
2008102912,ルルーシュ,62,62,8,PASS,https://db.netkeiba.com/horse/ped/2008102912/
2011105057,ヤマニンボワラクテ,62,62,7,PASS,https://db.netkeiba.com/horse/ped/2011105057/
2009106315,ヒストリカル,62,62,6,PASS,https://db.netkeiba.com/horse/ped/2009106315/
2011103483,マドリードカフェ,62,62,7,PASS,https://db.netkeiba.com/horse/ped/2011103483/
2008102924,エバーグリーン,62,62,14,PASS,https://db.netkeiba.com/horse/ped/2008102924/
2012104650,モンドインテロ,62,62,6,PASS,https://db.netkeiba.com/horse/ped/2012104650/
2013103638,シャララ,62,62,10,PASS,https://db.netkeiba.com/horse/ped/2013103638/
2013105387,タイセイサミット,62,62,11,PASS,https://db.netkeiba.com/horse/ped/2013105387/
2013105399,エアスピネル,62,62,9,PASS,https://db.netkeiba.com/horse/ped/2013105399/
2013100077,ヴィガーエッジ,62,62,5,PASS,https://db.netkeiba.com/horse/ped/2013100077/
2013100159,モウカッテル,62,62,19,PASS,https://db.netkeiba.com/horse/ped/2013100159/
2013106474,ケンホファヴァルト,62,62,12,PASS,https://db.netkeiba.com/horse/ped/2013106474/
2013102880,イマジンザット,62,62,5,PASS,https://db.netkeiba.com/horse/ped/2013102880/
2013105194,モーゼス,62,62,7,PASS,https://db.netkeiba.com/horse/ped/2013105194/
2013105915,リオンディーズ,62,62,14,PASS,https://db.netkeiba.com/horse/ped/2013105915/
2013105788,マカヒキ,62,62,7,PASS,https://db.netkeiba.com/horse/ped/2013105788/
2013100334,エディクト,62,62,15,PASS,https://db.netkeiba.com/horse/ped/2013100334/
2008103016,サトノアポロ,62,62,3,PASS,https://db.netkeiba.com/horse/ped/2008103016/
2012100627,アングライフェン,62,62,16,PASS,https://db.netkeiba.com/horse/ped/2012100627/
2012104708,ケツァルテナンゴ,62,62,16,PASS,https://db.netkeiba.com/horse/ped/2012104708/
2011105687,ストロベリーキング,62,62,13,PASS,https://db.netkeiba.com/horse/ped/2011105687/
2008104087,マイネルラクリマ,62,62,13,PASS,https://db.netkeiba.com/horse/ped/2008104087/
2009101803,ニシノビークイック,62,62,11,PASS,https://db.netkeiba.com/horse/ped/2009101803/
2013105768,アドマイヤダイオウ,62,62,9,PASS,https://db.netkeiba.com/horse/ped/2013105768/
2013106108,マウントロブソン,62,62,7,PASS,https://db.netkeiba.com/horse/ped/2013106108/
2013109072,ミライヘノツバサ,62,62,28,PASS,https://db.netkeiba.com/horse/ped/2013109072/
2013106099,ミッキーロケット,62,62,5,PASS,https://db.netkeiba.com/horse/ped/2013106099/
2013105109,トーアライジン,62,62,19,PASS,https://db.netkeiba.com/horse/ped/2013105109/
2013106101,サトノダイヤモンド,62,62,5,PASS,https://db.netkeiba.com/horse/ped/2013106101/
2013102016,バレエダンサー,62,62,7,PASS,https://db.netkeiba.com/horse/ped/2013102016/
2013102323,ゲッカコウ,62,62,6,PASS,https://db.netkeiba.com/horse/ped/2013102323/
2013106013,ビッシュ,62,62,4,PASS,https://db.netkeiba.com/horse/ped/2013106013/
2013106063,アグレアーブル,62,62,4,PASS,https://db.netkeiba.com/horse/ped/2013106063/
2013100928,ショコラーチ,62,62,14,PASS,https://db.netkeiba.com/horse/ped/2013100928/
2013105820,アウェイク,62,62,4,PASS,https://db.netkeiba.com/horse/ped/2013105820/
2013105699,ファイアクリスタル,62,62,7,PASS,https://db.netkeiba.com/horse/ped/2013105699/
2013103682,フロンテアクイーン,62,62,18,PASS,https://db.netkeiba.com/horse/ped/2013103682/
2013104596,ブルーオリエント,62,62,3,PASS,https://db.netkeiba.com/horse/ped/2013104596/
2013105648,パールコード,62,62,6,PASS,https://db.netkeiba.com/horse/ped/2013105648/
2013101145,トウカイシェーン,62,62,10,PASS,https://db.netkeiba.com/horse/ped/2013101145/
2013106031,エマノン,62,62,9,PASS,https://db.netkeiba.com/horse/ped/2013106031/
2013106130,クィーンズベスト,62,62,7,PASS,https://db.netkeiba.com/horse/ped/2013106130/
2013105243,シークザフューチャ,62,62,8,PASS,https://db.netkeiba.com/horse/ped/2013105243/
2013102955,クロコスミア,62,62,11,PASS,https://db.netkeiba.com/horse/ped/2013102955/
2013105919,エルビッシュ,62,62,5,PASS,https://db.netkeiba.com/horse/ped/2013105919/
2013106005,チェッキーノ,62,62,10,PASS,https://db.netkeiba.com/horse/ped/2013106005/
2013100637,ラヴアンドポップ,62,62,9,PASS,https://db.netkeiba.com/horse/ped/2013100637/
2013102986,フレンドミラクル,62,62,16,PASS,https://db.netkeiba.com/horse/ped/2013102986/
2013105662,ロスカボス,62,62,7,PASS,https://db.netkeiba.com/horse/ped/2013105662/
2013105902,レッドエルディスト,62,62,10,PASS,https://db.netkeiba.com/horse/ped/2013105902/
2013102194,ドンチャブ,62,62,9,PASS,https://db.netkeiba.com/horse/ped/2013102194/
2013105718,ヴァンキッシュラン,62,62,6,PASS,https://db.netkeiba.com/horse/ped/2013105718/
2013102938,マイネルハニー,62,62,14,PASS,https://db.netkeiba.com/horse/ped/2013102938/
2013105676,タンサンドール,62,62,7,PASS,https://db.netkeiba.com/horse/ped/2013105676/
2013105771,アルカサル,62,62,22,PASS,https://db.netkeiba.com/horse/ped/2013105771/
2013102360,ノーブルマーズ,62,62,7,PASS,https://db.netkeiba.com/horse/ped/2013102360/
2013106128,プロディガルサン,62,62,4,PASS,https://db.netkeiba.com/horse/ped/2013106128/
2013106182,レーヴァテイン,62,62,6,PASS,https://db.netkeiba.com/horse/ped/2013106182/
2013104468,ダンツエイコウ,62,62,10,PASS,https://db.netkeiba.com/horse/ped/2013104468/
2013101522,スマートオーディン,62,62,6,PASS,https://db.netkeiba.com/horse/ped/2013101522/
2013105214,エルリストン,62,62,8,PASS,https://db.netkeiba.com/horse/ped/2013105214/
2013105681,スワーヴアーサー,62,62,6,PASS,https://db.netkeiba.com/horse/ped/2013105681/
2013101798,カルムパシオン,62,62,7,PASS,https://db.netkeiba.com/horse/ped/2013101798/
2013106025,エルプシャフト,62,62,5,PASS,https://db.netkeiba.com/horse/ped/2013106025/
2013106171,アドマイヤビスタ,62,62,7,PASS,https://db.netkeiba.com/horse/ped/2013106171/
2013105760,ロイカバード,62,62,7,PASS,https://db.netkeiba.com/horse/ped/2013105760/
2013102042,ゼンノタヂカラオ,62,62,7,PASS,https://db.netkeiba.com/horse/ped/2013102042/
2013103604,アグネスフォルテ,62,62,14,PASS,https://db.netkeiba.com/horse/ped/2013103604/
2013102232,フォルテミノル,62,62,3,PASS,https://db.netkeiba.com/horse/ped/2013102232/
2013104153,スズカバーディー,62,62,9,PASS,https://db.netkeiba.com/horse/ped/2013104153/
2009105825,サトノギャラント,62,62,4,PASS,https://db.netkeiba.com/horse/ped/2009105825/
2013101938,フロムマイハート,62,62,17,PASS,https://db.netkeiba.com/horse/ped/2013101938/
2013105906,シンハライト,62,62,4,PASS,https://db.netkeiba.com/horse/ped/2013105906/
2013105721,アットザシーサイド,62,62,14,PASS,https://db.netkeiba.com/horse/ped/2013105721/
2013103390,ペプチドサプル,62,62,9,PASS,https://db.netkeiba.com/horse/ped/2013103390/
2013106072,アドマイヤリード,62,62,9,PASS,https://db.netkeiba.com/horse/ped/2013106072/
2013106329,デンコウアンジュ,62,62,19,PASS,https://db.netkeiba.com/horse/ped/2013106329/
2013101453,ウインファビラス,62,62,22,PASS,https://db.netkeiba.com/horse/ped/2013101453/
2013103528,ダンツペンダント,62,62,18,PASS,https://db.netkeiba.com/horse/ped/2013103528/
2013102317,エンジェルフェイス,62,62,7,PASS,https://db.netkeiba.com/horse/ped/2013102317/
2013105811,レッドアヴァンセ,62,62,10,PASS,https://db.netkeiba.com/horse/ped/2013105811/
2013105864,ジェラシー,62,62,10,PASS,https://db.netkeiba.com/horse/ped/2013105864/
2013105783,ロッテンマイヤー,62,62,14,PASS,https://db.netkeiba.com/horse/ped/2013105783/
2013105715,ダイワドレッサー,62,62,13,PASS,https://db.netkeiba.com/horse/ped/2013105715/
2013106183,レインボーライン,62,62,20,PASS,https://db.netkeiba.com/horse/ped/2013106183/
2013105798,アジュールローズ,62,62,7,PASS,https://db.netkeiba.com/horse/ped/2013105798/
2013105901,イモータル,62,62,5,PASS,https://db.netkeiba.com/horse/ped/2013105901/
2010104396,リヤンドファミユ,62,62,23,PASS,https://db.netkeiba.com/horse/ped/2010104396/
2010104261,サムソンズプライド,62,62,19,PASS,https://db.netkeiba.com/horse/ped/2010104261/
2012104713,クリプトグラム,62,62,13,PASS,https://db.netkeiba.com/horse/ped/2012104713/
2012104987,ナムラアン,62,62,7,PASS,https://db.netkeiba.com/horse/ped/2012104987/
2011104065,アカネイロ,62,62,8,PASS,https://db.netkeiba.com/horse/ped/2011104065/
2011103758,レッドオリヴィア,62,62,10,PASS,https://db.netkeiba.com/horse/ped/2011103758/
2010102776,ショウナンバーキン,62,62,15,PASS,https://db.netkeiba.com/horse/ped/2010102776/
2011105890,ヒルノマテーラ,62,62,4,PASS,https://db.netkeiba.com/horse/ped/2011105890/
2010103921,ゴールドテーラー,62,62,10,PASS,https://db.netkeiba.com/horse/ped/2010103921/
2011101162,シャイニーガール,62,62,10,PASS,https://db.netkeiba.com/horse/ped/2011101162/
2009106265,マーティンボロ,62,62,4,PASS,https://db.netkeiba.com/horse/ped/2009106265/
2010103004,バーディーイーグル,62,62,3,PASS,https://db.netkeiba.com/horse/ped/2010103004/
2011104117,ルミナスウォリアー,62,62,18,PASS,https://db.netkeiba.com/horse/ped/2011104117/
2010102881,オリオンザジャパン,62,62,12,PASS,https://db.netkeiba.com/horse/ped/2010102881/
2010104113,ケイティープライド,62,62,9,PASS,https://db.netkeiba.com/horse/ped/2010104113/
2011103985,ツクバアズマオー,62,62,11,PASS,https://db.netkeiba.com/horse/ped/2011103985/
2011104957,フェイマスエンド,62,62,16,PASS,https://db.netkeiba.com/horse/ped/2011104957/
2009105771,エキストラエンド,62,62,5,PASS,https://db.netkeiba.com/horse/ped/2009105771/
2010100356,テイエムイナズマ,62,62,5,PASS,https://db.netkeiba.com/horse/ped/2010100356/
2012104808,ロジチャリス,62,62,10,PASS,https://db.netkeiba.com/horse/ped/2012104808/
2011102236,ダンツキャンサー,62,62,22,PASS,https://db.netkeiba.com/horse/ped/2011102236/
2011104324,レッドリヴェール,62,62,9,PASS,https://db.netkeiba.com/horse/ped/2011104324/
2011100655,モーリス,62,62,19,PASS,https://db.netkeiba.com/horse/ped/2011100655/
2010110007,エーシンマックス,62,62,4,PASS,https://db.netkeiba.com/horse/ped/2010110007/
2011103692,アデイインザライフ,62,62,21,PASS,https://db.netkeiba.com/horse/ped/2011103692/
2013105794,ベアインマインド,62,62,6,PASS,https://db.netkeiba.com/horse/ped/2013105794/
2013106018,ギモーヴ,62,62,12,PASS,https://db.netkeiba.com/horse/ped/2013106018/
2013101481,ファータグリーン,62,62,26,PASS,https://db.netkeiba.com/horse/ped/2013101481/
2013109152,キリシマオジョウ,62,62,4,PASS,https://db.netkeiba.com/horse/ped/2013109152/
2013106007,ヴィブロス,62,62,5,PASS,https://db.netkeiba.com/horse/ped/2013106007/
2013106015,パーシーズベスト,62,62,4,PASS,https://db.netkeiba.com/horse/ped/2013106015/
2013103427,エミノマユアク,62,62,4,PASS,https://db.netkeiba.com/horse/ped/2013103427/
2013105335,ルフォール,62,62,11,PASS,https://db.netkeiba.com/horse/ped/2013105335/
2013103386,スマートルビー,62,62,13,PASS,https://db.netkeiba.com/horse/ped/2013103386/
2013100731,ピースマインド,62,62,10,PASS,https://db.netkeiba.com/horse/ped/2013100731/
2013101628,キークラッカー,62,62,15,PASS,https://db.netkeiba.com/horse/ped/2013101628/
2013104816,ネイチャーレット,62,62,21,PASS,https://db.netkeiba.com/horse/ped/2013104816/
2013105904,ゼーヴィント,62,62,7,PASS,https://db.netkeiba.com/horse/ped/2013105904/
2013105744,ステイパーシスト,62,62,16,PASS,https://db.netkeiba.com/horse/ped/2013105744/
2013102193,ヒルノマゼラン,62,62,6,PASS,https://db.netkeiba.com/horse/ped/2013102193/
2013102305,ロードランウェイ,62,62,10,PASS,https://db.netkeiba.com/horse/ped/2013102305/
2013102301,ロードヴァンドール,62,62,6,PASS,https://db.netkeiba.com/horse/ped/2013102301/
2013105844,カフジプリンス,62,62,9,PASS,https://db.netkeiba.com/horse/ped/2013105844/
2013102687,トゥルーハート,62,62,11,PASS,https://db.netkeiba.com/horse/ped/2013102687/
2013103777,ワンスインアライフ,62,62,20,PASS,https://db.netkeiba.com/horse/ped/2013103777/
2012103496,ヤマカツライデン,62,62,12,PASS,https://db.netkeiba.com/horse/ped/2012103496/
2013105582,ジュエラー,62,62,6,PASS,https://db.netkeiba.com/horse/ped/2013105582/
2013106446,ワンダーピルエット,62,62,4,PASS,https://db.netkeiba.com/horse/ped/2013106446/
2013104496,ミエノサクシード,62,62,9,PASS,https://db.netkeiba.com/horse/ped/2013104496/
2013105537,カイザーバル,62,62,4,PASS,https://db.netkeiba.com/horse/ped/2013105537/
2013110104,ネオヴェルザンディ,62,62,1,PASS,https://db.netkeiba.com/horse/ped/2013110104/
2013105358,キンショーユキヒメ,62,62,12,PASS,https://db.netkeiba.com/horse/ped/2013105358/
2013106019,シュペルミエール,62,62,14,PASS,https://db.netkeiba.com/horse/ped/2013106019/
2013104215,コスモジャーベ,62,62,23,PASS,https://db.netkeiba.com/horse/ped/2013104215/
2013105652,サトノエトワール,62,62,7,PASS,https://db.netkeiba.com/horse/ped/2013105652/
2013106033,ジュンヴァルカン,62,62,8,PASS,https://db.netkeiba.com/horse/ped/2013106033/
2011100651,トレジャーマップ,62,62,26,PASS,https://db.netkeiba.com/horse/ped/2011100651/
2011104030,プレストウィック,62,62,8,PASS,https://db.netkeiba.com/horse/ped/2011104030/
2011103789,ヴォルシェーブ,62,62,7,PASS,https://db.netkeiba.com/horse/ped/2011103789/
2011102736,フェスティヴイェル,62,62,12,PASS,https://db.netkeiba.com/horse/ped/2011102736/
2011101476,ウインインスパイア,62,62,9,PASS,https://db.netkeiba.com/horse/ped/2011101476/
2012100939,マルターズアポジー,62,62,4,PASS,https://db.netkeiba.com/horse/ped/2012100939/
2011104205,ダイワリベラル,62,62,15,PASS,https://db.netkeiba.com/horse/ped/2011104205/
2011105245,マイネグレヴィル,62,62,18,PASS,https://db.netkeiba.com/horse/ped/2011105245/
2011103739,プロレタリアト,62,62,12,PASS,https://db.netkeiba.com/horse/ped/2011103739/
2012102682,プリメラアスール,62,62,14,PASS,https://db.netkeiba.com/horse/ped/2012102682/
2012104065,シャルール,62,62,7,PASS,https://db.netkeiba.com/horse/ped/2012104065/
2014105125,エーティーラッセン,62,62,10,PASS,https://db.netkeiba.com/horse/ped/2014105125/
2014105783,ダノンディスタンス,62,62,21,PASS,https://db.netkeiba.com/horse/ped/2014105783/
2014104449,カデナ,62,62,7,PASS,https://db.netkeiba.com/horse/ped/2014104449/
2014105558,ソーグリッタリング,62,62,10,PASS,https://db.netkeiba.com/horse/ped/2014105558/
2014103795,ワンダープチュック,62,62,7,PASS,https://db.netkeiba.com/horse/ped/2014103795/
2014104310,マイネルザウバア,62,62,14,PASS,https://db.netkeiba.com/horse/ped/2014104310/
2014104968,アダムバローズ,62,62,9,PASS,https://db.netkeiba.com/horse/ped/2014104968/
2014105192,プラチナヴォイス,62,62,8,PASS,https://db.netkeiba.com/horse/ped/2014105192/
2014105907,ヴァナヘイム,62,62,16,PASS,https://db.netkeiba.com/horse/ped/2014105907/
2014110081,ベストアプローチ,62,62,1,PASS,https://db.netkeiba.com/horse/ped/2014110081/
2012190001,イラプト,62,62,1,PASS,https://db.netkeiba.com/horse/ped/2012190001/
2012190002,ナイトフラワー,62,62,4,PASS,https://db.netkeiba.com/horse/ped/2012190002/
2011103704,パドルウィール,62,62,7,PASS,https://db.netkeiba.com/horse/ped/2011103704/
2014103416,ディアシューター,62,62,11,PASS,https://db.netkeiba.com/horse/ped/2014103416/
2014106201,レイデオロ,62,62,8,PASS,https://db.netkeiba.com/horse/ped/2014106201/
2014104149,エンドゲーム,62,62,13,PASS,https://db.netkeiba.com/horse/ped/2014104149/
2014106005,アドマイヤウイナー,62,62,7,PASS,https://db.netkeiba.com/horse/ped/2014106005/
2014105304,サングレーザー,62,62,5,PASS,https://db.netkeiba.com/horse/ped/2014105304/
2014105957,グローブシアター,62,62,14,PASS,https://db.netkeiba.com/horse/ped/2014105957/
2014102900,ビルズトレジャー,62,62,21,PASS,https://db.netkeiba.com/horse/ped/2014102900/
2014104659,ニシノアップルパイ,62,62,22,PASS,https://db.netkeiba.com/horse/ped/2014104659/
2014105476,ショワドゥロワ,62,62,9,PASS,https://db.netkeiba.com/horse/ped/2014105476/
2014100595,ミスディレクション,62,62,9,PASS,https://db.netkeiba.com/horse/ped/2014100595/
2014100733,マイネルスフェーン,62,62,10,PASS,https://db.netkeiba.com/horse/ped/2014100733/
2014110056,メリオラ,62,62,1,PASS,https://db.netkeiba.com/horse/ped/2014110056/
2014105879,ベストリゾート,62,62,6,PASS,https://db.netkeiba.com/horse/ped/2014105879/
2014103934,コスモス,62,62,15,PASS,https://db.netkeiba.com/horse/ped/2014103934/
2013110001,ストロングタイタン,62,62,6,PASS,https://db.netkeiba.com/horse/ped/2013110001/
2010106229,トミケンスラーヴァ,62,62,5,PASS,https://db.netkeiba.com/horse/ped/2010106229/
2009110017,シャドウパーティー,62,62,2,PASS,https://db.netkeiba.com/horse/ped/2009110017/
2011104022,マラムデール,62,62,4,PASS,https://db.netkeiba.com/horse/ped/2011104022/
2012104563,カゼルタ,62,62,8,PASS,https://db.netkeiba.com/horse/ped/2012104563/
2011103869,サンソヴール,62,62,9,PASS,https://db.netkeiba.com/horse/ped/2011103869/
2011105685,アンジェリック,62,62,11,PASS,https://db.netkeiba.com/horse/ped/2011105685/
2013101040,クリノラホール,62,62,23,PASS,https://db.netkeiba.com/horse/ped/2013101040/
2011104124,レーヴデトワール,62,62,7,PASS,https://db.netkeiba.com/horse/ped/2011104124/
2014105246,サーベラージュ,62,62,10,PASS,https://db.netkeiba.com/horse/ped/2014105246/
2014100093,イブキ,62,62,23,PASS,https://db.netkeiba.com/horse/ped/2014100093/
2014106176,ポポカテペトル,62,62,7,PASS,https://db.netkeiba.com/horse/ped/2014106176/
2014103124,ジュニエーブル,62,62,14,PASS,https://db.netkeiba.com/horse/ped/2014103124/
2014102696,ニシノアモーレ,62,62,13,PASS,https://db.netkeiba.com/horse/ped/2014102696/
2014105929,サンティール,62,62,8,PASS,https://db.netkeiba.com/horse/ped/2014105929/
2014102716,コマノインパルス,62,62,12,PASS,https://db.netkeiba.com/horse/ped/2014102716/
2014105466,アダマンティン,62,62,10,PASS,https://db.netkeiba.com/horse/ped/2014105466/
2014104389,ガンサリュート,62,62,14,PASS,https://db.netkeiba.com/horse/ped/2014104389/
2014104804,アサギリジョー,62,62,10,PASS,https://db.netkeiba.com/horse/ped/2014104804/
2014110001,バリングラ,62,62,3,PASS,https://db.netkeiba.com/horse/ped/2014110001/
2013105880,シャケトラ,62,62,5,PASS,https://db.netkeiba.com/horse/ped/2013105880/
2013104845,テイエムナナヒカリ,62,62,9,PASS,https://db.netkeiba.com/horse/ped/2013104845/
2009101016,シルクドリーマー,62,62,17,PASS,https://db.netkeiba.com/horse/ped/2009101016/
2011104243,ガリバルディ,62,62,4,PASS,https://db.netkeiba.com/horse/ped/2011104243/
2009106222,ラブラドライト,62,62,7,PASS,https://db.netkeiba.com/horse/ped/2009106222/
2012104044,キングルアウ,62,62,10,PASS,https://db.netkeiba.com/horse/ped/2012104044/
2014106464,テーオーフォルテ,62,62,17,PASS,https://db.netkeiba.com/horse/ped/2014106464/
2014106010,ダンビュライト,62,62,16,PASS,https://db.netkeiba.com/horse/ped/2014106010/
2014106196,サトノマックス,62,62,5,PASS,https://db.netkeiba.com/horse/ped/2014106196/
2014104582,キャッスルクラウン,62,62,17,PASS,https://db.netkeiba.com/horse/ped/2014104582/
2014104102,スマートエレメンツ,62,62,10,PASS,https://db.netkeiba.com/horse/ped/2014104102/
2014105589,ダイワキャグニー,62,62,7,PASS,https://db.netkeiba.com/horse/ped/2014105589/
2014100971,マイスタイル,62,62,9,PASS,https://db.netkeiba.com/horse/ped/2014100971/
2012101173,ウインスペクトル,62,62,14,PASS,https://db.netkeiba.com/horse/ped/2012101173/
2011103613,フェルメッツァ,62,62,10,PASS,https://db.netkeiba.com/horse/ped/2011103613/
2012103930,マイネルサージュ,62,62,7,PASS,https://db.netkeiba.com/horse/ped/2012103930/
2011102151,サクラアンプルール,62,62,9,PASS,https://db.netkeiba.com/horse/ped/2011102151/
2014106083,スワーヴリチャード,62,62,9,PASS,https://db.netkeiba.com/horse/ped/2014106083/
2014105825,アウトライアーズ,62,62,8,PASS,https://db.netkeiba.com/horse/ped/2014105825/
2014105258,ペルシアンナイト,62,62,6,PASS,https://db.netkeiba.com/horse/ped/2014105258/
2014103309,ファンディーナ,62,62,4,PASS,https://db.netkeiba.com/horse/ped/2014103309/
2014106046,アルアイン,62,62,4,PASS,https://db.netkeiba.com/horse/ped/2014106046/
2014105681,アメリカズカップ,62,62,6,PASS,https://db.netkeiba.com/horse/ped/2014105681/
2014105493,サトノアレス,62,62,5,PASS,https://db.netkeiba.com/horse/ped/2014105493/
2014106211,キングズラッシュ,62,62,19,PASS,https://db.netkeiba.com/horse/ped/2014106211/
2014100656,クリンチャー,62,62,12,PASS,https://db.netkeiba.com/horse/ped/2014100656/
2014100222,ウインブライト,62,62,22,PASS,https://db.netkeiba.com/horse/ped/2014100222/
2014100465,トラスト,62,62,31,PASS,https://db.netkeiba.com/horse/ped/2014100465/
2014102565,モズカッチャン,62,62,9,PASS,https://db.netkeiba.com/horse/ped/2014102565/
2014105925,ザクイーン,62,62,7,PASS,https://db.netkeiba.com/horse/ped/2014105925/
2014101974,キャナルストリート,62,62,5,PASS,https://db.netkeiba.com/horse/ped/2014101974/
2014105575,レッドミラベル,62,62,11,PASS,https://db.netkeiba.com/horse/ped/2014105575/
2014106155,ホウオウパフューム,62,62,7,PASS,https://db.netkeiba.com/horse/ped/2014106155/
2014100492,タガノアスワド,62,62,7,PASS,https://db.netkeiba.com/horse/ped/2014100492/
2014104351,ヤマカツグレース,62,62,6,PASS,https://db.netkeiba.com/horse/ped/2014104351/
2014103913,ドリームマジック,62,62,23,PASS,https://db.netkeiba.com/horse/ped/2014103913/
2014105794,アドマイヤローザ,62,62,16,PASS,https://db.netkeiba.com/horse/ped/2014105794/
2014103584,メイショウササユリ,62,62,17,PASS,https://db.netkeiba.com/horse/ped/2014103584/
2014106144,ディーパワンサ,62,62,10,PASS,https://db.netkeiba.com/horse/ped/2014106144/
2014101289,アロンザモナ,62,62,4,PASS,https://db.netkeiba.com/horse/ped/2014101289/
2014106151,フローレスマジック,62,62,4,PASS,https://db.netkeiba.com/horse/ped/2014106151/
2014103392,レッドコルディス,62,62,7,PASS,https://db.netkeiba.com/horse/ped/2014103392/
2014103294,ラユロット,62,62,11,PASS,https://db.netkeiba.com/horse/ped/2014103294/
2014106047,ピスカデーラ,62,62,10,PASS,https://db.netkeiba.com/horse/ped/2014106047/
2014103361,スズカロング,62,62,6,PASS,https://db.netkeiba.com/horse/ped/2014103361/
2014101769,サーレンブラント,62,62,7,PASS,https://db.netkeiba.com/horse/ped/2014101769/
2014105382,アグネスウイン,62,62,15,PASS,https://db.netkeiba.com/horse/ped/2014105382/
2014105836,ダノンキングダム,62,62,8,PASS,https://db.netkeiba.com/horse/ped/2014105836/
2014100522,タガノアシュラ,62,62,11,PASS,https://db.netkeiba.com/horse/ped/2014100522/
2014105979,アドミラブル,62,62,10,PASS,https://db.netkeiba.com/horse/ped/2014105979/
2014106132,トリコロールブルー,62,62,9,PASS,https://db.netkeiba.com/horse/ped/2014106132/
2014110087,カケルテソーロ,62,62,2,PASS,https://db.netkeiba.com/horse/ped/2014110087/
2014106038,サトノクロニクル,62,62,9,PASS,https://db.netkeiba.com/horse/ped/2014106038/
2014106197,インヴィクタ,62,62,8,PASS,https://db.netkeiba.com/horse/ped/2014106197/
2014105923,サトノリュウガ,62,62,15,PASS,https://db.netkeiba.com/horse/ped/2014105923/
2014110099,ゴールドハット,62,62,3,PASS,https://db.netkeiba.com/horse/ped/2014110099/
2014104032,ハギノアレス,62,62,21,PASS,https://db.netkeiba.com/horse/ped/2014104032/
2014106160,ミッキースワロー,62,62,15,PASS,https://db.netkeiba.com/horse/ped/2014106160/
2014103833,メルヴィンカズマ,62,62,16,PASS,https://db.netkeiba.com/horse/ped/2014103833/
2014100671,ユキノタイガ,62,62,7,PASS,https://db.netkeiba.com/horse/ped/2014100671/
2014104273,プラチナムバレット,62,62,10,PASS,https://db.netkeiba.com/horse/ped/2014104273/
2014101649,ウインベラシアス,62,62,10,PASS,https://db.netkeiba.com/horse/ped/2014101649/
2012104659,サンデーウィザード,62,62,5,PASS,https://db.netkeiba.com/horse/ped/2012104659/
2012101974,モズライジン,62,62,13,PASS,https://db.netkeiba.com/horse/ped/2012101974/
2011101814,パリカラノテガミ,62,62,9,PASS,https://db.netkeiba.com/horse/ped/2011101814/
2010104875,シャドウウィザード,62,62,8,PASS,https://db.netkeiba.com/horse/ped/2010104875/
2014105535,ソウルスターリング,62,62,2,PASS,https://db.netkeiba.com/horse/ped/2014105535/
2014101898,ミスパンテール,62,62,15,PASS,https://db.netkeiba.com/horse/ped/2014101898/
2014106185,モーヴサファイア,62,62,8,PASS,https://db.netkeiba.com/horse/ped/2014106185/
2014104031,ハローユニコーン,62,62,16,PASS,https://db.netkeiba.com/horse/ped/2014104031/
2014106191,ディアドラ,62,62,13,PASS,https://db.netkeiba.com/horse/ped/2014106191/
2014105627,ブラックスビーチ,62,62,5,PASS,https://db.netkeiba.com/horse/ped/2014105627/
2014102424,ブラックオニキス,62,62,12,PASS,https://db.netkeiba.com/horse/ped/2014102424/
2014105043,レーヌミノル,62,62,15,PASS,https://db.netkeiba.com/horse/ped/2014105043/
2014106220,リスグラシュー,62,62,8,PASS,https://db.netkeiba.com/horse/ped/2014106220/
2014106242,アドマイヤミヤビ,62,62,14,PASS,https://db.netkeiba.com/horse/ped/2014106242/
2014102161,カリビアンゴールド,62,62,8,PASS,https://db.netkeiba.com/horse/ped/2014102161/
2014100591,マナローラ,62,62,8,PASS,https://db.netkeiba.com/horse/ped/2014100591/
2014105887,サトノアーサー,62,62,5,PASS,https://db.netkeiba.com/horse/ped/2014105887/
2014101417,ジョーストリクトリ,62,62,19,PASS,https://db.netkeiba.com/horse/ped/2014101417/
2014102698,キョウヘイ,62,62,16,PASS,https://db.netkeiba.com/horse/ped/2014102698/
2012104936,アルター,62,62,11,PASS,https://db.netkeiba.com/horse/ped/2012104936/
2013110045,ラニ,62,62,3,PASS,https://db.netkeiba.com/horse/ped/2013110045/
2010104022,ハッピーモーメント,62,62,15,PASS,https://db.netkeiba.com/horse/ped/2010104022/
2011104010,バンドワゴン,62,62,7,PASS,https://db.netkeiba.com/horse/ped/2011104010/
2011103872,ステイインシアトル,62,62,8,PASS,https://db.netkeiba.com/horse/ped/2011103872/
2013106189,ローズウィスパー,62,62,13,PASS,https://db.netkeiba.com/horse/ped/2013106189/
2011104643,ハツガツオ,62,62,3,PASS,https://db.netkeiba.com/horse/ped/2011104643/
2011106372,クラリティシチー,62,62,16,PASS,https://db.netkeiba.com/horse/ped/2011106372/
2013102596,ヴォージュ,62,62,24,PASS,https://db.netkeiba.com/horse/ped/2013102596/
2012106426,タツゴウゲキ,62,62,9,PASS,https://db.netkeiba.com/horse/ped/2012106426/
2009106464,ナリタハリケーン,62,62,7,PASS,https://db.netkeiba.com/horse/ped/2009106464/
2012104723,サンマルティン,62,62,6,PASS,https://db.netkeiba.com/horse/ped/2012104723/
2011105914,サングラス,62,62,12,PASS,https://db.netkeiba.com/horse/ped/2011105914/
2012104663,ロッカフラベイビー,62,62,14,PASS,https://db.netkeiba.com/horse/ped/2012104663/
2013106055,アストラエンブレム,62,62,12,PASS,https://db.netkeiba.com/horse/ped/2013106055/
2014100534,ウインガナドル,62,62,31,PASS,https://db.netkeiba.com/horse/ped/2014100534/
2014104281,フレスコパスト,62,62,6,PASS,https://db.netkeiba.com/horse/ped/2014104281/
2014101903,ライジングリーズン,62,62,15,PASS,https://db.netkeiba.com/horse/ped/2014101903/
2014104138,ガジュマル,62,62,13,PASS,https://db.netkeiba.com/horse/ped/2014104138/
2014102928,ワラッチャウヨネ,62,62,12,PASS,https://db.netkeiba.com/horse/ped/2014102928/
2014105456,ジッパーレーン,62,62,9,PASS,https://db.netkeiba.com/horse/ped/2014105456/
2014106243,ポールヴァンドル,62,62,9,PASS,https://db.netkeiba.com/horse/ped/2014106243/
2014103864,プリンセスルーラー,62,62,24,PASS,https://db.netkeiba.com/horse/ped/2014103864/
2014102663,シンボリジュネス,62,62,8,PASS,https://db.netkeiba.com/horse/ped/2014102663/
2014101627,ミッシングリンク,62,62,9,PASS,https://db.netkeiba.com/horse/ped/2014101627/
2014101663,ナムラムラサキ,62,62,14,PASS,https://db.netkeiba.com/horse/ped/2014101663/
2014106218,ルヴォワール,62,62,10,PASS,https://db.netkeiba.com/horse/ped/2014106218/
2014105526,シーズララバイ,62,62,10,PASS,https://db.netkeiba.com/horse/ped/2014105526/
2014105928,サロニカ,62,62,5,PASS,https://db.netkeiba.com/horse/ped/2014105928/
2014103367,サンシロウ,62,62,11,PASS,https://db.netkeiba.com/horse/ped/2014103367/
2014101674,ブラックロード,62,62,6,PASS,https://db.netkeiba.com/horse/ped/2014101674/
2014104267,ブラックギムレット,62,62,20,PASS,https://db.netkeiba.com/horse/ped/2014104267/
2014105102,サンデームーティエ,62,62,9,PASS,https://db.netkeiba.com/horse/ped/2014105102/
2014105709,インペリアルフィズ,62,62,9,PASS,https://db.netkeiba.com/horse/ped/2014105709/
2014103335,ローリングタワー,62,62,10,PASS,https://db.netkeiba.com/horse/ped/2014103335/
2014105247,ストロングレヴィル,62,62,10,PASS,https://db.netkeiba.com/horse/ped/2014105247/
2014104386,クレッシェンドラヴ,62,62,10,PASS,https://db.netkeiba.com/horse/ped/2014104386/
2014105517,スティッフェリオ,62,62,11,PASS,https://db.netkeiba.com/horse/ped/2014105517/
2012104926,グランアルマダ,62,62,13,PASS,https://db.netkeiba.com/horse/ped/2012104926/
2014103577,メイショウテンシャ,62,62,6,PASS,https://db.netkeiba.com/horse/ped/2014103577/
2014101976,キセキ,62,62,20,PASS,https://db.netkeiba.com/horse/ped/2014101976/
2014102159,タガノシャルドネ,62,62,9,PASS,https://db.netkeiba.com/horse/ped/2014102159/
2014102898,ホウオウドリーム,62,62,30,PASS,https://db.netkeiba.com/horse/ped/2014102898/
2014103163,エテレインミノル,62,62,11,PASS,https://db.netkeiba.com/horse/ped/2014103163/
2014100523,タガノヤグラ,62,62,20,PASS,https://db.netkeiba.com/horse/ped/2014100523/
2014105785,アエロリット,62,62,10,PASS,https://db.netkeiba.com/horse/ped/2014105785/
2014110010,ラビットラン,62,62,0,PASS,https://db.netkeiba.com/horse/ped/2014110010/
2014103580,メイショウオワラ,62,62,24,PASS,https://db.netkeiba.com/horse/ped/2014103580/
2014101058,カワキタエンカ,62,62,14,PASS,https://db.netkeiba.com/horse/ped/2014101058/
2014100511,タガノヴェローナ,62,62,13,PASS,https://db.netkeiba.com/horse/ped/2014100511/
2014105951,ミリッサ,62,62,6,PASS,https://db.netkeiba.com/horse/ped/2014105951/
2014105854,リカビトス,62,62,13,PASS,https://db.netkeiba.com/horse/ped/2014105854/
2014105655,ヴゼットジョリー,62,62,5,PASS,https://db.netkeiba.com/horse/ped/2014105655/
2014106404,ブレスジャーニー,62,62,15,PASS,https://db.netkeiba.com/horse/ped/2014106404/
2014100731,マイネルヴンシュ,62,62,11,PASS,https://db.netkeiba.com/horse/ped/2014100731/
2014104922,クリノヤマトノオー,62,62,15,PASS,https://db.netkeiba.com/horse/ped/2014104922/
2012101402,グレーターロンドン,62,62,6,PASS,https://db.netkeiba.com/horse/ped/2012101402/
2011104063,サトノアラジン,62,62,4,PASS,https://db.netkeiba.com/horse/ped/2011104063/
2014105949,セダブリランテス,62,62,11,PASS,https://db.netkeiba.com/horse/ped/2014105949/
2011104676,シホウ,62,62,6,PASS,https://db.netkeiba.com/horse/ped/2011104676/
2012104512,ハッピーユニバンス,62,62,10,PASS,https://db.netkeiba.com/horse/ped/2012104512/
2013105318,ジュールポレール,62,62,6,PASS,https://db.netkeiba.com/horse/ped/2013105318/
2010100975,ウキヨノカゼ,62,62,9,PASS,https://db.netkeiba.com/horse/ped/2010100975/
2013104783,エテルナミノル,62,62,9,PASS,https://db.netkeiba.com/horse/ped/2013104783/
2015104582,ケイティクレバー,62,62,10,PASS,https://db.netkeiba.com/horse/ped/2015104582/
2015104107,タイムフライヤー,62,62,10,PASS,https://db.netkeiba.com/horse/ped/2015104107/
2015104899,マイハートビート,62,62,7,PASS,https://db.netkeiba.com/horse/ped/2015104899/
2015100513,アイトーン,62,62,12,PASS,https://db.netkeiba.com/horse/ped/2015100513/
2015102676,ランリーナ,62,62,6,PASS,https://db.netkeiba.com/horse/ped/2015102676/
2015104976,グレイル,62,62,11,PASS,https://db.netkeiba.com/horse/ped/2015104976/
2015101701,シスターフラッグ,62,62,30,PASS,https://db.netkeiba.com/horse/ped/2015101701/
2015104860,スラッシュメタル,62,62,9,PASS,https://db.netkeiba.com/horse/ped/2015104860/
2015101075,ナムラアッパレ,62,62,18,PASS,https://db.netkeiba.com/horse/ped/2015101075/
2012190003,イキートス,62,62,4,PASS,https://db.netkeiba.com/horse/ped/2012190003/
2011100822,デルマサリーチャン,62,62,9,PASS,https://db.netkeiba.com/horse/ped/2011100822/
2013103806,ニシノジャーニー,62,62,20,PASS,https://db.netkeiba.com/horse/ped/2013103806/
2014104202,スーパーマックス,62,62,14,PASS,https://db.netkeiba.com/horse/ped/2014104202/
2012110001,ストーンウェア,62,62,3,PASS,https://db.netkeiba.com/horse/ped/2012110001/
2012100636,ケントオー,62,62,16,PASS,https://db.netkeiba.com/horse/ped/2012100636/
2012103980,クィーンチャーム,62,62,7,PASS,https://db.netkeiba.com/horse/ped/2012103980/
2015102214,リュヌルージュ,62,62,22,PASS,https://db.netkeiba.com/horse/ped/2015102214/
2015101110,トーセンクリーガー,62,62,10,PASS,https://db.netkeiba.com/horse/ped/2015101110/
2015103079,ウォーターパルフェ,62,62,22,PASS,https://db.netkeiba.com/horse/ped/2015103079/
2015101174,ロードアクシス,62,62,5,PASS,https://db.netkeiba.com/horse/ped/2015101174/
2015105784,トライン,62,62,4,PASS,https://db.netkeiba.com/horse/ped/2015105784/
2015102692,シャルルマーニュ,62,62,19,PASS,https://db.netkeiba.com/horse/ped/2015102692/
2015100258,サンリヴァル,62,62,32,PASS,https://db.netkeiba.com/horse/ped/2015100258/
2015101707,ルーカス,62,62,19,PASS,https://db.netkeiba.com/horse/ped/2015101707/
2015105070,フラットレー,62,62,9,PASS,https://db.netkeiba.com/horse/ped/2015105070/
2015104692,ジュンヴァルロ,62,62,3,PASS,https://db.netkeiba.com/horse/ped/2015104692/
2015104287,ステイフーリッシュ,62,62,13,PASS,https://db.netkeiba.com/horse/ped/2015104287/
2015105608,ワークアンドラブ,62,62,5,PASS,https://db.netkeiba.com/horse/ped/2015105608/
2015110013,ジャンダルム,62,62,3,PASS,https://db.netkeiba.com/horse/ped/2015110013/
2015106174,シャフトオブライト,62,62,19,PASS,https://db.netkeiba.com/horse/ped/2015106174/
2015109078,ナスノシンフォニー,62,62,8,PASS,https://db.netkeiba.com/horse/ped/2015109078/
2012104737,レアリスタ,62,62,8,PASS,https://db.netkeiba.com/horse/ped/2012104737/
2011104083,トーセンマタコイヤ,62,62,5,PASS,https://db.netkeiba.com/horse/ped/2011104083/
2011103696,ショウナンマルシェ,62,62,4,PASS,https://db.netkeiba.com/horse/ped/2011103696/
2014101086,メイズオブオナー,62,62,8,PASS,https://db.netkeiba.com/horse/ped/2014101086/
2013110057,タニノアーバンシー,62,62,16,PASS,https://db.netkeiba.com/horse/ped/2013110057/
2013103582,レイホーロマンス,62,62,7,PASS,https://db.netkeiba.com/horse/ped/2013103582/
2013106398,コパノマリーン,62,62,8,PASS,https://db.netkeiba.com/horse/ped/2013106398/
2013105322,ワンブレスアウェイ,62,62,10,PASS,https://db.netkeiba.com/horse/ped/2013105322/
2015103201,イェッツト,62,62,18,PASS,https://db.netkeiba.com/horse/ped/2015103201/
2015103120,コスモイグナーツ,62,62,14,PASS,https://db.netkeiba.com/horse/ped/2015103120/
2015104553,ヤマノグラップル,62,62,7,PASS,https://db.netkeiba.com/horse/ped/2015104553/
2015100548,ロジティナ,62,62,11,PASS,https://db.netkeiba.com/horse/ped/2015100548/
2015105021,コズミックフォース,62,62,9,PASS,https://db.netkeiba.com/horse/ped/2015105021/
2015104161,エイムアンドエンド,62,62,6,PASS,https://db.netkeiba.com/horse/ped/2015104161/
2015100887,ダブルシャープ,62,62,18,PASS,https://db.netkeiba.com/horse/ped/2015100887/
2015105035,サクステッド,62,62,12,PASS,https://db.netkeiba.com/horse/ped/2015105035/
2015110070,デルタバローズ,62,62,2,PASS,https://db.netkeiba.com/horse/ped/2015110070/
2015105923,ライトカラカゼ,62,62,16,PASS,https://db.netkeiba.com/horse/ped/2015105923/
2015103311,タイキフェルヴール,62,62,6,PASS,https://db.netkeiba.com/horse/ped/2015103311/
2015104198,ギャンブラー,62,62,11,PASS,https://db.netkeiba.com/horse/ped/2015104198/
2015105459,ジョリルミエール,62,62,11,PASS,https://db.netkeiba.com/horse/ped/2015105459/
2015101467,ジェネラーレウーノ,62,62,13,PASS,https://db.netkeiba.com/horse/ped/2015101467/
2012110011,サンタフェチーフ,62,62,1,PASS,https://db.netkeiba.com/horse/ped/2012110011/
2012104503,パフォーマプロミス,62,62,14,PASS,https://db.netkeiba.com/horse/ped/2012104503/
2013104849,ガンコ,62,62,15,PASS,https://db.netkeiba.com/horse/ped/2013104849/
2013100647,カラビナ,62,62,8,PASS,https://db.netkeiba.com/horse/ped/2013100647/
2014106040,レジェンドセラー,62,62,26,PASS,https://db.netkeiba.com/horse/ped/2014106040/
2013103569,リッジマン,62,62,4,PASS,https://db.netkeiba.com/horse/ped/2013103569/
2013110008,リッチーリッチー,62,62,1,PASS,https://db.netkeiba.com/horse/ped/2013110008/
2014100933,ダウンザライン,62,62,13,PASS,https://db.netkeiba.com/horse/ped/2014100933/
2015104931,オブセッション,62,62,4,PASS,https://db.netkeiba.com/horse/ped/2015104931/
2015101530,アラウン,62,62,22,PASS,https://db.netkeiba.com/horse/ped/2015101530/
2015104076,リビーリング,62,62,8,PASS,https://db.netkeiba.com/horse/ped/2015104076/
2015104517,アサクサスポット,62,62,12,PASS,https://db.netkeiba.com/horse/ped/2015104517/
2015100831,トラストケンシン,62,62,16,PASS,https://db.netkeiba.com/horse/ped/2015100831/
2015105022,ワグネリアン,62,62,9,PASS,https://db.netkeiba.com/horse/ped/2015105022/
2015102367,ダノンプレミアム,62,62,6,PASS,https://db.netkeiba.com/horse/ped/2015102367/
2012110113,ダッシングブレイズ,62,62,0,PASS,https://db.netkeiba.com/horse/ped/2012110113/
2011101337,コウエイワンマン,62,62,18,PASS,https://db.netkeiba.com/horse/ped/2011101337/
2014106081,ムイトオブリガード,62,62,19,PASS,https://db.netkeiba.com/horse/ped/2014106081/
2014101985,チェスナットコート,62,62,12,PASS,https://db.netkeiba.com/horse/ped/2014101985/
2010106467,ピンポン,62,62,17,PASS,https://db.netkeiba.com/horse/ped/2010106467/
2014102897,トリオンフ,62,62,15,PASS,https://db.netkeiba.com/horse/ped/2014102897/
2015103228,スリーヘリオス,62,62,13,PASS,https://db.netkeiba.com/horse/ped/2015103228/
2015104987,キタノコマンドール,62,62,10,PASS,https://db.netkeiba.com/horse/ped/2015104987/
2015102440,エポカドーロ,62,62,25,PASS,https://db.netkeiba.com/horse/ped/2015102440/
2015105033,オウケンムーン,62,62,9,PASS,https://db.netkeiba.com/horse/ped/2015105033/
2015100744,マイネルファンロン,62,62,12,PASS,https://db.netkeiba.com/horse/ped/2015100744/
2015105064,ステルヴィオ,62,62,18,PASS,https://db.netkeiba.com/horse/ped/2015105064/
2015104793,サラキア,62,62,5,PASS,https://db.netkeiba.com/horse/ped/2015104793/
2015105193,オスカールビー,62,62,19,PASS,https://db.netkeiba.com/horse/ped/2015105193/
2015106056,ウスベニノキミ,62,62,14,PASS,https://db.netkeiba.com/horse/ped/2015106056/
2015101376,サトノワルキューレ,62,62,4,PASS,https://db.netkeiba.com/horse/ped/2015101376/
2015104453,ノーブルカリナン,62,62,5,PASS,https://db.netkeiba.com/horse/ped/2015104453/
2015102431,ファストライフ,62,62,18,PASS,https://db.netkeiba.com/horse/ped/2015102431/
2015104745,デュッセルドルフ,62,62,5,PASS,https://db.netkeiba.com/horse/ped/2015104745/
2015105490,ラブラブラブ,62,62,39,PASS,https://db.netkeiba.com/horse/ped/2015105490/
2015104910,ハイヒール,62,62,14,PASS,https://db.netkeiba.com/horse/ped/2015104910/
2015104456,オハナ,62,62,14,PASS,https://db.netkeiba.com/horse/ped/2015104456/
2015101364,カーサデルシエロ,62,62,12,PASS,https://db.netkeiba.com/horse/ped/2015101364/
2015105091,レッドベルローズ,62,62,5,PASS,https://db.netkeiba.com/horse/ped/2015105091/
2015104719,ヴェロニカグレース,62,62,11,PASS,https://db.netkeiba.com/horse/ped/2015104719/
2015102478,ディアジラソル,62,62,9,PASS,https://db.netkeiba.com/horse/ped/2015102478/
2015104664,パイオニアバイオ,62,62,27,PASS,https://db.netkeiba.com/horse/ped/2015104664/
2015104765,ノームコア,62,62,11,PASS,https://db.netkeiba.com/horse/ped/2015104765/
2015103053,カフジバンガード,62,62,6,PASS,https://db.netkeiba.com/horse/ped/2015103053/
2015102328,ユウセイフラッシュ,62,62,13,PASS,https://db.netkeiba.com/horse/ped/2015102328/
2015105598,スズカテイオー,62,62,10,PASS,https://db.netkeiba.com/horse/ped/2015105598/
2015104643,ダブルフラット,62,62,9,PASS,https://db.netkeiba.com/horse/ped/2015104643/
2015100020,マイネルサリューエ,62,62,9,PASS,https://db.netkeiba.com/horse/ped/2015100020/
2015105292,ディープインラヴ,62,62,8,PASS,https://db.netkeiba.com/horse/ped/2015105292/
2015105628,ミッキーポジション,62,62,4,PASS,https://db.netkeiba.com/horse/ped/2015105628/
2015106299,ゴーフォザサミット,62,62,7,PASS,https://db.netkeiba.com/horse/ped/2015106299/
2015104724,スーパーフェザー,62,62,5,PASS,https://db.netkeiba.com/horse/ped/2015104724/
2015104909,ダノンマジェスティ,62,62,4,PASS,https://db.netkeiba.com/horse/ped/2015104909/
2015104862,ノストラダムス,62,62,19,PASS,https://db.netkeiba.com/horse/ped/2015104862/
2015104549,テトラルキア,62,62,7,PASS,https://db.netkeiba.com/horse/ped/2015104549/
2015104995,エタリオウ,62,62,9,PASS,https://db.netkeiba.com/horse/ped/2015104995/
2015105627,クレディブル,62,62,16,PASS,https://db.netkeiba.com/horse/ped/2015105627/
2015101568,モンテグロッソ,62,62,5,PASS,https://db.netkeiba.com/horse/ped/2015101568/
2015104639,サトノソルタス,62,62,4,PASS,https://db.netkeiba.com/horse/ped/2015104639/
2015105105,フランツ,62,62,10,PASS,https://db.netkeiba.com/horse/ped/2015105105/
2015104063,グローリーヴェイズ,62,62,21,PASS,https://db.netkeiba.com/horse/ped/2015104063/
2015104897,レノヴァール,62,62,7,PASS,https://db.netkeiba.com/horse/ped/2015104897/
2015105050,リシュブール,62,62,16,PASS,https://db.netkeiba.com/horse/ped/2015105050/
2015110047,タニノフランケル,62,62,17,PASS,https://db.netkeiba.com/horse/ped/2015110047/
2015102420,メイショウテッコン,62,62,6,PASS,https://db.netkeiba.com/horse/ped/2015102420/
2015104713,アドマイヤアルバ,62,62,8,PASS,https://db.netkeiba.com/horse/ped/2015104713/
2015105087,レイエスプランドル,62,62,15,PASS,https://db.netkeiba.com/horse/ped/2015105087/
2015100523,アルムフォルツァ,62,62,15,PASS,https://db.netkeiba.com/horse/ped/2015100523/
2015105032,ユーキャンスマイル,62,62,12,PASS,https://db.netkeiba.com/horse/ped/2015105032/
2015100969,アールスター,62,62,20,PASS,https://db.netkeiba.com/horse/ped/2015100969/
2015105280,シャルドネゴールド,62,62,9,PASS,https://db.netkeiba.com/horse/ped/2015105280/
2015101580,インターセクション,62,62,3,PASS,https://db.netkeiba.com/horse/ped/2015101580/
2012100877,ラインルーフ,62,62,12,PASS,https://db.netkeiba.com/horse/ped/2012100877/
2012104549,カレンラストショー,62,62,13,PASS,https://db.netkeiba.com/horse/ped/2012104549/
2013104956,ハクサンルドルフ,62,62,10,PASS,https://db.netkeiba.com/horse/ped/2013104956/
2013105471,ナイトオブナイツ,62,62,8,PASS,https://db.netkeiba.com/horse/ped/2013105471/
2015104943,リリーノーブル,62,62,27,PASS,https://db.netkeiba.com/horse/ped/2015104943/
2015105046,ラッキーライラック,62,62,23,PASS,https://db.netkeiba.com/horse/ped/2015105046/
2015101373,マウレア,62,62,4,PASS,https://db.netkeiba.com/horse/ped/2015101373/
2015104513,トーセンブレス,62,62,7,PASS,https://db.netkeiba.com/horse/ped/2015104513/
2015103350,カンタービレ,62,62,7,PASS,https://db.netkeiba.com/horse/ped/2015103350/
2015102382,オールフォーラヴ,62,62,10,PASS,https://db.netkeiba.com/horse/ped/2015102382/
2015101540,トーホウアルテミス,62,62,8,PASS,https://db.netkeiba.com/horse/ped/2015101540/
2015104324,レッドサクヤ,62,62,7,PASS,https://db.netkeiba.com/horse/ped/2015104324/
2015105843,サヤカチャン,62,62,22,PASS,https://db.netkeiba.com/horse/ped/2015105843/
2015104961,アーモンドアイ,62,62,10,PASS,https://db.netkeiba.com/horse/ped/2015104961/
2015110077,ランドネ,62,62,2,PASS,https://db.netkeiba.com/horse/ped/2015110077/
2015100230,ウインラナキラ,62,62,21,PASS,https://db.netkeiba.com/horse/ped/2015100230/
2015105108,ロサグラウカ,62,62,22,PASS,https://db.netkeiba.com/horse/ped/2015105108/
2015100122,テーオーエナジー,62,62,7,PASS,https://db.netkeiba.com/horse/ped/2015100122/
2015104882,ブラストワンピース,62,62,13,PASS,https://db.netkeiba.com/horse/ped/2015104882/
2013101162,コウキチョウサン,62,62,15,PASS,https://db.netkeiba.com/horse/ped/2013101162/
2013104671,スティルウォーター,62,62,15,PASS,https://db.netkeiba.com/horse/ped/2013104671/
2012105115,ティーエスクライ,62,62,17,PASS,https://db.netkeiba.com/horse/ped/2012105115/
2012104781,ヴァフラーム,62,62,12,PASS,https://db.netkeiba.com/horse/ped/2012104781/
2013105998,アルジャンテ,62,62,4,PASS,https://db.netkeiba.com/horse/ped/2013105998/
2013105945,フェイズベロシティ,62,62,21,PASS,https://db.netkeiba.com/horse/ped/2013105945/
2010101161,サイモンラムセス,62,62,14,PASS,https://db.netkeiba.com/horse/ped/2010101161/
2013106121,サーブルオール,62,62,11,PASS,https://db.netkeiba.com/horse/ped/2013106121/
2012105979,パワーポケット,62,62,14,PASS,https://db.netkeiba.com/horse/ped/2012105979/
2013103687,クラウンディバイダ,62,62,7,PASS,https://db.netkeiba.com/horse/ped/2013103687/
2011104182,エアアンセム,62,62,6,PASS,https://db.netkeiba.com/horse/ped/2011104182/
2012103429,ゴールドサーベラス,62,62,11,PASS,https://db.netkeiba.com/horse/ped/2012103429/
2013105646,マウントゴールド,62,62,8,PASS,https://db.netkeiba.com/horse/ped/2013105646/
2013102351,エーティーサンダー,62,62,6,PASS,https://db.netkeiba.com/horse/ped/2013102351/
2013103196,エンジニア,62,62,4,PASS,https://db.netkeiba.com/horse/ped/2013103196/
2012105419,スズカディープ,62,62,5,PASS,https://db.netkeiba.com/horse/ped/2012105419/
2015104597,サラス,62,62,21,PASS,https://db.netkeiba.com/horse/ped/2015104597/
2015104472,クイーングラス,62,62,23,PASS,https://db.netkeiba.com/horse/ped/2015104472/
2015104947,メサルティム,62,62,15,PASS,https://db.netkeiba.com/horse/ped/2015104947/
2015104988,カレンシリエージョ,62,62,5,PASS,https://db.netkeiba.com/horse/ped/2015104988/
2015102574,ロマンテソーロ,62,62,14,PASS,https://db.netkeiba.com/horse/ped/2015102574/
2015104542,ハーレムライン,62,62,10,PASS,https://db.netkeiba.com/horse/ped/2015104542/
2015104242,アヴィオール,62,62,2,PASS,https://db.netkeiba.com/horse/ped/2015104242/
2015101288,ホクセンジョウオー,62,62,22,PASS,https://db.netkeiba.com/horse/ped/2015101288/
2015103535,ロフティフレーズ,62,62,16,PASS,https://db.netkeiba.com/horse/ped/2015103535/
2015104317,ギベオン,62,62,4,PASS,https://db.netkeiba.com/horse/ped/2015104317/
2015103980,ショウナンラーゼン,62,62,8,PASS,https://db.netkeiba.com/horse/ped/2015103980/
2015104186,ゼーゲン,62,62,5,PASS,https://db.netkeiba.com/horse/ped/2015104186/
2015104810,ブレステイキング,62,62,5,PASS,https://db.netkeiba.com/horse/ped/2015104810/
2015103344,メイショウロセツ,62,62,6,PASS,https://db.netkeiba.com/horse/ped/2015103344/
2015105057,レイエンダ,62,62,8,PASS,https://db.netkeiba.com/horse/ped/2015105057/
2015104384,ビッグスモーキー,62,62,5,PASS,https://db.netkeiba.com/horse/ped/2015104384/
2015105089,ハーベストムーン,62,62,8,PASS,https://db.netkeiba.com/horse/ped/2015105089/
2014105484,レッドジェノヴァ,62,62,8,PASS,https://db.netkeiba.com/horse/ped/2014105484/
2013101924,サンエイゴールド,62,62,8,PASS,https://db.netkeiba.com/horse/ped/2013101924/
2015104183,ラテュロス,62,62,4,PASS,https://db.netkeiba.com/horse/ped/2015104183/
2015100600,スカーレットカラー,62,62,9,PASS,https://db.netkeiba.com/horse/ped/2015100600/
2015104126,サトノガーネット,62,62,7,PASS,https://db.netkeiba.com/horse/ped/2015104126/
2015103383,ミッキーチャーム,62,62,6,PASS,https://db.netkeiba.com/horse/ped/2015103383/
2015104352,ゴージャスランチ,62,62,6,PASS,https://db.netkeiba.com/horse/ped/2015104352/
2015105036,プリモシーン,62,62,7,PASS,https://db.netkeiba.com/horse/ped/2015105036/
2015104925,ダンサール,62,62,8,PASS,https://db.netkeiba.com/horse/ped/2015104925/
2015101654,アフリカンゴールド,62,62,9,PASS,https://db.netkeiba.com/horse/ped/2015101654/
2015105075,フィエールマン,62,62,7,PASS,https://db.netkeiba.com/horse/ped/2015105075/
2015104797,グロンディオーズ,62,62,16,PASS,https://db.netkeiba.com/horse/ped/2015104797/
2012101505,ブラックムーン,62,62,13,PASS,https://db.netkeiba.com/horse/ped/2012101505/
2013102716,マコトガラハッド,62,62,7,PASS,https://db.netkeiba.com/horse/ped/2013102716/
2013105230,ルックトゥワイス,62,62,9,PASS,https://db.netkeiba.com/horse/ped/2013105230/
2013105816,コルコバード,62,62,12,PASS,https://db.netkeiba.com/horse/ped/2013105816/
2016104778,クラージュゲリエ,62,62,13,PASS,https://db.netkeiba.com/horse/ped/2016104778/
2016104854,ワールドプレミア,62,62,4,PASS,https://db.netkeiba.com/horse/ped/2016104854/
2016104431,スズカカナロア,62,62,17,PASS,https://db.netkeiba.com/horse/ped/2016104431/
2016105011,ペルソナデザイン,62,62,9,PASS,https://db.netkeiba.com/horse/ped/2016105011/
2016106169,ミヤケ,62,62,11,PASS,https://db.netkeiba.com/horse/ped/2016106169/
2016102396,ブレイキングドーン,62,62,18,PASS,https://db.netkeiba.com/horse/ped/2016102396/
2016100305,セイカヤマノ,62,62,22,PASS,https://db.netkeiba.com/horse/ped/2016100305/
2016104626,ミッキーブラック,62,62,5,PASS,https://db.netkeiba.com/horse/ped/2016104626/
2016104495,ショウリュウイクゾ,62,62,34,PASS,https://db.netkeiba.com/horse/ped/2016104495/
2015104624,ハッピーグリン,62,62,14,PASS,https://db.netkeiba.com/horse/ped/2015104624/
2012100276,ララエクラテール,62,62,16,PASS,https://db.netkeiba.com/horse/ped/2012100276/
2013105450,マサハヤダイヤ,62,62,11,PASS,https://db.netkeiba.com/horse/ped/2013105450/
2014105427,エアウィンザー,62,62,9,PASS,https://db.netkeiba.com/horse/ped/2014105427/
2011101125,オジュウチョウサン,62,62,15,PASS,https://db.netkeiba.com/horse/ped/2011101125/
2016103444,ニシノデイジー,62,62,20,PASS,https://db.netkeiba.com/horse/ped/2016103444/
2016106594,キングリスティア,62,62,16,PASS,https://db.netkeiba.com/horse/ped/2016106594/
2016100550,ヒルノダカール,62,62,29,PASS,https://db.netkeiba.com/horse/ped/2016100550/
2016104505,サートゥルナーリア,62,62,17,PASS,https://db.netkeiba.com/horse/ped/2016104505/
2016103498,ハクサンタイヨウ,62,62,8,PASS,https://db.netkeiba.com/horse/ped/2016103498/
2016104702,アドマイヤジャスタ,62,62,12,PASS,https://db.netkeiba.com/horse/ped/2016104702/
2016105169,ジャストアジゴロ,62,62,5,PASS,https://db.netkeiba.com/horse/ped/2016105169/
2016105087,マードレヴォイス,62,62,18,PASS,https://db.netkeiba.com/horse/ped/2016105087/
2016105067,ヴァンドギャルド,62,62,5,PASS,https://db.netkeiba.com/horse/ped/2016105067/
2016106109,タニノドラマ,62,62,16,PASS,https://db.netkeiba.com/horse/ped/2016106109/
2016100763,コスモカレンドゥラ,62,62,11,PASS,https://db.netkeiba.com/horse/ped/2016100763/
2014106166,ランガディア,62,62,11,PASS,https://db.netkeiba.com/horse/ped/2014106166/
2012104685,ヤングマンパワー,62,62,5,PASS,https://db.netkeiba.com/horse/ped/2012104685/
2016104344,カイザースクルーン,62,62,26,PASS,https://db.netkeiba.com/horse/ped/2016104344/
2016104851,ヒンドゥタイムズ,62,62,8,PASS,https://db.netkeiba.com/horse/ped/2016104851/
2016100302,クリスタルバローズ,62,62,13,PASS,https://db.netkeiba.com/horse/ped/2016100302/
2016104650,ランフォザローゼス,62,62,16,PASS,https://db.netkeiba.com/horse/ped/2016104650/
2016104711,カテドラル,62,62,9,PASS,https://db.netkeiba.com/horse/ped/2016104711/
2016105239,ラストドラフト,62,62,10,PASS,https://db.netkeiba.com/horse/ped/2016105239/
2016106428,カフジジュピター,62,62,5,PASS,https://db.netkeiba.com/horse/ped/2016106428/
2016104451,シークレットラン,62,62,14,PASS,https://db.netkeiba.com/horse/ped/2016104451/
2016103387,ナイママ,62,62,17,PASS,https://db.netkeiba.com/horse/ped/2016103387/
2016100585,リーガルメイン,62,62,10,PASS,https://db.netkeiba.com/horse/ped/2016100585/
2016105206,ダノンラスター,62,62,6,PASS,https://db.netkeiba.com/horse/ped/2016105206/
2014105837,レイズアベール,62,62,9,PASS,https://db.netkeiba.com/horse/ped/2014105837/
2015104671,ウラヌスチャーム,62,62,18,PASS,https://db.netkeiba.com/horse/ped/2015104671/
2011103348,ヤマニンエルフィン,62,62,6,PASS,https://db.netkeiba.com/horse/ped/2011103348/
2013102575,カフェブリッツ,62,62,6,PASS,https://db.netkeiba.com/horse/ped/2013102575/
2013100677,ピッツバーグ,62,62,15,PASS,https://db.netkeiba.com/horse/ped/2013100677/
2016104632,カントル,62,62,9,PASS,https://db.netkeiba.com/horse/ped/2016104632/
2016104921,サトノラディウス,62,62,7,PASS,https://db.netkeiba.com/horse/ped/2016104921/
2016104372,シュヴァルツリーゼ,62,62,8,PASS,https://db.netkeiba.com/horse/ped/2016104372/
2016100272,ヴァンケドミンゴ,62,62,32,PASS,https://db.netkeiba.com/horse/ped/2016100272/
2016101770,ラバストーン,62,62,24,PASS,https://db.netkeiba.com/horse/ped/2016101770/
2016102192,メイショウテンゲン,62,62,6,PASS,https://db.netkeiba.com/horse/ped/2016102192/
2016104422,アドマイヤマーズ,62,62,7,PASS,https://db.netkeiba.com/horse/ped/2016104422/
2016104659,サトノルークス,62,62,5,PASS,https://db.netkeiba.com/horse/ped/2016104659/
2016103137,ファンタジスト,62,62,14,PASS,https://db.netkeiba.com/horse/ped/2016103137/
2016102179,ダノンキングリー,62,62,4,PASS,https://db.netkeiba.com/horse/ped/2016102179/
2016106252,ランスオブプラーナ,62,62,13,PASS,https://db.netkeiba.com/horse/ped/2016106252/
2016104529,ヴェロックス,62,62,10,PASS,https://db.netkeiba.com/horse/ped/2016104529/
2016104035,ダディーズマインド,62,62,13,PASS,https://db.netkeiba.com/horse/ped/2016104035/
2016103690,クリノガウディー,62,62,24,PASS,https://db.netkeiba.com/horse/ped/2016103690/
2016100527,タガノディアマンテ,62,62,28,PASS,https://db.netkeiba.com/horse/ped/2016100527/
2016101366,ローズテソーロ,62,62,15,PASS,https://db.netkeiba.com/horse/ped/2016101366/
2016104791,シャドウディーヴァ,62,62,9,PASS,https://db.netkeiba.com/horse/ped/2016104791/
2016104588,エトワール,62,62,11,PASS,https://db.netkeiba.com/horse/ped/2016104588/
2016104836,ウィクトーリア,62,62,12,PASS,https://db.netkeiba.com/horse/ped/2016104836/
2016104614,ペレ,62,62,8,PASS,https://db.netkeiba.com/horse/ped/2016104614/
2016100926,ウインゼノビア,62,62,14,PASS,https://db.netkeiba.com/horse/ped/2016100926/
2016103300,アモレッタ,62,62,4,PASS,https://db.netkeiba.com/horse/ped/2016103300/
2016104622,パッシングスルー,62,62,19,PASS,https://db.netkeiba.com/horse/ped/2016104622/
2016104858,ジョディー,62,62,6,PASS,https://db.netkeiba.com/horse/ped/2016104858/
2016105276,セラピア,62,62,21,PASS,https://db.netkeiba.com/horse/ped/2016105276/
2016102312,ネリッサ,62,62,10,PASS,https://db.netkeiba.com/horse/ped/2016102312/
2016104649,エアジーン,62,62,8,PASS,https://db.netkeiba.com/horse/ped/2016104649/
2016104596,フォークテイル,62,62,17,PASS,https://db.netkeiba.com/horse/ped/2016104596/
2016104896,イノセントミューズ,62,62,9,PASS,https://db.netkeiba.com/horse/ped/2016104896/
2016110034,ヴィエナブロー,62,62,4,PASS,https://db.netkeiba.com/horse/ped/2016110034/
2016104240,クラサーヴィツァ,62,62,22,PASS,https://db.netkeiba.com/horse/ped/2016104240/
2016100706,レオンドーロ,62,62,16,PASS,https://db.netkeiba.com/horse/ped/2016100706/
2016104593,フェアリーポルカ,62,62,23,PASS,https://db.netkeiba.com/horse/ped/2016104593/
2016104225,アドマイヤスコール,62,62,10,PASS,https://db.netkeiba.com/horse/ped/2016104225/
2016104695,リオンリオン,62,62,21,PASS,https://db.netkeiba.com/horse/ped/2016104695/
2016105867,セントウル,62,62,7,PASS,https://db.netkeiba.com/horse/ped/2016105867/
2016103250,ピースワンパラディ,62,62,14,PASS,https://db.netkeiba.com/horse/ped/2016103250/
2016104415,ウーリリ,62,62,7,PASS,https://db.netkeiba.com/horse/ped/2016104415/
2016104990,トーセンカンビーナ,62,62,6,PASS,https://db.netkeiba.com/horse/ped/2016104990/
2016104234,ピンシェル,62,62,30,PASS,https://db.netkeiba.com/horse/ped/2016104234/
2016104397,タイセイモナーク,62,62,22,PASS,https://db.netkeiba.com/horse/ped/2016104397/
2016104291,ディバインフォース,62,62,8,PASS,https://db.netkeiba.com/horse/ped/2016104291/
2016104549,カウディーリョ,62,62,7,PASS,https://db.netkeiba.com/horse/ped/2016104549/
2016106022,アルママ,62,62,30,PASS,https://db.netkeiba.com/horse/ped/2016106022/
2016104623,マコトジュズマル,62,62,15,PASS,https://db.netkeiba.com/horse/ped/2016104623/
2016104907,バラックパリンカ,62,62,10,PASS,https://db.netkeiba.com/horse/ped/2016104907/
2016104720,キタサンバルカン,62,62,23,PASS,https://db.netkeiba.com/horse/ped/2016104720/
2015104677,ロシュフォール,62,62,10,PASS,https://db.netkeiba.com/horse/ped/2015104677/
2015104773,メールドグラース,62,62,16,PASS,https://db.netkeiba.com/horse/ped/2015104773/
2016106292,オールイズウェル,62,62,27,PASS,https://db.netkeiba.com/horse/ped/2016106292/
2016106065,ロジャーバローズ,62,62,6,PASS,https://db.netkeiba.com/horse/ped/2016106065/
2016104413,サトノソロモン,62,62,4,PASS,https://db.netkeiba.com/horse/ped/2016104413/
2016104268,ハバナウインド,62,62,9,PASS,https://db.netkeiba.com/horse/ped/2016104268/
2016104682,フランクリン,62,62,10,PASS,https://db.netkeiba.com/horse/ped/2016104682/
2016105582,ヤマカツシシマル,62,62,15,PASS,https://db.netkeiba.com/horse/ped/2016105582/
2016104222,トーセンスカイ,62,62,6,PASS,https://db.netkeiba.com/horse/ped/2016104222/
2016105292,レッドジェニアル,62,62,15,PASS,https://db.netkeiba.com/horse/ped/2016105292/
2016110024,ヒーリングマインド,62,62,9,PASS,https://db.netkeiba.com/horse/ped/2016110024/
2016100915,モズベッロ,62,62,9,PASS,https://db.netkeiba.com/horse/ped/2016100915/
2016104750,クロノジェネシス,62,62,9,PASS,https://db.netkeiba.com/horse/ped/2016104750/
2016104880,コントラチェック,62,62,6,PASS,https://db.netkeiba.com/horse/ped/2016104880/
2016105068,シェーングランツ,62,62,4,PASS,https://db.netkeiba.com/horse/ped/2016105068/
2016104310,エールヴォア,62,62,15,PASS,https://db.netkeiba.com/horse/ped/2016104310/
2016104899,アクアミラビリス,62,62,9,PASS,https://db.netkeiba.com/horse/ped/2016104899/
2016104867,ダノンファンタジー,62,62,6,PASS,https://db.netkeiba.com/horse/ped/2016104867/
2016105089,カレンブーケドール,62,62,7,PASS,https://db.netkeiba.com/horse/ped/2016105089/
2016102775,シゲルピンクダイヤ,62,62,7,PASS,https://db.netkeiba.com/horse/ped/2016102775/
2016104648,ラヴズオンリーユー,62,62,4,PASS,https://db.netkeiba.com/horse/ped/2016104648/
2016106064,ノーワン,62,62,8,PASS,https://db.netkeiba.com/horse/ped/2016106064/
2016104829,ビーチサンバ,62,62,7,PASS,https://db.netkeiba.com/horse/ped/2016104829/
2016102189,メイショウショウブ,62,62,13,PASS,https://db.netkeiba.com/horse/ped/2016102189/
2016104604,フィリアプーラ,62,62,14,PASS,https://db.netkeiba.com/horse/ped/2016104604/
2016103962,ヴィント,62,62,11,PASS,https://db.netkeiba.com/horse/ped/2016103962/
2016101814,エメラルファイト,62,62,14,PASS,https://db.netkeiba.com/horse/ped/2016101814/
2016100723,マイネルサーパス,62,62,24,PASS,https://db.netkeiba.com/horse/ped/2016100723/
2015104689,アイスバブル,62,62,11,PASS,https://db.netkeiba.com/horse/ped/2015104689/
2014102894,パリンジェネシス,62,62,20,PASS,https://db.netkeiba.com/horse/ped/2014102894/
2015104656,センテリュオ,62,62,9,PASS,https://db.netkeiba.com/horse/ped/2015104656/
2014105053,チカノワール,62,62,13,PASS,https://db.netkeiba.com/horse/ped/2014105053/
2015104163,アドラータ,62,62,20,PASS,https://db.netkeiba.com/horse/ped/2015104163/
2015105025,レーツェル,62,62,4,PASS,https://db.netkeiba.com/horse/ped/2015105025/
2015105093,レッドランディーニ,62,62,6,PASS,https://db.netkeiba.com/horse/ped/2015105093/
2011103836,ベルキャニオン,62,62,7,PASS,https://db.netkeiba.com/horse/ped/2011103836/
2014101558,レッドローゼス,62,62,9,PASS,https://db.netkeiba.com/horse/ped/2014101558/
2013103934,カルヴァリオ,62,62,19,PASS,https://db.netkeiba.com/horse/ped/2013103934/
2013105872,アーバンキッド,62,62,8,PASS,https://db.netkeiba.com/horse/ped/2013105872/
2015103452,ゴールドギア,62,62,18,PASS,https://db.netkeiba.com/horse/ped/2015103452/
2015101636,アイスストーム,62,62,4,PASS,https://db.netkeiba.com/horse/ped/2015101636/
2012102157,シャイニービーム,62,62,12,PASS,https://db.netkeiba.com/horse/ped/2012102157/
2013102273,エイシンティンクル,62,62,5,PASS,https://db.netkeiba.com/horse/ped/2013102273/
2013105535,サトノキングダム,62,62,5,PASS,https://db.netkeiba.com/horse/ped/2013105535/
2013105900,アクート,62,62,27,PASS,https://db.netkeiba.com/horse/ped/2013105900/
2015104665,ジナンボー,62,62,9,PASS,https://db.netkeiba.com/horse/ped/2015104665/
2015104188,カヴァル,62,62,6,PASS,https://db.netkeiba.com/horse/ped/2015104188/
2016104462,クールウォーター,62,62,7,PASS,https://db.netkeiba.com/horse/ped/2016104462/
2016104523,スパークオブライフ,62,62,22,PASS,https://db.netkeiba.com/horse/ped/2016104523/
2016104671,レッドベルディエス,62,62,5,PASS,https://db.netkeiba.com/horse/ped/2016104671/
2016103825,トーセンガーネット,62,62,10,PASS,https://db.netkeiba.com/horse/ped/2016103825/
2016104736,グラディーヴァ,62,62,15,PASS,https://db.netkeiba.com/horse/ped/2016104736/
2016105431,ウエスタンランポ,62,62,8,PASS,https://db.netkeiba.com/horse/ped/2016105431/
2016110141,メイクハッピー,62,62,1,PASS,https://db.netkeiba.com/horse/ped/2016110141/
2016104262,アップライトスピン,62,62,5,PASS,https://db.netkeiba.com/horse/ped/2016104262/
2016104772,ザダル,62,62,6,PASS,https://db.netkeiba.com/horse/ped/2016104772/
2016103463,マテリアルワールド,62,62,17,PASS,https://db.netkeiba.com/horse/ped/2016103463/
2016100981,ミューチャリー,62,62,7,PASS,https://db.netkeiba.com/horse/ped/2016100981/
2016101209,オセアグレイト,62,62,22,PASS,https://db.netkeiba.com/horse/ped/2016101209/
2016104629,エングレーバー,62,62,28,PASS,https://db.netkeiba.com/horse/ped/2016104629/
2016102362,エターナルヴィテス,62,62,21,PASS,https://db.netkeiba.com/horse/ped/2016102362/
2016105093,アトミックフォース,62,62,8,PASS,https://db.netkeiba.com/horse/ped/2016105093/
2016105367,ルヴォルグ,62,62,4,PASS,https://db.netkeiba.com/horse/ped/2016105367/
2015105742,トニーファイブ,62,62,7,PASS,https://db.netkeiba.com/horse/ped/2015105742/
2016100269,ジョウショームード,62,62,25,PASS,https://db.netkeiba.com/horse/ped/2016100269/
2016110103,ユニコーンライオン,62,62,3,PASS,https://db.netkeiba.com/horse/ped/2016110103/
2016105272,シフルマン,62,62,6,PASS,https://db.netkeiba.com/horse/ped/2016105272/
2015104649,シルヴァンシャー,62,62,7,PASS,https://db.netkeiba.com/horse/ped/2015104649/
2016104839,ブランノワール,62,62,9,PASS,https://db.netkeiba.com/horse/ped/2016104839/
2016104029,トゥーフラッシー,62,62,10,PASS,https://db.netkeiba.com/horse/ped/2016104029/
2016105230,レッドアネモス,62,62,18,PASS,https://db.netkeiba.com/horse/ped/2016105230/
2016105101,サトノダムゼル,62,62,5,PASS,https://db.netkeiba.com/horse/ped/2016105101/
2016104514,エスポワール,62,62,26,PASS,https://db.netkeiba.com/horse/ped/2016104514/
2016105051,シングフォーユー,62,62,18,PASS,https://db.netkeiba.com/horse/ped/2016105051/
2016104668,カリボール,62,62,20,PASS,https://db.netkeiba.com/horse/ped/2016104668/
2016104656,ヒシゲッコウ,62,62,24,PASS,https://db.netkeiba.com/horse/ped/2016104656/
2016105526,メロディーレーン,62,62,21,PASS,https://db.netkeiba.com/horse/ped/2016105526/
2016104816,ホウオウサーベル,62,62,7,PASS,https://db.netkeiba.com/horse/ped/2016104816/
2015100344,ケイアイノーテック,62,62,5,PASS,https://db.netkeiba.com/horse/ped/2015100344/
2015105008,タイセイトレイル,62,62,12,PASS,https://db.netkeiba.com/horse/ped/2015105008/
2014102146,リリックドラマ,62,62,9,PASS,https://db.netkeiba.com/horse/ped/2014102146/
2015104921,アロハリリー,62,62,14,PASS,https://db.netkeiba.com/horse/ped/2015104921/
2014100208,ウインイクシード,62,62,6,PASS,https://db.netkeiba.com/horse/ped/2014100208/
2014100616,ブライトムーン,62,62,20,PASS,https://db.netkeiba.com/horse/ped/2014100616/
2015104834,ポンデザール,62,62,8,PASS,https://db.netkeiba.com/horse/ped/2015104834/
2014105249,アルメリアブルーム,62,62,25,PASS,https://db.netkeiba.com/horse/ped/2014105249/
2015101465,ミスマンマミーア,62,62,12,PASS,https://db.netkeiba.com/horse/ped/2015101465/
2017101146,トウカイデュエル,62,62,24,PASS,https://db.netkeiba.com/horse/ped/2017101146/
2017105972,ヴァルナ,62,62,14,PASS,https://db.netkeiba.com/horse/ped/2017105972/
2017102699,ジャストナウ,62,62,21,PASS,https://db.netkeiba.com/horse/ped/2017102699/
2017103839,ロールオブサンダー,62,62,23,PASS,https://db.netkeiba.com/horse/ped/2017103839/
2017105329,インザムード,62,62,10,PASS,https://db.netkeiba.com/horse/ped/2017105329/
2017105576,ミヤマザクラ,62,62,7,PASS,https://db.netkeiba.com/horse/ped/2017105576/
2017102017,ショウナンバレリオ,62,62,15,PASS,https://db.netkeiba.com/horse/ped/2017102017/
2017105434,マイラプソディ,62,62,7,PASS,https://db.netkeiba.com/horse/ped/2017105434/
2017103793,ヒシタイザン,62,62,17,PASS,https://db.netkeiba.com/horse/ped/2017103793/
2014102892,ヴァントシルム,62,62,23,PASS,https://db.netkeiba.com/horse/ped/2014102892/
2014103040,エイシンクリック,62,62,21,PASS,https://db.netkeiba.com/horse/ped/2014103040/
2014103156,ベイビーステップ,62,62,10,PASS,https://db.netkeiba.com/horse/ped/2014103156/
2012103405,ベステンダンク,62,62,13,PASS,https://db.netkeiba.com/horse/ped/2012103405/
2016101163,ロードマイウェイ,62,62,21,PASS,https://db.netkeiba.com/horse/ped/2016101163/
2014102157,テリトーリアル,62,62,2,PASS,https://db.netkeiba.com/horse/ped/2014102157/
2014103266,メイショウエイコウ,62,62,14,PASS,https://db.netkeiba.com/horse/ped/2014103266/
2015104830,ジェシー,62,62,15,PASS,https://db.netkeiba.com/horse/ped/2015104830/
2017105973,ブラックホール,62,62,33,PASS,https://db.netkeiba.com/horse/ped/2017105973/
2017101835,コントレイル,62,62,7,PASS,https://db.netkeiba.com/horse/ped/2017101835/
2017104906,ブルーミングスカイ,62,62,7,PASS,https://db.netkeiba.com/horse/ped/2017104906/
2017102833,ガロアクリーク,62,62,6,PASS,https://db.netkeiba.com/horse/ped/2017102833/
2017105567,ヴェルトライゼンデ,62,62,20,PASS,https://db.netkeiba.com/horse/ped/2017105567/
2017104700,ナリノモンターニュ,62,62,12,PASS,https://db.netkeiba.com/horse/ped/2017104700/
2017105422,ワーケア,62,62,10,PASS,https://db.netkeiba.com/horse/ped/2017105422/
2017109010,クリノブレーヴ,62,62,11,PASS,https://db.netkeiba.com/horse/ped/2017109010/
2017106711,パンサラッサ,62,62,9,PASS,https://db.netkeiba.com/horse/ped/2017106711/
2017104232,ディアセオリー,62,62,17,PASS,https://db.netkeiba.com/horse/ped/2017104232/
2017105649,オーソリティ,62,62,28,PASS,https://db.netkeiba.com/horse/ped/2017105649/
2017104614,ラグビーボーイ,62,62,8,PASS,https://db.netkeiba.com/horse/ped/2017104614/
2017105194,ラインベック,62,62,9,PASS,https://db.netkeiba.com/horse/ped/2017105194/
2014102617,アンノートル,62,62,10,PASS,https://db.netkeiba.com/horse/ped/2014102617/
2012101586,イレイション,62,62,11,PASS,https://db.netkeiba.com/horse/ped/2012101586/
2016105136,サヴォワールエメ,62,62,7,PASS,https://db.netkeiba.com/horse/ped/2016105136/
2015103392,モルフェオルフェ,62,62,27,PASS,https://db.netkeiba.com/horse/ped/2015103392/
2014104278,ウインシャトレーヌ,62,62,11,PASS,https://db.netkeiba.com/horse/ped/2014104278/
2017101299,クリスタルブラック,62,62,9,PASS,https://db.netkeiba.com/horse/ped/2017101299/
2017104888,リメンバーメモリー,62,62,6,PASS,https://db.netkeiba.com/horse/ped/2017104888/
2017101057,チュウワジョーダン,62,62,19,PASS,https://db.netkeiba.com/horse/ped/2017101057/
2017104917,キングオブドラゴン,62,62,9,PASS,https://db.netkeiba.com/horse/ped/2017104917/
2017106553,ゼノヴァース,62,62,7,PASS,https://db.netkeiba.com/horse/ped/2017106553/
2017105379,ディアスティマ,62,62,5,PASS,https://db.netkeiba.com/horse/ped/2017105379/
2017105585,ヒュッゲ,62,62,7,PASS,https://db.netkeiba.com/horse/ped/2017105585/
2017105937,キムケンドリーム,62,62,29,PASS,https://db.netkeiba.com/horse/ped/2017105937/
2017103572,ビターエンダー,62,62,23,PASS,https://db.netkeiba.com/horse/ped/2017103572/
2017104810,ヴィアメント,62,62,13,PASS,https://db.netkeiba.com/horse/ped/2017104810/
2017105186,スカイグルーヴ,62,62,22,PASS,https://db.netkeiba.com/horse/ped/2017105186/
2014105265,マスターコード,62,62,6,PASS,https://db.netkeiba.com/horse/ped/2014105265/
2015105090,レッドレオン,62,62,5,PASS,https://db.netkeiba.com/horse/ped/2015105090/
2014105081,プリンスオブペスカ,62,62,16,PASS,https://db.netkeiba.com/horse/ped/2014105081/
2015100106,クロスケ,62,62,17,PASS,https://db.netkeiba.com/horse/ped/2015100106/
2013104277,ステイブラビッシモ,62,62,8,PASS,https://db.netkeiba.com/horse/ped/2013104277/
2013106094,サトノティターン,62,62,2,PASS,https://db.netkeiba.com/horse/ped/2013106094/
2015105076,バレリオ,62,62,14,PASS,https://db.netkeiba.com/horse/ped/2015105076/
2017105472,サトノフラッグ,62,62,5,PASS,https://db.netkeiba.com/horse/ped/2017105472/
2017106153,エンデュミオン,62,62,8,PASS,https://db.netkeiba.com/horse/ped/2017106153/
2017102855,オーロアドーネ,62,62,18,PASS,https://db.netkeiba.com/horse/ped/2017102855/
2017101429,ウインカーネリアン,62,62,13,PASS,https://db.netkeiba.com/horse/ped/2017101429/
2017106125,メイショウボサツ,62,62,19,PASS,https://db.netkeiba.com/horse/ped/2017106125/
2017104756,アラタ,62,62,12,PASS,https://db.netkeiba.com/horse/ped/2017104756/
2017100583,ディヴィナシオン,62,62,9,PASS,https://db.netkeiba.com/horse/ped/2017100583/
2016104414,ケイデンスコール,62,62,21,PASS,https://db.netkeiba.com/horse/ped/2016104414/
2016104635,ボスジラ,62,62,7,PASS,https://db.netkeiba.com/horse/ped/2016104635/
2012101430,マイネルカレッツァ,62,62,9,PASS,https://db.netkeiba.com/horse/ped/2012101430/
2016102867,サンアップルトン,62,62,17,PASS,https://db.netkeiba.com/horse/ped/2016102867/
2017105241,レクセランス,62,62,7,PASS,https://db.netkeiba.com/horse/ped/2017105241/
2017101805,コルテジア,62,62,9,PASS,https://db.netkeiba.com/horse/ped/2017101805/
2017101755,テンピン,62,62,29,PASS,https://db.netkeiba.com/horse/ped/2017101755/
2017102170,ディープボンド,62,62,17,PASS,https://db.netkeiba.com/horse/ped/2017102170/
2017105327,サリオス,62,62,8,PASS,https://db.netkeiba.com/horse/ped/2017105327/
2017110067,アメリカンシード,62,62,0,PASS,https://db.netkeiba.com/horse/ped/2017110067/
2017110026,ダーリントンホール,62,62,1,PASS,https://db.netkeiba.com/horse/ped/2017110026/
2017101833,キメラヴェリテ,62,62,7,PASS,https://db.netkeiba.com/horse/ped/2017101833/
2017105111,エレヴァテッツァ,62,62,10,PASS,https://db.netkeiba.com/horse/ped/2017105111/
2017105893,セイウンヴィーナス,62,62,21,PASS,https://db.netkeiba.com/horse/ped/2017105893/
2017101431,ウインマリリン,62,62,11,PASS,https://db.netkeiba.com/horse/ped/2017101431/
2017101821,シャンドフルール,62,62,6,PASS,https://db.netkeiba.com/horse/ped/2017101821/
2017104620,ルトロヴァイユ,62,62,26,PASS,https://db.netkeiba.com/horse/ped/2017104620/
2017103666,ウィスパリンホープ,62,62,8,PASS,https://db.netkeiba.com/horse/ped/2017103666/
2017105426,ホウオウピースフル,62,62,29,PASS,https://db.netkeiba.com/horse/ped/2017105426/
2017104784,リヴァージュ,62,62,13,PASS,https://db.netkeiba.com/horse/ped/2017104784/
2017104478,ヒューマンコメディ,62,62,12,PASS,https://db.netkeiba.com/horse/ped/2017104478/
2017105604,レッドルレーヴ,62,62,16,PASS,https://db.netkeiba.com/horse/ped/2017105604/
2017105619,ヴォリアーモ,62,62,29,PASS,https://db.netkeiba.com/horse/ped/2017105619/
2017105232,シャレード,62,62,6,PASS,https://db.netkeiba.com/horse/ped/2017105232/
2017100029,テイエムフローラ,62,62,20,PASS,https://db.netkeiba.com/horse/ped/2017100029/
2017102192,ショウナンハレルヤ,62,62,14,PASS,https://db.netkeiba.com/horse/ped/2017102192/
2017105212,フアナ,62,62,23,PASS,https://db.netkeiba.com/horse/ped/2017105212/
2017106193,レッドサーシャ,62,62,8,PASS,https://db.netkeiba.com/horse/ped/2017106193/
2017105374,フィリオアレグロ,62,62,5,PASS,https://db.netkeiba.com/horse/ped/2017105374/
2017103174,ディアマンミノル,62,62,28,PASS,https://db.netkeiba.com/horse/ped/2017103174/
2017104314,レアリザトゥール,62,62,13,PASS,https://db.netkeiba.com/horse/ped/2017104314/
2017105612,ヴァルコス,62,62,7,PASS,https://db.netkeiba.com/horse/ped/2017105612/
2017105028,アピテソーロ,62,62,14,PASS,https://db.netkeiba.com/horse/ped/2017105028/
2017105477,アイアンバローズ,62,62,22,PASS,https://db.netkeiba.com/horse/ped/2017105477/
2017105402,ダノンセレスタ,62,62,7,PASS,https://db.netkeiba.com/horse/ped/2017105402/
2017104652,フィロロッソ,62,62,12,PASS,https://db.netkeiba.com/horse/ped/2017104652/
2017103467,サーストンカイドー,62,62,17,PASS,https://db.netkeiba.com/horse/ped/2017103467/
2017105109,フライライクバード,62,62,18,PASS,https://db.netkeiba.com/horse/ped/2017105109/
2017105106,プリマヴィスタ,62,62,14,PASS,https://db.netkeiba.com/horse/ped/2017105106/
2017101160,コンドゥクシオン,62,62,17,PASS,https://db.netkeiba.com/horse/ped/2017101160/
2017105789,メイショウダジン,62,62,27,PASS,https://db.netkeiba.com/horse/ped/2017105789/
2017110069,アンセッドヴァウ,62,62,2,PASS,https://db.netkeiba.com/horse/ped/2017110069/
2017105350,シルヴェリオ,62,62,7,PASS,https://db.netkeiba.com/horse/ped/2017105350/
2017105141,キッズアガチャー,62,62,7,PASS,https://db.netkeiba.com/horse/ped/2017105141/
2017103293,ホウオウエクレール,62,62,15,PASS,https://db.netkeiba.com/horse/ped/2017103293/
2017105214,アドマイヤビルゴ,62,62,4,PASS,https://db.netkeiba.com/horse/ped/2017105214/
2017109123,イロゴトシ,62,62,19,PASS,https://db.netkeiba.com/horse/ped/2017109123/
2017104719,ファルコニア,62,62,6,PASS,https://db.netkeiba.com/horse/ped/2017104719/
2017105331,マンオブスピリット,62,62,18,PASS,https://db.netkeiba.com/horse/ped/2017105331/
2017100316,サペラヴィ,62,62,20,PASS,https://db.netkeiba.com/horse/ped/2017100316/
2017104092,プレシオーソ,62,62,6,PASS,https://db.netkeiba.com/horse/ped/2017104092/
2014106335,インビジブルレイズ,62,62,24,PASS,https://db.netkeiba.com/horse/ped/2014106335/
2015105461,カツジ,62,62,15,PASS,https://db.netkeiba.com/horse/ped/2015105461/
2015104417,レッドガラン,62,62,12,PASS,https://db.netkeiba.com/horse/ped/2015104417/
2016104729,ブラヴァス,62,62,10,PASS,https://db.netkeiba.com/horse/ped/2016104729/
2015101105,トーセンスーリヤ,62,62,14,PASS,https://db.netkeiba.com/horse/ped/2015101105/
2013104803,ドゥオーモ,62,62,13,PASS,https://db.netkeiba.com/horse/ped/2013104803/
2014100063,プレシャスブルー,62,62,9,PASS,https://db.netkeiba.com/horse/ped/2014100063/
2017104637,デゼル,62,62,6,PASS,https://db.netkeiba.com/horse/ped/2017104637/
2017100404,クラヴァシュドール,62,62,10,PASS,https://db.netkeiba.com/horse/ped/2017100404/
2017101792,アブレイズ,62,62,15,PASS,https://db.netkeiba.com/horse/ped/2017101792/
2017100720,デアリングタクト,62,62,17,PASS,https://db.netkeiba.com/horse/ped/2017100720/
2017105613,リアアメリア,62,62,4,PASS,https://db.netkeiba.com/horse/ped/2017105613/
2017101415,ウインマイティー,62,62,24,PASS,https://db.netkeiba.com/horse/ped/2017101415/
2017102342,スマイルカナ,62,62,7,PASS,https://db.netkeiba.com/horse/ped/2017102342/
2017100437,インターミッション,62,62,9,PASS,https://db.netkeiba.com/horse/ped/2017100437/
2017104973,リリーピュアハート,62,62,6,PASS,https://db.netkeiba.com/horse/ped/2017104973/
2017104804,マジックキャッスル,62,62,6,PASS,https://db.netkeiba.com/horse/ped/2017104804/
2017106613,ウーマンズハート,62,62,9,PASS,https://db.netkeiba.com/horse/ped/2017106613/
2017101797,フィオリキアリ,62,62,6,PASS,https://db.netkeiba.com/horse/ped/2017101797/
2017101823,チェーンオブラブ,62,62,7,PASS,https://db.netkeiba.com/horse/ped/2017101823/
2017100043,マルターズディオサ,62,62,8,PASS,https://db.netkeiba.com/horse/ped/2017100043/
2017105485,サンクテュエール,62,62,4,PASS,https://db.netkeiba.com/horse/ped/2017105485/
2017104753,サトノインプレッサ,62,62,5,PASS,https://db.netkeiba.com/horse/ped/2017104753/
2017105317,アルジャンナ,62,62,6,PASS,https://db.netkeiba.com/horse/ped/2017105317/
2016104376,キングオブコージ,62,62,8,PASS,https://db.netkeiba.com/horse/ped/2016104376/
2015106153,サトノフェイバー,62,62,7,PASS,https://db.netkeiba.com/horse/ped/2015106153/
2015104895,ドミナートゥス,62,62,20,PASS,https://db.netkeiba.com/horse/ped/2015104895/
2014101505,ナルハヤ,62,62,14,PASS,https://db.netkeiba.com/horse/ped/2014101505/
2015104610,リンディーホップ,62,62,8,PASS,https://db.netkeiba.com/horse/ped/2015104610/
2015100713,リープフラウミルヒ,62,62,21,PASS,https://db.netkeiba.com/horse/ped/2015100713/
2015104159,パルクデラモール,62,62,5,PASS,https://db.netkeiba.com/horse/ped/2015104159/
2016103346,サマーセント,62,62,8,PASS,https://db.netkeiba.com/horse/ped/2016103346/
2016104426,マルシュロレーヌ,62,62,28,PASS,https://db.netkeiba.com/horse/ped/2016104426/
2015103627,バイオスパーク,62,62,31,PASS,https://db.netkeiba.com/horse/ped/2015103627/
2016104672,レッドサイオン,62,62,17,PASS,https://db.netkeiba.com/horse/ped/2016104672/
2016106518,トーラスジェミニ,62,62,6,PASS,https://db.netkeiba.com/horse/ped/2016106518/
2016102929,ショウナンバルディ,62,62,3,PASS,https://db.netkeiba.com/horse/ped/2016102929/
2016105198,ランブリングアレー,62,62,6,PASS,https://db.netkeiba.com/horse/ped/2016105198/
2015102735,サンレイポケット,62,62,11,PASS,https://db.netkeiba.com/horse/ped/2015102735/
2017104691,ホウオウエミーズ,62,62,22,PASS,https://db.netkeiba.com/horse/ped/2017104691/
2017102406,コトブキテティス,62,62,13,PASS,https://db.netkeiba.com/horse/ped/2017102406/
2017105600,ラヴユーライヴ,62,62,4,PASS,https://db.netkeiba.com/horse/ped/2017105600/
2017101147,ストリートピアノ,62,62,15,PASS,https://db.netkeiba.com/horse/ped/2017101147/
2017102936,ミスニューヨーク,62,62,7,PASS,https://db.netkeiba.com/horse/ped/2017102936/
2017106387,スマートリアン,62,62,7,PASS,https://db.netkeiba.com/horse/ped/2017106387/
2017105452,クロスセル,62,62,26,PASS,https://db.netkeiba.com/horse/ped/2017105452/
2017105089,フェルマーテ,62,62,36,PASS,https://db.netkeiba.com/horse/ped/2017105089/
2017105366,シーズンズギフト,62,62,15,PASS,https://db.netkeiba.com/horse/ped/2017105366/
2017103441,パラスアテナ,62,62,24,PASS,https://db.netkeiba.com/horse/ped/2017103441/
2017101777,ヤマニンプティパ,62,62,6,PASS,https://db.netkeiba.com/horse/ped/2017101777/
2017105105,セウラサーリ,62,62,22,PASS,https://db.netkeiba.com/horse/ped/2017105105/
2017104963,オーマイダーリン,62,62,4,PASS,https://db.netkeiba.com/horse/ped/2017104963/
2017106203,アカイイト,62,62,8,PASS,https://db.netkeiba.com/horse/ped/2017106203/
2017105126,チャイカ,62,62,16,PASS,https://db.netkeiba.com/horse/ped/2017105126/
2017104141,ムジカ,62,62,14,PASS,https://db.netkeiba.com/horse/ped/2017104141/
2017104964,シャムロックヒル,62,62,7,PASS,https://db.netkeiba.com/horse/ped/2017104964/
2017103814,エレナアヴァンティ,62,62,21,PASS,https://db.netkeiba.com/horse/ped/2017103814/
2017105067,ラインオブダンス,62,62,10,PASS,https://db.netkeiba.com/horse/ped/2017105067/
2017101230,ピースディオン,62,62,21,PASS,https://db.netkeiba.com/horse/ped/2017101230/
2017105495,ラインハイト,62,62,8,PASS,https://db.netkeiba.com/horse/ped/2017105495/
2017101966,マイネルソラス,62,62,33,PASS,https://db.netkeiba.com/horse/ped/2017101966/
2017104819,ダノンファスト,62,62,9,PASS,https://db.netkeiba.com/horse/ped/2017104819/
2017103000,バビット,62,62,17,PASS,https://db.netkeiba.com/horse/ped/2017103000/
2017100477,リスペクト,62,62,25,PASS,https://db.netkeiba.com/horse/ped/2017100477/
2017105508,ココロノトウダイ,62,62,13,PASS,https://db.netkeiba.com/horse/ped/2017105508/
2017105097,グランデマーレ,62,62,16,PASS,https://db.netkeiba.com/horse/ped/2017105097/
2017101707,ロバートソンキー,62,62,26,PASS,https://db.netkeiba.com/horse/ped/2017101707/
2017110029,ターキッシュパレス,62,62,5,PASS,https://db.netkeiba.com/horse/ped/2017110029/
2017104815,ディープキング,62,62,5,PASS,https://db.netkeiba.com/horse/ped/2017104815/
2017101695,シンボ,62,62,15,PASS,https://db.netkeiba.com/horse/ped/2017101695/
2016104611,カセドラルベル,62,62,9,PASS,https://db.netkeiba.com/horse/ped/2016104611/
2017103862,ダンツエリーゼ,62,62,8,PASS,https://db.netkeiba.com/horse/ped/2017103862/
2017106583,ソフトフルート,62,62,5,PASS,https://db.netkeiba.com/horse/ped/2017106583/
2017105408,ダノングロワール,62,62,9,PASS,https://db.netkeiba.com/horse/ped/2017105408/
2017105525,アリストテレス,62,62,18,PASS,https://db.netkeiba.com/horse/ped/2017105525/
2015104408,ワセダインブルー,62,62,13,PASS,https://db.netkeiba.com/horse/ped/2015104408/
2015101645,ソロフレーズ,62,62,10,PASS,https://db.netkeiba.com/horse/ped/2015101645/
2016109023,サムシングジャスト,62,62,9,PASS,https://db.netkeiba.com/horse/ped/2016109023/
2015104293,カーロバンビーナ,62,62,6,PASS,https://db.netkeiba.com/horse/ped/2015104293/
2018105050,ビップランバン,62,62,6,PASS,https://db.netkeiba.com/horse/ped/2018105050/
2018106532,バスラットレオン,62,62,7,PASS,https://db.netkeiba.com/horse/ped/2018106532/
2018102953,テリオスルイ,62,62,12,PASS,https://db.netkeiba.com/horse/ped/2018102953/
2018103928,グラティトゥー,62,62,14,PASS,https://db.netkeiba.com/horse/ped/2018103928/
2018105251,グロリアムンディ,62,62,7,PASS,https://db.netkeiba.com/horse/ped/2018105251/
2018105293,マカオンドール,62,62,25,PASS,https://db.netkeiba.com/horse/ped/2018105293/
2018104669,ダノンドリーマー,62,62,22,PASS,https://db.netkeiba.com/horse/ped/2018104669/
2018105074,ワンダフルタウン,62,62,18,PASS,https://db.netkeiba.com/horse/ped/2018105074/
2018105060,ラーゴム,62,62,22,PASS,https://db.netkeiba.com/horse/ped/2018105060/
2018101970,タガノカイ,62,62,9,PASS,https://db.netkeiba.com/horse/ped/2018101970/
2013103671,ヨシオ,62,62,11,PASS,https://db.netkeiba.com/horse/ped/2013103671/
2013102117,オーシャンビュー,62,62,10,PASS,https://db.netkeiba.com/horse/ped/2013102117/
2016102201,ヒュミドール,62,62,33,PASS,https://db.netkeiba.com/horse/ped/2016102201/
2017100464,エヒト,62,62,19,PASS,https://db.netkeiba.com/horse/ped/2017100464/
2013100446,キングニミッツ,62,62,4,PASS,https://db.netkeiba.com/horse/ped/2013100446/
2017105335,レイパパレ,62,62,22,PASS,https://db.netkeiba.com/horse/ped/2017105335/
2016104618,ボッケリーニ,62,62,16,PASS,https://db.netkeiba.com/horse/ped/2016104618/
2015104444,ワイプティアーズ,62,62,7,PASS,https://db.netkeiba.com/horse/ped/2015104444/
2015104714,レッドヴェイロン,62,62,11,PASS,https://db.netkeiba.com/horse/ped/2015104714/
2018105280,オーソクレース,62,62,17,PASS,https://db.netkeiba.com/horse/ped/2018105280/
2018105012,ヨーホーレイク,62,62,7,PASS,https://db.netkeiba.com/horse/ped/2018105012/
2018104700,ランドオブリバティ,62,62,5,PASS,https://db.netkeiba.com/horse/ped/2018104700/
2018102033,ヴィゴーレ,62,62,25,PASS,https://db.netkeiba.com/horse/ped/2018102033/
2018105088,テンカハル,62,62,5,PASS,https://db.netkeiba.com/horse/ped/2018105088/
2018100664,ホールシバン,62,62,5,PASS,https://db.netkeiba.com/horse/ped/2018100664/
2018110086,バニシングポイント,62,62,1,PASS,https://db.netkeiba.com/horse/ped/2018110086/
2018103274,アオイショー,62,62,20,PASS,https://db.netkeiba.com/horse/ped/2018103274/
2018104963,ダノンザキッド,62,62,13,PASS,https://db.netkeiba.com/horse/ped/2018104963/
2018103559,タイトルホルダー,62,62,15,PASS,https://db.netkeiba.com/horse/ped/2018103559/
2018104883,アドマイヤザーゲ,62,62,15,PASS,https://db.netkeiba.com/horse/ped/2018104883/
2018104942,シュヴァリエローズ,62,62,5,PASS,https://db.netkeiba.com/horse/ped/2018104942/
2018102366,モリデンアロー,62,62,19,PASS,https://db.netkeiba.com/horse/ped/2018102366/
2018104801,セイハロートゥユー,62,62,7,PASS,https://db.netkeiba.com/horse/ped/2018104801/
2016104877,ヒシイグアス,62,62,8,PASS,https://db.netkeiba.com/horse/ped/2016104877/
2016105802,ロザムール,62,62,11,PASS,https://db.netkeiba.com/horse/ped/2016105802/
2016104807,ドナウデルタ,62,62,14,PASS,https://db.netkeiba.com/horse/ped/2016104807/
2016104470,ディアンドル,62,62,26,PASS,https://db.netkeiba.com/horse/ped/2016104470/
2016104670,レッドアステル,62,62,5,PASS,https://db.netkeiba.com/horse/ped/2016104670/
2018100184,タイムトゥヘヴン,62,62,21,PASS,https://db.netkeiba.com/horse/ped/2018100184/
2018102943,タイソウ,62,62,28,PASS,https://db.netkeiba.com/horse/ped/2018102943/
2018105277,グラティアス,62,62,8,PASS,https://db.netkeiba.com/horse/ped/2018105277/
2018100719,タケルジャック,62,62,9,PASS,https://db.netkeiba.com/horse/ped/2018100719/
2018105054,ヴァイスメテオール,62,62,13,PASS,https://db.netkeiba.com/horse/ped/2018105054/
2018105161,テンバガー,62,62,29,PASS,https://db.netkeiba.com/horse/ped/2018105161/
2018105404,エイカイファントム,62,62,8,PASS,https://db.netkeiba.com/horse/ped/2018105404/
2018110090,ブラックロータス,62,62,2,PASS,https://db.netkeiba.com/horse/ped/2018110090/
2018106692,アクセル,62,62,11,PASS,https://db.netkeiba.com/horse/ped/2018106692/
2018104261,プラチナトレジャー,62,62,15,PASS,https://db.netkeiba.com/horse/ped/2018104261/
2018105616,ラカン,62,62,6,PASS,https://db.netkeiba.com/horse/ped/2018105616/
2018104915,ディクテイター,62,62,19,PASS,https://db.netkeiba.com/horse/ped/2018104915/
2014100235,ソッサスブレイ,62,62,21,PASS,https://db.netkeiba.com/horse/ped/2014100235/
2014100537,ジャコマル,62,62,12,PASS,https://db.netkeiba.com/horse/ped/2014100537/
2018105005,ジャンカルド,62,62,14,PASS,https://db.netkeiba.com/horse/ped/2018105005/
2018105257,ダノンジェネラル,62,62,16,PASS,https://db.netkeiba.com/horse/ped/2018105257/
2018105638,トーセンクライマー,62,62,22,PASS,https://db.netkeiba.com/horse/ped/2018105638/
2018105011,ショウナンアレス,62,62,17,PASS,https://db.netkeiba.com/horse/ped/2018105011/
2018105078,ドゥラモンド,62,62,14,PASS,https://db.netkeiba.com/horse/ped/2018105078/
2018104994,アランデル,62,62,6,PASS,https://db.netkeiba.com/horse/ped/2018104994/
2016105106,ダンスディライト,62,62,7,PASS,https://db.netkeiba.com/horse/ped/2016105106/
2015101077,ナムラドノヴァン,62,62,10,PASS,https://db.netkeiba.com/horse/ped/2015101077/
2016105084,ダノンテイオー,62,62,5,PASS,https://db.netkeiba.com/horse/ped/2016105084/
2017105460,ブラックマジック,62,62,4,PASS,https://db.netkeiba.com/horse/ped/2017105460/
2018110043,ゴールデンシロップ,62,62,3,PASS,https://db.netkeiba.com/horse/ped/2018110043/
2018105047,ホウオウサンデー,62,62,9,PASS,https://db.netkeiba.com/horse/ped/2018105047/
2018105831,ワンデイモア,62,62,22,PASS,https://db.netkeiba.com/horse/ped/2018105831/
2018104662,ソーヴァリアント,62,62,22,PASS,https://db.netkeiba.com/horse/ped/2018104662/
2018103730,タイセイドリーマー,62,62,7,PASS,https://db.netkeiba.com/horse/ped/2018103730/
2018110007,シュネルマイスター,62,62,4,PASS,https://db.netkeiba.com/horse/ped/2018110007/
2017105376,ポタジェ,62,62,4,PASS,https://db.netkeiba.com/horse/ped/2017105376/
2014105947,シロニイ,62,62,7,PASS,https://db.netkeiba.com/horse/ped/2014105947/
2016102045,ツーエムアロンソ,62,62,20,PASS,https://db.netkeiba.com/horse/ped/2016102045/
2016104452,ゴースト,62,62,8,PASS,https://db.netkeiba.com/horse/ped/2016104452/
2017101419,ウインキートス,62,62,24,PASS,https://db.netkeiba.com/horse/ped/2017101419/
2016100970,アーデントリー,62,62,20,PASS,https://db.netkeiba.com/horse/ped/2016100970/
2016104532,グランアレグリア,62,62,4,PASS,https://db.netkeiba.com/horse/ped/2016104532/
2018105092,アドマイヤハダル,62,62,20,PASS,https://db.netkeiba.com/horse/ped/2018105092/
2018100995,ルーパステソーロ,62,62,23,PASS,https://db.netkeiba.com/horse/ped/2018100995/
2018104980,ステラヴェローチェ,62,62,6,PASS,https://db.netkeiba.com/horse/ped/2018104980/
2018105402,イルーシヴパンサー,62,62,12,PASS,https://db.netkeiba.com/horse/ped/2018105402/
2018104948,ヴィクティファルス,62,62,8,PASS,https://db.netkeiba.com/horse/ped/2018104948/
2018105027,エフフォーリア,62,62,20,PASS,https://db.netkeiba.com/horse/ped/2018105027/
2018104475,ディープモンスター,62,62,4,PASS,https://db.netkeiba.com/horse/ped/2018104475/
2018100026,ワールドリバイバル,62,62,22,PASS,https://db.netkeiba.com/horse/ped/2018100026/
2018101071,アサマノイタズラ,62,62,12,PASS,https://db.netkeiba.com/horse/ped/2018101071/
2018105366,レッドベルオーブ,62,62,5,PASS,https://db.netkeiba.com/horse/ped/2018105366/
2018101617,ウインアグライア,62,62,6,PASS,https://db.netkeiba.com/horse/ped/2018101617/
2018101803,グローリアスサルム,62,62,18,PASS,https://db.netkeiba.com/horse/ped/2018101803/
2018102167,ユーバーレーベン,62,62,26,PASS,https://db.netkeiba.com/horse/ped/2018102167/
2018100188,レッジャードロ,62,62,14,PASS,https://db.netkeiba.com/horse/ped/2018100188/
2018104474,スノークォーツ,62,62,24,PASS,https://db.netkeiba.com/horse/ped/2018104474/
2018103615,ルース,62,62,16,PASS,https://db.netkeiba.com/horse/ped/2018103615/
2018105152,メイサウザンアワー,62,62,10,PASS,https://db.netkeiba.com/horse/ped/2018105152/
2018104502,オヌール,62,62,6,PASS,https://db.netkeiba.com/horse/ped/2018104502/
2018103558,パープルレディー,62,62,15,PASS,https://db.netkeiba.com/horse/ped/2018103558/
2018103709,ララサンスフル,62,62,7,PASS,https://db.netkeiba.com/horse/ped/2018103709/
2018105030,スノーハレーション,62,62,9,PASS,https://db.netkeiba.com/horse/ped/2018105030/
2018100487,スライリー,62,62,25,PASS,https://db.netkeiba.com/horse/ped/2018100487/
2018105123,ジェニーアムレット,62,62,6,PASS,https://db.netkeiba.com/horse/ped/2018105123/
2018104563,オメガロマンス,62,62,9,PASS,https://db.netkeiba.com/horse/ped/2018104563/
2018105830,クールキャット,62,62,21,PASS,https://db.netkeiba.com/horse/ped/2018105830/
2018100736,アンフィニドール,62,62,25,PASS,https://db.netkeiba.com/horse/ped/2018100736/
2018104711,エトワールマタン,62,62,18,PASS,https://db.netkeiba.com/horse/ped/2018104711/
2018102348,ノースブリッジ,62,62,30,PASS,https://db.netkeiba.com/horse/ped/2018102348/
2018110116,バーボンハイボール,62,62,2,PASS,https://db.netkeiba.com/horse/ped/2018110116/
2018105162,レッドヴェロシティ,62,62,11,PASS,https://db.netkeiba.com/horse/ped/2018105162/
2018105146,マテンロウエール,62,62,16,PASS,https://db.netkeiba.com/horse/ped/2018105146/
2018102657,キングストンボーイ,62,62,19,PASS,https://db.netkeiba.com/horse/ped/2018102657/
2018106545,テーオーロイヤル,62,62,18,PASS,https://db.netkeiba.com/horse/ped/2018106545/
2018104877,スワーヴエルメ,62,62,23,PASS,https://db.netkeiba.com/horse/ped/2018104877/
2018101010,アウスヴァール,62,62,18,PASS,https://db.netkeiba.com/horse/ped/2018101010/
2018105516,グレアリングアイ,62,62,8,PASS,https://db.netkeiba.com/horse/ped/2018105516/
2018105809,リーブルミノル,62,62,9,PASS,https://db.netkeiba.com/horse/ped/2018105809/
2018105573,レインフロムヘヴン,62,62,18,PASS,https://db.netkeiba.com/horse/ped/2018105573/
2018104688,モンテディオ,62,62,12,PASS,https://db.netkeiba.com/horse/ped/2018104688/
2018101660,ワイドエンペラー,62,62,32,PASS,https://db.netkeiba.com/horse/ped/2018101660/
2018104114,ヴェローチェオロ,62,62,25,PASS,https://db.netkeiba.com/horse/ped/2018104114/
2018101175,サイモンメガライズ,62,62,9,PASS,https://db.netkeiba.com/horse/ped/2018101175/
2018105076,ルペルカーリア,62,62,26,PASS,https://db.netkeiba.com/horse/ped/2018105076/
2018106273,ブレークアップ,62,62,9,PASS,https://db.netkeiba.com/horse/ped/2018106273/
2018100545,トーホウバロン,62,62,15,PASS,https://db.netkeiba.com/horse/ped/2018100545/
2018106154,エスコバル,62,62,30,PASS,https://db.netkeiba.com/horse/ped/2018106154/
2018104575,ゲヴィナー,62,62,25,PASS,https://db.netkeiba.com/horse/ped/2018104575/
2018105343,レッドジェネシス,62,62,5,PASS,https://db.netkeiba.com/horse/ped/2018105343/
2018104698,ハートオブアシティ,62,62,8,PASS,https://db.netkeiba.com/horse/ped/2018104698/
2014110074,バスカヴィル,62,62,1,PASS,https://db.netkeiba.com/horse/ped/2014110074/
2016102692,ハッピーアワー,62,62,9,PASS,https://db.netkeiba.com/horse/ped/2016102692/
2016104319,サトノエルドール,62,62,5,PASS,https://db.netkeiba.com/horse/ped/2016104319/
2018105008,ククナ,62,62,10,PASS,https://db.netkeiba.com/horse/ped/2018105008/
2018105269,スルーセブンシーズ,62,62,25,PASS,https://db.netkeiba.com/horse/ped/2018105269/
2018101943,タガノパッション,62,62,13,PASS,https://db.netkeiba.com/horse/ped/2018101943/
2018104903,アカイトリノムスメ,62,62,9,PASS,https://db.netkeiba.com/horse/ped/2018104903/
2018103369,ハギノピリナ,62,62,20,PASS,https://db.netkeiba.com/horse/ped/2018103369/
2018104659,エンスージアズム,62,62,4,PASS,https://db.netkeiba.com/horse/ped/2018104659/
2018105233,ソダシ,62,62,12,PASS,https://db.netkeiba.com/horse/ped/2018105233/
2018103849,ミヤビハイディ,62,62,27,PASS,https://db.netkeiba.com/horse/ped/2018103849/
2018105181,ファインルージュ,62,62,14,PASS,https://db.netkeiba.com/horse/ped/2018105181/
2018103418,ストライプ,62,62,22,PASS,https://db.netkeiba.com/horse/ped/2018103418/
2018104922,アールドヴィーヴル,62,62,14,PASS,https://db.netkeiba.com/horse/ped/2018104922/
2018100476,ニーナドレス,62,62,19,PASS,https://db.netkeiba.com/horse/ped/2018100476/
2018105554,ステラリア,62,62,6,PASS,https://db.netkeiba.com/horse/ped/2018105554/
2018104756,バジオウ,62,62,19,PASS,https://db.netkeiba.com/horse/ped/2018104756/
2018105165,シャフリヤール,62,62,4,PASS,https://db.netkeiba.com/horse/ped/2018105165/
2018105167,グレートマジシャン,62,62,4,PASS,https://db.netkeiba.com/horse/ped/2018105167/
2018105179,サトノレイナス,62,62,5,PASS,https://db.netkeiba.com/horse/ped/2018105179/
2016101207,アドマイヤポラリス,62,62,11,PASS,https://db.netkeiba.com/horse/ped/2016101207/
2017104936,ヒートオンビート,62,62,12,PASS,https://db.netkeiba.com/horse/ped/2017104936/
2016102214,トップウイナー,62,62,12,PASS,https://db.netkeiba.com/horse/ped/2016102214/
2015103010,ペプチドオーキッド,62,62,14,PASS,https://db.netkeiba.com/horse/ped/2015103010/
2017102294,イズジョーノキセキ,62,62,16,PASS,https://db.netkeiba.com/horse/ped/2017102294/
2017104103,キングスタイル,62,62,14,PASS,https://db.netkeiba.com/horse/ped/2017104103/
2016104349,アンドラステ,62,62,21,PASS,https://db.netkeiba.com/horse/ped/2016104349/
2017105438,クラヴェル,62,62,17,PASS,https://db.netkeiba.com/horse/ped/2017105438/
2016106255,アッシェンプッテル,62,62,9,PASS,https://db.netkeiba.com/horse/ped/2016106255/
2016105681,スカーフェイス,62,62,13,PASS,https://db.netkeiba.com/horse/ped/2016105681/
2017110151,カフェファラオ,62,62,3,PASS,https://db.netkeiba.com/horse/ped/2017110151/
2013103324,ハナズレジェンド,62,62,10,PASS,https://db.netkeiba.com/horse/ped/2013103324/
2017104093,ワールドウインズ,62,62,21,PASS,https://db.netkeiba.com/horse/ped/2017104093/
2016104556,ジェットモーション,62,62,12,PASS,https://db.netkeiba.com/horse/ped/2016104556/
2016100752,マイネルウィルトス,62,62,19,PASS,https://db.netkeiba.com/horse/ped/2016100752/
2017105403,グランスピード,62,62,10,PASS,https://db.netkeiba.com/horse/ped/2017105403/
2017106161,モズナガレボシ,62,62,21,PASS,https://db.netkeiba.com/horse/ped/2017106161/
2016110115,サトノセシル,62,62,1,PASS,https://db.netkeiba.com/horse/ped/2016110115/
2016104660,パルティアーモ,62,62,18,PASS,https://db.netkeiba.com/horse/ped/2016104660/
2017101201,ヤシャマル,62,62,14,PASS,https://db.netkeiba.com/horse/ped/2017101201/
2016104965,エフェクトオン,62,62,5,PASS,https://db.netkeiba.com/horse/ped/2016104965/
2018104092,トウシンモンブラン,62,62,22,PASS,https://db.netkeiba.com/horse/ped/2018104092/
2018105286,ミスフィガロ,62,62,9,PASS,https://db.netkeiba.com/horse/ped/2018105286/
2018105345,エクランドール,62,62,7,PASS,https://db.netkeiba.com/horse/ped/2018105345/
2018106352,キヨラ,62,62,16,PASS,https://db.netkeiba.com/horse/ped/2018106352/
2018104977,シャーレイポピー,62,62,22,PASS,https://db.netkeiba.com/horse/ped/2018104977/
2018102090,アイリッシュムーン,62,62,4,PASS,https://db.netkeiba.com/horse/ped/2018102090/
2018105947,エイシンチラー,62,62,14,PASS,https://db.netkeiba.com/horse/ped/2018105947/
2018100040,アビッグチア,62,62,13,PASS,https://db.netkeiba.com/horse/ped/2018100040/
2018105824,ホウオウイクセル,62,62,35,PASS,https://db.netkeiba.com/horse/ped/2018105824/
2018105090,クリーンスイープ,62,62,25,PASS,https://db.netkeiba.com/horse/ped/2018105090/
2018103535,ホウオウラスカーズ,62,62,5,PASS,https://db.netkeiba.com/horse/ped/2018103535/
2018105299,プレミアエンブレム,62,62,22,PASS,https://db.netkeiba.com/horse/ped/2018105299/
2018102035,イリマ,62,62,9,PASS,https://db.netkeiba.com/horse/ped/2018102035/
2018104240,アイコンテーラー,62,62,17,PASS,https://db.netkeiba.com/horse/ped/2018104240/
2018104875,スパークル,62,62,14,PASS,https://db.netkeiba.com/horse/ped/2018104875/
2018106835,メイショウオニユリ,62,62,34,PASS,https://db.netkeiba.com/horse/ped/2018106835/
2018105347,ストゥーティ,62,62,22,PASS,https://db.netkeiba.com/horse/ped/2018105347/
2018100655,オータムヒロイン,62,62,10,PASS,https://db.netkeiba.com/horse/ped/2018100655/
2018105909,エイシンヒテン,62,62,12,PASS,https://db.netkeiba.com/horse/ped/2018105909/
2018103499,プリュムドール,62,62,28,PASS,https://db.netkeiba.com/horse/ped/2018103499/
2018105020,アンドヴァラナウト,62,62,16,PASS,https://db.netkeiba.com/horse/ped/2018105020/
2018105263,コーディアル,62,62,19,PASS,https://db.netkeiba.com/horse/ped/2018105263/
2018101067,オパールムーン,62,62,16,PASS,https://db.netkeiba.com/horse/ped/2018101067/
2018101945,タガノディアーナ,62,62,20,PASS,https://db.netkeiba.com/horse/ped/2018101945/
2018105382,レアシャンパーニュ,62,62,16,PASS,https://db.netkeiba.com/horse/ped/2018105382/
2018103085,ベルウッドエオ,62,62,18,PASS,https://db.netkeiba.com/horse/ped/2018103085/
2018104579,カレンルシェルブル,62,62,11,PASS,https://db.netkeiba.com/horse/ped/2018104579/
2018105131,セファーラジエル,62,62,7,PASS,https://db.netkeiba.com/horse/ped/2018105131/
2018100179,シゲルソウサイ,62,62,11,PASS,https://db.netkeiba.com/horse/ped/2018100179/
2018105215,イクスプロージョン,62,62,27,PASS,https://db.netkeiba.com/horse/ped/2018105215/
2018104463,テイエムタツマキ,62,62,13,PASS,https://db.netkeiba.com/horse/ped/2018104463/
2017105269,ベレヌス,62,62,10,PASS,https://db.netkeiba.com/horse/ped/2017105269/
2018105285,サルファーコスモス,62,62,9,PASS,https://db.netkeiba.com/horse/ped/2018105285/
2018104914,アナザーリリック,62,62,25,PASS,https://db.netkeiba.com/horse/ped/2018104914/
2018103563,ロードトゥフェイム,62,62,12,PASS,https://db.netkeiba.com/horse/ped/2018103563/
2018110137,エアサージュ,62,62,2,PASS,https://db.netkeiba.com/horse/ped/2018110137/
2018105155,ディヴァインラヴ,62,62,14,PASS,https://db.netkeiba.com/horse/ped/2018105155/
2018100420,ノースザワールド,62,62,7,PASS,https://db.netkeiba.com/horse/ped/2018100420/
2018104960,アリーヴォ,62,62,15,PASS,https://db.netkeiba.com/horse/ped/2018104960/
2016106232,カイザーミノル,62,62,8,PASS,https://db.netkeiba.com/horse/ped/2016106232/
2017105000,アンティシペイト,62,62,18,PASS,https://db.netkeiba.com/horse/ped/2017105000/
2017105607,テルツェット,62,62,7,PASS,https://db.netkeiba.com/horse/ped/2017105607/
2019104762,ポッドボレット,62,62,10,PASS,https://db.netkeiba.com/horse/ped/2019104762/
2019105844,ディープレイヤー,62,62,27,PASS,https://db.netkeiba.com/horse/ped/2019105844/
2019101348,ビーアストニッシド,62,62,15,PASS,https://db.netkeiba.com/horse/ped/2019101348/
2019105654,シホノスペランツァ,62,62,11,PASS,https://db.netkeiba.com/horse/ped/2019105654/
2019100628,トゥデイイズザデイ,62,62,4,PASS,https://db.netkeiba.com/horse/ped/2019100628/
2019103588,ライラック,62,62,31,PASS,https://db.netkeiba.com/horse/ped/2019103588/
2019105498,フィデル,62,62,7,PASS,https://db.netkeiba.com/horse/ped/2019105498/
2019103662,ジャスティンロック,62,62,23,PASS,https://db.netkeiba.com/horse/ped/2019103662/
2019104579,キャンデセント,62,62,5,PASS,https://db.netkeiba.com/horse/ped/2019104579/
2019106852,グッドフェイス,62,62,14,PASS,https://db.netkeiba.com/horse/ped/2019106852/
2017104570,ウインドジャマー,62,62,9,PASS,https://db.netkeiba.com/horse/ped/2017104570/
2016104998,アスティ,62,62,33,PASS,https://db.netkeiba.com/horse/ped/2016104998/
2016104946,シルヴァーソニック,62,62,26,PASS,https://db.netkeiba.com/horse/ped/2016104946/
2018105081,ジェラルディーナ,62,62,23,PASS,https://db.netkeiba.com/horse/ped/2018105081/
2015103616,メイショウオーパス,62,62,10,PASS,https://db.netkeiba.com/horse/ped/2015103616/
2016100733,マイネルフラップ,62,62,13,PASS,https://db.netkeiba.com/horse/ped/2016100733/
2019102531,シェルビーズアイ,62,62,13,PASS,https://db.netkeiba.com/horse/ped/2019102531/
2019105792,アケルナルスター,62,62,11,PASS,https://db.netkeiba.com/horse/ped/2019105792/
2019101782,ラーグルフ,62,62,24,PASS,https://db.netkeiba.com/horse/ped/2019101782/
2019100861,グランドライン,62,62,16,PASS,https://db.netkeiba.com/horse/ped/2019100861/
2019105155,キラーアビリティ,62,62,7,PASS,https://db.netkeiba.com/horse/ped/2019105155/
2019105194,コマンドライン,62,62,6,PASS,https://db.netkeiba.com/horse/ped/2019105194/
2019104666,サトノヘリオス,62,62,14,PASS,https://db.netkeiba.com/horse/ped/2019104666/
2019105346,ジャスティンパレス,62,62,6,PASS,https://db.netkeiba.com/horse/ped/2019105346/
2019104658,ボーンディスウェイ,62,62,8,PASS,https://db.netkeiba.com/horse/ped/2019104658/
2019102879,マテンロウレオ,62,62,9,PASS,https://db.netkeiba.com/horse/ped/2019102879/
2019101846,クラウンドマジック,62,62,19,PASS,https://db.netkeiba.com/horse/ped/2019101846/
2019104756,オニャンコポン,62,62,10,PASS,https://db.netkeiba.com/horse/ped/2019104756/
2019102384,タイラーテソーロ,62,62,22,PASS,https://db.netkeiba.com/horse/ped/2019102384/
2019104937,アスクワイルドモア,62,62,13,PASS,https://db.netkeiba.com/horse/ped/2019104937/
2017105582,ルビーカサブランカ,62,62,12,PASS,https://db.netkeiba.com/horse/ped/2017105582/
2018100927,マリアエレーナ,62,62,13,PASS,https://db.netkeiba.com/horse/ped/2018100927/
2017104771,ラルナブリラーレ,62,62,7,PASS,https://db.netkeiba.com/horse/ped/2017104771/
2019103096,ニシノムネヲウツ,62,62,21,PASS,https://db.netkeiba.com/horse/ped/2019103096/
2019105976,トゥーサン,62,62,18,PASS,https://db.netkeiba.com/horse/ped/2019105976/
2019104569,フジマサフリーダム,62,62,4,PASS,https://db.netkeiba.com/horse/ped/2019104569/
2019104767,ヴェールランス,62,62,22,PASS,https://db.netkeiba.com/horse/ped/2019104767/
2019105169,アライバル,62,62,9,PASS,https://db.netkeiba.com/horse/ped/2019105169/
2019105807,ルークスヘリオス,62,62,11,PASS,https://db.netkeiba.com/horse/ped/2019105807/
2019101642,タイセイディバイン,62,62,20,PASS,https://db.netkeiba.com/horse/ped/2019101642/
2019100126,ヴェローナシチー,62,62,19,PASS,https://db.netkeiba.com/horse/ped/2019100126/
2019102490,オディロン,62,62,16,PASS,https://db.netkeiba.com/horse/ped/2019102490/
2019105995,テンダンス,62,62,13,PASS,https://db.netkeiba.com/horse/ped/2019105995/
2019101422,サンストックトン,62,62,18,PASS,https://db.netkeiba.com/horse/ped/2019101422/
2019104409,トーセンヴァンノ,62,62,9,PASS,https://db.netkeiba.com/horse/ped/2019104409/
2019105041,ホウオウプレミア,62,62,20,PASS,https://db.netkeiba.com/horse/ped/2019105041/
2019101002,ロジハービン,62,62,12,PASS,https://db.netkeiba.com/horse/ped/2019101002/
2019100841,テラフォーミング,62,62,25,PASS,https://db.netkeiba.com/horse/ped/2019100841/
2018103898,キャッスルトップ,62,62,20,PASS,https://db.netkeiba.com/horse/ped/2018103898/
2016104696,スマイル,62,62,8,PASS,https://db.netkeiba.com/horse/ped/2016104696/
2019110096,エアアネモイ,62,62,2,PASS,https://db.netkeiba.com/horse/ped/2019110096/
2019106933,ダンテスヴュー,62,62,8,PASS,https://db.netkeiba.com/horse/ped/2019106933/
2019104998,ショウナンマグマ,62,62,22,PASS,https://db.netkeiba.com/horse/ped/2019104998/
2019103358,ストロングウィル,62,62,13,PASS,https://db.netkeiba.com/horse/ped/2019103358/
2019105299,フォースクエア,62,62,21,PASS,https://db.netkeiba.com/horse/ped/2019105299/
2019105272,セルケト,62,62,9,PASS,https://db.netkeiba.com/horse/ped/2019105272/
2019104092,メイショウゲキリン,62,62,13,PASS,https://db.netkeiba.com/horse/ped/2019104092/
2015104707,グレンガリー,62,62,12,PASS,https://db.netkeiba.com/horse/ped/2015104707/
2016105285,セントレオナード,62,62,6,PASS,https://db.netkeiba.com/horse/ped/2016105285/
2019105483,リューベック,62,62,13,PASS,https://db.netkeiba.com/horse/ped/2019105483/
2019105283,ドウデュース,62,62,7,PASS,https://db.netkeiba.com/horse/ped/2019105283/
2019105074,インダストリア,62,62,26,PASS,https://db.netkeiba.com/horse/ped/2019105074/
2019104706,アスクビクターモア,62,62,4,PASS,https://db.netkeiba.com/horse/ped/2019104706/
2018100274,ジャックドール,62,62,18,PASS,https://db.netkeiba.com/horse/ped/2018100274/
2016104624,ハヤヤッコ,62,62,12,PASS,https://db.netkeiba.com/horse/ped/2016104624/
2015105868,サクラアリュール,62,62,4,PASS,https://db.netkeiba.com/horse/ped/2015105868/
2019105195,ダノンベルーガ,62,62,8,PASS,https://db.netkeiba.com/horse/ped/2019105195/
2019105056,ジオグリフ,62,62,13,PASS,https://db.netkeiba.com/horse/ped/2019105056/
2019105039,デシエルト,62,62,14,PASS,https://db.netkeiba.com/horse/ped/2019105039/
2019105219,イクイノックス,62,62,24,PASS,https://db.netkeiba.com/horse/ped/2019105219/
2019104831,ルージュエヴァイユ,62,62,13,PASS,https://db.netkeiba.com/horse/ped/2019104831/
2019105448,エリカヴィータ,62,62,9,PASS,https://db.netkeiba.com/horse/ped/2019105448/
2019104483,パーソナルハイ,62,62,5,PASS,https://db.netkeiba.com/horse/ped/2019104483/
2019104550,ストキャスティーク,62,62,29,PASS,https://db.netkeiba.com/horse/ped/2019104550/
2019104674,エバーハンティング,62,62,11,PASS,https://db.netkeiba.com/horse/ped/2019104674/
2019105298,マイシンフォニー,62,62,4,PASS,https://db.netkeiba.com/horse/ped/2019105298/
2019103211,ゴールデンアワー,62,62,22,PASS,https://db.netkeiba.com/horse/ped/2019103211/
2019105515,キタサンシュガー,62,62,19,PASS,https://db.netkeiba.com/horse/ped/2019105515/
2019105205,ラスール,62,62,17,PASS,https://db.netkeiba.com/horse/ped/2019105205/
2019105340,ホウオウバニラ,62,62,14,PASS,https://db.netkeiba.com/horse/ped/2019105340/
2019103280,モチベーション,62,62,18,PASS,https://db.netkeiba.com/horse/ped/2019103280/
2019104982,ルージュスティリア,62,62,4,PASS,https://db.netkeiba.com/horse/ped/2019104982/
2019100637,シンシアウィッシュ,62,62,6,PASS,https://db.netkeiba.com/horse/ped/2019100637/
2019105141,ヴァンルーラー,62,62,14,PASS,https://db.netkeiba.com/horse/ped/2019105141/
2019105078,クワイエットホーク,62,62,8,PASS,https://db.netkeiba.com/horse/ped/2019105078/
2019103907,サンライズエース,62,62,14,PASS,https://db.netkeiba.com/horse/ped/2019103907/
2019100109,プラダリア,62,62,13,PASS,https://db.netkeiba.com/horse/ped/2019100109/
2019104112,メイショウウネビ,62,62,21,PASS,https://db.netkeiba.com/horse/ped/2019104112/
2019105414,ダノンギャラクシー,62,62,10,PASS,https://db.netkeiba.com/horse/ped/2019105414/
2019106357,アスクヴィヴァユー,62,62,5,PASS,https://db.netkeiba.com/horse/ped/2019106357/
2019103009,ロードレゼル,62,62,10,PASS,https://db.netkeiba.com/horse/ped/2019103009/
2019104879,ロンギングエーオ,62,62,20,PASS,https://db.netkeiba.com/horse/ped/2019104879/
2019103827,オウケンボルト,62,62,24,PASS,https://db.netkeiba.com/horse/ped/2019103827/
2019101611,ディライトバローズ,62,62,15,PASS,https://db.netkeiba.com/horse/ped/2019101611/
2019105315,レヴァンジル,62,62,15,PASS,https://db.netkeiba.com/horse/ped/2019105315/
2019105949,エターナルビクトリ,62,62,18,PASS,https://db.netkeiba.com/horse/ped/2019105949/
2019105512,ジャスティンスカイ,62,62,17,PASS,https://db.netkeiba.com/horse/ped/2019105512/
2019104459,グランシエロ,62,62,10,PASS,https://db.netkeiba.com/horse/ped/2019104459/
2016104887,ハーツイストワール,62,62,11,PASS,https://db.netkeiba.com/horse/ped/2016104887/
2019102820,メイショウラナキラ,62,62,23,PASS,https://db.netkeiba.com/horse/ped/2019102820/
2019103823,リカンカブール,62,62,8,PASS,https://db.netkeiba.com/horse/ped/2019103823/
2019101873,ストップザタイム,62,62,6,PASS,https://db.netkeiba.com/horse/ped/2019101873/
2019101664,ミスターホワイト,62,62,12,PASS,https://db.netkeiba.com/horse/ped/2019101664/
2019101716,アップデート,62,62,25,PASS,https://db.netkeiba.com/horse/ped/2019101716/
2019105277,リアド,62,62,7,PASS,https://db.netkeiba.com/horse/ped/2019105277/
2019105239,ショウナンアデイブ,62,62,4,PASS,https://db.netkeiba.com/horse/ped/2019105239/
2019104909,ボルドグフーシュ,62,62,13,PASS,https://db.netkeiba.com/horse/ped/2019104909/
2019104600,ブラックブロッサム,62,62,16,PASS,https://db.netkeiba.com/horse/ped/2019104600/
2017106606,アルサトワ,62,62,20,PASS,https://db.netkeiba.com/horse/ped/2017106606/
2018100401,カイザーバローズ,62,62,6,PASS,https://db.netkeiba.com/horse/ped/2018100401/
2016103815,トーセングラン,62,62,4,PASS,https://db.netkeiba.com/horse/ped/2016103815/
2019102788,ウォーターナビレラ,62,62,20,PASS,https://db.netkeiba.com/horse/ped/2019102788/
2019105565,スタニングローズ,62,62,13,PASS,https://db.netkeiba.com/horse/ped/2019105565/
2019104074,アートハウス,62,62,16,PASS,https://db.netkeiba.com/horse/ped/2019104074/
2019104057,サウンドビバーチェ,62,62,16,PASS,https://db.netkeiba.com/horse/ped/2019104057/
2019106342,サークルオブライフ,62,62,18,PASS,https://db.netkeiba.com/horse/ped/2019106342/
2019105213,ナミュール,62,62,16,PASS,https://db.netkeiba.com/horse/ped/2019105213/
2019107033,ラブパイロー,62,62,12,PASS,https://db.netkeiba.com/horse/ped/2019107033/
2019105415,ベルクレスタ,62,62,15,PASS,https://db.netkeiba.com/horse/ped/2019105415/
2019100796,シーグラス,62,62,37,PASS,https://db.netkeiba.com/horse/ped/2019100796/
2019102772,ピンハイ,62,62,20,PASS,https://db.netkeiba.com/horse/ped/2019102772/
2019105226,プレサージュリフト,62,62,9,PASS,https://db.netkeiba.com/horse/ped/2019105226/
2019100935,ニシノラブウインク,62,62,19,PASS,https://db.netkeiba.com/horse/ped/2019100935/
2019104740,スターズオンアース,62,62,15,PASS,https://db.netkeiba.com/horse/ped/2019104740/
2019102632,セイウンハーデス,62,62,17,PASS,https://db.netkeiba.com/horse/ped/2019102632/
2019105318,ピースオブエイト,62,62,13,PASS,https://db.netkeiba.com/horse/ped/2019105318/
2019100965,マテンロウオリオン,62,62,14,PASS,https://db.netkeiba.com/horse/ped/2019100965/
2017105590,ベスビアナイト,62,62,18,PASS,https://db.netkeiba.com/horse/ped/2017105590/
2016102175,ダンディズム,62,62,6,PASS,https://db.netkeiba.com/horse/ped/2016102175/
2016104364,パラダイスリーフ,62,62,7,PASS,https://db.netkeiba.com/horse/ped/2016104364/
2016102133,パトリック,62,62,10,PASS,https://db.netkeiba.com/horse/ped/2016102133/
2017105307,ゴルトベルク,62,62,16,PASS,https://db.netkeiba.com/horse/ped/2017105307/
2018104366,ステイブルアスク,62,62,30,PASS,https://db.netkeiba.com/horse/ped/2018104366/
2018102608,ヴェルトハイム,62,62,9,PASS,https://db.netkeiba.com/horse/ped/2018102608/
2017101819,ハギノリュクス,62,62,22,PASS,https://db.netkeiba.com/horse/ped/2017101819/
2017101449,エヴァーガーデン,62,62,11,PASS,https://db.netkeiba.com/horse/ped/2017101449/
2016104926,フォルコメン,62,62,6,PASS,https://db.netkeiba.com/horse/ped/2016104926/
2018102009,ヤマニンデンファレ,62,62,19,PASS,https://db.netkeiba.com/horse/ped/2018102009/
2017104961,タイセイモンストル,62,62,26,PASS,https://db.netkeiba.com/horse/ped/2017104961/
2017101183,レッドライデン,62,62,8,PASS,https://db.netkeiba.com/horse/ped/2017101183/
2016106606,カラテ,62,62,18,PASS,https://db.netkeiba.com/horse/ped/2016106606/
2014102163,ゴールドスミス,62,62,8,PASS,https://db.netkeiba.com/horse/ped/2014102163/
2017102537,フォワードアゲン,62,62,18,PASS,https://db.netkeiba.com/horse/ped/2017102537/
2018100428,カナリキケン,62,62,15,PASS,https://db.netkeiba.com/horse/ped/2018100428/
2019105366,フェーングロッテン,62,62,17,PASS,https://db.netkeiba.com/horse/ped/2019105366/
2019105558,ロジレット,62,62,19,PASS,https://db.netkeiba.com/horse/ped/2019105558/
2019104929,エコルフリューゲル,62,62,7,PASS,https://db.netkeiba.com/horse/ped/2019104929/
2019104159,カヨウネンカ,62,62,32,PASS,https://db.netkeiba.com/horse/ped/2019104159/
2019104607,コルベイユ,62,62,17,PASS,https://db.netkeiba.com/horse/ped/2019104607/
2019105329,サンカルパ,62,62,16,PASS,https://db.netkeiba.com/horse/ped/2019105329/
2019105040,セントカメリア,62,62,16,PASS,https://db.netkeiba.com/horse/ped/2019105040/
2019104868,ブルトンクール,62,62,18,PASS,https://db.netkeiba.com/horse/ped/2019104868/
2019106877,ミナモトフェイス,62,62,17,PASS,https://db.netkeiba.com/horse/ped/2019106877/
2019104700,ラリュエル,62,62,9,PASS,https://db.netkeiba.com/horse/ped/2019104700/
2019105207,サリエラ,62,62,5,PASS,https://db.netkeiba.com/horse/ped/2019105207/
2019101670,メモリーレゾン,62,62,28,PASS,https://db.netkeiba.com/horse/ped/2019101670/
2019100664,エグランタイン,62,62,7,PASS,https://db.netkeiba.com/horse/ped/2019100664/
2019100464,ヒヅルジョウ,62,62,10,PASS,https://db.netkeiba.com/horse/ped/2019100464/
2019103430,ベリーヴィーナス,62,62,7,PASS,https://db.netkeiba.com/horse/ped/2019103430/
2019103973,ルージュリナージュ,62,62,23,PASS,https://db.netkeiba.com/horse/ped/2019103973/
2019105552,ローシャムパーク,62,62,16,PASS,https://db.netkeiba.com/horse/ped/2019105552/
2019105546,マテンロウスカイ,62,62,29,PASS,https://db.netkeiba.com/horse/ped/2019105546/
2019104476,ガイアフォース,62,62,27,PASS,https://db.netkeiba.com/horse/ped/2019104476/
2019103826,ベジャール,62,62,26,PASS,https://db.netkeiba.com/horse/ped/2019103826/
2019104828,キングズパレス,62,62,6,PASS,https://db.netkeiba.com/horse/ped/2019104828/
2019101288,サイモンバロン,62,62,12,PASS,https://db.netkeiba.com/horse/ped/2019101288/
2019104520,コントゥラット,62,62,18,PASS,https://db.netkeiba.com/horse/ped/2019104520/
2019100603,ヤマニンゼスト,62,62,6,PASS,https://db.netkeiba.com/horse/ped/2019100603/
2019105065,パラレルヴィジョン,62,62,8,PASS,https://db.netkeiba.com/horse/ped/2019105065/
2019105118,ジュンブロッサム,62,62,11,PASS,https://db.netkeiba.com/horse/ped/2019105118/
2019105793,アイキャンドウイッ,62,62,5,PASS,https://db.netkeiba.com/horse/ped/2019105793/
2019100668,サンセットクラウド,62,62,7,PASS,https://db.netkeiba.com/horse/ped/2019100668/
2017105082,ヴェラアズール,62,62,11,PASS,https://db.netkeiba.com/horse/ped/2017105082/
2019100215,ウインエクレール,62,62,18,PASS,https://db.netkeiba.com/horse/ped/2019100215/
2019100547,タガノフィナーレ,62,62,19,PASS,https://db.netkeiba.com/horse/ped/2019100547/
2019104124,ストーリア,62,62,24,PASS,https://db.netkeiba.com/horse/ped/2019104124/
2019105846,ブライトオンベイス,62,62,16,PASS,https://db.netkeiba.com/horse/ped/2019105846/
2019100790,マイネルトルファン,62,62,24,PASS,https://db.netkeiba.com/horse/ped/2019100790/
2019105556,ドゥラドーレス,62,62,21,PASS,https://db.netkeiba.com/horse/ped/2019105556/
2019101507,ディナースタ,62,62,15,PASS,https://db.netkeiba.com/horse/ped/2019101507/
2019105168,セレシオン,62,62,8,PASS,https://db.netkeiba.com/horse/ped/2019105168/
2017105620,レインカルナティオ,62,62,19,PASS,https://db.netkeiba.com/horse/ped/2017105620/
2017103201,クリノプレミアム,62,62,22,PASS,https://db.netkeiba.com/horse/ped/2017103201/
2016103084,ローザノワール,62,62,5,PASS,https://db.netkeiba.com/horse/ped/2016103084/
2020100189,アレクサ,62,62,17,PASS,https://db.netkeiba.com/horse/ped/2020100189/
2020103061,シュタールヴィント,62,62,15,PASS,https://db.netkeiba.com/horse/ped/2020103061/
2020110095,サイブレーカー,62,62,3,PASS,https://db.netkeiba.com/horse/ped/2020110095/
2020106402,トップナイフ,62,62,10,PASS,https://db.netkeiba.com/horse/ped/2020106402/
2020103794,エゾダイモン,62,62,24,PASS,https://db.netkeiba.com/horse/ped/2020103794/
2020103522,グランヴィノス,62,62,17,PASS,https://db.netkeiba.com/horse/ped/2020103522/
2020102194,グリューネグリーン,62,62,35,PASS,https://db.netkeiba.com/horse/ped/2020102194/
2020102798,スマラグドス,62,62,10,PASS,https://db.netkeiba.com/horse/ped/2020102798/
2020103060,ヴェルテンベルク,62,62,24,PASS,https://db.netkeiba.com/horse/ped/2020103060/
2020103881,コスモサガルマータ,62,62,9,PASS,https://db.netkeiba.com/horse/ped/2020103881/
2020104520,アイルシャイン,62,62,8,PASS,https://db.netkeiba.com/horse/ped/2020104520/
2020103048,ティムール,62,62,6,PASS,https://db.netkeiba.com/horse/ped/2020103048/
2020102655,ナイトキャッスル,62,62,11,PASS,https://db.netkeiba.com/horse/ped/2020102655/
2020101199,ロードプレイヤー,62,62,18,PASS,https://db.netkeiba.com/horse/ped/2020101199/
2020104426,ビキニボーイ,62,62,16,PASS,https://db.netkeiba.com/horse/ped/2020104426/
2016190001,グランドグローリー,62,62,2,PASS,https://db.netkeiba.com/horse/ped/2016190001/
2017100084,ナムラカミカゼ,62,62,15,PASS,https://db.netkeiba.com/horse/ped/2017100084/
2017104060,エドノフェリーチェ,62,62,30,PASS,https://db.netkeiba.com/horse/ped/2017104060/
2017110138,エアファンディタ,62,62,4,PASS,https://db.netkeiba.com/horse/ped/2017110138/
2017103890,ニホンピロスクーロ,62,62,26,PASS,https://db.netkeiba.com/horse/ped/2017103890/
2018104541,プログノーシス,62,62,4,PASS,https://db.netkeiba.com/horse/ped/2018104541/
2018104788,トゥーフェイス,62,62,24,PASS,https://db.netkeiba.com/horse/ped/2018104788/
2020106582,ファントムシーフ,62,62,6,PASS,https://db.netkeiba.com/horse/ped/2020106582/
2020105681,ハーツコンチェルト,62,62,8,PASS,https://db.netkeiba.com/horse/ped/2020105681/
2020101695,シーウィザード,62,62,13,PASS,https://db.netkeiba.com/horse/ped/2020101695/
2020103420,セレンディピティ,62,62,22,PASS,https://db.netkeiba.com/horse/ped/2020103420/
2020103388,フェイト,62,62,7,PASS,https://db.netkeiba.com/horse/ped/2020103388/
2020106439,ボーンイングランデ,62,62,10,PASS,https://db.netkeiba.com/horse/ped/2020106439/
2020103521,セブンマジシャン,62,62,24,PASS,https://db.netkeiba.com/horse/ped/2020103521/
2020106274,ガストリック,62,62,10,PASS,https://db.netkeiba.com/horse/ped/2020106274/
2020103626,ドゥラエレーデ,62,62,29,PASS,https://db.netkeiba.com/horse/ped/2020103626/
2020103876,モンドプリューム,62,62,16,PASS,https://db.netkeiba.com/horse/ped/2020103876/
2020103331,ジェイパームス,62,62,13,PASS,https://db.netkeiba.com/horse/ped/2020103331/
2020103466,キングズレイン,62,62,18,PASS,https://db.netkeiba.com/horse/ped/2020103466/
2020105730,スカパラダイス,62,62,14,PASS,https://db.netkeiba.com/horse/ped/2020105730/
2020103208,ジュンツバメガエシ,62,62,12,PASS,https://db.netkeiba.com/horse/ped/2020103208/
2020104484,ミッキーカプチーノ,62,62,16,PASS,https://db.netkeiba.com/horse/ped/2020104484/
